date,cause,effect,p_value,lag,significant
2015-01-01,IND,CHN,0.3233,1,False
2015-02-01,IND,CHN,0.1664,1,False
2015-03-01,IND,CHN,0.1519,1,False
2015-04-01,IND,CHN,0.152,1,False
2015-05-01,IND,CHN,0.0883,1,False
2015-06-01,IND,CHN,0.1089,1,False
2015-07-01,IND,CHN,0.1455,1,False
2015-08-01,IND,CHN,0.0603,1,False
2015-09-01,IND,CHN,0.0801,1,False
2015-10-01,IND,CHN,0.0436,1,True
2015-11-01,IND,CHN,0.0943,1,False
2015-12-01,IND,CHN,0.0972,1,False
2016-01-01,IND,CHN,0.1113,1,False
2016-02-01,IND,CHN,0.0546,1,False
2016-03-01,IND,CHN,0.0421,1,True
2016-04-01,IND,CHN,0.0421,1,True
2016-05-01,IND,CHN,0.0563,1,False
2016-06-01,IND,CHN,0.086,1,False
2016-07-01,IND,CHN,0.16,1,False
2016-08-01,IND,CHN,0.0927,1,False
2016-09-01,IND,CHN,0.2545,4,False
2016-10-01,IND,CHN,0.4501,3,False
2016-11-01,IND,CHN,0.6423,4,False
2016-12-01,IND,CHN,0.6591,4,False
2017-01-01,IND,CHN,0.6445,4,False
2017-02-01,IND,CHN,0.6299,3,False
2017-03-01,IND,CHN,0.3567,4,False
2017-04-01,IND,CHN,0.2451,3,False
2017-05-01,IND,CHN,0.2611,3,False
2017-06-01,IND,CHN,0.1957,1,False
2017-07-01,IND,CHN,0.1272,1,False
2017-08-01,IND,CHN,0.0344,1,True
2017-09-01,IND,CHN,0.0529,4,False
2017-10-01,IND,CHN,0.0249,3,True
2017-11-01,IND,CHN,0.0042,2,True
2017-12-01,IND,CHN,0.0007,1,True
2018-01-01,IND,CHN,0.0042,1,True
2018-02-01,IND,CHN,0.0085,1,True
2018-03-01,IND,CHN,0.0254,4,True
2018-04-01,IND,CHN,0.0136,3,True
2018-05-01,IND,CHN,0.0027,2,True
2018-06-01,IND,CHN,0.0003,1,True
2018-07-01,IND,CHN,0.0032,1,True
2018-08-01,IND,CHN,0.0009,1,True
2018-09-01,IND,CHN,0.0025,1,True
2018-10-01,IND,CHN,0.0205,1,True
2018-11-01,IND,CHN,0.0709,1,False
2018-12-01,IND,CHN,0.3845,1,False
2019-01-01,IND,CHN,0.0897,1,False
2019-02-01,IND,CHN,0.2935,4,False
2019-03-01,IND,CHN,0.2231,4,False
2019-04-01,IND,CHN,0.1789,4,False
2019-05-01,IND,CHN,0.1568,4,False
2019-06-01,IND,CHN,0.1807,4,False
2019-07-01,IND,CHN,0.022,4,True
2019-08-01,IND,CHN,0.1575,2,False
2019-09-01,IND,CHN,0.1253,2,False
2019-10-01,IND,CHN,0.2315,2,False
2019-11-01,IND,CHN,0.2464,2,False
2019-12-01,IND,CHN,0.1122,2,False
2020-01-01,IND,CHN,0.0749,2,False
2020-02-01,IND,CHN,0.0897,2,False
2020-03-01,IND,CHN,0.038,2,True
2020-04-01,IND,CHN,0.0286,2,True
2020-05-01,IND,CHN,0.1366,2,False
2020-06-01,IND,CHN,0.118,2,False
2020-07-01,IND,CHN,0.1834,2,False
2020-08-01,IND,CHN,0.1252,2,False
2020-09-01,IND,CHN,0.2112,2,False
2020-10-01,IND,CHN,0.1114,2,False
2020-11-01,IND,CHN,0.1066,2,False
2020-12-01,IND,CHN,0.1365,2,False
2021-01-01,IND,CHN,0.1443,2,False
2021-02-01,IND,CHN,0.0907,2,False
2021-03-01,IND,CHN,0.2169,4,False
2021-04-01,IND,CHN,0.1297,2,False
2021-05-01,IND,CHN,0.0405,1,True
2021-06-01,IND,CHN,0.018,1,True
2021-07-01,IND,CHN,0.0259,1,True
2021-08-01,IND,CHN,0.018,1,True
2021-09-01,IND,CHN,0.0397,1,True
2021-10-01,IND,CHN,0.0523,1,False
2021-11-01,IND,CHN,0.0588,1,False
2021-12-01,IND,CHN,0.0391,1,True
2022-01-01,IND,CHN,0.0984,1,False
2022-02-01,IND,CHN,0.1514,1,False
2022-03-01,IND,CHN,0.2222,1,False
2022-04-01,IND,CHN,0.2156,4,False
2022-05-01,IND,CHN,0.1948,4,False
2022-06-01,IND,CHN,0.168,4,False
2022-07-01,IND,CHN,0.1506,4,False
2022-08-01,IND,CHN,0.1848,4,False
2022-09-01,IND,CHN,0.1978,4,False
2022-10-01,IND,CHN,0.3776,4,False
2022-11-01,IND,CHN,0.3478,4,False
2022-12-01,IND,CHN,0.4029,4,False
2023-01-01,IND,CHN,0.5264,4,False
2023-02-01,IND,CHN,0.6212,3,False
2023-03-01,IND,CHN,0.5525,4,False
2023-04-01,IND,CHN,0.4581,4,False
2023-05-01,IND,CHN,0.4848,3,False
2023-06-01,IND,CHN,0.6568,1,False
2023-07-01,IND,CHN,0.5314,1,False
2023-08-01,IND,CHN,0.2851,3,False
2023-09-01,IND,CHN,0.1339,4,False
2023-10-01,IND,CHN,0.0316,3,True
2023-11-01,IND,CHN,0.0432,3,True
2023-12-01,IND,CHN,0.0484,3,True
2024-01-01,IND,CHN,0.0487,3,True
2024-02-01,IND,CHN,0.0914,1,False
2024-03-01,IND,CHN,0.0848,3,False
2024-04-01,IND,CHN,0.1347,2,False
2024-05-01,IND,CHN,0.1596,1,False
2024-06-01,IND,CHN,0.1866,3,False
2024-07-01,IND,CHN,0.1427,3,False
2024-08-01,IND,CHN,0.1502,3,False
2024-09-01,IND,CHN,0.1319,3,False
2024-10-01,IND,CHN,0.1512,3,False
2024-11-01,IND,CHN,0.4674,1,False
2024-12-01,IND,CHN,0.2938,1,False
2025-01-01,IND,CHN,0.5186,3,False
2025-02-01,IND,CHN,0.4708,1,False
2025-03-01,IND,CHN,0.3448,2,False
2025-04-01,IND,CHN,0.3516,2,False
2025-05-01,IND,CHN,0.3897,2,False
2025-06-01,IND,CHN,0.385,1,False
2025-07-01,IND,CHN,0.4522,1,False
2025-08-01,IND,CHN,0.2622,1,False
2025-09-01,IND,CHN,0.4729,1,False
2025-10-01,IND,CHN,0.8371,1,False
2025-11-01,IND,CHN,0.2595,1,False
2025-12-01,IND,CHN,0.1043,1,False
2026-01-01,IND,CHN,0.0743,1,False
2026-02-01,IND,CHN,0.1758,1,False
2026-03-01,IND,CHN,0.2112,1,False
2015-01-01,IND,VNM,0.5992,1,False
2015-02-01,IND,VNM,0.7833,1,False
2015-03-01,IND,VNM,0.7323,2,False
2015-04-01,IND,VNM,0.662,1,False
2015-05-01,IND,VNM,0.3288,1,False
2015-06-01,IND,VNM,0.3136,1,False
2015-07-01,IND,VNM,0.3882,3,False
2015-08-01,IND,VNM,0.2775,4,False
2015-09-01,IND,VNM,0.1199,4,False
2015-10-01,IND,VNM,0.0304,3,True
2015-11-01,IND,VNM,0.0096,1,True
2015-12-01,IND,VNM,0.001,1,True
2016-01-01,IND,VNM,0.0032,1,True
2016-02-01,IND,VNM,0.0032,1,True
2016-03-01,IND,VNM,0.0083,1,True
2016-04-01,IND,VNM,0.0274,1,True
2016-05-01,IND,VNM,0.0309,1,True
2016-06-01,IND,VNM,0.0513,1,False
2016-07-01,IND,VNM,0.0796,1,False
2016-08-01,IND,VNM,0.1548,1,False
2016-09-01,IND,VNM,0.4901,1,False
2016-10-01,IND,VNM,0.7274,4,False
2016-11-01,IND,VNM,0.5573,1,False
2016-12-01,IND,VNM,0.3839,1,False
2017-01-01,IND,VNM,0.0915,1,False
2017-02-01,IND,VNM,0.0527,1,False
2017-03-01,IND,VNM,0.0193,1,True
2017-04-01,IND,VNM,0.1093,1,False
2017-05-01,IND,VNM,0.1629,1,False
2017-06-01,IND,VNM,0.1406,1,False
2017-07-01,IND,VNM,0.0631,2,False
2017-08-01,IND,VNM,0.0854,2,False
2017-09-01,IND,VNM,0.0245,2,True
2017-10-01,IND,VNM,0.0128,2,True
2017-11-01,IND,VNM,0.0076,2,True
2017-12-01,IND,VNM,0.0011,1,True
2018-01-01,IND,VNM,0.0001,1,True
2018-02-01,IND,VNM,0.0008,1,True
2018-03-01,IND,VNM,0.0003,1,True
2018-04-01,IND,VNM,0.0023,3,True
2018-05-01,IND,VNM,0.001,3,True
2018-06-01,IND,VNM,0.001,3,True
2018-07-01,IND,VNM,0.0044,3,True
2018-08-01,IND,VNM,0.0115,3,True
2018-09-01,IND,VNM,0.0112,3,True
2018-10-01,IND,VNM,0.0131,3,True
2018-11-01,IND,VNM,0.029,3,True
2018-12-01,IND,VNM,0.0246,3,True
2019-01-01,IND,VNM,0.021,3,True
2019-02-01,IND,VNM,0.0284,3,True
2019-03-01,IND,VNM,0.0417,3,True
2019-04-01,IND,VNM,0.065,3,False
2019-05-01,IND,VNM,0.0748,3,False
2019-06-01,IND,VNM,0.0663,3,False
2019-07-01,IND,VNM,0.0594,4,False
2019-08-01,IND,VNM,0.0064,4,True
2019-09-01,IND,VNM,0.0087,3,True
2019-10-01,IND,VNM,0.0092,3,True
2019-11-01,IND,VNM,0.0223,3,True
2019-12-01,IND,VNM,0.0107,3,True
2020-01-01,IND,VNM,0.0259,3,True
2020-02-01,IND,VNM,0.0511,4,False
2020-03-01,IND,VNM,0.0657,3,False
2020-04-01,IND,VNM,0.0666,3,False
2020-05-01,IND,VNM,0.1291,3,False
2020-06-01,IND,VNM,0.0229,3,True
2020-07-01,IND,VNM,0.0125,3,True
2020-08-01,IND,VNM,0.0096,3,True
2020-09-01,IND,VNM,0.0124,3,True
2020-10-01,IND,VNM,0.0354,3,True
2020-11-01,IND,VNM,0.0149,3,True
2020-12-01,IND,VNM,0.0261,3,True
2021-01-01,IND,VNM,0.0199,3,True
2021-02-01,IND,VNM,0.022,3,True
2021-03-01,IND,VNM,0.0132,3,True
2021-04-01,IND,VNM,0.0292,3,True
2021-05-01,IND,VNM,0.0203,3,True
2021-06-01,IND,VNM,0.0202,3,True
2021-07-01,IND,VNM,0.0184,3,True
2021-08-01,IND,VNM,0.0231,3,True
2021-09-01,IND,VNM,0.0277,3,True
2021-10-01,IND,VNM,0.0578,3,False
2021-11-01,IND,VNM,0.0828,3,False
2021-12-01,IND,VNM,0.0743,3,False
2022-01-01,IND,VNM,0.1723,3,False
2022-02-01,IND,VNM,0.1144,3,False
2022-03-01,IND,VNM,0.0768,3,False
2022-04-01,IND,VNM,0.0728,3,False
2022-05-01,IND,VNM,0.0543,3,False
2022-06-01,IND,VNM,0.2155,3,False
2022-07-01,IND,VNM,0.2043,4,False
2022-08-01,IND,VNM,0.1626,3,False
2022-09-01,IND,VNM,0.1819,4,False
2022-10-01,IND,VNM,0.0588,1,False
2022-11-01,IND,VNM,0.0901,1,False
2022-12-01,IND,VNM,0.0581,3,False
2023-01-01,IND,VNM,0.0596,3,False
2023-02-01,IND,VNM,0.0201,3,True
2023-03-01,IND,VNM,0.0081,2,True
2023-04-01,IND,VNM,0.0008,1,True
2023-05-01,IND,VNM,0.0014,1,True
2023-06-01,IND,VNM,0.0036,1,True
2023-07-01,IND,VNM,0.0171,1,True
2023-08-01,IND,VNM,0.0279,1,True
2023-09-01,IND,VNM,0.0079,1,True
2023-10-01,IND,VNM,0.0062,1,True
2023-11-01,IND,VNM,0.0048,1,True
2023-12-01,IND,VNM,0.0061,1,True
2024-01-01,IND,VNM,0.0121,1,True
2024-02-01,IND,VNM,0.1015,1,False
2024-03-01,IND,VNM,0.1603,1,False
2024-04-01,IND,VNM,0.1946,1,False
2024-05-01,IND,VNM,0.222,1,False
2024-06-01,IND,VNM,0.3562,1,False
2024-07-01,IND,VNM,0.3343,1,False
2024-08-01,IND,VNM,0.5878,1,False
2024-09-01,IND,VNM,0.6587,1,False
2024-10-01,IND,VNM,0.5734,3,False
2024-11-01,IND,VNM,0.466,3,False
2024-12-01,IND,VNM,0.3805,1,False
2025-01-01,IND,VNM,0.2613,4,False
2025-02-01,IND,VNM,0.2671,3,False
2025-03-01,IND,VNM,0.1636,4,False
2025-04-01,IND,VNM,0.1963,3,False
2025-05-01,IND,VNM,0.0643,4,False
2025-06-01,IND,VNM,0.0691,4,False
2025-07-01,IND,VNM,0.0296,3,True
2025-08-01,IND,VNM,0.0306,3,True
2025-09-01,IND,VNM,0.0133,1,True
2025-10-01,IND,VNM,0.0059,1,True
2025-11-01,IND,VNM,0.0101,1,True
2025-12-01,IND,VNM,0.0117,1,True
2026-01-01,IND,VNM,0.0036,3,True
2026-02-01,IND,VNM,0.0116,2,True
2026-03-01,IND,VNM,0.0094,3,True
2015-01-01,IND,IDN,0.1325,3,False
2015-02-01,IND,IDN,0.1234,2,False
2015-03-01,IND,IDN,0.3072,2,False
2015-04-01,IND,IDN,0.2679,2,False
2015-05-01,IND,IDN,0.3244,2,False
2015-06-01,IND,IDN,0.1512,1,False
2015-07-01,IND,IDN,0.059,1,False
2015-08-01,IND,IDN,0.0123,3,True
2015-09-01,IND,IDN,0.0054,3,True
2015-10-01,IND,IDN,0.0014,1,True
2015-11-01,IND,IDN,0.0003,1,True
2015-12-01,IND,IDN,0.0002,1,True
2016-01-01,IND,IDN,0.0032,1,True
2016-02-01,IND,IDN,0.1157,2,False
2016-03-01,IND,IDN,0.0908,4,False
2016-04-01,IND,IDN,0.137,4,False
2016-05-01,IND,IDN,0.1272,4,False
2016-06-01,IND,IDN,0.2817,2,False
2016-07-01,IND,IDN,0.3596,2,False
2016-08-01,IND,IDN,0.2824,2,False
2016-09-01,IND,IDN,0.2127,2,False
2016-10-01,IND,IDN,0.0623,2,False
2016-11-01,IND,IDN,0.1648,1,False
2016-12-01,IND,IDN,0.1808,2,False
2017-01-01,IND,IDN,0.0907,1,False
2017-02-01,IND,IDN,0.1614,4,False
2017-03-01,IND,IDN,0.0905,4,False
2017-04-01,IND,IDN,0.076,4,False
2017-05-01,IND,IDN,0.0742,4,False
2017-06-01,IND,IDN,0.0478,4,True
2017-07-01,IND,IDN,0.0346,4,True
2017-08-01,IND,IDN,0.0263,4,True
2017-09-01,IND,IDN,0.0417,4,True
2017-10-01,IND,IDN,0.0416,4,True
2017-11-01,IND,IDN,0.0115,4,True
2017-12-01,IND,IDN,0.0137,4,True
2018-01-01,IND,IDN,0.0495,4,True
2018-02-01,IND,IDN,0.0472,4,True
2018-03-01,IND,IDN,0.0684,4,False
2018-04-01,IND,IDN,0.1182,4,False
2018-05-01,IND,IDN,0.1605,4,False
2018-06-01,IND,IDN,0.2182,4,False
2018-07-01,IND,IDN,0.0292,4,True
2018-08-01,IND,IDN,0.0313,4,True
2018-09-01,IND,IDN,0.021,4,True
2018-10-01,IND,IDN,0.0367,4,True
2018-11-01,IND,IDN,0.0418,4,True
2018-12-01,IND,IDN,0.049,4,True
2019-01-01,IND,IDN,0.0277,4,True
2019-02-01,IND,IDN,0.0216,4,True
2019-03-01,IND,IDN,0.0234,4,True
2019-04-01,IND,IDN,0.0396,4,True
2019-05-01,IND,IDN,0.0988,4,False
2019-06-01,IND,IDN,0.0347,4,True
2019-07-01,IND,IDN,0.0832,4,False
2019-08-01,IND,IDN,0.0853,4,False
2019-09-01,IND,IDN,0.0721,4,False
2019-10-01,IND,IDN,0.0278,4,True
2019-11-01,IND,IDN,0.0979,3,False
2019-12-01,IND,IDN,0.292,3,False
2020-01-01,IND,IDN,0.2914,3,False
2020-02-01,IND,IDN,0.3547,3,False
2020-03-01,IND,IDN,0.3394,2,False
2020-04-01,IND,IDN,0.1253,3,False
2020-05-01,IND,IDN,0.3908,1,False
2020-06-01,IND,IDN,0.3504,1,False
2020-07-01,IND,IDN,0.5422,1,False
2020-08-01,IND,IDN,0.805,1,False
2020-09-01,IND,IDN,0.5129,1,False
2020-10-01,IND,IDN,0.5318,1,False
2020-11-01,IND,IDN,0.3717,1,False
2020-12-01,IND,IDN,0.2662,1,False
2021-01-01,IND,IDN,0.409,1,False
2021-02-01,IND,IDN,0.2505,1,False
2021-03-01,IND,IDN,0.2487,1,False
2021-04-01,IND,IDN,0.2701,1,False
2021-05-01,IND,IDN,0.3366,1,False
2021-06-01,IND,IDN,0.4234,1,False
2021-07-01,IND,IDN,0.4794,1,False
2021-08-01,IND,IDN,0.5145,1,False
2021-09-01,IND,IDN,0.6593,1,False
2021-10-01,IND,IDN,0.6423,4,False
2021-11-01,IND,IDN,0.6896,2,False
2021-12-01,IND,IDN,0.5476,1,False
2022-01-01,IND,IDN,0.445,1,False
2022-02-01,IND,IDN,0.616,1,False
2022-03-01,IND,IDN,0.3239,1,False
2022-04-01,IND,IDN,0.7192,2,False
2022-05-01,IND,IDN,0.311,4,False
2022-06-01,IND,IDN,0.1696,3,False
2022-07-01,IND,IDN,0.0251,2,True
2022-08-01,IND,IDN,0.0197,2,True
2022-09-01,IND,IDN,0.0361,1,True
2022-10-01,IND,IDN,0.0742,1,False
2022-11-01,IND,IDN,0.0861,4,False
2022-12-01,IND,IDN,0.0488,3,True
2023-01-01,IND,IDN,0.0333,2,True
2023-02-01,IND,IDN,0.0156,1,True
2023-03-01,IND,IDN,0.0619,1,False
2023-04-01,IND,IDN,0.0423,1,True
2023-05-01,IND,IDN,0.0623,1,False
2023-06-01,IND,IDN,0.0576,1,False
2023-07-01,IND,IDN,0.0327,1,True
2023-08-01,IND,IDN,0.0536,1,False
2023-09-01,IND,IDN,0.0995,1,False
2023-10-01,IND,IDN,0.0938,1,False
2023-11-01,IND,IDN,0.2574,1,False
2023-12-01,IND,IDN,0.3883,1,False
2024-01-01,IND,IDN,0.1429,1,False
2024-02-01,IND,IDN,0.1072,1,False
2024-03-01,IND,IDN,0.0461,1,True
2024-04-01,IND,IDN,0.0314,1,True
2024-05-01,IND,IDN,0.0196,1,True
2024-06-01,IND,IDN,0.0159,1,True
2024-07-01,IND,IDN,0.0139,1,True
2024-08-01,IND,IDN,0.0083,1,True
2024-09-01,IND,IDN,0.0078,1,True
2024-10-01,IND,IDN,0.012,1,True
2024-11-01,IND,IDN,0.0088,1,True
2024-12-01,IND,IDN,0.0118,1,True
2025-01-01,IND,IDN,0.0094,2,True
2025-02-01,IND,IDN,0.0018,1,True
2025-03-01,IND,IDN,0.0075,1,True
2025-04-01,IND,IDN,0.018,1,True
2025-05-01,IND,IDN,0.0223,1,True
2025-06-01,IND,IDN,0.0465,1,True
2025-07-01,IND,IDN,0.087,1,False
2025-08-01,IND,IDN,0.1567,1,False
2025-09-01,IND,IDN,0.1001,4,False
2025-10-01,IND,IDN,0.1064,3,False
2025-11-01,IND,IDN,0.0625,1,False
2025-12-01,IND,IDN,0.0221,1,True
2026-01-01,IND,IDN,0.0715,1,False
2026-02-01,IND,IDN,0.0668,1,False
2026-03-01,IND,IDN,0.0614,1,False
2015-01-01,IND,THA,0.0224,4,True
2015-02-01,IND,THA,0.2357,4,False
2015-03-01,IND,THA,0.5343,4,False
2015-04-01,IND,THA,0.4104,1,False
2015-05-01,IND,THA,0.2805,1,False
2015-06-01,IND,THA,0.2392,1,False
2015-07-01,IND,THA,0.244,1,False
2015-08-01,IND,THA,0.2587,1,False
2015-09-01,IND,THA,0.2796,1,False
2015-10-01,IND,THA,0.2444,1,False
2015-11-01,IND,THA,0.2551,1,False
2015-12-01,IND,THA,0.3006,1,False
2016-01-01,IND,THA,0.1857,3,False
2016-02-01,IND,THA,0.1511,3,False
2016-03-01,IND,THA,0.1767,3,False
2016-04-01,IND,THA,0.149,2,False
2016-05-01,IND,THA,0.1737,3,False
2016-06-01,IND,THA,0.1705,3,False
2016-07-01,IND,THA,0.1054,3,False
2016-08-01,IND,THA,0.0628,2,False
2016-09-01,IND,THA,0.1241,2,False
2016-10-01,IND,THA,0.147,2,False
2016-11-01,IND,THA,0.1509,2,False
2016-12-01,IND,THA,0.1145,2,False
2017-01-01,IND,THA,0.106,4,False
2017-02-01,IND,THA,0.1279,2,False
2017-03-01,IND,THA,0.1411,2,False
2017-04-01,IND,THA,0.2707,2,False
2017-05-01,IND,THA,0.4647,2,False
2017-06-01,IND,THA,0.4146,2,False
2017-07-01,IND,THA,0.6592,2,False
2017-08-01,IND,THA,0.4216,1,False
2017-09-01,IND,THA,0.4553,1,False
2017-10-01,IND,THA,0.123,1,False
2017-11-01,IND,THA,0.1754,1,False
2017-12-01,IND,THA,0.0857,1,False
2018-01-01,IND,THA,0.0707,1,False
2018-02-01,IND,THA,0.0404,1,True
2018-03-01,IND,THA,0.0214,1,True
2018-04-01,IND,THA,0.0245,1,True
2018-05-01,IND,THA,0.0608,1,False
2018-06-01,IND,THA,0.1201,1,False
2018-07-01,IND,THA,0.3228,1,False
2018-08-01,IND,THA,0.5106,1,False
2018-09-01,IND,THA,0.7273,3,False
2018-10-01,IND,THA,0.3817,2,False
2018-11-01,IND,THA,0.1976,1,False
2018-12-01,IND,THA,0.505,3,False
2019-01-01,IND,THA,0.3631,3,False
2019-02-01,IND,THA,0.2389,4,False
2019-03-01,IND,THA,0.3781,1,False
2019-04-01,IND,THA,0.2297,1,False
2019-05-01,IND,THA,0.0945,1,False
2019-06-01,IND,THA,0.4443,1,False
2019-07-01,IND,THA,0.6065,1,False
2019-08-01,IND,THA,0.6502,1,False
2019-09-01,IND,THA,0.6012,4,False
2019-10-01,IND,THA,0.5492,3,False
2019-11-01,IND,THA,0.6206,3,False
2019-12-01,IND,THA,0.4661,3,False
2020-01-01,IND,THA,0.4422,3,False
2020-02-01,IND,THA,0.468,3,False
2020-03-01,IND,THA,0.2561,3,False
2020-04-01,IND,THA,0.2603,3,False
2020-05-01,IND,THA,0.129,1,False
2020-06-01,IND,THA,0.1321,1,False
2020-07-01,IND,THA,0.0984,4,False
2020-08-01,IND,THA,0.0274,3,True
2020-09-01,IND,THA,0.0452,3,True
2020-10-01,IND,THA,0.0461,3,True
2020-11-01,IND,THA,0.0729,3,False
2020-12-01,IND,THA,0.0587,3,False
2021-01-01,IND,THA,0.0208,3,True
2021-02-01,IND,THA,0.045,3,True
2021-03-01,IND,THA,0.062,3,False
2021-04-01,IND,THA,0.0475,3,True
2021-05-01,IND,THA,0.0592,4,False
2021-06-01,IND,THA,0.0631,4,False
2021-07-01,IND,THA,0.0781,3,False
2021-08-01,IND,THA,0.0713,3,False
2021-09-01,IND,THA,0.0842,3,False
2021-10-01,IND,THA,0.0681,3,False
2021-11-01,IND,THA,0.0295,3,True
2021-12-01,IND,THA,0.0831,3,False
2022-01-01,IND,THA,0.0865,3,False
2022-02-01,IND,THA,0.0787,3,False
2022-03-01,IND,THA,0.0096,1,True
2022-04-01,IND,THA,0.001,1,True
2022-05-01,IND,THA,0.0019,1,True
2022-06-01,IND,THA,0.0047,1,True
2022-07-01,IND,THA,0.0084,1,True
2022-08-01,IND,THA,0.0106,1,True
2022-09-01,IND,THA,0.0149,1,True
2022-10-01,IND,THA,0.0126,2,True
2022-11-01,IND,THA,0.0085,1,True
2022-12-01,IND,THA,0.006,1,True
2023-01-01,IND,THA,0.015,1,True
2023-02-01,IND,THA,0.021,2,True
2023-03-01,IND,THA,0.0107,2,True
2023-04-01,IND,THA,0.011,2,True
2023-05-01,IND,THA,0.0166,2,True
2023-06-01,IND,THA,0.0197,2,True
2023-07-01,IND,THA,0.0208,2,True
2023-08-01,IND,THA,0.0373,2,True
2023-09-01,IND,THA,0.0364,2,True
2023-10-01,IND,THA,0.0319,3,True
2023-11-01,IND,THA,0.0155,2,True
2023-12-01,IND,THA,0.0181,3,True
2024-01-01,IND,THA,0.0094,3,True
2024-02-01,IND,THA,0.0024,2,True
2024-03-01,IND,THA,0.0032,1,True
2024-04-01,IND,THA,0.0024,1,True
2024-05-01,IND,THA,0.0004,1,True
2024-06-01,IND,THA,0.0005,1,True
2024-07-01,IND,THA,0.0004,1,True
2024-08-01,IND,THA,0.0007,1,True
2024-09-01,IND,THA,0.001,1,True
2024-10-01,IND,THA,0.0009,1,True
2024-11-01,IND,THA,0.0004,2,True
2024-12-01,IND,THA,0.0009,1,True
2025-01-01,IND,THA,0.0014,1,True
2025-02-01,IND,THA,0.0218,1,True
2025-03-01,IND,THA,0.0389,2,True
2025-04-01,IND,THA,0.0498,2,True
2025-05-01,IND,THA,0.317,1,False
2025-06-01,IND,THA,0.326,2,False
2025-07-01,IND,THA,0.4285,2,False
2025-08-01,IND,THA,0.761,4,False
2025-09-01,IND,THA,0.8225,4,False
2025-10-01,IND,THA,0.8364,1,False
2025-11-01,IND,THA,0.8495,1,False
2025-12-01,IND,THA,0.8507,1,False
2026-01-01,IND,THA,0.6721,1,False
2026-02-01,IND,THA,0.7334,1,False
2026-03-01,IND,THA,0.7797,1,False
2015-01-01,IND,BRA,0.0269,2,True
2015-02-01,IND,BRA,0.0227,1,True
2015-03-01,IND,BRA,0.038,3,True
2015-04-01,IND,BRA,0.0312,3,True
2015-05-01,IND,BRA,0.0172,1,True
2015-06-01,IND,BRA,0.0128,1,True
2015-07-01,IND,BRA,0.0132,1,True
2015-08-01,IND,BRA,0.0272,1,True
2015-09-01,IND,BRA,0.0343,1,True
2015-10-01,IND,BRA,0.0391,3,True
2015-11-01,IND,BRA,0.0234,1,True
2015-12-01,IND,BRA,0.014,1,True
2016-01-01,IND,BRA,0.021,1,True
2016-02-01,IND,BRA,0.0115,3,True
2016-03-01,IND,BRA,0.0074,2,True
2016-04-01,IND,BRA,0.0045,1,True
2016-05-01,IND,BRA,0.0073,1,True
2016-06-01,IND,BRA,0.0207,1,True
2016-07-01,IND,BRA,0.0099,1,True
2016-08-01,IND,BRA,0.0257,1,True
2016-09-01,IND,BRA,0.1146,1,False
2016-10-01,IND,BRA,0.0431,1,True
2016-11-01,IND,BRA,0.0981,4,False
2016-12-01,IND,BRA,0.2437,1,False
2017-01-01,IND,BRA,0.3155,4,False
2017-02-01,IND,BRA,0.4275,3,False
2017-03-01,IND,BRA,0.1218,4,False
2017-04-01,IND,BRA,0.0156,1,True
2017-05-01,IND,BRA,0.0008,1,True
2017-06-01,IND,BRA,0.0003,1,True
2017-07-01,IND,BRA,0.0013,1,True
2017-08-01,IND,BRA,0.0162,1,True
2017-09-01,IND,BRA,0.0268,1,True
2017-10-01,IND,BRA,0.0053,3,True
2017-11-01,IND,BRA,0.0051,3,True
2017-12-01,IND,BRA,0.0036,3,True
2018-01-01,IND,BRA,0.0014,3,True
2018-02-01,IND,BRA,0.0019,3,True
2018-03-01,IND,BRA,0.0005,3,True
2018-04-01,IND,BRA,0.0009,3,True
2018-05-01,IND,BRA,0.0027,3,True
2018-06-01,IND,BRA,0.0037,3,True
2018-07-01,IND,BRA,0.0032,3,True
2018-08-01,IND,BRA,0.001,3,True
2018-09-01,IND,BRA,0.0008,4,True
2018-10-01,IND,BRA,0.0002,3,True
2018-11-01,IND,BRA,0.0003,3,True
2018-12-01,IND,BRA,0.0003,3,True
2019-01-01,IND,BRA,0.0004,3,True
2019-02-01,IND,BRA,0.0002,3,True
2019-03-01,IND,BRA,0.0001,3,True
2019-04-01,IND,BRA,0.0002,3,True
2019-05-01,IND,BRA,0.0008,3,True
2019-06-01,IND,BRA,0.0021,3,True
2019-07-01,IND,BRA,0.1116,3,False
2019-08-01,IND,BRA,0.0742,3,False
2019-09-01,IND,BRA,0.0625,3,False
2019-10-01,IND,BRA,0.091,3,False
2019-11-01,IND,BRA,0.0315,3,True
2019-12-01,IND,BRA,0.1232,3,False
2020-01-01,IND,BRA,0.2548,3,False
2020-02-01,IND,BRA,0.1879,4,False
2020-03-01,IND,BRA,0.1317,4,False
2020-04-01,IND,BRA,0.1619,3,False
2020-05-01,IND,BRA,0.2342,4,False
2020-06-01,IND,BRA,0.4076,3,False
2020-07-01,IND,BRA,0.4376,4,False
2020-08-01,IND,BRA,0.2749,4,False
2020-09-01,IND,BRA,0.2462,4,False
2020-10-01,IND,BRA,0.196,4,False
2020-11-01,IND,BRA,0.1919,4,False
2020-12-01,IND,BRA,0.1324,4,False
2021-01-01,IND,BRA,0.1783,4,False
2021-02-01,IND,BRA,0.0548,4,False
2021-03-01,IND,BRA,0.0229,1,True
2021-04-01,IND,BRA,0.0078,1,True
2021-05-01,IND,BRA,0.011,1,True
2021-06-01,IND,BRA,0.0123,1,True
2021-07-01,IND,BRA,0.0105,4,True
2021-08-01,IND,BRA,0.0128,1,True
2021-09-01,IND,BRA,0.0125,4,True
2021-10-01,IND,BRA,0.014,1,True
2021-11-01,IND,BRA,0.0037,4,True
2021-12-01,IND,BRA,0.0066,3,True
2022-01-01,IND,BRA,0.0046,2,True
2022-02-01,IND,BRA,0.005,1,True
2022-03-01,IND,BRA,0.0154,2,True
2022-04-01,IND,BRA,0.0148,1,True
2022-05-01,IND,BRA,0.0171,1,True
2022-06-01,IND,BRA,0.0177,1,True
2022-07-01,IND,BRA,0.0139,1,True
2022-08-01,IND,BRA,0.0192,1,True
2022-09-01,IND,BRA,0.0302,2,True
2022-10-01,IND,BRA,0.0696,1,False
2022-11-01,IND,BRA,0.1122,1,False
2022-12-01,IND,BRA,0.2359,2,False
2023-01-01,IND,BRA,0.2219,2,False
2023-02-01,IND,BRA,0.7535,2,False
2023-03-01,IND,BRA,0.7993,3,False
2023-04-01,IND,BRA,0.6904,3,False
2023-05-01,IND,BRA,0.6409,3,False
2023-06-01,IND,BRA,0.543,3,False
2023-07-01,IND,BRA,0.5672,3,False
2023-08-01,IND,BRA,0.4412,4,False
2023-09-01,IND,BRA,0.1914,3,False
2023-10-01,IND,BRA,0.1037,3,False
2023-11-01,IND,BRA,0.1471,3,False
2023-12-01,IND,BRA,0.277,3,False
2024-01-01,IND,BRA,0.338,3,False
2024-02-01,IND,BRA,0.1835,1,False
2024-03-01,IND,BRA,0.0842,1,False
2024-04-01,IND,BRA,0.0583,1,False
2024-05-01,IND,BRA,0.0572,1,False
2024-06-01,IND,BRA,0.0473,1,True
2024-07-01,IND,BRA,0.0562,1,False
2024-08-01,IND,BRA,0.0634,1,False
2024-09-01,IND,BRA,0.181,1,False
2024-10-01,IND,BRA,0.3133,1,False
2024-11-01,IND,BRA,0.3396,1,False
2024-12-01,IND,BRA,0.4817,3,False
2025-01-01,IND,BRA,0.5415,2,False
2025-02-01,IND,BRA,0.7301,3,False
2025-03-01,IND,BRA,0.6437,2,False
2025-04-01,IND,BRA,0.6105,2,False
2025-05-01,IND,BRA,0.7084,2,False
2025-06-01,IND,BRA,0.43,2,False
2025-07-01,IND,BRA,0.5088,3,False
2025-08-01,IND,BRA,0.2714,4,False
2025-09-01,IND,BRA,0.2061,4,False
2025-10-01,IND,BRA,0.374,4,False
2025-11-01,IND,BRA,0.4586,4,False
2025-12-01,IND,BRA,0.3608,4,False
2026-01-01,IND,BRA,0.463,4,False
2026-02-01,IND,BRA,0.2905,4,False
2026-03-01,IND,BRA,0.3968,4,False
2015-01-01,IND,ZAF,0.5611,4,False
2015-02-01,IND,ZAF,0.3491,4,False
2015-03-01,IND,ZAF,0.2673,4,False
2015-04-01,IND,ZAF,0.1752,4,False
2015-05-01,IND,ZAF,0.1385,4,False
2015-06-01,IND,ZAF,0.1358,4,False
2015-07-01,IND,ZAF,0.071,4,False
2015-08-01,IND,ZAF,0.0907,4,False
2015-09-01,IND,ZAF,0.0592,4,False
2015-10-01,IND,ZAF,0.0355,4,True
2015-11-01,IND,ZAF,0.0208,4,True
2015-12-01,IND,ZAF,0.0253,4,True
2016-01-01,IND,ZAF,0.027,4,True
2016-02-01,IND,ZAF,0.0341,4,True
2016-03-01,IND,ZAF,0.0265,4,True
2016-04-01,IND,ZAF,0.0198,4,True
2016-05-01,IND,ZAF,0.0196,4,True
2016-06-01,IND,ZAF,0.0206,4,True
2016-07-01,IND,ZAF,0.0307,4,True
2016-08-01,IND,ZAF,0.0315,4,True
2016-09-01,IND,ZAF,0.0156,4,True
2016-10-01,IND,ZAF,0.0603,4,False
2016-11-01,IND,ZAF,0.0302,2,True
2016-12-01,IND,ZAF,0.1247,1,False
2017-01-01,IND,ZAF,0.3042,1,False
2017-02-01,IND,ZAF,0.5189,2,False
2017-03-01,IND,ZAF,0.8387,2,False
2017-04-01,IND,ZAF,0.7783,2,False
2017-05-01,IND,ZAF,0.6599,2,False
2017-06-01,IND,ZAF,0.9039,1,False
2017-07-01,IND,ZAF,0.7731,1,False
2017-08-01,IND,ZAF,0.655,1,False
2017-09-01,IND,ZAF,0.5332,1,False
2017-10-01,IND,ZAF,0.5864,1,False
2017-11-01,IND,ZAF,0.5039,1,False
2017-12-01,IND,ZAF,0.312,1,False
2018-01-01,IND,ZAF,0.3624,1,False
2018-02-01,IND,ZAF,0.4849,1,False
2018-03-01,IND,ZAF,0.1618,4,False
2018-04-01,IND,ZAF,0.0433,4,True
2018-05-01,IND,ZAF,0.0289,4,True
2018-06-01,IND,ZAF,0.0296,1,True
2018-07-01,IND,ZAF,0.0163,1,True
2018-08-01,IND,ZAF,0.0399,1,True
2018-09-01,IND,ZAF,0.3989,1,False
2018-10-01,IND,ZAF,0.8257,3,False
2018-11-01,IND,ZAF,0.6402,1,False
2018-12-01,IND,ZAF,0.8116,3,False
2019-01-01,IND,ZAF,0.8197,3,False
2019-02-01,IND,ZAF,0.8393,1,False
2019-03-01,IND,ZAF,0.8428,1,False
2019-04-01,IND,ZAF,0.8575,1,False
2019-05-01,IND,ZAF,0.9438,2,False
2019-06-01,IND,ZAF,0.4438,1,False
2019-07-01,IND,ZAF,0.3482,3,False
2019-08-01,IND,ZAF,0.3551,2,False
2019-09-01,IND,ZAF,0.2668,2,False
2019-10-01,IND,ZAF,0.4365,1,False
2019-11-01,IND,ZAF,0.2288,4,False
2019-12-01,IND,ZAF,0.4321,3,False
2020-01-01,IND,ZAF,0.4872,1,False
2020-02-01,IND,ZAF,0.3203,1,False
2020-03-01,IND,ZAF,0.5149,1,False
2020-04-01,IND,ZAF,0.4357,1,False
2020-05-01,IND,ZAF,0.3226,4,False
2020-06-01,IND,ZAF,0.2645,4,False
2020-07-01,IND,ZAF,0.3064,4,False
2020-08-01,IND,ZAF,0.293,4,False
2020-09-01,IND,ZAF,0.2683,4,False
2020-10-01,IND,ZAF,0.2562,4,False
2020-11-01,IND,ZAF,0.1392,4,False
2020-12-01,IND,ZAF,0.1211,4,False
2021-01-01,IND,ZAF,0.0849,4,False
2021-02-01,IND,ZAF,0.1063,4,False
2021-03-01,IND,ZAF,0.0946,4,False
2021-04-01,IND,ZAF,0.1416,4,False
2021-05-01,IND,ZAF,0.082,4,False
2021-06-01,IND,ZAF,0.0856,4,False
2021-07-01,IND,ZAF,0.0258,4,True
2021-08-01,IND,ZAF,0.0151,4,True
2021-09-01,IND,ZAF,0.0075,4,True
2021-10-01,IND,ZAF,0.0106,4,True
2021-11-01,IND,ZAF,0.0114,4,True
2021-12-01,IND,ZAF,0.0102,4,True
2022-01-01,IND,ZAF,0.005,4,True
2022-02-01,IND,ZAF,0.0045,1,True
2022-03-01,IND,ZAF,0.0005,1,True
2022-04-01,IND,ZAF,0.0005,1,True
2022-05-01,IND,ZAF,0.0015,1,True
2022-06-01,IND,ZAF,0.0012,1,True
2022-07-01,IND,ZAF,0.0004,1,True
2022-08-01,IND,ZAF,0.0029,1,True
2022-09-01,IND,ZAF,0.0087,1,True
2022-10-01,IND,ZAF,0.0675,1,False
2022-11-01,IND,ZAF,0.1486,1,False
2022-12-01,IND,ZAF,0.1002,1,False
2023-01-01,IND,ZAF,0.2808,1,False
2023-02-01,IND,ZAF,0.5413,3,False
2023-03-01,IND,ZAF,0.636,3,False
2023-04-01,IND,ZAF,0.7356,3,False
2023-05-01,IND,ZAF,0.5172,2,False
2023-06-01,IND,ZAF,0.5491,2,False
2023-07-01,IND,ZAF,0.5264,2,False
2023-08-01,IND,ZAF,0.5745,3,False
2023-09-01,IND,ZAF,0.3741,2,False
2023-10-01,IND,ZAF,0.3106,2,False
2023-11-01,IND,ZAF,0.3242,2,False
2023-12-01,IND,ZAF,0.1997,1,False
2024-01-01,IND,ZAF,0.1419,1,False
2024-02-01,IND,ZAF,0.0371,1,True
2024-03-01,IND,ZAF,0.016,1,True
2024-04-01,IND,ZAF,0.0265,1,True
2024-05-01,IND,ZAF,0.0293,1,True
2024-06-01,IND,ZAF,0.0228,1,True
2024-07-01,IND,ZAF,0.0061,1,True
2024-08-01,IND,ZAF,0.0036,1,True
2024-09-01,IND,ZAF,0.0012,1,True
2024-10-01,IND,ZAF,0.0002,1,True
2024-11-01,IND,ZAF,0.0001,1,True
2024-12-01,IND,ZAF,0.0,1,True
2025-01-01,IND,ZAF,0.0004,1,True
2025-02-01,IND,ZAF,0.0028,1,True
2025-03-01,IND,ZAF,0.0073,2,True
2025-04-01,IND,ZAF,0.0107,2,True
2025-05-01,IND,ZAF,0.0181,3,True
2025-06-01,IND,ZAF,0.0219,2,True
2025-07-01,IND,ZAF,0.0257,2,True
2025-08-01,IND,ZAF,0.0172,2,True
2025-09-01,IND,ZAF,0.0522,1,False
2025-10-01,IND,ZAF,0.0221,1,True
2025-11-01,IND,ZAF,0.1568,1,False
2025-12-01,IND,ZAF,0.3229,1,False
2026-01-01,IND,ZAF,0.3405,4,False
2026-02-01,IND,ZAF,0.4012,1,False
2026-03-01,IND,ZAF,0.4673,2,False
2015-01-01,IND,MEX,0.2205,1,False
2015-02-01,IND,MEX,0.1877,1,False
2015-03-01,IND,MEX,0.3969,1,False
2015-04-01,IND,MEX,0.7371,4,False
2015-05-01,IND,MEX,0.7066,4,False
2015-06-01,IND,MEX,0.5901,1,False
2015-07-01,IND,MEX,0.7318,4,False
2015-08-01,IND,MEX,0.5796,4,False
2015-09-01,IND,MEX,0.3935,4,False
2015-10-01,IND,MEX,0.6155,4,False
2015-11-01,IND,MEX,0.5511,4,False
2015-12-01,IND,MEX,0.4676,4,False
2016-01-01,IND,MEX,0.3489,1,False
2016-02-01,IND,MEX,0.3,4,False
2016-03-01,IND,MEX,0.3107,1,False
2016-04-01,IND,MEX,0.2822,1,False
2016-05-01,IND,MEX,0.2698,1,False
2016-06-01,IND,MEX,0.2418,1,False
2016-07-01,IND,MEX,0.1491,4,False
2016-08-01,IND,MEX,0.172,1,False
2016-09-01,IND,MEX,0.1314,1,False
2016-10-01,IND,MEX,0.2654,4,False
2016-11-01,IND,MEX,0.2554,3,False
2016-12-01,IND,MEX,0.0633,2,False
2017-01-01,IND,MEX,0.0414,1,True
2017-02-01,IND,MEX,0.0134,4,True
2017-03-01,IND,MEX,0.0814,2,False
2017-04-01,IND,MEX,0.0315,2,True
2017-05-01,IND,MEX,0.0401,2,True
2017-06-01,IND,MEX,0.4174,4,False
2017-07-01,IND,MEX,0.1852,4,False
2017-08-01,IND,MEX,0.0738,3,False
2017-09-01,IND,MEX,0.0587,1,False
2017-10-01,IND,MEX,0.0345,1,True
2017-11-01,IND,MEX,0.043,1,True
2017-12-01,IND,MEX,0.0308,1,True
2018-01-01,IND,MEX,0.0099,1,True
2018-02-01,IND,MEX,0.034,1,True
2018-03-01,IND,MEX,0.0796,1,False
2018-04-01,IND,MEX,0.0628,1,False
2018-05-01,IND,MEX,0.099,1,False
2018-06-01,IND,MEX,0.0593,1,False
2018-07-01,IND,MEX,0.03,3,True
2018-08-01,IND,MEX,0.0261,2,True
2018-09-01,IND,MEX,0.0291,1,True
2018-10-01,IND,MEX,0.0318,1,True
2018-11-01,IND,MEX,0.0388,1,True
2018-12-01,IND,MEX,0.1027,2,False
2019-01-01,IND,MEX,0.0812,1,False
2019-02-01,IND,MEX,0.0747,1,False
2019-03-01,IND,MEX,0.0985,1,False
2019-04-01,IND,MEX,0.1438,1,False
2019-05-01,IND,MEX,0.2046,1,False
2019-06-01,IND,MEX,0.1273,1,False
2019-07-01,IND,MEX,0.0725,1,False
2019-08-01,IND,MEX,0.0294,1,True
2019-09-01,IND,MEX,0.0059,4,True
2019-10-01,IND,MEX,0.0017,4,True
2019-11-01,IND,MEX,0.0015,2,True
2019-12-01,IND,MEX,0.0008,1,True
2020-01-01,IND,MEX,0.0039,1,True
2020-02-01,IND,MEX,0.0012,1,True
2020-03-01,IND,MEX,0.0024,4,True
2020-04-01,IND,MEX,0.0017,4,True
2020-05-01,IND,MEX,0.0003,1,True
2020-06-01,IND,MEX,0.001,4,True
2020-07-01,IND,MEX,0.0018,1,True
2020-08-01,IND,MEX,0.0047,1,True
2020-09-01,IND,MEX,0.0047,1,True
2020-10-01,IND,MEX,0.0287,1,True
2020-11-01,IND,MEX,0.0402,1,True
2020-12-01,IND,MEX,0.1239,1,False
2021-01-01,IND,MEX,0.1931,1,False
2021-02-01,IND,MEX,0.1554,3,False
2021-03-01,IND,MEX,0.2216,3,False
2021-04-01,IND,MEX,0.3426,1,False
2021-05-01,IND,MEX,0.2457,1,False
2021-06-01,IND,MEX,0.1098,1,False
2021-07-01,IND,MEX,0.0419,3,True
2021-08-01,IND,MEX,0.0313,3,True
2021-09-01,IND,MEX,0.0143,3,True
2021-10-01,IND,MEX,0.0228,1,True
2021-11-01,IND,MEX,0.0092,1,True
2021-12-01,IND,MEX,0.0179,1,True
2022-01-01,IND,MEX,0.0179,1,True
2022-02-01,IND,MEX,0.0325,1,True
2022-03-01,IND,MEX,0.0633,1,False
2022-04-01,IND,MEX,0.0652,1,False
2022-05-01,IND,MEX,0.1097,1,False
2022-06-01,IND,MEX,0.1817,1,False
2022-07-01,IND,MEX,0.2194,1,False
2022-08-01,IND,MEX,0.2037,3,False
2022-09-01,IND,MEX,0.2298,3,False
2022-10-01,IND,MEX,0.3314,1,False
2022-11-01,IND,MEX,0.3145,3,False
2022-12-01,IND,MEX,0.3307,3,False
2023-01-01,IND,MEX,0.5164,3,False
2023-02-01,IND,MEX,0.4466,1,False
2023-03-01,IND,MEX,0.5812,1,False
2023-04-01,IND,MEX,0.7762,2,False
2023-05-01,IND,MEX,0.5948,2,False
2023-06-01,IND,MEX,0.5796,2,False
2023-07-01,IND,MEX,0.458,4,False
2023-08-01,IND,MEX,0.4075,3,False
2023-09-01,IND,MEX,0.2809,2,False
2023-10-01,IND,MEX,0.2637,2,False
2023-11-01,IND,MEX,0.2404,2,False
2023-12-01,IND,MEX,0.1022,4,False
2024-01-01,IND,MEX,0.0737,4,False
2024-02-01,IND,MEX,0.0518,3,False
2024-03-01,IND,MEX,0.0384,2,True
2024-04-01,IND,MEX,0.0254,1,True
2024-05-01,IND,MEX,0.0132,1,True
2024-06-01,IND,MEX,0.025,3,True
2024-07-01,IND,MEX,0.016,3,True
2024-08-01,IND,MEX,0.0108,3,True
2024-09-01,IND,MEX,0.0188,3,True
2024-10-01,IND,MEX,0.0255,3,True
2024-11-01,IND,MEX,0.0076,3,True
2024-12-01,IND,MEX,0.0116,3,True
2025-01-01,IND,MEX,0.0073,3,True
2025-02-01,IND,MEX,0.0237,1,True
2025-03-01,IND,MEX,0.301,1,False
2025-04-01,IND,MEX,0.0446,1,True
2025-05-01,IND,MEX,0.0461,1,True
2025-06-01,IND,MEX,0.0704,1,False
2025-07-01,IND,MEX,0.1152,1,False
2025-08-01,IND,MEX,0.2335,1,False
2025-09-01,IND,MEX,0.2353,1,False
2025-10-01,IND,MEX,0.1953,1,False
2025-11-01,IND,MEX,0.3745,1,False
2025-12-01,IND,MEX,0.1826,1,False
2026-01-01,IND,MEX,0.1537,4,False
2026-02-01,IND,MEX,0.1299,1,False
2026-03-01,IND,MEX,0.1542,1,False
2015-01-01,IND,SGP,0.8122,3,False
2015-02-01,IND,SGP,0.7168,3,False
2015-03-01,IND,SGP,0.7782,1,False
2015-04-01,IND,SGP,0.7989,1,False
2015-05-01,IND,SGP,0.6551,1,False
2015-06-01,IND,SGP,0.6685,1,False
2015-07-01,IND,SGP,0.6922,1,False
2015-08-01,IND,SGP,0.5846,1,False
2015-09-01,IND,SGP,0.1908,4,False
2015-10-01,IND,SGP,0.0754,3,False
2015-11-01,IND,SGP,0.1108,2,False
2015-12-01,IND,SGP,0.0344,1,True
2016-01-01,IND,SGP,0.0299,4,True
2016-02-01,IND,SGP,0.0088,3,True
2016-03-01,IND,SGP,0.0092,2,True
2016-04-01,IND,SGP,0.0014,1,True
2016-05-01,IND,SGP,0.003,1,True
2016-06-01,IND,SGP,0.0029,1,True
2016-07-01,IND,SGP,0.0022,1,True
2016-08-01,IND,SGP,0.0041,1,True
2016-09-01,IND,SGP,0.0925,1,False
2016-10-01,IND,SGP,0.0633,1,False
2016-11-01,IND,SGP,0.05,1,False
2016-12-01,IND,SGP,0.054,1,False
2017-01-01,IND,SGP,0.0509,1,False
2017-02-01,IND,SGP,0.0201,1,True
2017-03-01,IND,SGP,0.0196,1,True
2017-04-01,IND,SGP,0.0355,1,True
2017-05-01,IND,SGP,0.0043,1,True
2017-06-01,IND,SGP,0.0061,1,True
2017-07-01,IND,SGP,0.0361,1,True
2017-08-01,IND,SGP,0.1226,1,False
2017-09-01,IND,SGP,0.2831,1,False
2017-10-01,IND,SGP,0.3218,1,False
2017-11-01,IND,SGP,0.4917,1,False
2017-12-01,IND,SGP,0.2426,1,False
2018-01-01,IND,SGP,0.3742,1,False
2018-02-01,IND,SGP,0.4608,1,False
2018-03-01,IND,SGP,0.6798,1,False
2018-04-01,IND,SGP,0.7202,1,False
2018-05-01,IND,SGP,0.7924,4,False
2018-06-01,IND,SGP,0.5671,1,False
2018-07-01,IND,SGP,0.3949,1,False
2018-08-01,IND,SGP,0.3652,4,False
2018-09-01,IND,SGP,0.3034,3,False
2018-10-01,IND,SGP,0.2624,2,False
2018-11-01,IND,SGP,0.0718,1,False
2018-12-01,IND,SGP,0.1444,1,False
2019-01-01,IND,SGP,0.2333,1,False
2019-02-01,IND,SGP,0.1799,1,False
2019-03-01,IND,SGP,0.0906,1,False
2019-04-01,IND,SGP,0.0747,1,False
2019-05-01,IND,SGP,0.1228,1,False
2019-06-01,IND,SGP,0.2951,1,False
2019-07-01,IND,SGP,0.3511,4,False
2019-08-01,IND,SGP,0.5742,3,False
2019-09-01,IND,SGP,0.4401,2,False
2019-10-01,IND,SGP,0.8088,3,False
2019-11-01,IND,SGP,0.7753,1,False
2019-12-01,IND,SGP,0.5931,4,False
2020-01-01,IND,SGP,0.4231,3,False
2020-02-01,IND,SGP,0.4241,2,False
2020-03-01,IND,SGP,0.2189,1,False
2020-04-01,IND,SGP,0.3637,2,False
2020-05-01,IND,SGP,0.1738,1,False
2020-06-01,IND,SGP,0.4417,4,False
2020-07-01,IND,SGP,0.4464,4,False
2020-08-01,IND,SGP,0.1293,4,False
2020-09-01,IND,SGP,0.333,4,False
2020-10-01,IND,SGP,0.2668,3,False
2020-11-01,IND,SGP,0.3247,4,False
2020-12-01,IND,SGP,0.234,4,False
2021-01-01,IND,SGP,0.2681,4,False
2021-02-01,IND,SGP,0.2934,4,False
2021-03-01,IND,SGP,0.1926,4,False
2021-04-01,IND,SGP,0.5226,4,False
2021-05-01,IND,SGP,0.2398,1,False
2021-06-01,IND,SGP,0.2278,1,False
2021-07-01,IND,SGP,0.2235,4,False
2021-08-01,IND,SGP,0.1601,4,False
2021-09-01,IND,SGP,0.1746,4,False
2021-10-01,IND,SGP,0.1467,1,False
2021-11-01,IND,SGP,0.1636,1,False
2021-12-01,IND,SGP,0.191,1,False
2022-01-01,IND,SGP,0.2248,1,False
2022-02-01,IND,SGP,0.3196,1,False
2022-03-01,IND,SGP,0.2387,1,False
2022-04-01,IND,SGP,0.336,1,False
2022-05-01,IND,SGP,0.2878,1,False
2022-06-01,IND,SGP,0.2225,1,False
2022-07-01,IND,SGP,0.2348,1,False
2022-08-01,IND,SGP,0.2793,1,False
2022-09-01,IND,SGP,0.184,1,False
2022-10-01,IND,SGP,0.2301,1,False
2022-11-01,IND,SGP,0.2194,1,False
2022-12-01,IND,SGP,0.2762,2,False
2023-01-01,IND,SGP,0.0902,1,False
2023-02-01,IND,SGP,0.1557,1,False
2023-03-01,IND,SGP,0.208,1,False
2023-04-01,IND,SGP,0.183,1,False
2023-05-01,IND,SGP,0.4339,1,False
2023-06-01,IND,SGP,0.4071,1,False
2023-07-01,IND,SGP,0.2787,1,False
2023-08-01,IND,SGP,0.1757,1,False
2023-09-01,IND,SGP,0.157,1,False
2023-10-01,IND,SGP,0.0603,1,False
2023-11-01,IND,SGP,0.0298,1,True
2023-12-01,IND,SGP,0.051,1,False
2024-01-01,IND,SGP,0.0406,1,True
2024-02-01,IND,SGP,0.0103,1,True
2024-03-01,IND,SGP,0.0031,1,True
2024-04-01,IND,SGP,0.0007,1,True
2024-05-01,IND,SGP,0.0004,1,True
2024-06-01,IND,SGP,0.0004,1,True
2024-07-01,IND,SGP,0.0002,1,True
2024-08-01,IND,SGP,0.0,1,True
2024-09-01,IND,SGP,0.0,1,True
2024-10-01,IND,SGP,0.0,1,True
2024-11-01,IND,SGP,0.0,1,True
2024-12-01,IND,SGP,0.0,1,True
2025-01-01,IND,SGP,0.0,1,True
2025-02-01,IND,SGP,0.0,1,True
2025-03-01,IND,SGP,0.0,1,True
2025-04-01,IND,SGP,0.0001,1,True
2025-05-01,IND,SGP,0.0004,1,True
2025-06-01,IND,SGP,0.0006,1,True
2025-07-01,IND,SGP,0.0018,1,True
2025-08-01,IND,SGP,0.0057,1,True
2025-09-01,IND,SGP,0.0061,1,True
2025-10-01,IND,SGP,0.0108,1,True
2025-11-01,IND,SGP,0.0133,1,True
2025-12-01,IND,SGP,0.0428,1,True
2026-01-01,IND,SGP,0.0864,1,False
2026-02-01,IND,SGP,0.1676,1,False
2026-03-01,IND,SGP,0.2385,1,False
2015-01-01,IND,KOR,0.5174,2,False
2015-02-01,IND,KOR,0.7922,1,False
2015-03-01,IND,KOR,0.5629,3,False
2015-04-01,IND,KOR,0.3287,4,False
2015-05-01,IND,KOR,0.2544,3,False
2015-06-01,IND,KOR,0.2569,4,False
2015-07-01,IND,KOR,0.1688,3,False
2015-08-01,IND,KOR,0.1556,3,False
2015-09-01,IND,KOR,0.1093,4,False
2015-10-01,IND,KOR,0.0253,4,True
2015-11-01,IND,KOR,0.0274,3,True
2015-12-01,IND,KOR,0.0505,3,False
2016-01-01,IND,KOR,0.0522,3,False
2016-02-01,IND,KOR,0.042,2,True
2016-03-01,IND,KOR,0.0801,2,False
2016-04-01,IND,KOR,0.0987,2,False
2016-05-01,IND,KOR,0.188,2,False
2016-06-01,IND,KOR,0.3741,3,False
2016-07-01,IND,KOR,0.3034,3,False
2016-08-01,IND,KOR,0.1801,4,False
2016-09-01,IND,KOR,0.1142,1,False
2016-10-01,IND,KOR,0.0738,4,False
2016-11-01,IND,KOR,0.1356,4,False
2016-12-01,IND,KOR,0.2703,4,False
2017-01-01,IND,KOR,0.2393,4,False
2017-02-01,IND,KOR,0.2805,1,False
2017-03-01,IND,KOR,0.2392,4,False
2017-04-01,IND,KOR,0.1852,2,False
2017-05-01,IND,KOR,0.0975,2,False
2017-06-01,IND,KOR,0.044,1,True
2017-07-01,IND,KOR,0.0369,1,True
2017-08-01,IND,KOR,0.0239,1,True
2017-09-01,IND,KOR,0.0061,4,True
2017-10-01,IND,KOR,0.0001,4,True
2017-11-01,IND,KOR,0.0,3,True
2017-12-01,IND,KOR,0.0,2,True
2018-01-01,IND,KOR,0.0,1,True
2018-02-01,IND,KOR,0.0,1,True
2018-03-01,IND,KOR,0.0004,3,True
2018-04-01,IND,KOR,0.0005,3,True
2018-05-01,IND,KOR,0.0012,3,True
2018-06-01,IND,KOR,0.0006,1,True
2018-07-01,IND,KOR,0.0004,1,True
2018-08-01,IND,KOR,0.0025,1,True
2018-09-01,IND,KOR,0.0049,1,True
2018-10-01,IND,KOR,0.0034,1,True
2018-11-01,IND,KOR,0.018,3,True
2018-12-01,IND,KOR,0.0355,3,True
2019-01-01,IND,KOR,0.0394,1,True
2019-02-01,IND,KOR,0.0265,4,True
2019-03-01,IND,KOR,0.012,3,True
2019-04-01,IND,KOR,0.0087,3,True
2019-05-01,IND,KOR,0.0234,4,True
2019-06-01,IND,KOR,0.0362,1,True
2019-07-01,IND,KOR,0.0191,1,True
2019-08-01,IND,KOR,0.0274,1,True
2019-09-01,IND,KOR,0.0251,1,True
2019-10-01,IND,KOR,0.0449,1,True
2019-11-01,IND,KOR,0.172,1,False
2019-12-01,IND,KOR,0.1587,1,False
2020-01-01,IND,KOR,0.0991,1,False
2020-02-01,IND,KOR,0.2839,1,False
2020-03-01,IND,KOR,0.1939,1,False
2020-04-01,IND,KOR,0.1374,1,False
2020-05-01,IND,KOR,0.0386,1,True
2020-06-01,IND,KOR,0.0354,1,True
2020-07-01,IND,KOR,0.0713,2,False
2020-08-01,IND,KOR,0.0374,1,True
2020-09-01,IND,KOR,0.1114,1,False
2020-10-01,IND,KOR,0.1883,1,False
2020-11-01,IND,KOR,0.1473,1,False
2020-12-01,IND,KOR,0.4101,1,False
2021-01-01,IND,KOR,0.3437,1,False
2021-02-01,IND,KOR,0.6305,4,False
2021-03-01,IND,KOR,0.4042,4,False
2021-04-01,IND,KOR,0.1465,1,False
2021-05-01,IND,KOR,0.1063,1,False
2021-06-01,IND,KOR,0.0831,1,False
2021-07-01,IND,KOR,0.0491,1,True
2021-08-01,IND,KOR,0.0538,1,False
2021-09-01,IND,KOR,0.0232,3,True
2021-10-01,IND,KOR,0.0204,2,True
2021-11-01,IND,KOR,0.0073,1,True
2021-12-01,IND,KOR,0.0085,1,True
2022-01-01,IND,KOR,0.023,1,True
2022-02-01,IND,KOR,0.028,1,True
2022-03-01,IND,KOR,0.0254,1,True
2022-04-01,IND,KOR,0.0157,1,True
2022-05-01,IND,KOR,0.0132,1,True
2022-06-01,IND,KOR,0.0238,1,True
2022-07-01,IND,KOR,0.0399,1,True
2022-08-01,IND,KOR,0.0927,1,False
2022-09-01,IND,KOR,0.0455,1,True
2022-10-01,IND,KOR,0.1214,2,False
2022-11-01,IND,KOR,0.0722,1,False
2022-12-01,IND,KOR,0.1541,1,False
2023-01-01,IND,KOR,0.1166,1,False
2023-02-01,IND,KOR,0.1357,1,False
2023-03-01,IND,KOR,0.0925,1,False
2023-04-01,IND,KOR,0.1625,1,False
2023-05-01,IND,KOR,0.1934,1,False
2023-06-01,IND,KOR,0.1847,1,False
2023-07-01,IND,KOR,0.1857,1,False
2023-08-01,IND,KOR,0.2028,1,False
2023-09-01,IND,KOR,0.1545,4,False
2023-10-01,IND,KOR,0.0127,4,True
2023-11-01,IND,KOR,0.0236,3,True
2023-12-01,IND,KOR,0.0073,2,True
2024-01-01,IND,KOR,0.0044,1,True
2024-02-01,IND,KOR,0.0044,1,True
2024-03-01,IND,KOR,0.0013,1,True
2024-04-01,IND,KOR,0.0058,1,True
2024-05-01,IND,KOR,0.0247,1,True
2024-06-01,IND,KOR,0.0077,1,True
2024-07-01,IND,KOR,0.0008,1,True
2024-08-01,IND,KOR,0.001,1,True
2024-09-01,IND,KOR,0.0004,1,True
2024-10-01,IND,KOR,0.0001,1,True
2024-11-01,IND,KOR,0.0001,1,True
2024-12-01,IND,KOR,0.0,1,True
2025-01-01,IND,KOR,0.0001,1,True
2025-02-01,IND,KOR,0.0002,1,True
2025-03-01,IND,KOR,0.0016,1,True
2025-04-01,IND,KOR,0.0073,1,True
2025-05-01,IND,KOR,0.0147,1,True
2025-06-01,IND,KOR,0.0146,1,True
2025-07-01,IND,KOR,0.0075,1,True
2025-08-01,IND,KOR,0.0331,1,True
2025-09-01,IND,KOR,0.0521,1,False
2025-10-01,IND,KOR,0.1117,1,False
2025-11-01,IND,KOR,0.1572,1,False
2025-12-01,IND,KOR,0.2855,1,False
2026-01-01,IND,KOR,0.3598,1,False
2026-02-01,IND,KOR,0.5806,4,False
2026-03-01,IND,KOR,0.4698,4,False
2015-01-01,IND,GBR,0.151,4,False
2015-02-01,IND,GBR,0.2594,2,False
2015-03-01,IND,GBR,0.496,3,False
2015-04-01,IND,GBR,0.458,3,False
2015-05-01,IND,GBR,0.4773,3,False
2015-06-01,IND,GBR,0.4839,3,False
2015-07-01,IND,GBR,0.4676,3,False
2015-08-01,IND,GBR,0.4427,2,False
2015-09-01,IND,GBR,0.5137,3,False
2015-10-01,IND,GBR,0.392,3,False
2015-11-01,IND,GBR,0.2303,3,False
2015-12-01,IND,GBR,0.2067,2,False
2016-01-01,IND,GBR,0.1935,2,False
2016-02-01,IND,GBR,0.1643,3,False
2016-03-01,IND,GBR,0.2113,3,False
2016-04-01,IND,GBR,0.2394,3,False
2016-05-01,IND,GBR,0.1544,1,False
2016-06-01,IND,GBR,0.1191,1,False
2016-07-01,IND,GBR,0.097,1,False
2016-08-01,IND,GBR,0.0866,1,False
2016-09-01,IND,GBR,0.1221,1,False
2016-10-01,IND,GBR,0.1574,3,False
2016-11-01,IND,GBR,0.142,3,False
2016-12-01,IND,GBR,0.1871,3,False
2017-01-01,IND,GBR,0.1882,3,False
2017-02-01,IND,GBR,0.3705,3,False
2017-03-01,IND,GBR,0.3048,2,False
2017-04-01,IND,GBR,0.4547,3,False
2017-05-01,IND,GBR,0.1545,3,False
2017-06-01,IND,GBR,0.1229,2,False
2017-07-01,IND,GBR,0.031,1,True
2017-08-01,IND,GBR,0.018,1,True
2017-09-01,IND,GBR,0.0148,1,True
2017-10-01,IND,GBR,0.0098,3,True
2017-11-01,IND,GBR,0.0052,2,True
2017-12-01,IND,GBR,0.0028,1,True
2018-01-01,IND,GBR,0.0132,1,True
2018-02-01,IND,GBR,0.0507,1,False
2018-03-01,IND,GBR,0.0779,1,False
2018-04-01,IND,GBR,0.1069,1,False
2018-05-01,IND,GBR,0.1597,2,False
2018-06-01,IND,GBR,0.2048,1,False
2018-07-01,IND,GBR,0.4663,2,False
2018-08-01,IND,GBR,0.4297,1,False
2018-09-01,IND,GBR,0.633,2,False
2018-10-01,IND,GBR,0.4518,1,False
2018-11-01,IND,GBR,0.4855,1,False
2018-12-01,IND,GBR,0.6787,4,False
2019-01-01,IND,GBR,0.3072,2,False
2019-02-01,IND,GBR,0.1225,1,False
2019-03-01,IND,GBR,0.1301,1,False
2019-04-01,IND,GBR,0.1831,1,False
2019-05-01,IND,GBR,0.2439,1,False
2019-06-01,IND,GBR,0.3449,1,False
2019-07-01,IND,GBR,0.4614,3,False
2019-08-01,IND,GBR,0.4692,1,False
2019-09-01,IND,GBR,0.4216,2,False
2019-10-01,IND,GBR,0.4885,2,False
2019-11-01,IND,GBR,0.3369,2,False
2019-12-01,IND,GBR,0.3554,2,False
2020-01-01,IND,GBR,0.3185,2,False
2020-02-01,IND,GBR,0.4723,2,False
2020-03-01,IND,GBR,0.7132,2,False
2020-04-01,IND,GBR,0.4532,1,False
2020-05-01,IND,GBR,0.4832,1,False
2020-06-01,IND,GBR,0.2625,1,False
2020-07-01,IND,GBR,0.1517,1,False
2020-08-01,IND,GBR,0.185,1,False
2020-09-01,IND,GBR,0.1318,3,False
2020-10-01,IND,GBR,0.0759,2,False
2020-11-01,IND,GBR,0.0343,1,True
2020-12-01,IND,GBR,0.1091,1,False
2021-01-01,IND,GBR,0.1284,3,False
2021-02-01,IND,GBR,0.1308,2,False
2021-03-01,IND,GBR,0.464,2,False
2021-04-01,IND,GBR,0.6354,3,False
2021-05-01,IND,GBR,0.324,4,False
2021-06-01,IND,GBR,0.2141,1,False
2021-07-01,IND,GBR,0.1088,1,False
2021-08-01,IND,GBR,0.0443,1,True
2021-09-01,IND,GBR,0.0208,1,True
2021-10-01,IND,GBR,0.0473,1,True
2021-11-01,IND,GBR,0.0493,1,True
2021-12-01,IND,GBR,0.0112,1,True
2022-01-01,IND,GBR,0.0929,1,False
2022-02-01,IND,GBR,0.0039,2,True
2022-03-01,IND,GBR,0.0014,1,True
2022-04-01,IND,GBR,0.0004,1,True
2022-05-01,IND,GBR,0.0002,2,True
2022-06-01,IND,GBR,0.0002,1,True
2022-07-01,IND,GBR,0.0013,1,True
2022-08-01,IND,GBR,0.0019,1,True
2022-09-01,IND,GBR,0.0052,1,True
2022-10-01,IND,GBR,0.0149,1,True
2022-11-01,IND,GBR,0.0112,1,True
2022-12-01,IND,GBR,0.0157,1,True
2023-01-01,IND,GBR,0.0402,1,True
2023-02-01,IND,GBR,0.0442,1,True
2023-03-01,IND,GBR,0.0305,1,True
2023-04-01,IND,GBR,0.0187,1,True
2023-05-01,IND,GBR,0.0351,1,True
2023-06-01,IND,GBR,0.0544,1,False
2023-07-01,IND,GBR,0.067,1,False
2023-08-01,IND,GBR,0.0289,1,True
2023-09-01,IND,GBR,0.0203,1,True
2023-10-01,IND,GBR,0.0123,1,True
2023-11-01,IND,GBR,0.0138,1,True
2023-12-01,IND,GBR,0.0067,1,True
2024-01-01,IND,GBR,0.0086,1,True
2024-02-01,IND,GBR,0.0008,2,True
2024-03-01,IND,GBR,0.0,1,True
2024-04-01,IND,GBR,0.0,1,True
2024-05-01,IND,GBR,0.0,1,True
2024-06-01,IND,GBR,0.0,1,True
2024-07-01,IND,GBR,0.0,1,True
2024-08-01,IND,GBR,0.0,1,True
2024-09-01,IND,GBR,0.0,1,True
2024-10-01,IND,GBR,0.0,1,True
2024-11-01,IND,GBR,0.0,1,True
2024-12-01,IND,GBR,0.0,1,True
2025-01-01,IND,GBR,0.0,1,True
2025-02-01,IND,GBR,0.0,1,True
2025-03-01,IND,GBR,0.0,1,True
2025-04-01,IND,GBR,0.0,1,True
2025-05-01,IND,GBR,0.0,1,True
2025-06-01,IND,GBR,0.0,1,True
2025-07-01,IND,GBR,0.0,1,True
2025-08-01,IND,GBR,0.0001,1,True
2025-09-01,IND,GBR,0.0079,1,True
2025-10-01,IND,GBR,0.061,1,False
2025-11-01,IND,GBR,0.048,1,True
2025-12-01,IND,GBR,0.1759,2,False
2026-01-01,IND,GBR,0.1012,1,False
2026-02-01,IND,GBR,0.2386,1,False
2026-03-01,IND,GBR,0.3257,3,False
2015-01-01,IND,USA,0.265,2,False
2015-02-01,IND,USA,0.2373,2,False
2015-03-01,IND,USA,0.4739,2,False
2015-04-01,IND,USA,0.3902,4,False
2015-05-01,IND,USA,0.5318,3,False
2015-06-01,IND,USA,0.3831,3,False
2015-07-01,IND,USA,0.2872,1,False
2015-08-01,IND,USA,0.3956,2,False
2015-09-01,IND,USA,0.3561,1,False
2015-10-01,IND,USA,0.2497,1,False
2015-11-01,IND,USA,0.2254,1,False
2015-12-01,IND,USA,0.2471,1,False
2016-01-01,IND,USA,0.2488,1,False
2016-02-01,IND,USA,0.1825,1,False
2016-03-01,IND,USA,0.2018,1,False
2016-04-01,IND,USA,0.1981,1,False
2016-05-01,IND,USA,0.2043,1,False
2016-06-01,IND,USA,0.2362,1,False
2016-07-01,IND,USA,0.1951,1,False
2016-08-01,IND,USA,0.2005,1,False
2016-09-01,IND,USA,0.2951,1,False
2016-10-01,IND,USA,0.3971,3,False
2016-11-01,IND,USA,0.3844,2,False
2016-12-01,IND,USA,0.6546,1,False
2017-01-01,IND,USA,0.6756,3,False
2017-02-01,IND,USA,0.5459,3,False
2017-03-01,IND,USA,0.5565,1,False
2017-04-01,IND,USA,0.6212,1,False
2017-05-01,IND,USA,0.4516,1,False
2017-06-01,IND,USA,0.0972,4,False
2017-07-01,IND,USA,0.0074,3,True
2017-08-01,IND,USA,0.0102,2,True
2017-09-01,IND,USA,0.0005,1,True
2017-10-01,IND,USA,0.005,1,True
2017-11-01,IND,USA,0.004,1,True
2017-12-01,IND,USA,0.0031,2,True
2018-01-01,IND,USA,0.0014,1,True
2018-02-01,IND,USA,0.0018,1,True
2018-03-01,IND,USA,0.0012,1,True
2018-04-01,IND,USA,0.0037,1,True
2018-05-01,IND,USA,0.012,1,True
2018-06-01,IND,USA,0.032,2,True
2018-07-01,IND,USA,0.0182,1,True
2018-08-01,IND,USA,0.0403,1,True
2018-09-01,IND,USA,0.0764,1,False
2018-10-01,IND,USA,0.1103,1,False
2018-11-01,IND,USA,0.1765,2,False
2018-12-01,IND,USA,0.1666,1,False
2019-01-01,IND,USA,0.1531,1,False
2019-02-01,IND,USA,0.198,1,False
2019-03-01,IND,USA,0.2591,2,False
2019-04-01,IND,USA,0.1068,1,False
2019-05-01,IND,USA,0.1578,1,False
2019-06-01,IND,USA,0.1164,1,False
2019-07-01,IND,USA,0.3168,1,False
2019-08-01,IND,USA,0.3184,1,False
2019-09-01,IND,USA,0.3934,1,False
2019-10-01,IND,USA,0.4273,1,False
2019-11-01,IND,USA,0.3195,4,False
2019-12-01,IND,USA,0.4258,1,False
2020-01-01,IND,USA,0.5393,1,False
2020-02-01,IND,USA,0.6479,1,False
2020-03-01,IND,USA,0.45,1,False
2020-04-01,IND,USA,0.6695,1,False
2020-05-01,IND,USA,0.3117,1,False
2020-06-01,IND,USA,0.3439,1,False
2020-07-01,IND,USA,0.1927,1,False
2020-08-01,IND,USA,0.0697,1,False
2020-09-01,IND,USA,0.0577,4,False
2020-10-01,IND,USA,0.0074,3,True
2020-11-01,IND,USA,0.0007,2,True
2020-12-01,IND,USA,0.0,1,True
2021-01-01,IND,USA,0.0,1,True
2021-02-01,IND,USA,0.0032,1,True
2021-03-01,IND,USA,0.0134,1,True
2021-04-01,IND,USA,0.1026,1,False
2021-05-01,IND,USA,0.0275,1,True
2021-06-01,IND,USA,0.0418,1,True
2021-07-01,IND,USA,0.1368,1,False
2021-08-01,IND,USA,0.3595,3,False
2021-09-01,IND,USA,0.4477,3,False
2021-10-01,IND,USA,0.3102,3,False
2021-11-01,IND,USA,0.2777,3,False
2021-12-01,IND,USA,0.208,3,False
2022-01-01,IND,USA,0.271,3,False
2022-02-01,IND,USA,0.1869,3,False
2022-03-01,IND,USA,0.1546,4,False
2022-04-01,IND,USA,0.0791,1,False
2022-05-01,IND,USA,0.1061,1,False
2022-06-01,IND,USA,0.136,1,False
2022-07-01,IND,USA,0.1379,1,False
2022-08-01,IND,USA,0.1527,1,False
2022-09-01,IND,USA,0.1486,1,False
2022-10-01,IND,USA,0.3369,1,False
2022-11-01,IND,USA,0.1687,1,False
2022-12-01,IND,USA,0.1308,1,False
2023-01-01,IND,USA,0.1496,1,False
2023-02-01,IND,USA,0.3264,1,False
2023-03-01,IND,USA,0.2417,1,False
2023-04-01,IND,USA,0.3542,1,False
2023-05-01,IND,USA,0.296,1,False
2023-06-01,IND,USA,0.3286,2,False
2023-07-01,IND,USA,0.293,4,False
2023-08-01,IND,USA,0.2246,4,False
2023-09-01,IND,USA,0.0696,4,False
2023-10-01,IND,USA,0.0648,4,False
2023-11-01,IND,USA,0.0576,4,False
2023-12-01,IND,USA,0.0143,4,True
2024-01-01,IND,USA,0.0016,4,True
2024-02-01,IND,USA,0.0009,4,True
2024-03-01,IND,USA,0.0003,2,True
2024-04-01,IND,USA,0.0,1,True
2024-05-01,IND,USA,0.0,1,True
2024-06-01,IND,USA,0.0,1,True
2024-07-01,IND,USA,0.0,1,True
2024-08-01,IND,USA,0.0,1,True
2024-09-01,IND,USA,0.0,1,True
2024-10-01,IND,USA,0.0,1,True
2024-11-01,IND,USA,0.0,1,True
2024-12-01,IND,USA,0.0,1,True
2025-01-01,IND,USA,0.0,1,True
2025-02-01,IND,USA,0.0,1,True
2025-03-01,IND,USA,0.0,1,True
2025-04-01,IND,USA,0.0,1,True
2025-05-01,IND,USA,0.0001,1,True
2025-06-01,IND,USA,0.0009,1,True
2025-07-01,IND,USA,0.0164,1,True
2025-08-01,IND,USA,0.5674,1,False
2025-09-01,IND,USA,0.8567,1,False
2025-10-01,IND,USA,0.8081,3,False
2025-11-01,IND,USA,0.7747,3,False
2025-12-01,IND,USA,0.7777,3,False
2026-01-01,IND,USA,0.7305,4,False
2026-02-01,IND,USA,0.3811,4,False
2026-03-01,IND,USA,0.205,3,False
2015-01-01,IND,DEU,0.4489,1,False
2015-02-01,IND,DEU,0.5922,4,False
2015-03-01,IND,DEU,0.5729,1,False
2015-04-01,IND,DEU,0.4533,1,False
2015-05-01,IND,DEU,0.3263,1,False
2015-06-01,IND,DEU,0.6535,1,False
2015-07-01,IND,DEU,0.3552,1,False
2015-08-01,IND,DEU,0.701,4,False
2015-09-01,IND,DEU,0.5049,1,False
2015-10-01,IND,DEU,0.568,1,False
2015-11-01,IND,DEU,0.7457,1,False
2015-12-01,IND,DEU,0.7601,4,False
2016-01-01,IND,DEU,0.5864,4,False
2016-02-01,IND,DEU,0.461,4,False
2016-03-01,IND,DEU,0.4583,4,False
2016-04-01,IND,DEU,0.4823,4,False
2016-05-01,IND,DEU,0.6269,1,False
2016-06-01,IND,DEU,0.6143,1,False
2016-07-01,IND,DEU,0.3671,1,False
2016-08-01,IND,DEU,0.2752,1,False
2016-09-01,IND,DEU,0.1489,1,False
2016-10-01,IND,DEU,0.1931,1,False
2016-11-01,IND,DEU,0.2482,1,False
2016-12-01,IND,DEU,0.2928,4,False
2017-01-01,IND,DEU,0.2135,1,False
2017-02-01,IND,DEU,0.1661,3,False
2017-03-01,IND,DEU,0.1311,4,False
2017-04-01,IND,DEU,0.0604,3,False
2017-05-01,IND,DEU,0.0242,4,True
2017-06-01,IND,DEU,0.0092,3,True
2017-07-01,IND,DEU,0.0127,2,True
2017-08-01,IND,DEU,0.0018,1,True
2017-09-01,IND,DEU,0.008,1,True
2017-10-01,IND,DEU,0.0052,1,True
2017-11-01,IND,DEU,0.0108,1,True
2017-12-01,IND,DEU,0.0138,1,True
2018-01-01,IND,DEU,0.0162,1,True
2018-02-01,IND,DEU,0.0909,1,False
2018-03-01,IND,DEU,0.6704,1,False
2018-04-01,IND,DEU,0.5087,1,False
2018-05-01,IND,DEU,0.396,1,False
2018-06-01,IND,DEU,0.249,1,False
2018-07-01,IND,DEU,0.3095,1,False
2018-08-01,IND,DEU,0.1387,1,False
2018-09-01,IND,DEU,0.1284,1,False
2018-10-01,IND,DEU,0.1786,1,False
2018-11-01,IND,DEU,0.4043,1,False
2018-12-01,IND,DEU,0.3371,2,False
2019-01-01,IND,DEU,0.1114,1,False
2019-02-01,IND,DEU,0.0872,1,False
2019-03-01,IND,DEU,0.0251,1,True
2019-04-01,IND,DEU,0.167,1,False
2019-05-01,IND,DEU,0.0654,1,False
2019-06-01,IND,DEU,0.0935,1,False
2019-07-01,IND,DEU,0.414,1,False
2019-08-01,IND,DEU,0.3968,1,False
2019-09-01,IND,DEU,0.2301,1,False
2019-10-01,IND,DEU,0.2393,1,False
2019-11-01,IND,DEU,0.2366,1,False
2019-12-01,IND,DEU,0.3956,1,False
2020-01-01,IND,DEU,0.65,1,False
2020-02-01,IND,DEU,0.7968,2,False
2020-03-01,IND,DEU,0.7679,1,False
2020-04-01,IND,DEU,0.4699,1,False
2020-05-01,IND,DEU,0.8238,2,False
2020-06-01,IND,DEU,0.9408,2,False
2020-07-01,IND,DEU,0.8847,2,False
2020-08-01,IND,DEU,0.4909,1,False
2020-09-01,IND,DEU,0.2268,1,False
2020-10-01,IND,DEU,0.0418,1,True
2020-11-01,IND,DEU,0.0302,1,True
2020-12-01,IND,DEU,0.0315,1,True
2021-01-01,IND,DEU,0.0242,1,True
2021-02-01,IND,DEU,0.1669,1,False
2021-03-01,IND,DEU,0.6901,1,False
2021-04-01,IND,DEU,0.6005,2,False
2021-05-01,IND,DEU,0.6406,1,False
2021-06-01,IND,DEU,0.7474,2,False
2021-07-01,IND,DEU,0.778,2,False
2021-08-01,IND,DEU,0.4635,4,False
2021-09-01,IND,DEU,0.5719,4,False
2021-10-01,IND,DEU,0.4897,4,False
2021-11-01,IND,DEU,0.243,1,False
2021-12-01,IND,DEU,0.0634,1,False
2022-01-01,IND,DEU,0.1835,1,False
2022-02-01,IND,DEU,0.0517,1,False
2022-03-01,IND,DEU,0.0149,4,True
2022-04-01,IND,DEU,0.0332,1,True
2022-05-01,IND,DEU,0.0409,1,True
2022-06-01,IND,DEU,0.0253,1,True
2022-07-01,IND,DEU,0.042,1,True
2022-08-01,IND,DEU,0.0756,1,False
2022-09-01,IND,DEU,0.101,1,False
2022-10-01,IND,DEU,0.0826,1,False
2022-11-01,IND,DEU,0.1013,1,False
2022-12-01,IND,DEU,0.1182,1,False
2023-01-01,IND,DEU,0.68,1,False
2023-02-01,IND,DEU,0.5558,1,False
2023-03-01,IND,DEU,0.4733,1,False
2023-04-01,IND,DEU,0.2277,1,False
2023-05-01,IND,DEU,0.2089,1,False
2023-06-01,IND,DEU,0.1171,1,False
2023-07-01,IND,DEU,0.1706,1,False
2023-08-01,IND,DEU,0.1473,1,False
2023-09-01,IND,DEU,0.1886,1,False
2023-10-01,IND,DEU,0.1425,1,False
2023-11-01,IND,DEU,0.0902,1,False
2023-12-01,IND,DEU,0.0917,1,False
2024-01-01,IND,DEU,0.0775,1,False
2024-02-01,IND,DEU,0.0408,1,True
2024-03-01,IND,DEU,0.011,1,True
2024-04-01,IND,DEU,0.0003,1,True
2024-05-01,IND,DEU,0.0001,1,True
2024-06-01,IND,DEU,0.0001,1,True
2024-07-01,IND,DEU,0.0,1,True
2024-08-01,IND,DEU,0.0,1,True
2024-09-01,IND,DEU,0.0,1,True
2024-10-01,IND,DEU,0.0,1,True
2024-11-01,IND,DEU,0.0,1,True
2024-12-01,IND,DEU,0.0,1,True
2025-01-01,IND,DEU,0.0,1,True
2025-02-01,IND,DEU,0.0,1,True
2025-03-01,IND,DEU,0.0,1,True
2025-04-01,IND,DEU,0.0001,1,True
2025-05-01,IND,DEU,0.0003,1,True
2025-06-01,IND,DEU,0.0007,1,True
2025-07-01,IND,DEU,0.0051,1,True
2025-08-01,IND,DEU,0.0234,1,True
2025-09-01,IND,DEU,0.1493,4,False
2025-10-01,IND,DEU,0.1535,4,False
2025-11-01,IND,DEU,0.1299,4,False
2025-12-01,IND,DEU,0.1835,4,False
2026-01-01,IND,DEU,0.2438,4,False
2026-02-01,IND,DEU,0.2899,4,False
2026-03-01,IND,DEU,0.5042,4,False
2015-01-01,IND,FRA,0.6065,4,False
2015-02-01,IND,FRA,0.5168,4,False
2015-03-01,IND,FRA,0.5325,4,False
2015-04-01,IND,FRA,0.5505,4,False
2015-05-01,IND,FRA,0.361,1,False
2015-06-01,IND,FRA,0.3061,1,False
2015-07-01,IND,FRA,0.4019,1,False
2015-08-01,IND,FRA,0.3803,4,False
2015-09-01,IND,FRA,0.1018,4,False
2015-10-01,IND,FRA,0.033,4,True
2015-11-01,IND,FRA,0.031,1,True
2015-12-01,IND,FRA,0.0091,1,True
2016-01-01,IND,FRA,0.0108,1,True
2016-02-01,IND,FRA,0.0327,1,True
2016-03-01,IND,FRA,0.013,1,True
2016-04-01,IND,FRA,0.0218,1,True
2016-05-01,IND,FRA,0.0245,1,True
2016-06-01,IND,FRA,0.0323,1,True
2016-07-01,IND,FRA,0.1029,1,False
2016-08-01,IND,FRA,0.1482,1,False
2016-09-01,IND,FRA,0.1564,4,False
2016-10-01,IND,FRA,0.1044,4,False
2016-11-01,IND,FRA,0.0853,1,False
2016-12-01,IND,FRA,0.0525,1,False
2017-01-01,IND,FRA,0.1488,1,False
2017-02-01,IND,FRA,0.1121,1,False
2017-03-01,IND,FRA,0.16,1,False
2017-04-01,IND,FRA,0.1614,4,False
2017-05-01,IND,FRA,0.2651,3,False
2017-06-01,IND,FRA,0.3983,2,False
2017-07-01,IND,FRA,0.6293,2,False
2017-08-01,IND,FRA,0.5798,2,False
2017-09-01,IND,FRA,0.4426,4,False
2017-10-01,IND,FRA,0.104,4,False
2017-11-01,IND,FRA,0.0501,4,False
2017-12-01,IND,FRA,0.0278,4,True
2018-01-01,IND,FRA,0.0307,4,True
2018-02-01,IND,FRA,0.0252,4,True
2018-03-01,IND,FRA,0.0484,4,True
2018-04-01,IND,FRA,0.0342,4,True
2018-05-01,IND,FRA,0.0222,4,True
2018-06-01,IND,FRA,0.0409,4,True
2018-07-01,IND,FRA,0.0465,1,True
2018-08-01,IND,FRA,0.0487,1,True
2018-09-01,IND,FRA,0.2163,1,False
2018-10-01,IND,FRA,0.4892,1,False
2018-11-01,IND,FRA,0.6664,1,False
2018-12-01,IND,FRA,0.8886,1,False
2019-01-01,IND,FRA,0.4966,1,False
2019-02-01,IND,FRA,0.381,1,False
2019-03-01,IND,FRA,0.7016,1,False
2019-04-01,IND,FRA,0.2415,1,False
2019-05-01,IND,FRA,0.1616,1,False
2019-06-01,IND,FRA,0.2855,1,False
2019-07-01,IND,FRA,0.1836,1,False
2019-08-01,IND,FRA,0.2,1,False
2019-09-01,IND,FRA,0.1617,1,False
2019-10-01,IND,FRA,0.1802,4,False
2019-11-01,IND,FRA,0.0395,4,True
2019-12-01,IND,FRA,0.0205,4,True
2020-01-01,IND,FRA,0.0066,3,True
2020-02-01,IND,FRA,0.0015,2,True
2020-03-01,IND,FRA,0.0006,1,True
2020-04-01,IND,FRA,0.0374,1,True
2020-05-01,IND,FRA,0.3927,4,False
2020-06-01,IND,FRA,0.2471,2,False
2020-07-01,IND,FRA,0.145,2,False
2020-08-01,IND,FRA,0.1097,2,False
2020-09-01,IND,FRA,0.2302,2,False
2020-10-01,IND,FRA,0.1957,2,False
2020-11-01,IND,FRA,0.1125,4,False
2020-12-01,IND,FRA,0.0329,3,True
2021-01-01,IND,FRA,0.0094,2,True
2021-02-01,IND,FRA,0.0104,3,True
2021-03-01,IND,FRA,0.0087,2,True
2021-04-01,IND,FRA,0.0349,1,True
2021-05-01,IND,FRA,0.0883,2,False
2021-06-01,IND,FRA,0.3136,1,False
2021-07-01,IND,FRA,0.3633,3,False
2021-08-01,IND,FRA,0.4053,3,False
2021-09-01,IND,FRA,0.3488,1,False
2021-10-01,IND,FRA,0.4265,1,False
2021-11-01,IND,FRA,0.3772,4,False
2021-12-01,IND,FRA,0.2698,4,False
2022-01-01,IND,FRA,0.1662,3,False
2022-02-01,IND,FRA,0.2128,3,False
2022-03-01,IND,FRA,0.0104,1,True
2022-04-01,IND,FRA,0.0007,1,True
2022-05-01,IND,FRA,0.0047,1,True
2022-06-01,IND,FRA,0.0029,1,True
2022-07-01,IND,FRA,0.0021,1,True
2022-08-01,IND,FRA,0.0043,1,True
2022-09-01,IND,FRA,0.0165,1,True
2022-10-01,IND,FRA,0.0405,1,True
2022-11-01,IND,FRA,0.0224,1,True
2022-12-01,IND,FRA,0.0438,2,True
2023-01-01,IND,FRA,0.0339,1,True
2023-02-01,IND,FRA,0.0303,1,True
2023-03-01,IND,FRA,0.0293,1,True
2023-04-01,IND,FRA,0.0578,1,False
2023-05-01,IND,FRA,0.1226,1,False
2023-06-01,IND,FRA,0.15,2,False
2023-07-01,IND,FRA,0.1592,2,False
2023-08-01,IND,FRA,0.1306,4,False
2023-09-01,IND,FRA,0.1371,3,False
2023-10-01,IND,FRA,0.0756,2,False
2023-11-01,IND,FRA,0.0877,2,False
2023-12-01,IND,FRA,0.0692,2,False
2024-01-01,IND,FRA,0.0888,2,False
2024-02-01,IND,FRA,0.0168,1,True
2024-03-01,IND,FRA,0.0058,1,True
2024-04-01,IND,FRA,0.0005,1,True
2024-05-01,IND,FRA,0.0002,1,True
2024-06-01,IND,FRA,0.0002,1,True
2024-07-01,IND,FRA,0.0002,1,True
2024-08-01,IND,FRA,0.0002,1,True
2024-09-01,IND,FRA,0.0004,1,True
2024-10-01,IND,FRA,0.0005,1,True
2024-11-01,IND,FRA,0.0001,1,True
2024-12-01,IND,FRA,0.0,1,True
2025-01-01,IND,FRA,0.0,1,True
2025-02-01,IND,FRA,0.0,1,True
2025-03-01,IND,FRA,0.0002,1,True
2025-04-01,IND,FRA,0.0002,1,True
2025-05-01,IND,FRA,0.0006,1,True
2025-06-01,IND,FRA,0.002,1,True
2025-07-01,IND,FRA,0.0109,1,True
2025-08-01,IND,FRA,0.0143,1,True
2025-09-01,IND,FRA,0.0209,1,True
2025-10-01,IND,FRA,0.0605,1,False
2025-11-01,IND,FRA,0.0509,1,False
2025-12-01,IND,FRA,0.075,1,False
2026-01-01,IND,FRA,0.1039,1,False
2026-02-01,IND,FRA,0.1198,1,False
2026-03-01,IND,FRA,0.0954,1,False
2015-01-01,IND,JPN,0.0809,3,False
2015-02-01,IND,JPN,0.0384,2,True
2015-03-01,IND,JPN,0.0982,3,False
2015-04-01,IND,JPN,0.1569,3,False
2015-05-01,IND,JPN,0.0839,2,False
2015-06-01,IND,JPN,0.1451,2,False
2015-07-01,IND,JPN,0.1025,2,False
2015-08-01,IND,JPN,0.1108,2,False
2015-09-01,IND,JPN,0.0892,2,False
2015-10-01,IND,JPN,0.0826,2,False
2015-11-01,IND,JPN,0.0922,2,False
2015-12-01,IND,JPN,0.147,2,False
2016-01-01,IND,JPN,0.1911,2,False
2016-02-01,IND,JPN,0.2301,2,False
2016-03-01,IND,JPN,0.1923,2,False
2016-04-01,IND,JPN,0.3129,2,False
2016-05-01,IND,JPN,0.3346,2,False
2016-06-01,IND,JPN,0.2697,2,False
2016-07-01,IND,JPN,0.3011,1,False
2016-08-01,IND,JPN,0.1172,1,False
2016-09-01,IND,JPN,0.1317,1,False
2016-10-01,IND,JPN,0.0878,1,False
2016-11-01,IND,JPN,0.0469,1,True
2016-12-01,IND,JPN,0.0136,1,True
2017-01-01,IND,JPN,0.0062,1,True
2017-02-01,IND,JPN,0.003,1,True
2017-03-01,IND,JPN,0.0012,3,True
2017-04-01,IND,JPN,0.0002,2,True
2017-05-01,IND,JPN,0.0,1,True
2017-06-01,IND,JPN,0.0001,1,True
2017-07-01,IND,JPN,0.0025,1,True
2017-08-01,IND,JPN,0.0023,1,True
2017-09-01,IND,JPN,0.0023,1,True
2017-10-01,IND,JPN,0.0032,1,True
2017-11-01,IND,JPN,0.0023,1,True
2017-12-01,IND,JPN,0.0043,1,True
2018-01-01,IND,JPN,0.0043,1,True
2018-02-01,IND,JPN,0.0025,1,True
2018-03-01,IND,JPN,0.0008,1,True
2018-04-01,IND,JPN,0.0147,1,True
2018-05-01,IND,JPN,0.031,1,True
2018-06-01,IND,JPN,0.1079,3,False
2018-07-01,IND,JPN,0.0814,1,False
2018-08-01,IND,JPN,0.1171,1,False
2018-09-01,IND,JPN,0.1476,1,False
2018-10-01,IND,JPN,0.1967,1,False
2018-11-01,IND,JPN,0.3415,3,False
2018-12-01,IND,JPN,0.325,4,False
2019-01-01,IND,JPN,0.1929,4,False
2019-02-01,IND,JPN,0.2187,3,False
2019-03-01,IND,JPN,0.1864,3,False
2019-04-01,IND,JPN,0.2409,3,False
2019-05-01,IND,JPN,0.2449,3,False
2019-06-01,IND,JPN,0.1296,4,False
2019-07-01,IND,JPN,0.1541,3,False
2019-08-01,IND,JPN,0.2167,4,False
2019-09-01,IND,JPN,0.0923,3,False
2019-10-01,IND,JPN,0.1947,3,False
2019-11-01,IND,JPN,0.0429,3,True
2019-12-01,IND,JPN,0.0433,3,True
2020-01-01,IND,JPN,0.0444,3,True
2020-02-01,IND,JPN,0.0453,4,True
2020-03-01,IND,JPN,0.029,3,True
2020-04-01,IND,JPN,0.1846,3,False
2020-05-01,IND,JPN,0.2372,3,False
2020-06-01,IND,JPN,0.4663,3,False
2020-07-01,IND,JPN,0.4286,4,False
2020-08-01,IND,JPN,0.2129,3,False
2020-09-01,IND,JPN,0.1067,4,False
2020-10-01,IND,JPN,0.0795,1,False
2020-11-01,IND,JPN,0.1275,1,False
2020-12-01,IND,JPN,0.0222,1,True
2021-01-01,IND,JPN,0.0812,1,False
2021-02-01,IND,JPN,0.3546,1,False
2021-03-01,IND,JPN,0.3661,4,False
2021-04-01,IND,JPN,0.3671,4,False
2021-05-01,IND,JPN,0.446,4,False
2021-06-01,IND,JPN,0.5159,4,False
2021-07-01,IND,JPN,0.4599,4,False
2021-08-01,IND,JPN,0.4401,4,False
2021-09-01,IND,JPN,0.5749,4,False
2021-10-01,IND,JPN,0.6402,4,False
2021-11-01,IND,JPN,0.6156,2,False
2021-12-01,IND,JPN,0.3955,4,False
2022-01-01,IND,JPN,0.3541,4,False
2022-02-01,IND,JPN,0.2569,4,False
2022-03-01,IND,JPN,0.1262,4,False
2022-04-01,IND,JPN,0.0834,1,False
2022-05-01,IND,JPN,0.0693,4,False
2022-06-01,IND,JPN,0.1094,4,False
2022-07-01,IND,JPN,0.0422,1,True
2022-08-01,IND,JPN,0.0249,1,True
2022-09-01,IND,JPN,0.0438,1,True
2022-10-01,IND,JPN,0.1276,1,False
2022-11-01,IND,JPN,0.1277,1,False
2022-12-01,IND,JPN,0.2864,1,False
2023-01-01,IND,JPN,0.1479,1,False
2023-02-01,IND,JPN,0.0474,1,True
2023-03-01,IND,JPN,0.0968,1,False
2023-04-01,IND,JPN,0.106,1,False
2023-05-01,IND,JPN,0.0426,1,True
2023-06-01,IND,JPN,0.048,1,True
2023-07-01,IND,JPN,0.142,1,False
2023-08-01,IND,JPN,0.2982,1,False
2023-09-01,IND,JPN,0.2482,1,False
2023-10-01,IND,JPN,0.1062,1,False
2023-11-01,IND,JPN,0.1042,1,False
2023-12-01,IND,JPN,0.1118,4,False
2024-01-01,IND,JPN,0.1506,4,False
2024-02-01,IND,JPN,0.1213,1,False
2024-03-01,IND,JPN,0.149,1,False
2024-04-01,IND,JPN,0.2393,1,False
2024-05-01,IND,JPN,0.2364,4,False
2024-06-01,IND,JPN,0.1697,4,False
2024-07-01,IND,JPN,0.253,4,False
2024-08-01,IND,JPN,0.1432,2,False
2024-09-01,IND,JPN,0.2419,2,False
2024-10-01,IND,JPN,0.2854,2,False
2024-11-01,IND,JPN,0.258,2,False
2024-12-01,IND,JPN,0.2505,2,False
2025-01-01,IND,JPN,0.2784,2,False
2025-02-01,IND,JPN,0.3191,2,False
2025-03-01,IND,JPN,0.3956,4,False
2025-04-01,IND,JPN,0.4076,4,False
2025-05-01,IND,JPN,0.2484,1,False
2025-06-01,IND,JPN,0.5509,1,False
2025-07-01,IND,JPN,0.5886,2,False
2025-08-01,IND,JPN,0.5704,1,False
2025-09-01,IND,JPN,0.4857,1,False
2025-10-01,IND,JPN,0.5623,1,False
2025-11-01,IND,JPN,0.3721,1,False
2025-12-01,IND,JPN,0.3652,1,False
2026-01-01,IND,JPN,0.2223,1,False
2026-02-01,IND,JPN,0.0515,1,False
2026-03-01,IND,JPN,0.0677,1,False
2015-01-01,CHN,IND,0.1344,1,False
2015-02-01,CHN,IND,0.1194,1,False
2015-03-01,CHN,IND,0.0904,1,False
2015-04-01,CHN,IND,0.0934,1,False
2015-05-01,CHN,IND,0.1251,1,False
2015-06-01,CHN,IND,0.1613,1,False
2015-07-01,CHN,IND,0.1409,1,False
2015-08-01,CHN,IND,0.0873,1,False
2015-09-01,CHN,IND,0.0971,1,False
2015-10-01,CHN,IND,0.1247,1,False
2015-11-01,CHN,IND,0.2284,1,False
2015-12-01,CHN,IND,0.1807,1,False
2016-01-01,CHN,IND,0.2144,1,False
2016-02-01,CHN,IND,0.2767,1,False
2016-03-01,CHN,IND,0.3834,1,False
2016-04-01,CHN,IND,0.4512,1,False
2016-05-01,CHN,IND,0.3792,1,False
2016-06-01,CHN,IND,0.4205,1,False
2016-07-01,CHN,IND,0.2867,1,False
2016-08-01,CHN,IND,0.5064,1,False
2016-09-01,CHN,IND,0.2777,1,False
2016-10-01,CHN,IND,0.134,1,False
2016-11-01,CHN,IND,0.1713,1,False
2016-12-01,CHN,IND,0.0721,1,False
2017-01-01,CHN,IND,0.0586,1,False
2017-02-01,CHN,IND,0.1127,1,False
2017-03-01,CHN,IND,0.1629,1,False
2017-04-01,CHN,IND,0.2034,1,False
2017-05-01,CHN,IND,0.2499,1,False
2017-06-01,CHN,IND,0.3281,1,False
2017-07-01,CHN,IND,0.4033,1,False
2017-08-01,CHN,IND,0.3799,2,False
2017-09-01,CHN,IND,0.3663,2,False
2017-10-01,CHN,IND,0.3229,1,False
2017-11-01,CHN,IND,0.652,1,False
2017-12-01,CHN,IND,0.6395,2,False
2018-01-01,CHN,IND,0.704,2,False
2018-02-01,CHN,IND,0.7172,2,False
2018-03-01,CHN,IND,0.7578,1,False
2018-04-01,CHN,IND,0.7481,1,False
2018-05-01,CHN,IND,0.7325,1,False
2018-06-01,CHN,IND,0.7166,4,False
2018-07-01,CHN,IND,0.3678,4,False
2018-08-01,CHN,IND,0.2082,4,False
2018-09-01,CHN,IND,0.183,4,False
2018-10-01,CHN,IND,0.1377,4,False
2018-11-01,CHN,IND,0.1322,4,False
2018-12-01,CHN,IND,0.2605,4,False
2019-01-01,CHN,IND,0.1325,4,False
2019-02-01,CHN,IND,0.4205,4,False
2019-03-01,CHN,IND,0.6249,2,False
2019-04-01,CHN,IND,0.7062,4,False
2019-05-01,CHN,IND,0.4436,2,False
2019-06-01,CHN,IND,0.2848,1,False
2019-07-01,CHN,IND,0.2888,4,False
2019-08-01,CHN,IND,0.2324,2,False
2019-09-01,CHN,IND,0.1467,4,False
2019-10-01,CHN,IND,0.0837,4,False
2019-11-01,CHN,IND,0.2692,2,False
2019-12-01,CHN,IND,0.216,1,False
2020-01-01,CHN,IND,0.1403,1,False
2020-02-01,CHN,IND,0.1985,1,False
2020-03-01,CHN,IND,0.3724,1,False
2020-04-01,CHN,IND,0.3016,4,False
2020-05-01,CHN,IND,0.3251,4,False
2020-06-01,CHN,IND,0.5423,4,False
2020-07-01,CHN,IND,0.6803,3,False
2020-08-01,CHN,IND,0.5764,3,False
2020-09-01,CHN,IND,0.8356,3,False
2020-10-01,CHN,IND,0.779,3,False
2020-11-01,CHN,IND,0.7216,2,False
2020-12-01,CHN,IND,0.7445,2,False
2021-01-01,CHN,IND,0.8348,1,False
2021-02-01,CHN,IND,0.7812,1,False
2021-03-01,CHN,IND,0.7564,1,False
2021-04-01,CHN,IND,0.8622,2,False
2021-05-01,CHN,IND,0.7611,2,False
2021-06-01,CHN,IND,0.6391,1,False
2021-07-01,CHN,IND,0.6629,4,False
2021-08-01,CHN,IND,0.6715,4,False
2021-09-01,CHN,IND,0.5498,4,False
2021-10-01,CHN,IND,0.5962,3,False
2021-11-01,CHN,IND,0.5767,3,False
2021-12-01,CHN,IND,0.2832,4,False
2022-01-01,CHN,IND,0.2296,3,False
2022-02-01,CHN,IND,0.1708,3,False
2022-03-01,CHN,IND,0.0963,3,False
2022-04-01,CHN,IND,0.1439,3,False
2022-05-01,CHN,IND,0.1461,3,False
2022-06-01,CHN,IND,0.1198,3,False
2022-07-01,CHN,IND,0.0801,3,False
2022-08-01,CHN,IND,0.0552,3,False
2022-09-01,CHN,IND,0.0491,3,True
2022-10-01,CHN,IND,0.0256,3,True
2022-11-01,CHN,IND,0.0082,4,True
2022-12-01,CHN,IND,0.0037,3,True
2023-01-01,CHN,IND,0.0036,3,True
2023-02-01,CHN,IND,0.0626,3,False
2023-03-01,CHN,IND,0.0565,3,False
2023-04-01,CHN,IND,0.0563,3,False
2023-05-01,CHN,IND,0.058,3,False
2023-06-01,CHN,IND,0.1154,3,False
2023-07-01,CHN,IND,0.1718,3,False
2023-08-01,CHN,IND,0.26,3,False
2023-09-01,CHN,IND,0.1699,4,False
2023-10-01,CHN,IND,0.1342,3,False
2023-11-01,CHN,IND,0.1001,2,False
2023-12-01,CHN,IND,0.1583,2,False
2024-01-01,CHN,IND,0.2307,2,False
2024-02-01,CHN,IND,0.3557,2,False
2024-03-01,CHN,IND,0.3303,3,False
2024-04-01,CHN,IND,0.0965,2,False
2024-05-01,CHN,IND,0.0252,1,True
2024-06-01,CHN,IND,0.0291,4,True
2024-07-01,CHN,IND,0.022,1,True
2024-08-01,CHN,IND,0.0108,1,True
2024-09-01,CHN,IND,0.0037,1,True
2024-10-01,CHN,IND,0.0061,1,True
2024-11-01,CHN,IND,0.0147,1,True
2024-12-01,CHN,IND,0.0212,1,True
2025-01-01,CHN,IND,0.0509,1,False
2025-02-01,CHN,IND,0.0706,1,False
2025-03-01,CHN,IND,0.0606,1,False
2025-04-01,CHN,IND,0.1036,1,False
2025-05-01,CHN,IND,0.1824,1,False
2025-06-01,CHN,IND,0.2704,1,False
2025-07-01,CHN,IND,0.3647,1,False
2025-08-01,CHN,IND,0.5764,1,False
2025-09-01,CHN,IND,0.7129,1,False
2025-10-01,CHN,IND,0.5529,1,False
2025-11-01,CHN,IND,0.39,3,False
2025-12-01,CHN,IND,0.1316,2,False
2026-01-01,CHN,IND,0.0476,1,True
2026-02-01,CHN,IND,0.0387,1,True
2026-03-01,CHN,IND,0.0154,1,True
2015-01-01,CHN,VNM,0.0563,4,False
2015-02-01,CHN,VNM,0.0024,4,True
2015-03-01,CHN,VNM,0.0001,4,True
2015-04-01,CHN,VNM,0.0064,1,True
2015-05-01,CHN,VNM,0.0007,1,True
2015-06-01,CHN,VNM,0.0024,1,True
2015-07-01,CHN,VNM,0.0039,1,True
2015-08-01,CHN,VNM,0.004,1,True
2015-09-01,CHN,VNM,0.0029,1,True
2015-10-01,CHN,VNM,0.0008,1,True
2015-11-01,CHN,VNM,0.0002,1,True
2015-12-01,CHN,VNM,0.0001,1,True
2016-01-01,CHN,VNM,0.0011,1,True
2016-02-01,CHN,VNM,0.0041,1,True
2016-03-01,CHN,VNM,0.0071,1,True
2016-04-01,CHN,VNM,0.0149,1,True
2016-05-01,CHN,VNM,0.0128,1,True
2016-06-01,CHN,VNM,0.0126,1,True
2016-07-01,CHN,VNM,0.0145,1,True
2016-08-01,CHN,VNM,0.0115,1,True
2016-09-01,CHN,VNM,0.0109,1,True
2016-10-01,CHN,VNM,0.0085,1,True
2016-11-01,CHN,VNM,0.0081,1,True
2016-12-01,CHN,VNM,0.0047,1,True
2017-01-01,CHN,VNM,0.001,1,True
2017-02-01,CHN,VNM,0.0003,1,True
2017-03-01,CHN,VNM,0.0005,1,True
2017-04-01,CHN,VNM,0.0008,1,True
2017-05-01,CHN,VNM,0.0012,1,True
2017-06-01,CHN,VNM,0.0013,1,True
2017-07-01,CHN,VNM,0.0015,1,True
2017-08-01,CHN,VNM,0.0197,1,True
2017-09-01,CHN,VNM,0.0332,1,True
2017-10-01,CHN,VNM,0.0183,1,True
2017-11-01,CHN,VNM,0.0121,1,True
2017-12-01,CHN,VNM,0.0066,1,True
2018-01-01,CHN,VNM,0.0039,1,True
2018-02-01,CHN,VNM,0.0088,4,True
2018-03-01,CHN,VNM,0.0094,3,True
2018-04-01,CHN,VNM,0.0072,3,True
2018-05-01,CHN,VNM,0.0289,3,True
2018-06-01,CHN,VNM,0.0073,3,True
2018-07-01,CHN,VNM,0.0104,3,True
2018-08-01,CHN,VNM,0.0078,2,True
2018-09-01,CHN,VNM,0.0022,2,True
2018-10-01,CHN,VNM,0.0031,2,True
2018-11-01,CHN,VNM,0.0017,2,True
2018-12-01,CHN,VNM,0.0009,2,True
2019-01-01,CHN,VNM,0.0008,2,True
2019-02-01,CHN,VNM,0.0014,2,True
2019-03-01,CHN,VNM,0.0012,2,True
2019-04-01,CHN,VNM,0.0009,2,True
2019-05-01,CHN,VNM,0.004,2,True
2019-06-01,CHN,VNM,0.0041,2,True
2019-07-01,CHN,VNM,0.0048,2,True
2019-08-01,CHN,VNM,0.0059,2,True
2019-09-01,CHN,VNM,0.022,2,True
2019-10-01,CHN,VNM,0.0297,2,True
2019-11-01,CHN,VNM,0.034,2,True
2019-12-01,CHN,VNM,0.0478,2,True
2020-01-01,CHN,VNM,0.11,2,False
2020-02-01,CHN,VNM,0.4262,2,False
2020-03-01,CHN,VNM,0.3973,1,False
2020-04-01,CHN,VNM,0.3697,1,False
2020-05-01,CHN,VNM,0.3156,3,False
2020-06-01,CHN,VNM,0.3097,1,False
2020-07-01,CHN,VNM,0.1456,1,False
2020-08-01,CHN,VNM,0.3543,1,False
2020-09-01,CHN,VNM,0.6589,1,False
2020-10-01,CHN,VNM,0.7378,1,False
2020-11-01,CHN,VNM,0.8093,1,False
2020-12-01,CHN,VNM,0.9447,1,False
2021-01-01,CHN,VNM,0.8934,1,False
2021-02-01,CHN,VNM,0.917,1,False
2021-03-01,CHN,VNM,0.9298,1,False
2021-04-01,CHN,VNM,0.7365,1,False
2021-05-01,CHN,VNM,0.7398,1,False
2021-06-01,CHN,VNM,0.7706,1,False
2021-07-01,CHN,VNM,0.7242,1,False
2021-08-01,CHN,VNM,0.6758,1,False
2021-09-01,CHN,VNM,0.416,1,False
2021-10-01,CHN,VNM,0.7133,3,False
2021-11-01,CHN,VNM,0.6485,3,False
2021-12-01,CHN,VNM,0.2432,4,False
2022-01-01,CHN,VNM,0.1833,3,False
2022-02-01,CHN,VNM,0.3643,3,False
2022-03-01,CHN,VNM,0.6784,3,False
2022-04-01,CHN,VNM,0.7985,3,False
2022-05-01,CHN,VNM,0.7985,4,False
2022-06-01,CHN,VNM,0.7924,4,False
2022-07-01,CHN,VNM,0.7994,4,False
2022-08-01,CHN,VNM,0.7345,1,False
2022-09-01,CHN,VNM,0.6263,1,False
2022-10-01,CHN,VNM,0.4445,1,False
2022-11-01,CHN,VNM,0.5028,1,False
2022-12-01,CHN,VNM,0.5056,1,False
2023-01-01,CHN,VNM,0.6442,1,False
2023-02-01,CHN,VNM,0.5355,1,False
2023-03-01,CHN,VNM,0.3511,1,False
2023-04-01,CHN,VNM,0.1852,1,False
2023-05-01,CHN,VNM,0.2074,1,False
2023-06-01,CHN,VNM,0.2961,1,False
2023-07-01,CHN,VNM,0.4556,1,False
2023-08-01,CHN,VNM,0.4263,1,False
2023-09-01,CHN,VNM,0.4672,1,False
2023-10-01,CHN,VNM,0.3717,4,False
2023-11-01,CHN,VNM,0.3378,3,False
2023-12-01,CHN,VNM,0.2945,4,False
2024-01-01,CHN,VNM,0.3926,4,False
2024-02-01,CHN,VNM,0.528,4,False
2024-03-01,CHN,VNM,0.6425,2,False
2024-04-01,CHN,VNM,0.2231,4,False
2024-05-01,CHN,VNM,0.2192,4,False
2024-06-01,CHN,VNM,0.4359,4,False
2024-07-01,CHN,VNM,0.3994,4,False
2024-08-01,CHN,VNM,0.1009,4,False
2024-09-01,CHN,VNM,0.1208,3,False
2024-10-01,CHN,VNM,0.0618,2,False
2024-11-01,CHN,VNM,0.0595,4,False
2024-12-01,CHN,VNM,0.1062,2,False
2025-01-01,CHN,VNM,0.0917,2,False
2025-02-01,CHN,VNM,0.0528,2,False
2025-03-01,CHN,VNM,0.1202,2,False
2025-04-01,CHN,VNM,0.142,2,False
2025-05-01,CHN,VNM,0.1482,2,False
2025-06-01,CHN,VNM,0.1544,2,False
2025-07-01,CHN,VNM,0.142,2,False
2025-08-01,CHN,VNM,0.1324,2,False
2025-09-01,CHN,VNM,0.0545,1,False
2025-10-01,CHN,VNM,0.0372,1,True
2025-11-01,CHN,VNM,0.0482,1,True
2025-12-01,CHN,VNM,0.2084,1,False
2026-01-01,CHN,VNM,0.2141,1,False
2026-02-01,CHN,VNM,0.2,2,False
2026-03-01,CHN,VNM,0.096,1,False
2015-01-01,CHN,IDN,0.1659,2,False
2015-02-01,CHN,IDN,0.0959,3,False
2015-03-01,CHN,IDN,0.1815,2,False
2015-04-01,CHN,IDN,0.1273,2,False
2015-05-01,CHN,IDN,0.0632,2,False
2015-06-01,CHN,IDN,0.029,2,True
2015-07-01,CHN,IDN,0.0082,2,True
2015-08-01,CHN,IDN,0.0022,3,True
2015-09-01,CHN,IDN,0.0005,3,True
2015-10-01,CHN,IDN,0.0003,2,True
2015-11-01,CHN,IDN,0.0002,2,True
2015-12-01,CHN,IDN,0.0003,4,True
2016-01-01,CHN,IDN,0.0079,4,True
2016-02-01,CHN,IDN,0.0418,4,True
2016-03-01,CHN,IDN,0.0255,4,True
2016-04-01,CHN,IDN,0.0282,4,True
2016-05-01,CHN,IDN,0.0336,4,True
2016-06-01,CHN,IDN,0.0582,1,False
2016-07-01,CHN,IDN,0.0976,2,False
2016-08-01,CHN,IDN,0.0651,1,False
2016-09-01,CHN,IDN,0.0809,1,False
2016-10-01,CHN,IDN,0.0554,1,False
2016-11-01,CHN,IDN,0.0345,1,True
2016-12-01,CHN,IDN,0.0438,1,True
2017-01-01,CHN,IDN,0.029,1,True
2017-02-01,CHN,IDN,0.0383,1,True
2017-03-01,CHN,IDN,0.0365,1,True
2017-04-01,CHN,IDN,0.036,1,True
2017-05-01,CHN,IDN,0.0374,1,True
2017-06-01,CHN,IDN,0.0368,1,True
2017-07-01,CHN,IDN,0.0468,1,True
2017-08-01,CHN,IDN,0.0394,1,True
2017-09-01,CHN,IDN,0.0223,1,True
2017-10-01,CHN,IDN,0.0176,1,True
2017-11-01,CHN,IDN,0.0237,1,True
2017-12-01,CHN,IDN,0.0405,1,True
2018-01-01,CHN,IDN,0.0269,1,True
2018-02-01,CHN,IDN,0.0316,1,True
2018-03-01,CHN,IDN,0.0183,3,True
2018-04-01,CHN,IDN,0.0207,3,True
2018-05-01,CHN,IDN,0.0266,1,True
2018-06-01,CHN,IDN,0.0311,1,True
2018-07-01,CHN,IDN,0.0904,4,False
2018-08-01,CHN,IDN,0.0976,3,False
2018-09-01,CHN,IDN,0.0631,4,False
2018-10-01,CHN,IDN,0.0807,3,False
2018-11-01,CHN,IDN,0.0548,4,False
2018-12-01,CHN,IDN,0.0552,4,False
2019-01-01,CHN,IDN,0.1461,4,False
2019-02-01,CHN,IDN,0.0633,3,False
2019-03-01,CHN,IDN,0.07,3,False
2019-04-01,CHN,IDN,0.152,3,False
2019-05-01,CHN,IDN,0.1136,3,False
2019-06-01,CHN,IDN,0.0547,4,False
2019-07-01,CHN,IDN,0.0068,3,True
2019-08-01,CHN,IDN,0.028,3,True
2019-09-01,CHN,IDN,0.1077,3,False
2019-10-01,CHN,IDN,0.04,3,True
2019-11-01,CHN,IDN,0.0323,3,True
2019-12-01,CHN,IDN,0.0261,3,True
2020-01-01,CHN,IDN,0.0269,3,True
2020-02-01,CHN,IDN,0.0245,2,True
2020-03-01,CHN,IDN,0.0423,2,True
2020-04-01,CHN,IDN,0.0295,2,True
2020-05-01,CHN,IDN,0.0443,2,True
2020-06-01,CHN,IDN,0.056,4,False
2020-07-01,CHN,IDN,0.0568,4,False
2020-08-01,CHN,IDN,0.0239,4,True
2020-09-01,CHN,IDN,0.017,4,True
2020-10-01,CHN,IDN,0.0183,4,True
2020-11-01,CHN,IDN,0.1538,4,False
2020-12-01,CHN,IDN,0.3022,2,False
2021-01-01,CHN,IDN,0.3969,2,False
2021-02-01,CHN,IDN,0.3623,2,False
2021-03-01,CHN,IDN,0.1993,1,False
2021-04-01,CHN,IDN,0.2203,1,False
2021-05-01,CHN,IDN,0.1776,1,False
2021-06-01,CHN,IDN,0.0777,1,False
2021-07-01,CHN,IDN,0.1665,1,False
2021-08-01,CHN,IDN,0.2198,1,False
2021-09-01,CHN,IDN,0.1784,1,False
2021-10-01,CHN,IDN,0.3199,1,False
2021-11-01,CHN,IDN,0.6337,3,False
2021-12-01,CHN,IDN,0.6287,4,False
2022-01-01,CHN,IDN,0.4753,3,False
2022-02-01,CHN,IDN,0.5366,1,False
2022-03-01,CHN,IDN,0.61,4,False
2022-04-01,CHN,IDN,0.4213,1,False
2022-05-01,CHN,IDN,0.1537,4,False
2022-06-01,CHN,IDN,0.144,4,False
2022-07-01,CHN,IDN,0.1916,2,False
2022-08-01,CHN,IDN,0.0956,1,False
2022-09-01,CHN,IDN,0.1619,1,False
2022-10-01,CHN,IDN,0.2899,1,False
2022-11-01,CHN,IDN,0.2983,4,False
2022-12-01,CHN,IDN,0.2544,1,False
2023-01-01,CHN,IDN,0.2435,1,False
2023-02-01,CHN,IDN,0.2577,1,False
2023-03-01,CHN,IDN,0.4526,1,False
2023-04-01,CHN,IDN,0.4122,1,False
2023-05-01,CHN,IDN,0.4743,1,False
2023-06-01,CHN,IDN,0.4095,1,False
2023-07-01,CHN,IDN,0.3893,1,False
2023-08-01,CHN,IDN,0.419,1,False
2023-09-01,CHN,IDN,0.3413,1,False
2023-10-01,CHN,IDN,0.597,1,False
2023-11-01,CHN,IDN,0.5866,1,False
2023-12-01,CHN,IDN,0.3679,1,False
2024-01-01,CHN,IDN,0.8773,1,False
2024-02-01,CHN,IDN,0.8975,1,False
2024-03-01,CHN,IDN,0.5379,1,False
2024-04-01,CHN,IDN,0.4057,1,False
2024-05-01,CHN,IDN,0.3359,1,False
2024-06-01,CHN,IDN,0.1987,1,False
2024-07-01,CHN,IDN,0.1621,1,False
2024-08-01,CHN,IDN,0.1103,3,False
2024-09-01,CHN,IDN,0.0862,1,False
2024-10-01,CHN,IDN,0.0944,1,False
2024-11-01,CHN,IDN,0.0633,2,False
2024-12-01,CHN,IDN,0.0718,1,False
2025-01-01,CHN,IDN,0.0821,2,False
2025-02-01,CHN,IDN,0.0239,1,True
2025-03-01,CHN,IDN,0.0582,1,False
2025-04-01,CHN,IDN,0.0839,1,False
2025-05-01,CHN,IDN,0.1028,1,False
2025-06-01,CHN,IDN,0.1823,1,False
2025-07-01,CHN,IDN,0.2443,1,False
2025-08-01,CHN,IDN,0.3081,1,False
2025-09-01,CHN,IDN,0.3286,4,False
2025-10-01,CHN,IDN,0.2597,1,False
2025-11-01,CHN,IDN,0.2116,1,False
2025-12-01,CHN,IDN,0.0739,1,False
2026-01-01,CHN,IDN,0.265,1,False
2026-02-01,CHN,IDN,0.2011,1,False
2026-03-01,CHN,IDN,0.1115,1,False
2015-01-01,CHN,THA,0.8602,2,False
2015-02-01,CHN,THA,0.3136,2,False
2015-03-01,CHN,THA,0.0575,1,False
2015-04-01,CHN,THA,0.0163,1,True
2015-05-01,CHN,THA,0.0087,1,True
2015-06-01,CHN,THA,0.0039,1,True
2015-07-01,CHN,THA,0.0058,1,True
2015-08-01,CHN,THA,0.0071,1,True
2015-09-01,CHN,THA,0.0072,1,True
2015-10-01,CHN,THA,0.0065,1,True
2015-11-01,CHN,THA,0.0116,1,True
2015-12-01,CHN,THA,0.0518,1,False
2016-01-01,CHN,THA,0.0067,2,True
2016-02-01,CHN,THA,0.0113,1,True
2016-03-01,CHN,THA,0.0105,1,True
2016-04-01,CHN,THA,0.0137,1,True
2016-05-01,CHN,THA,0.024,1,True
2016-06-01,CHN,THA,0.0314,1,True
2016-07-01,CHN,THA,0.0275,2,True
2016-08-01,CHN,THA,0.016,2,True
2016-09-01,CHN,THA,0.0143,2,True
2016-10-01,CHN,THA,0.0177,2,True
2016-11-01,CHN,THA,0.013,2,True
2016-12-01,CHN,THA,0.0186,2,True
2017-01-01,CHN,THA,0.0762,2,False
2017-02-01,CHN,THA,0.0625,2,False
2017-03-01,CHN,THA,0.0228,2,True
2017-04-01,CHN,THA,0.051,1,False
2017-05-01,CHN,THA,0.0462,1,True
2017-06-01,CHN,THA,0.0759,1,False
2017-07-01,CHN,THA,0.0626,1,False
2017-08-01,CHN,THA,0.0468,1,True
2017-09-01,CHN,THA,0.1025,1,False
2017-10-01,CHN,THA,0.1603,1,False
2017-11-01,CHN,THA,0.1202,2,False
2017-12-01,CHN,THA,0.152,2,False
2018-01-01,CHN,THA,0.1432,2,False
2018-02-01,CHN,THA,0.083,2,False
2018-03-01,CHN,THA,0.0766,2,False
2018-04-01,CHN,THA,0.0854,2,False
2018-05-01,CHN,THA,0.1407,2,False
2018-06-01,CHN,THA,0.1785,2,False
2018-07-01,CHN,THA,0.1254,2,False
2018-08-01,CHN,THA,0.1401,2,False
2018-09-01,CHN,THA,0.1775,2,False
2018-10-01,CHN,THA,0.1729,2,False
2018-11-01,CHN,THA,0.1436,4,False
2018-12-01,CHN,THA,0.1331,3,False
2019-01-01,CHN,THA,0.0715,4,False
2019-02-01,CHN,THA,0.0454,4,True
2019-03-01,CHN,THA,0.0841,3,False
2019-04-01,CHN,THA,0.1036,2,False
2019-05-01,CHN,THA,0.1329,4,False
2019-06-01,CHN,THA,0.0869,4,False
2019-07-01,CHN,THA,0.1282,4,False
2019-08-01,CHN,THA,0.1635,4,False
2019-09-01,CHN,THA,0.3081,2,False
2019-10-01,CHN,THA,0.3984,2,False
2019-11-01,CHN,THA,0.3472,2,False
2019-12-01,CHN,THA,0.4395,2,False
2020-01-01,CHN,THA,0.5362,2,False
2020-02-01,CHN,THA,0.7763,3,False
2020-03-01,CHN,THA,0.4287,1,False
2020-04-01,CHN,THA,0.4714,1,False
2020-05-01,CHN,THA,0.4694,1,False
2020-06-01,CHN,THA,0.6279,1,False
2020-07-01,CHN,THA,0.7519,1,False
2020-08-01,CHN,THA,0.7727,2,False
2020-09-01,CHN,THA,0.5628,2,False
2020-10-01,CHN,THA,0.5306,1,False
2020-11-01,CHN,THA,0.4502,1,False
2020-12-01,CHN,THA,0.4294,1,False
2021-01-01,CHN,THA,0.3897,1,False
2021-02-01,CHN,THA,0.5094,2,False
2021-03-01,CHN,THA,0.5351,2,False
2021-04-01,CHN,THA,0.539,3,False
2021-05-01,CHN,THA,0.4545,1,False
2021-06-01,CHN,THA,0.5381,1,False
2021-07-01,CHN,THA,0.7577,3,False
2021-08-01,CHN,THA,0.7385,3,False
2021-09-01,CHN,THA,0.5004,1,False
2021-10-01,CHN,THA,0.2467,1,False
2021-11-01,CHN,THA,0.0949,1,False
2021-12-01,CHN,THA,0.1862,1,False
2022-01-01,CHN,THA,0.2556,1,False
2022-02-01,CHN,THA,0.0763,1,False
2022-03-01,CHN,THA,0.0552,1,False
2022-04-01,CHN,THA,0.089,1,False
2022-05-01,CHN,THA,0.0529,1,False
2022-06-01,CHN,THA,0.0571,1,False
2022-07-01,CHN,THA,0.0533,1,False
2022-08-01,CHN,THA,0.0414,1,True
2022-09-01,CHN,THA,0.0428,1,True
2022-10-01,CHN,THA,0.0457,1,True
2022-11-01,CHN,THA,0.038,1,True
2022-12-01,CHN,THA,0.0457,1,True
2023-01-01,CHN,THA,0.0603,1,False
2023-02-01,CHN,THA,0.0718,1,False
2023-03-01,CHN,THA,0.1,1,False
2023-04-01,CHN,THA,0.1706,1,False
2023-05-01,CHN,THA,0.2206,1,False
2023-06-01,CHN,THA,0.275,1,False
2023-07-01,CHN,THA,0.3978,1,False
2023-08-01,CHN,THA,0.4215,2,False
2023-09-01,CHN,THA,0.419,2,False
2023-10-01,CHN,THA,0.4002,2,False
2023-11-01,CHN,THA,0.3799,4,False
2023-12-01,CHN,THA,0.6186,3,False
2024-01-01,CHN,THA,0.4109,4,False
2024-02-01,CHN,THA,0.29,1,False
2024-03-01,CHN,THA,0.1534,1,False
2024-04-01,CHN,THA,0.1481,1,False
2024-05-01,CHN,THA,0.0469,1,True
2024-06-01,CHN,THA,0.0135,1,True
2024-07-01,CHN,THA,0.0086,1,True
2024-08-01,CHN,THA,0.0085,1,True
2024-09-01,CHN,THA,0.0099,1,True
2024-10-01,CHN,THA,0.0102,1,True
2024-11-01,CHN,THA,0.0053,1,True
2024-12-01,CHN,THA,0.002,1,True
2025-01-01,CHN,THA,0.0075,1,True
2025-02-01,CHN,THA,0.0401,1,True
2025-03-01,CHN,THA,0.3166,1,False
2025-04-01,CHN,THA,0.3986,1,False
2025-05-01,CHN,THA,0.609,2,False
2025-06-01,CHN,THA,0.6393,2,False
2025-07-01,CHN,THA,0.6406,2,False
2025-08-01,CHN,THA,0.7287,2,False
2025-09-01,CHN,THA,0.693,4,False
2025-10-01,CHN,THA,0.7331,4,False
2025-11-01,CHN,THA,0.7222,4,False
2025-12-01,CHN,THA,0.5439,2,False
2026-01-01,CHN,THA,0.5475,2,False
2026-02-01,CHN,THA,0.5443,2,False
2026-03-01,CHN,THA,0.4931,2,False
2015-01-01,CHN,BRA,0.0927,2,False
2015-02-01,CHN,BRA,0.0463,1,True
2015-03-01,CHN,BRA,0.0459,1,True
2015-04-01,CHN,BRA,0.0223,1,True
2015-05-01,CHN,BRA,0.0057,1,True
2015-06-01,CHN,BRA,0.0099,1,True
2015-07-01,CHN,BRA,0.0111,1,True
2015-08-01,CHN,BRA,0.0337,1,True
2015-09-01,CHN,BRA,0.0579,1,False
2015-10-01,CHN,BRA,0.0686,1,False
2015-11-01,CHN,BRA,0.0819,1,False
2015-12-01,CHN,BRA,0.0493,1,True
2016-01-01,CHN,BRA,0.0727,1,False
2016-02-01,CHN,BRA,0.0659,1,False
2016-03-01,CHN,BRA,0.0151,1,True
2016-04-01,CHN,BRA,0.0032,1,True
2016-05-01,CHN,BRA,0.0045,1,True
2016-06-01,CHN,BRA,0.008,1,True
2016-07-01,CHN,BRA,0.009,1,True
2016-08-01,CHN,BRA,0.0625,1,False
2016-09-01,CHN,BRA,0.0253,1,True
2016-10-01,CHN,BRA,0.0578,1,False
2016-11-01,CHN,BRA,0.0461,1,True
2016-12-01,CHN,BRA,0.0152,1,True
2017-01-01,CHN,BRA,0.0291,1,True
2017-02-01,CHN,BRA,0.0044,1,True
2017-03-01,CHN,BRA,0.0281,1,True
2017-04-01,CHN,BRA,0.1044,1,False
2017-05-01,CHN,BRA,0.2222,2,False
2017-06-01,CHN,BRA,0.3776,2,False
2017-07-01,CHN,BRA,0.3499,2,False
2017-08-01,CHN,BRA,0.2358,1,False
2017-09-01,CHN,BRA,0.1877,1,False
2017-10-01,CHN,BRA,0.2217,1,False
2017-11-01,CHN,BRA,0.1155,1,False
2017-12-01,CHN,BRA,0.0887,1,False
2018-01-01,CHN,BRA,0.039,1,True
2018-02-01,CHN,BRA,0.0282,1,True
2018-03-01,CHN,BRA,0.0281,1,True
2018-04-01,CHN,BRA,0.0573,1,False
2018-05-01,CHN,BRA,0.0308,1,True
2018-06-01,CHN,BRA,0.0306,1,True
2018-07-01,CHN,BRA,0.0106,1,True
2018-08-01,CHN,BRA,0.006,1,True
2018-09-01,CHN,BRA,0.0057,1,True
2018-10-01,CHN,BRA,0.0061,1,True
2018-11-01,CHN,BRA,0.0156,1,True
2018-12-01,CHN,BRA,0.0334,1,True
2019-01-01,CHN,BRA,0.0313,2,True
2019-02-01,CHN,BRA,0.0308,2,True
2019-03-01,CHN,BRA,0.0403,2,True
2019-04-01,CHN,BRA,0.0362,2,True
2019-05-01,CHN,BRA,0.1544,2,False
2019-06-01,CHN,BRA,0.199,2,False
2019-07-01,CHN,BRA,0.2956,2,False
2019-08-01,CHN,BRA,0.3497,2,False
2019-09-01,CHN,BRA,0.2749,4,False
2019-10-01,CHN,BRA,0.1969,3,False
2019-11-01,CHN,BRA,0.1582,2,False
2019-12-01,CHN,BRA,0.2142,2,False
2020-01-01,CHN,BRA,0.1871,2,False
2020-02-01,CHN,BRA,0.0838,2,False
2020-03-01,CHN,BRA,0.0749,2,False
2020-04-01,CHN,BRA,0.0458,2,True
2020-05-01,CHN,BRA,0.0714,2,False
2020-06-01,CHN,BRA,0.0444,3,True
2020-07-01,CHN,BRA,0.0628,2,False
2020-08-01,CHN,BRA,0.0379,2,True
2020-09-01,CHN,BRA,0.0394,4,True
2020-10-01,CHN,BRA,0.028,2,True
2020-11-01,CHN,BRA,0.0169,2,True
2020-12-01,CHN,BRA,0.0177,2,True
2021-01-01,CHN,BRA,0.0216,2,True
2021-02-01,CHN,BRA,0.0435,2,True
2021-03-01,CHN,BRA,0.7627,3,False
2021-04-01,CHN,BRA,0.6145,3,False
2021-05-01,CHN,BRA,0.5953,1,False
2021-06-01,CHN,BRA,0.6889,1,False
2021-07-01,CHN,BRA,0.6577,1,False
2021-08-01,CHN,BRA,0.7678,1,False
2021-09-01,CHN,BRA,0.6327,1,False
2021-10-01,CHN,BRA,0.5949,1,False
2021-11-01,CHN,BRA,0.5904,1,False
2021-12-01,CHN,BRA,0.5673,1,False
2022-01-01,CHN,BRA,0.5019,1,False
2022-02-01,CHN,BRA,0.4535,1,False
2022-03-01,CHN,BRA,0.3003,1,False
2022-04-01,CHN,BRA,0.3163,1,False
2022-05-01,CHN,BRA,0.3869,1,False
2022-06-01,CHN,BRA,0.2783,1,False
2022-07-01,CHN,BRA,0.3302,1,False
2022-08-01,CHN,BRA,0.4118,1,False
2022-09-01,CHN,BRA,0.537,1,False
2022-10-01,CHN,BRA,0.2251,1,False
2022-11-01,CHN,BRA,0.4047,1,False
2022-12-01,CHN,BRA,0.4489,2,False
2023-01-01,CHN,BRA,0.4683,2,False
2023-02-01,CHN,BRA,0.2021,2,False
2023-03-01,CHN,BRA,0.2327,1,False
2023-04-01,CHN,BRA,0.2485,1,False
2023-05-01,CHN,BRA,0.3052,1,False
2023-06-01,CHN,BRA,0.4555,1,False
2023-07-01,CHN,BRA,0.5359,1,False
2023-08-01,CHN,BRA,0.6771,1,False
2023-09-01,CHN,BRA,0.6148,4,False
2023-10-01,CHN,BRA,0.5417,3,False
2023-11-01,CHN,BRA,0.3422,1,False
2023-12-01,CHN,BRA,0.0612,1,False
2024-01-01,CHN,BRA,0.0692,1,False
2024-02-01,CHN,BRA,0.148,1,False
2024-03-01,CHN,BRA,0.1984,1,False
2024-04-01,CHN,BRA,0.1391,2,False
2024-05-01,CHN,BRA,0.0732,1,False
2024-06-01,CHN,BRA,0.1486,2,False
2024-07-01,CHN,BRA,0.2574,2,False
2024-08-01,CHN,BRA,0.3706,2,False
2024-09-01,CHN,BRA,0.0884,4,False
2024-10-01,CHN,BRA,0.0999,4,False
2024-11-01,CHN,BRA,0.0767,3,False
2024-12-01,CHN,BRA,0.1224,4,False
2025-01-01,CHN,BRA,0.0682,3,False
2025-02-01,CHN,BRA,0.1417,1,False
2025-03-01,CHN,BRA,0.0474,4,True
2025-04-01,CHN,BRA,0.0599,4,False
2025-05-01,CHN,BRA,0.0699,4,False
2025-06-01,CHN,BRA,0.1012,4,False
2025-07-01,CHN,BRA,0.1161,4,False
2025-08-01,CHN,BRA,0.0772,4,False
2025-09-01,CHN,BRA,0.0419,3,True
2025-10-01,CHN,BRA,0.0657,3,False
2025-11-01,CHN,BRA,0.0859,3,False
2025-12-01,CHN,BRA,0.0651,3,False
2026-01-01,CHN,BRA,0.0732,3,False
2026-02-01,CHN,BRA,0.1514,3,False
2026-03-01,CHN,BRA,0.1644,3,False
2015-01-01,CHN,ZAF,0.4522,1,False
2015-02-01,CHN,ZAF,0.5053,1,False
2015-03-01,CHN,ZAF,0.8595,1,False
2015-04-01,CHN,ZAF,0.8098,1,False
2015-05-01,CHN,ZAF,0.7891,1,False
2015-06-01,CHN,ZAF,0.4669,1,False
2015-07-01,CHN,ZAF,0.5232,1,False
2015-08-01,CHN,ZAF,0.5245,1,False
2015-09-01,CHN,ZAF,0.5777,4,False
2015-10-01,CHN,ZAF,0.1886,1,False
2015-11-01,CHN,ZAF,0.0973,1,False
2015-12-01,CHN,ZAF,0.1225,1,False
2016-01-01,CHN,ZAF,0.0803,1,False
2016-02-01,CHN,ZAF,0.0599,1,False
2016-03-01,CHN,ZAF,0.0622,1,False
2016-04-01,CHN,ZAF,0.1377,1,False
2016-05-01,CHN,ZAF,0.1173,1,False
2016-06-01,CHN,ZAF,0.1486,1,False
2016-07-01,CHN,ZAF,0.1707,1,False
2016-08-01,CHN,ZAF,0.1341,4,False
2016-09-01,CHN,ZAF,0.0716,4,False
2016-10-01,CHN,ZAF,0.0939,1,False
2016-11-01,CHN,ZAF,0.0449,2,True
2016-12-01,CHN,ZAF,0.0139,1,True
2017-01-01,CHN,ZAF,0.0284,1,True
2017-02-01,CHN,ZAF,0.0711,1,False
2017-03-01,CHN,ZAF,0.0833,1,False
2017-04-01,CHN,ZAF,0.1102,1,False
2017-05-01,CHN,ZAF,0.1379,1,False
2017-06-01,CHN,ZAF,0.0749,1,False
2017-07-01,CHN,ZAF,0.0618,1,False
2017-08-01,CHN,ZAF,0.1018,1,False
2017-09-01,CHN,ZAF,0.0641,1,False
2017-10-01,CHN,ZAF,0.1119,1,False
2017-11-01,CHN,ZAF,0.1296,1,False
2017-12-01,CHN,ZAF,0.1791,1,False
2018-01-01,CHN,ZAF,0.2086,1,False
2018-02-01,CHN,ZAF,0.0889,4,False
2018-03-01,CHN,ZAF,0.0307,4,True
2018-04-01,CHN,ZAF,0.023,4,True
2018-05-01,CHN,ZAF,0.0272,3,True
2018-06-01,CHN,ZAF,0.0297,1,True
2018-07-01,CHN,ZAF,0.0368,1,True
2018-08-01,CHN,ZAF,0.1125,1,False
2018-09-01,CHN,ZAF,0.5347,1,False
2018-10-01,CHN,ZAF,0.6914,2,False
2018-11-01,CHN,ZAF,0.3607,1,False
2018-12-01,CHN,ZAF,0.6221,2,False
2019-01-01,CHN,ZAF,0.5827,2,False
2019-02-01,CHN,ZAF,0.3267,2,False
2019-03-01,CHN,ZAF,0.3218,2,False
2019-04-01,CHN,ZAF,0.3232,4,False
2019-05-01,CHN,ZAF,0.2275,4,False
2019-06-01,CHN,ZAF,0.0358,4,True
2019-07-01,CHN,ZAF,0.0316,4,True
2019-08-01,CHN,ZAF,0.0444,1,True
2019-09-01,CHN,ZAF,0.0248,2,True
2019-10-01,CHN,ZAF,0.0206,1,True
2019-11-01,CHN,ZAF,0.1296,1,False
2019-12-01,CHN,ZAF,0.1678,1,False
2020-01-01,CHN,ZAF,0.0928,2,False
2020-02-01,CHN,ZAF,0.0386,2,True
2020-03-01,CHN,ZAF,0.0712,2,False
2020-04-01,CHN,ZAF,0.0656,2,False
2020-05-01,CHN,ZAF,0.0519,2,False
2020-06-01,CHN,ZAF,0.0413,2,True
2020-07-01,CHN,ZAF,0.0509,2,False
2020-08-01,CHN,ZAF,0.1099,2,False
2020-09-01,CHN,ZAF,0.0928,2,False
2020-10-01,CHN,ZAF,0.1331,2,False
2020-11-01,CHN,ZAF,0.2044,1,False
2020-12-01,CHN,ZAF,0.2167,2,False
2021-01-01,CHN,ZAF,0.2026,1,False
2021-02-01,CHN,ZAF,0.1716,4,False
2021-03-01,CHN,ZAF,0.3035,4,False
2021-04-01,CHN,ZAF,0.2051,4,False
2021-05-01,CHN,ZAF,0.2202,1,False
2021-06-01,CHN,ZAF,0.1625,1,False
2021-07-01,CHN,ZAF,0.0738,1,False
2021-08-01,CHN,ZAF,0.0692,1,False
2021-09-01,CHN,ZAF,0.0669,1,False
2021-10-01,CHN,ZAF,0.1926,1,False
2021-11-01,CHN,ZAF,0.2463,1,False
2021-12-01,CHN,ZAF,0.1135,1,False
2022-01-01,CHN,ZAF,0.0443,1,True
2022-02-01,CHN,ZAF,0.0105,1,True
2022-03-01,CHN,ZAF,0.0056,1,True
2022-04-01,CHN,ZAF,0.0047,1,True
2022-05-01,CHN,ZAF,0.0182,1,True
2022-06-01,CHN,ZAF,0.0109,1,True
2022-07-01,CHN,ZAF,0.0047,1,True
2022-08-01,CHN,ZAF,0.0074,1,True
2022-09-01,CHN,ZAF,0.0115,1,True
2022-10-01,CHN,ZAF,0.0252,1,True
2022-11-01,CHN,ZAF,0.055,1,False
2022-12-01,CHN,ZAF,0.0413,1,True
2023-01-01,CHN,ZAF,0.0586,1,False
2023-02-01,CHN,ZAF,0.0476,1,True
2023-03-01,CHN,ZAF,0.0684,1,False
2023-04-01,CHN,ZAF,0.0729,1,False
2023-05-01,CHN,ZAF,0.052,4,False
2023-06-01,CHN,ZAF,0.0575,4,False
2023-07-01,CHN,ZAF,0.1338,4,False
2023-08-01,CHN,ZAF,0.0921,4,False
2023-09-01,CHN,ZAF,0.0358,4,True
2023-10-01,CHN,ZAF,0.0196,4,True
2023-11-01,CHN,ZAF,0.0067,4,True
2023-12-01,CHN,ZAF,0.0009,4,True
2024-01-01,CHN,ZAF,0.0004,4,True
2024-02-01,CHN,ZAF,0.0004,4,True
2024-03-01,CHN,ZAF,0.0002,4,True
2024-04-01,CHN,ZAF,0.0003,4,True
2024-05-01,CHN,ZAF,0.0004,4,True
2024-06-01,CHN,ZAF,0.0009,4,True
2024-07-01,CHN,ZAF,0.0006,4,True
2024-08-01,CHN,ZAF,0.0002,4,True
2024-09-01,CHN,ZAF,0.0,4,True
2024-10-01,CHN,ZAF,0.0,1,True
2024-11-01,CHN,ZAF,0.0,1,True
2024-12-01,CHN,ZAF,0.0,1,True
2025-01-01,CHN,ZAF,0.0001,1,True
2025-02-01,CHN,ZAF,0.0018,1,True
2025-03-01,CHN,ZAF,0.0072,1,True
2025-04-01,CHN,ZAF,0.009,1,True
2025-05-01,CHN,ZAF,0.016,4,True
2025-06-01,CHN,ZAF,0.0148,4,True
2025-07-01,CHN,ZAF,0.0304,4,True
2025-08-01,CHN,ZAF,0.038,1,True
2025-09-01,CHN,ZAF,0.0394,1,True
2025-10-01,CHN,ZAF,0.0503,4,False
2025-11-01,CHN,ZAF,0.0332,4,True
2025-12-01,CHN,ZAF,0.0156,2,True
2026-01-01,CHN,ZAF,0.0066,1,True
2026-02-01,CHN,ZAF,0.0068,1,True
2026-03-01,CHN,ZAF,0.0168,1,True
2015-01-01,CHN,MEX,0.5455,2,False
2015-02-01,CHN,MEX,0.5179,2,False
2015-03-01,CHN,MEX,0.2908,1,False
2015-04-01,CHN,MEX,0.0813,1,False
2015-05-01,CHN,MEX,0.1149,1,False
2015-06-01,CHN,MEX,0.0564,1,False
2015-07-01,CHN,MEX,0.0931,1,False
2015-08-01,CHN,MEX,0.0852,1,False
2015-09-01,CHN,MEX,0.0512,1,False
2015-10-01,CHN,MEX,0.0934,1,False
2015-11-01,CHN,MEX,0.0715,1,False
2015-12-01,CHN,MEX,0.0427,1,True
2016-01-01,CHN,MEX,0.0166,1,True
2016-02-01,CHN,MEX,0.0138,1,True
2016-03-01,CHN,MEX,0.0159,1,True
2016-04-01,CHN,MEX,0.017,1,True
2016-05-01,CHN,MEX,0.0211,1,True
2016-06-01,CHN,MEX,0.025,1,True
2016-07-01,CHN,MEX,0.0199,1,True
2016-08-01,CHN,MEX,0.0058,1,True
2016-09-01,CHN,MEX,0.0044,1,True
2016-10-01,CHN,MEX,0.0085,1,True
2016-11-01,CHN,MEX,0.0058,1,True
2016-12-01,CHN,MEX,0.0147,1,True
2017-01-01,CHN,MEX,0.0164,1,True
2017-02-01,CHN,MEX,0.0144,1,True
2017-03-01,CHN,MEX,0.0088,1,True
2017-04-01,CHN,MEX,0.0069,1,True
2017-05-01,CHN,MEX,0.0066,1,True
2017-06-01,CHN,MEX,0.0056,1,True
2017-07-01,CHN,MEX,0.0049,1,True
2017-08-01,CHN,MEX,0.0219,1,True
2017-09-01,CHN,MEX,0.0299,1,True
2017-10-01,CHN,MEX,0.0397,1,True
2017-11-01,CHN,MEX,0.0164,1,True
2017-12-01,CHN,MEX,0.0125,1,True
2018-01-01,CHN,MEX,0.0118,1,True
2018-02-01,CHN,MEX,0.0113,1,True
2018-03-01,CHN,MEX,0.0131,1,True
2018-04-01,CHN,MEX,0.0168,1,True
2018-05-01,CHN,MEX,0.0163,3,True
2018-06-01,CHN,MEX,0.0161,3,True
2018-07-01,CHN,MEX,0.0134,1,True
2018-08-01,CHN,MEX,0.0143,1,True
2018-09-01,CHN,MEX,0.0134,1,True
2018-10-01,CHN,MEX,0.0134,1,True
2018-11-01,CHN,MEX,0.0275,1,True
2018-12-01,CHN,MEX,0.0326,3,True
2019-01-01,CHN,MEX,0.081,2,False
2019-02-01,CHN,MEX,0.1609,2,False
2019-03-01,CHN,MEX,0.1821,2,False
2019-04-01,CHN,MEX,0.2102,2,False
2019-05-01,CHN,MEX,0.2269,2,False
2019-06-01,CHN,MEX,0.1887,2,False
2019-07-01,CHN,MEX,0.0828,2,False
2019-08-01,CHN,MEX,0.0768,1,False
2019-09-01,CHN,MEX,0.034,4,True
2019-10-01,CHN,MEX,0.0089,3,True
2019-11-01,CHN,MEX,0.0019,2,True
2019-12-01,CHN,MEX,0.0003,1,True
2020-01-01,CHN,MEX,0.0001,1,True
2020-02-01,CHN,MEX,0.001,1,True
2020-03-01,CHN,MEX,0.0003,2,True
2020-04-01,CHN,MEX,0.0001,1,True
2020-05-01,CHN,MEX,0.0095,1,True
2020-06-01,CHN,MEX,0.0135,1,True
2020-07-01,CHN,MEX,0.0281,1,True
2020-08-01,CHN,MEX,0.0407,1,True
2020-09-01,CHN,MEX,0.0938,1,False
2020-10-01,CHN,MEX,0.0857,1,False
2020-11-01,CHN,MEX,0.1164,1,False
2020-12-01,CHN,MEX,0.1049,1,False
2021-01-01,CHN,MEX,0.1193,1,False
2021-02-01,CHN,MEX,0.3127,1,False
2021-03-01,CHN,MEX,0.4926,1,False
2021-04-01,CHN,MEX,0.4761,1,False
2021-05-01,CHN,MEX,0.3968,1,False
2021-06-01,CHN,MEX,0.1675,1,False
2021-07-01,CHN,MEX,0.0622,1,False
2021-08-01,CHN,MEX,0.0137,1,True
2021-09-01,CHN,MEX,0.0386,1,True
2021-10-01,CHN,MEX,0.0511,1,False
2021-11-01,CHN,MEX,0.0308,1,True
2021-12-01,CHN,MEX,0.0797,1,False
2022-01-01,CHN,MEX,0.079,1,False
2022-02-01,CHN,MEX,0.1705,1,False
2022-03-01,CHN,MEX,0.4939,2,False
2022-04-01,CHN,MEX,0.3722,1,False
2022-05-01,CHN,MEX,0.4175,1,False
2022-06-01,CHN,MEX,0.4685,1,False
2022-07-01,CHN,MEX,0.5326,1,False
2022-08-01,CHN,MEX,0.7568,1,False
2022-09-01,CHN,MEX,0.7643,1,False
2022-10-01,CHN,MEX,0.4183,1,False
2022-11-01,CHN,MEX,0.3238,1,False
2022-12-01,CHN,MEX,0.4197,1,False
2023-01-01,CHN,MEX,0.4424,1,False
2023-02-01,CHN,MEX,0.2218,1,False
2023-03-01,CHN,MEX,0.2589,1,False
2023-04-01,CHN,MEX,0.3293,1,False
2023-05-01,CHN,MEX,0.3505,4,False
2023-06-01,CHN,MEX,0.2654,4,False
2023-07-01,CHN,MEX,0.4807,4,False
2023-08-01,CHN,MEX,0.3951,4,False
2023-09-01,CHN,MEX,0.3317,4,False
2023-10-01,CHN,MEX,0.4906,4,False
2023-11-01,CHN,MEX,0.2655,4,False
2023-12-01,CHN,MEX,0.0561,4,False
2024-01-01,CHN,MEX,0.0391,4,True
2024-02-01,CHN,MEX,0.0281,4,True
2024-03-01,CHN,MEX,0.0274,1,True
2024-04-01,CHN,MEX,0.0034,1,True
2024-05-01,CHN,MEX,0.0022,1,True
2024-06-01,CHN,MEX,0.0054,1,True
2024-07-01,CHN,MEX,0.0103,1,True
2024-08-01,CHN,MEX,0.0054,1,True
2024-09-01,CHN,MEX,0.0041,1,True
2024-10-01,CHN,MEX,0.0051,1,True
2024-11-01,CHN,MEX,0.0075,1,True
2024-12-01,CHN,MEX,0.1355,1,False
2025-01-01,CHN,MEX,0.1276,1,False
2025-02-01,CHN,MEX,0.4133,1,False
2025-03-01,CHN,MEX,0.5621,4,False
2025-04-01,CHN,MEX,0.4968,1,False
2025-05-01,CHN,MEX,0.5761,1,False
2025-06-01,CHN,MEX,0.6009,2,False
2025-07-01,CHN,MEX,0.594,1,False
2025-08-01,CHN,MEX,0.597,1,False
2025-09-01,CHN,MEX,0.5661,1,False
2025-10-01,CHN,MEX,0.5571,1,False
2025-11-01,CHN,MEX,0.5619,1,False
2025-12-01,CHN,MEX,0.6897,3,False
2026-01-01,CHN,MEX,0.5733,1,False
2026-02-01,CHN,MEX,0.4484,1,False
2026-03-01,CHN,MEX,0.61,1,False
2015-01-01,CHN,SGP,0.0172,2,True
2015-02-01,CHN,SGP,0.0189,4,True
2015-03-01,CHN,SGP,0.004,3,True
2015-04-01,CHN,SGP,0.0139,2,True
2015-05-01,CHN,SGP,0.0783,2,False
2015-06-01,CHN,SGP,0.2362,3,False
2015-07-01,CHN,SGP,0.2325,3,False
2015-08-01,CHN,SGP,0.231,3,False
2015-09-01,CHN,SGP,0.2176,1,False
2015-10-01,CHN,SGP,0.1908,1,False
2015-11-01,CHN,SGP,0.1727,2,False
2015-12-01,CHN,SGP,0.106,1,False
2016-01-01,CHN,SGP,0.1285,1,False
2016-02-01,CHN,SGP,0.1142,1,False
2016-03-01,CHN,SGP,0.1119,1,False
2016-04-01,CHN,SGP,0.0833,1,False
2016-05-01,CHN,SGP,0.1639,1,False
2016-06-01,CHN,SGP,0.1996,1,False
2016-07-01,CHN,SGP,0.2427,1,False
2016-08-01,CHN,SGP,0.228,2,False
2016-09-01,CHN,SGP,0.0564,1,False
2016-10-01,CHN,SGP,0.0841,1,False
2016-11-01,CHN,SGP,0.2045,1,False
2016-12-01,CHN,SGP,0.1504,1,False
2017-01-01,CHN,SGP,0.1518,1,False
2017-02-01,CHN,SGP,0.0885,1,False
2017-03-01,CHN,SGP,0.1868,1,False
2017-04-01,CHN,SGP,0.3865,4,False
2017-05-01,CHN,SGP,0.1319,1,False
2017-06-01,CHN,SGP,0.1984,1,False
2017-07-01,CHN,SGP,0.1474,1,False
2017-08-01,CHN,SGP,0.124,1,False
2017-09-01,CHN,SGP,0.2344,1,False
2017-10-01,CHN,SGP,0.1365,1,False
2017-11-01,CHN,SGP,0.1341,1,False
2017-12-01,CHN,SGP,0.3639,1,False
2018-01-01,CHN,SGP,0.4804,4,False
2018-02-01,CHN,SGP,0.3829,1,False
2018-03-01,CHN,SGP,0.3429,1,False
2018-04-01,CHN,SGP,0.3373,1,False
2018-05-01,CHN,SGP,0.2683,1,False
2018-06-01,CHN,SGP,0.1227,1,False
2018-07-01,CHN,SGP,0.1043,1,False
2018-08-01,CHN,SGP,0.1261,1,False
2018-09-01,CHN,SGP,0.1023,1,False
2018-10-01,CHN,SGP,0.0895,1,False
2018-11-01,CHN,SGP,0.0117,1,True
2018-12-01,CHN,SGP,0.0242,1,True
2019-01-01,CHN,SGP,0.0656,1,False
2019-02-01,CHN,SGP,0.0754,1,False
2019-03-01,CHN,SGP,0.1759,1,False
2019-04-01,CHN,SGP,0.0705,1,False
2019-05-01,CHN,SGP,0.2894,1,False
2019-06-01,CHN,SGP,0.3017,1,False
2019-07-01,CHN,SGP,0.1671,2,False
2019-08-01,CHN,SGP,0.0553,1,False
2019-09-01,CHN,SGP,0.1175,1,False
2019-10-01,CHN,SGP,0.1117,1,False
2019-11-01,CHN,SGP,0.1155,1,False
2019-12-01,CHN,SGP,0.107,1,False
2020-01-01,CHN,SGP,0.1076,1,False
2020-02-01,CHN,SGP,0.2145,1,False
2020-03-01,CHN,SGP,0.2143,1,False
2020-04-01,CHN,SGP,0.2358,1,False
2020-05-01,CHN,SGP,0.2631,1,False
2020-06-01,CHN,SGP,0.195,1,False
2020-07-01,CHN,SGP,0.2034,1,False
2020-08-01,CHN,SGP,0.2888,1,False
2020-09-01,CHN,SGP,0.1743,1,False
2020-10-01,CHN,SGP,0.1895,1,False
2020-11-01,CHN,SGP,0.2567,1,False
2020-12-01,CHN,SGP,0.2518,2,False
2021-01-01,CHN,SGP,0.2657,2,False
2021-02-01,CHN,SGP,0.2556,2,False
2021-03-01,CHN,SGP,0.0714,3,False
2021-04-01,CHN,SGP,0.0255,2,True
2021-05-01,CHN,SGP,0.0223,2,True
2021-06-01,CHN,SGP,0.0386,2,True
2021-07-01,CHN,SGP,0.0486,2,True
2021-08-01,CHN,SGP,0.024,3,True
2021-09-01,CHN,SGP,0.0053,2,True
2021-10-01,CHN,SGP,0.0285,2,True
2021-11-01,CHN,SGP,0.0255,3,True
2021-12-01,CHN,SGP,0.0291,2,True
2022-01-01,CHN,SGP,0.0372,4,True
2022-02-01,CHN,SGP,0.0198,4,True
2022-03-01,CHN,SGP,0.0145,4,True
2022-04-01,CHN,SGP,0.0936,4,False
2022-05-01,CHN,SGP,0.059,4,False
2022-06-01,CHN,SGP,0.0831,4,False
2022-07-01,CHN,SGP,0.0796,4,False
2022-08-01,CHN,SGP,0.0719,4,False
2022-09-01,CHN,SGP,0.0869,3,False
2022-10-01,CHN,SGP,0.0883,3,False
2022-11-01,CHN,SGP,0.0801,3,False
2022-12-01,CHN,SGP,0.1202,3,False
2023-01-01,CHN,SGP,0.1208,3,False
2023-02-01,CHN,SGP,0.0977,3,False
2023-03-01,CHN,SGP,0.1098,3,False
2023-04-01,CHN,SGP,0.1263,3,False
2023-05-01,CHN,SGP,0.1467,3,False
2023-06-01,CHN,SGP,0.2992,3,False
2023-07-01,CHN,SGP,0.3737,3,False
2023-08-01,CHN,SGP,0.3606,4,False
2023-09-01,CHN,SGP,0.2515,4,False
2023-10-01,CHN,SGP,0.1922,4,False
2023-11-01,CHN,SGP,0.1867,4,False
2023-12-01,CHN,SGP,0.182,4,False
2024-01-01,CHN,SGP,0.1338,4,False
2024-02-01,CHN,SGP,0.1982,1,False
2024-03-01,CHN,SGP,0.0911,1,False
2024-04-01,CHN,SGP,0.0345,1,True
2024-05-01,CHN,SGP,0.0082,1,True
2024-06-01,CHN,SGP,0.0031,1,True
2024-07-01,CHN,SGP,0.0014,1,True
2024-08-01,CHN,SGP,0.0003,1,True
2024-09-01,CHN,SGP,0.0002,1,True
2024-10-01,CHN,SGP,0.0001,1,True
2024-11-01,CHN,SGP,0.0001,1,True
2024-12-01,CHN,SGP,0.0001,1,True
2025-01-01,CHN,SGP,0.0,1,True
2025-02-01,CHN,SGP,0.0007,1,True
2025-03-01,CHN,SGP,0.0014,1,True
2025-04-01,CHN,SGP,0.003,1,True
2025-05-01,CHN,SGP,0.007,1,True
2025-06-01,CHN,SGP,0.0117,1,True
2025-07-01,CHN,SGP,0.0192,1,True
2025-08-01,CHN,SGP,0.0301,1,True
2025-09-01,CHN,SGP,0.0371,1,True
2025-10-01,CHN,SGP,0.0328,1,True
2025-11-01,CHN,SGP,0.127,1,False
2025-12-01,CHN,SGP,0.1343,1,False
2026-01-01,CHN,SGP,0.193,1,False
2026-02-01,CHN,SGP,0.3976,1,False
2026-03-01,CHN,SGP,0.6151,1,False
2015-01-01,CHN,KOR,0.3647,2,False
2015-02-01,CHN,KOR,0.1953,3,False
2015-03-01,CHN,KOR,0.0849,2,False
2015-04-01,CHN,KOR,0.0343,1,True
2015-05-01,CHN,KOR,0.0664,1,False
2015-06-01,CHN,KOR,0.145,1,False
2015-07-01,CHN,KOR,0.4371,1,False
2015-08-01,CHN,KOR,0.5003,2,False
2015-09-01,CHN,KOR,0.115,4,False
2015-10-01,CHN,KOR,0.008,4,True
2015-11-01,CHN,KOR,0.0149,3,True
2015-12-01,CHN,KOR,0.0011,2,True
2016-01-01,CHN,KOR,0.0008,2,True
2016-02-01,CHN,KOR,0.0006,2,True
2016-03-01,CHN,KOR,0.0002,2,True
2016-04-01,CHN,KOR,0.0015,2,True
2016-05-01,CHN,KOR,0.004,2,True
2016-06-01,CHN,KOR,0.0043,2,True
2016-07-01,CHN,KOR,0.005,2,True
2016-08-01,CHN,KOR,0.002,2,True
2016-09-01,CHN,KOR,0.0033,2,True
2016-10-01,CHN,KOR,0.0031,3,True
2016-11-01,CHN,KOR,0.0188,3,True
2016-12-01,CHN,KOR,0.0091,2,True
2017-01-01,CHN,KOR,0.0126,2,True
2017-02-01,CHN,KOR,0.0049,2,True
2017-03-01,CHN,KOR,0.0022,2,True
2017-04-01,CHN,KOR,0.0007,2,True
2017-05-01,CHN,KOR,0.0007,2,True
2017-06-01,CHN,KOR,0.0005,2,True
2017-07-01,CHN,KOR,0.0005,2,True
2017-08-01,CHN,KOR,0.0005,2,True
2017-09-01,CHN,KOR,0.0005,2,True
2017-10-01,CHN,KOR,0.0017,2,True
2017-11-01,CHN,KOR,0.0011,2,True
2017-12-01,CHN,KOR,0.001,2,True
2018-01-01,CHN,KOR,0.0034,2,True
2018-02-01,CHN,KOR,0.0076,2,True
2018-03-01,CHN,KOR,0.012,2,True
2018-04-01,CHN,KOR,0.0158,2,True
2018-05-01,CHN,KOR,0.0285,2,True
2018-06-01,CHN,KOR,0.012,2,True
2018-07-01,CHN,KOR,0.0136,4,True
2018-08-01,CHN,KOR,0.0173,2,True
2018-09-01,CHN,KOR,0.0307,1,True
2018-10-01,CHN,KOR,0.0249,1,True
2018-11-01,CHN,KOR,0.0509,1,False
2018-12-01,CHN,KOR,0.0232,1,True
2019-01-01,CHN,KOR,0.0808,1,False
2019-02-01,CHN,KOR,0.2033,1,False
2019-03-01,CHN,KOR,0.6999,2,False
2019-04-01,CHN,KOR,0.4008,1,False
2019-05-01,CHN,KOR,0.3998,2,False
2019-06-01,CHN,KOR,0.3064,2,False
2019-07-01,CHN,KOR,0.0685,4,False
2019-08-01,CHN,KOR,0.0139,3,True
2019-09-01,CHN,KOR,0.0078,3,True
2019-10-01,CHN,KOR,0.0105,3,True
2019-11-01,CHN,KOR,0.0077,2,True
2019-12-01,CHN,KOR,0.0066,3,True
2020-01-01,CHN,KOR,0.0131,2,True
2020-02-01,CHN,KOR,0.0091,1,True
2020-03-01,CHN,KOR,0.0192,3,True
2020-04-01,CHN,KOR,0.0389,3,True
2020-05-01,CHN,KOR,0.1585,3,False
2020-06-01,CHN,KOR,0.342,3,False
2020-07-01,CHN,KOR,0.171,3,False
2020-08-01,CHN,KOR,0.2328,3,False
2020-09-01,CHN,KOR,0.1958,3,False
2020-10-01,CHN,KOR,0.0691,2,False
2020-11-01,CHN,KOR,0.103,2,False
2020-12-01,CHN,KOR,0.0831,2,False
2021-01-01,CHN,KOR,0.0903,2,False
2021-02-01,CHN,KOR,0.081,2,False
2021-03-01,CHN,KOR,0.478,2,False
2021-04-01,CHN,KOR,0.4758,1,False
2021-05-01,CHN,KOR,0.6024,1,False
2021-06-01,CHN,KOR,0.395,1,False
2021-07-01,CHN,KOR,0.1888,1,False
2021-08-01,CHN,KOR,0.1498,1,False
2021-09-01,CHN,KOR,0.1842,1,False
2021-10-01,CHN,KOR,0.2776,1,False
2021-11-01,CHN,KOR,0.1792,1,False
2021-12-01,CHN,KOR,0.1414,1,False
2022-01-01,CHN,KOR,0.2149,1,False
2022-02-01,CHN,KOR,0.2403,1,False
2022-03-01,CHN,KOR,0.3614,1,False
2022-04-01,CHN,KOR,0.4061,1,False
2022-05-01,CHN,KOR,0.5225,1,False
2022-06-01,CHN,KOR,0.6635,2,False
2022-07-01,CHN,KOR,0.6677,2,False
2022-08-01,CHN,KOR,0.4257,2,False
2022-09-01,CHN,KOR,0.4962,2,False
2022-10-01,CHN,KOR,0.5319,2,False
2022-11-01,CHN,KOR,0.5543,2,False
2022-12-01,CHN,KOR,0.5035,2,False
2023-01-01,CHN,KOR,0.3837,4,False
2023-02-01,CHN,KOR,0.4919,4,False
2023-03-01,CHN,KOR,0.2298,3,False
2023-04-01,CHN,KOR,0.23,3,False
2023-05-01,CHN,KOR,0.2454,2,False
2023-06-01,CHN,KOR,0.3524,4,False
2023-07-01,CHN,KOR,0.4087,4,False
2023-08-01,CHN,KOR,0.2983,3,False
2023-09-01,CHN,KOR,0.1282,4,False
2023-10-01,CHN,KOR,0.002,4,True
2023-11-01,CHN,KOR,0.0104,4,True
2023-12-01,CHN,KOR,0.0073,2,True
2024-01-01,CHN,KOR,0.0103,2,True
2024-02-01,CHN,KOR,0.0105,2,True
2024-03-01,CHN,KOR,0.024,2,True
2024-04-01,CHN,KOR,0.0451,2,True
2024-05-01,CHN,KOR,0.073,2,False
2024-06-01,CHN,KOR,0.0365,1,True
2024-07-01,CHN,KOR,0.0064,1,True
2024-08-01,CHN,KOR,0.0062,1,True
2024-09-01,CHN,KOR,0.0017,1,True
2024-10-01,CHN,KOR,0.0007,1,True
2024-11-01,CHN,KOR,0.0011,1,True
2024-12-01,CHN,KOR,0.0016,1,True
2025-01-01,CHN,KOR,0.0045,1,True
2025-02-01,CHN,KOR,0.0149,1,True
2025-03-01,CHN,KOR,0.0452,1,True
2025-04-01,CHN,KOR,0.0812,1,False
2025-05-01,CHN,KOR,0.1553,1,False
2025-06-01,CHN,KOR,0.1593,1,False
2025-07-01,CHN,KOR,0.1365,1,False
2025-08-01,CHN,KOR,0.238,1,False
2025-09-01,CHN,KOR,0.2656,1,False
2025-10-01,CHN,KOR,0.3751,1,False
2025-11-01,CHN,KOR,0.4586,1,False
2025-12-01,CHN,KOR,0.4642,1,False
2026-01-01,CHN,KOR,0.7673,2,False
2026-02-01,CHN,KOR,0.3534,1,False
2026-03-01,CHN,KOR,0.3433,1,False
2015-01-01,CHN,GBR,0.9155,1,False
2015-02-01,CHN,GBR,0.3499,1,False
2015-03-01,CHN,GBR,0.0723,1,False
2015-04-01,CHN,GBR,0.0335,1,True
2015-05-01,CHN,GBR,0.0902,1,False
2015-06-01,CHN,GBR,0.1034,1,False
2015-07-01,CHN,GBR,0.1032,1,False
2015-08-01,CHN,GBR,0.1285,1,False
2015-09-01,CHN,GBR,0.1357,1,False
2015-10-01,CHN,GBR,0.1312,1,False
2015-11-01,CHN,GBR,0.208,1,False
2015-12-01,CHN,GBR,0.3447,1,False
2016-01-01,CHN,GBR,0.1598,1,False
2016-02-01,CHN,GBR,0.4445,4,False
2016-03-01,CHN,GBR,0.2371,3,False
2016-04-01,CHN,GBR,0.2114,3,False
2016-05-01,CHN,GBR,0.2119,3,False
2016-06-01,CHN,GBR,0.291,1,False
2016-07-01,CHN,GBR,0.2862,1,False
2016-08-01,CHN,GBR,0.3363,1,False
2016-09-01,CHN,GBR,0.2773,1,False
2016-10-01,CHN,GBR,0.2217,1,False
2016-11-01,CHN,GBR,0.2242,1,False
2016-12-01,CHN,GBR,0.1908,1,False
2017-01-01,CHN,GBR,0.0938,1,False
2017-02-01,CHN,GBR,0.0337,1,True
2017-03-01,CHN,GBR,0.0259,1,True
2017-04-01,CHN,GBR,0.0226,1,True
2017-05-01,CHN,GBR,0.0144,1,True
2017-06-01,CHN,GBR,0.0204,1,True
2017-07-01,CHN,GBR,0.0756,1,False
2017-08-01,CHN,GBR,0.1252,1,False
2017-09-01,CHN,GBR,0.1096,1,False
2017-10-01,CHN,GBR,0.0699,4,False
2017-11-01,CHN,GBR,0.0511,4,False
2017-12-01,CHN,GBR,0.0863,2,False
2018-01-01,CHN,GBR,0.0177,1,True
2018-02-01,CHN,GBR,0.0129,1,True
2018-03-01,CHN,GBR,0.0091,1,True
2018-04-01,CHN,GBR,0.0097,1,True
2018-05-01,CHN,GBR,0.0172,1,True
2018-06-01,CHN,GBR,0.0167,2,True
2018-07-01,CHN,GBR,0.046,1,True
2018-08-01,CHN,GBR,0.0139,1,True
2018-09-01,CHN,GBR,0.0145,1,True
2018-10-01,CHN,GBR,0.0084,1,True
2018-11-01,CHN,GBR,0.0086,1,True
2018-12-01,CHN,GBR,0.0077,2,True
2019-01-01,CHN,GBR,0.0237,1,True
2019-02-01,CHN,GBR,0.0364,1,True
2019-03-01,CHN,GBR,0.0191,1,True
2019-04-01,CHN,GBR,0.057,1,False
2019-05-01,CHN,GBR,0.1068,2,False
2019-06-01,CHN,GBR,0.1046,2,False
2019-07-01,CHN,GBR,0.1671,2,False
2019-08-01,CHN,GBR,0.1762,2,False
2019-09-01,CHN,GBR,0.2722,2,False
2019-10-01,CHN,GBR,0.1954,2,False
2019-11-01,CHN,GBR,0.1613,2,False
2019-12-01,CHN,GBR,0.1748,2,False
2020-01-01,CHN,GBR,0.3065,3,False
2020-02-01,CHN,GBR,0.0795,2,False
2020-03-01,CHN,GBR,0.0696,3,False
2020-04-01,CHN,GBR,0.0431,2,True
2020-05-01,CHN,GBR,0.0536,2,False
2020-06-01,CHN,GBR,0.0865,2,False
2020-07-01,CHN,GBR,0.2376,2,False
2020-08-01,CHN,GBR,0.2186,2,False
2020-09-01,CHN,GBR,0.1972,3,False
2020-10-01,CHN,GBR,0.2381,2,False
2020-11-01,CHN,GBR,0.3226,2,False
2020-12-01,CHN,GBR,0.3566,2,False
2021-01-01,CHN,GBR,0.3334,2,False
2021-02-01,CHN,GBR,0.3385,2,False
2021-03-01,CHN,GBR,0.2865,4,False
2021-04-01,CHN,GBR,0.3426,4,False
2021-05-01,CHN,GBR,0.4546,4,False
2021-06-01,CHN,GBR,0.3937,4,False
2021-07-01,CHN,GBR,0.3846,4,False
2021-08-01,CHN,GBR,0.4968,1,False
2021-09-01,CHN,GBR,0.2347,1,False
2021-10-01,CHN,GBR,0.3911,1,False
2021-11-01,CHN,GBR,0.3851,1,False
2021-12-01,CHN,GBR,0.1394,1,False
2022-01-01,CHN,GBR,0.2655,1,False
2022-02-01,CHN,GBR,0.0523,1,False
2022-03-01,CHN,GBR,0.0426,1,True
2022-04-01,CHN,GBR,0.1018,1,False
2022-05-01,CHN,GBR,0.1126,1,False
2022-06-01,CHN,GBR,0.0882,1,False
2022-07-01,CHN,GBR,0.0989,1,False
2022-08-01,CHN,GBR,0.0587,1,False
2022-09-01,CHN,GBR,0.0636,1,False
2022-10-01,CHN,GBR,0.0815,1,False
2022-11-01,CHN,GBR,0.0748,1,False
2022-12-01,CHN,GBR,0.0807,1,False
2023-01-01,CHN,GBR,0.1203,1,False
2023-02-01,CHN,GBR,0.1005,1,False
2023-03-01,CHN,GBR,0.0875,4,False
2023-04-01,CHN,GBR,0.0781,4,False
2023-05-01,CHN,GBR,0.1112,4,False
2023-06-01,CHN,GBR,0.0992,4,False
2023-07-01,CHN,GBR,0.0744,3,False
2023-08-01,CHN,GBR,0.0249,4,True
2023-09-01,CHN,GBR,0.007,4,True
2023-10-01,CHN,GBR,0.0039,4,True
2023-11-01,CHN,GBR,0.005,4,True
2023-12-01,CHN,GBR,0.0092,4,True
2024-01-01,CHN,GBR,0.0049,4,True
2024-02-01,CHN,GBR,0.0033,4,True
2024-03-01,CHN,GBR,0.0077,4,True
2024-04-01,CHN,GBR,0.0028,1,True
2024-05-01,CHN,GBR,0.0006,1,True
2024-06-01,CHN,GBR,0.0001,1,True
2024-07-01,CHN,GBR,0.0,1,True
2024-08-01,CHN,GBR,0.0,1,True
2024-09-01,CHN,GBR,0.0,1,True
2024-10-01,CHN,GBR,0.0,1,True
2024-11-01,CHN,GBR,0.0,1,True
2024-12-01,CHN,GBR,0.0,1,True
2025-01-01,CHN,GBR,0.0,1,True
2025-02-01,CHN,GBR,0.0,1,True
2025-03-01,CHN,GBR,0.0,1,True
2025-04-01,CHN,GBR,0.0001,1,True
2025-05-01,CHN,GBR,0.0004,1,True
2025-06-01,CHN,GBR,0.0012,1,True
2025-07-01,CHN,GBR,0.0019,1,True
2025-08-01,CHN,GBR,0.0029,1,True
2025-09-01,CHN,GBR,0.0136,1,True
2025-10-01,CHN,GBR,0.0405,1,True
2025-11-01,CHN,GBR,0.0431,1,True
2025-12-01,CHN,GBR,0.0669,3,False
2026-01-01,CHN,GBR,0.1531,3,False
2026-02-01,CHN,GBR,0.0886,1,False
2026-03-01,CHN,GBR,0.0989,3,False
2015-01-01,CHN,USA,0.5018,1,False
2015-02-01,CHN,USA,0.7866,1,False
2015-03-01,CHN,USA,0.3302,1,False
2015-04-01,CHN,USA,0.2699,1,False
2015-05-01,CHN,USA,0.064,1,False
2015-06-01,CHN,USA,0.0135,1,True
2015-07-01,CHN,USA,0.0073,1,True
2015-08-01,CHN,USA,0.01,1,True
2015-09-01,CHN,USA,0.0057,1,True
2015-10-01,CHN,USA,0.003,1,True
2015-11-01,CHN,USA,0.0026,1,True
2015-12-01,CHN,USA,0.0026,1,True
2016-01-01,CHN,USA,0.0035,1,True
2016-02-01,CHN,USA,0.0012,1,True
2016-03-01,CHN,USA,0.0014,1,True
2016-04-01,CHN,USA,0.0015,1,True
2016-05-01,CHN,USA,0.0018,1,True
2016-06-01,CHN,USA,0.0019,1,True
2016-07-01,CHN,USA,0.0024,1,True
2016-08-01,CHN,USA,0.0029,1,True
2016-09-01,CHN,USA,0.0027,1,True
2016-10-01,CHN,USA,0.003,1,True
2016-11-01,CHN,USA,0.0022,1,True
2016-12-01,CHN,USA,0.0006,1,True
2017-01-01,CHN,USA,0.0012,1,True
2017-02-01,CHN,USA,0.001,1,True
2017-03-01,CHN,USA,0.0008,2,True
2017-04-01,CHN,USA,0.0002,1,True
2017-05-01,CHN,USA,0.0002,1,True
2017-06-01,CHN,USA,0.0,1,True
2017-07-01,CHN,USA,0.001,1,True
2017-08-01,CHN,USA,0.0011,1,True
2017-09-01,CHN,USA,0.0074,1,True
2017-10-01,CHN,USA,0.001,1,True
2017-11-01,CHN,USA,0.0003,1,True
2017-12-01,CHN,USA,0.0003,1,True
2018-01-01,CHN,USA,0.0006,1,True
2018-02-01,CHN,USA,0.0004,1,True
2018-03-01,CHN,USA,0.0017,1,True
2018-04-01,CHN,USA,0.0165,1,True
2018-05-01,CHN,USA,0.0545,1,False
2018-06-01,CHN,USA,0.0595,1,False
2018-07-01,CHN,USA,0.174,1,False
2018-08-01,CHN,USA,0.1478,1,False
2018-09-01,CHN,USA,0.1341,1,False
2018-10-01,CHN,USA,0.1444,1,False
2018-11-01,CHN,USA,0.226,1,False
2018-12-01,CHN,USA,0.2084,1,False
2019-01-01,CHN,USA,0.6292,3,False
2019-02-01,CHN,USA,0.6939,3,False
2019-03-01,CHN,USA,0.5033,1,False
2019-04-01,CHN,USA,0.1542,1,False
2019-05-01,CHN,USA,0.478,1,False
2019-06-01,CHN,USA,0.1555,1,False
2019-07-01,CHN,USA,0.3128,1,False
2019-08-01,CHN,USA,0.387,1,False
2019-09-01,CHN,USA,0.472,1,False
2019-10-01,CHN,USA,0.5286,1,False
2019-11-01,CHN,USA,0.3295,1,False
2019-12-01,CHN,USA,0.606,1,False
2020-01-01,CHN,USA,0.6189,2,False
2020-02-01,CHN,USA,0.5736,1,False
2020-03-01,CHN,USA,0.4758,1,False
2020-04-01,CHN,USA,0.3912,1,False
2020-05-01,CHN,USA,0.362,1,False
2020-06-01,CHN,USA,0.4587,1,False
2020-07-01,CHN,USA,0.3678,1,False
2020-08-01,CHN,USA,0.5735,4,False
2020-09-01,CHN,USA,0.2867,4,False
2020-10-01,CHN,USA,0.2078,4,False
2020-11-01,CHN,USA,0.2414,1,False
2020-12-01,CHN,USA,0.1141,1,False
2021-01-01,CHN,USA,0.1663,1,False
2021-02-01,CHN,USA,0.4582,1,False
2021-03-01,CHN,USA,0.554,1,False
2021-04-01,CHN,USA,0.5569,1,False
2021-05-01,CHN,USA,0.624,1,False
2021-06-01,CHN,USA,0.7078,4,False
2021-07-01,CHN,USA,0.4394,1,False
2021-08-01,CHN,USA,0.2286,1,False
2021-09-01,CHN,USA,0.1587,1,False
2021-10-01,CHN,USA,0.0456,1,True
2021-11-01,CHN,USA,0.0359,1,True
2021-12-01,CHN,USA,0.04,1,True
2022-01-01,CHN,USA,0.0513,1,False
2022-02-01,CHN,USA,0.0462,1,True
2022-03-01,CHN,USA,0.1014,1,False
2022-04-01,CHN,USA,0.1524,1,False
2022-05-01,CHN,USA,0.21,1,False
2022-06-01,CHN,USA,0.112,1,False
2022-07-01,CHN,USA,0.1029,1,False
2022-08-01,CHN,USA,0.0927,1,False
2022-09-01,CHN,USA,0.0934,1,False
2022-10-01,CHN,USA,0.1185,1,False
2022-11-01,CHN,USA,0.0522,1,False
2022-12-01,CHN,USA,0.0367,1,True
2023-01-01,CHN,USA,0.0385,1,True
2023-02-01,CHN,USA,0.0342,1,True
2023-03-01,CHN,USA,0.0341,1,True
2023-04-01,CHN,USA,0.0491,1,True
2023-05-01,CHN,USA,0.0704,1,False
2023-06-01,CHN,USA,0.0781,1,False
2023-07-01,CHN,USA,0.1032,1,False
2023-08-01,CHN,USA,0.1567,1,False
2023-09-01,CHN,USA,0.1767,4,False
2023-10-01,CHN,USA,0.1477,2,False
2023-11-01,CHN,USA,0.1283,2,False
2023-12-01,CHN,USA,0.1468,2,False
2024-01-01,CHN,USA,0.169,2,False
2024-02-01,CHN,USA,0.1734,2,False
2024-03-01,CHN,USA,0.0872,2,False
2024-04-01,CHN,USA,0.0031,1,True
2024-05-01,CHN,USA,0.0029,1,True
2024-06-01,CHN,USA,0.0009,1,True
2024-07-01,CHN,USA,0.0005,1,True
2024-08-01,CHN,USA,0.0002,1,True
2024-09-01,CHN,USA,0.0004,1,True
2024-10-01,CHN,USA,0.0003,1,True
2024-11-01,CHN,USA,0.0002,1,True
2024-12-01,CHN,USA,0.0004,1,True
2025-01-01,CHN,USA,0.0067,1,True
2025-02-01,CHN,USA,0.0263,1,True
2025-03-01,CHN,USA,0.0993,3,False
2025-04-01,CHN,USA,0.0604,3,False
2025-05-01,CHN,USA,0.0549,3,False
2025-06-01,CHN,USA,0.1447,3,False
2025-07-01,CHN,USA,0.148,3,False
2025-08-01,CHN,USA,0.1328,4,False
2025-09-01,CHN,USA,0.0555,3,False
2025-10-01,CHN,USA,0.2778,3,False
2025-11-01,CHN,USA,0.2839,3,False
2025-12-01,CHN,USA,0.3749,3,False
2026-01-01,CHN,USA,0.5534,3,False
2026-02-01,CHN,USA,0.4192,3,False
2026-03-01,CHN,USA,0.4832,3,False
2015-01-01,CHN,DEU,0.1523,4,False
2015-02-01,CHN,DEU,0.0092,4,True
2015-03-01,CHN,DEU,0.034,4,True
2015-04-01,CHN,DEU,0.1506,4,False
2015-05-01,CHN,DEU,0.0584,4,False
2015-06-01,CHN,DEU,0.094,4,False
2015-07-01,CHN,DEU,0.1522,4,False
2015-08-01,CHN,DEU,0.1023,4,False
2015-09-01,CHN,DEU,0.1485,4,False
2015-10-01,CHN,DEU,0.2694,4,False
2015-11-01,CHN,DEU,0.7262,4,False
2015-12-01,CHN,DEU,0.6098,1,False
2016-01-01,CHN,DEU,0.4477,1,False
2016-02-01,CHN,DEU,0.7142,1,False
2016-03-01,CHN,DEU,0.7767,1,False
2016-04-01,CHN,DEU,0.7754,4,False
2016-05-01,CHN,DEU,0.2518,4,False
2016-06-01,CHN,DEU,0.226,4,False
2016-07-01,CHN,DEU,0.2186,4,False
2016-08-01,CHN,DEU,0.2368,4,False
2016-09-01,CHN,DEU,0.2053,4,False
2016-10-01,CHN,DEU,0.2218,4,False
2016-11-01,CHN,DEU,0.2516,4,False
2016-12-01,CHN,DEU,0.2468,4,False
2017-01-01,CHN,DEU,0.2299,4,False
2017-02-01,CHN,DEU,0.2306,4,False
2017-03-01,CHN,DEU,0.1785,4,False
2017-04-01,CHN,DEU,0.2734,4,False
2017-05-01,CHN,DEU,0.1138,4,False
2017-06-01,CHN,DEU,0.1356,4,False
2017-07-01,CHN,DEU,0.12,4,False
2017-08-01,CHN,DEU,0.0904,4,False
2017-09-01,CHN,DEU,0.1236,4,False
2017-10-01,CHN,DEU,0.1201,4,False
2017-11-01,CHN,DEU,0.1167,4,False
2017-12-01,CHN,DEU,0.0981,4,False
2018-01-01,CHN,DEU,0.2612,4,False
2018-02-01,CHN,DEU,0.2421,4,False
2018-03-01,CHN,DEU,0.4644,4,False
2018-04-01,CHN,DEU,0.3674,4,False
2018-05-01,CHN,DEU,0.0683,4,False
2018-06-01,CHN,DEU,0.0557,4,False
2018-07-01,CHN,DEU,0.1207,4,False
2018-08-01,CHN,DEU,0.1091,4,False
2018-09-01,CHN,DEU,0.0919,4,False
2018-10-01,CHN,DEU,0.1482,4,False
2018-11-01,CHN,DEU,0.1393,4,False
2018-12-01,CHN,DEU,0.119,4,False
2019-01-01,CHN,DEU,0.1877,2,False
2019-02-01,CHN,DEU,0.3428,1,False
2019-03-01,CHN,DEU,0.3133,1,False
2019-04-01,CHN,DEU,0.3549,2,False
2019-05-01,CHN,DEU,0.4586,4,False
2019-06-01,CHN,DEU,0.4004,4,False
2019-07-01,CHN,DEU,0.2777,4,False
2019-08-01,CHN,DEU,0.2409,4,False
2019-09-01,CHN,DEU,0.2301,4,False
2019-10-01,CHN,DEU,0.2556,3,False
2019-11-01,CHN,DEU,0.1649,4,False
2019-12-01,CHN,DEU,0.2366,3,False
2020-01-01,CHN,DEU,0.3578,3,False
2020-02-01,CHN,DEU,0.4554,1,False
2020-03-01,CHN,DEU,0.4541,1,False
2020-04-01,CHN,DEU,0.3633,1,False
2020-05-01,CHN,DEU,0.4254,1,False
2020-06-01,CHN,DEU,0.3854,1,False
2020-07-01,CHN,DEU,0.3916,1,False
2020-08-01,CHN,DEU,0.2899,4,False
2020-09-01,CHN,DEU,0.1105,3,False
2020-10-01,CHN,DEU,0.41,4,False
2020-11-01,CHN,DEU,0.4608,3,False
2020-12-01,CHN,DEU,0.492,1,False
2021-01-01,CHN,DEU,0.4218,2,False
2021-02-01,CHN,DEU,0.3512,2,False
2021-03-01,CHN,DEU,0.584,3,False
2021-04-01,CHN,DEU,0.4999,3,False
2021-05-01,CHN,DEU,0.5036,3,False
2021-06-01,CHN,DEU,0.5287,2,False
2021-07-01,CHN,DEU,0.5334,3,False
2021-08-01,CHN,DEU,0.6508,2,False
2021-09-01,CHN,DEU,0.7699,2,False
2021-10-01,CHN,DEU,0.8708,2,False
2021-11-01,CHN,DEU,0.3881,1,False
2021-12-01,CHN,DEU,0.1136,2,False
2022-01-01,CHN,DEU,0.1811,1,False
2022-02-01,CHN,DEU,0.0768,2,False
2022-03-01,CHN,DEU,0.049,2,True
2022-04-01,CHN,DEU,0.0475,2,True
2022-05-01,CHN,DEU,0.0388,2,True
2022-06-01,CHN,DEU,0.0411,2,True
2022-07-01,CHN,DEU,0.0444,2,True
2022-08-01,CHN,DEU,0.0405,2,True
2022-09-01,CHN,DEU,0.0296,2,True
2022-10-01,CHN,DEU,0.0457,2,True
2022-11-01,CHN,DEU,0.0512,2,False
2022-12-01,CHN,DEU,0.0853,2,False
2023-01-01,CHN,DEU,0.0889,2,False
2023-02-01,CHN,DEU,0.1114,4,False
2023-03-01,CHN,DEU,0.0842,2,False
2023-04-01,CHN,DEU,0.0986,2,False
2023-05-01,CHN,DEU,0.0992,2,False
2023-06-01,CHN,DEU,0.1234,4,False
2023-07-01,CHN,DEU,0.1612,3,False
2023-08-01,CHN,DEU,0.0978,4,False
2023-09-01,CHN,DEU,0.0503,4,False
2023-10-01,CHN,DEU,0.0129,4,True
2023-11-01,CHN,DEU,0.0094,4,True
2023-12-01,CHN,DEU,0.0324,4,True
2024-01-01,CHN,DEU,0.0502,4,False
2024-02-01,CHN,DEU,0.0814,4,False
2024-03-01,CHN,DEU,0.2526,4,False
2024-04-01,CHN,DEU,0.0435,1,True
2024-05-01,CHN,DEU,0.0097,1,True
2024-06-01,CHN,DEU,0.0031,1,True
2024-07-01,CHN,DEU,0.0019,1,True
2024-08-01,CHN,DEU,0.0005,1,True
2024-09-01,CHN,DEU,0.0001,1,True
2024-10-01,CHN,DEU,0.0001,1,True
2024-11-01,CHN,DEU,0.0001,1,True
2024-12-01,CHN,DEU,0.0,1,True
2025-01-01,CHN,DEU,0.0007,1,True
2025-02-01,CHN,DEU,0.0031,1,True
2025-03-01,CHN,DEU,0.0108,1,True
2025-04-01,CHN,DEU,0.021,1,True
2025-05-01,CHN,DEU,0.0596,1,False
2025-06-01,CHN,DEU,0.1051,1,False
2025-07-01,CHN,DEU,0.1364,1,False
2025-08-01,CHN,DEU,0.2004,1,False
2025-09-01,CHN,DEU,0.3662,1,False
2025-10-01,CHN,DEU,0.5649,4,False
2025-11-01,CHN,DEU,0.4035,2,False
2025-12-01,CHN,DEU,0.3903,2,False
2026-01-01,CHN,DEU,0.3697,2,False
2026-02-01,CHN,DEU,0.2822,1,False
2026-03-01,CHN,DEU,0.3034,2,False
2015-01-01,CHN,FRA,0.2155,2,False
2015-02-01,CHN,FRA,0.1876,3,False
2015-03-01,CHN,FRA,0.2674,2,False
2015-04-01,CHN,FRA,0.1631,1,False
2015-05-01,CHN,FRA,0.0485,1,True
2015-06-01,CHN,FRA,0.0424,1,True
2015-07-01,CHN,FRA,0.0651,1,False
2015-08-01,CHN,FRA,0.0866,1,False
2015-09-01,CHN,FRA,0.0487,1,True
2015-10-01,CHN,FRA,0.0196,1,True
2015-11-01,CHN,FRA,0.0039,2,True
2015-12-01,CHN,FRA,0.0005,1,True
2016-01-01,CHN,FRA,0.0003,1,True
2016-02-01,CHN,FRA,0.001,1,True
2016-03-01,CHN,FRA,0.0005,1,True
2016-04-01,CHN,FRA,0.001,1,True
2016-05-01,CHN,FRA,0.0019,1,True
2016-06-01,CHN,FRA,0.0023,1,True
2016-07-01,CHN,FRA,0.0046,1,True
2016-08-01,CHN,FRA,0.0076,1,True
2016-09-01,CHN,FRA,0.0068,1,True
2016-10-01,CHN,FRA,0.0061,1,True
2016-11-01,CHN,FRA,0.0031,1,True
2016-12-01,CHN,FRA,0.0069,1,True
2017-01-01,CHN,FRA,0.0089,1,True
2017-02-01,CHN,FRA,0.033,1,True
2017-03-01,CHN,FRA,0.0718,1,False
2017-04-01,CHN,FRA,0.0913,1,False
2017-05-01,CHN,FRA,0.0253,1,True
2017-06-01,CHN,FRA,0.0188,2,True
2017-07-01,CHN,FRA,0.0094,1,True
2017-08-01,CHN,FRA,0.0144,1,True
2017-09-01,CHN,FRA,0.0328,1,True
2017-10-01,CHN,FRA,0.0547,1,False
2017-11-01,CHN,FRA,0.0346,1,True
2017-12-01,CHN,FRA,0.042,1,True
2018-01-01,CHN,FRA,0.0641,1,False
2018-02-01,CHN,FRA,0.0479,3,True
2018-03-01,CHN,FRA,0.0357,3,True
2018-04-01,CHN,FRA,0.0449,3,True
2018-05-01,CHN,FRA,0.0701,3,False
2018-06-01,CHN,FRA,0.0274,3,True
2018-07-01,CHN,FRA,0.053,3,False
2018-08-01,CHN,FRA,0.0823,1,False
2018-09-01,CHN,FRA,0.1406,1,False
2018-10-01,CHN,FRA,0.182,4,False
2018-11-01,CHN,FRA,0.1616,4,False
2018-12-01,CHN,FRA,0.1683,4,False
2019-01-01,CHN,FRA,0.208,3,False
2019-02-01,CHN,FRA,0.2009,3,False
2019-03-01,CHN,FRA,0.148,1,False
2019-04-01,CHN,FRA,0.0351,1,True
2019-05-01,CHN,FRA,0.035,1,True
2019-06-01,CHN,FRA,0.0147,1,True
2019-07-01,CHN,FRA,0.0147,1,True
2019-08-01,CHN,FRA,0.0186,1,True
2019-09-01,CHN,FRA,0.0201,1,True
2019-10-01,CHN,FRA,0.0301,3,True
2019-11-01,CHN,FRA,0.0117,3,True
2019-12-01,CHN,FRA,0.0125,3,True
2020-01-01,CHN,FRA,0.0187,3,True
2020-02-01,CHN,FRA,0.0588,3,False
2020-03-01,CHN,FRA,0.0669,3,False
2020-04-01,CHN,FRA,0.0659,3,False
2020-05-01,CHN,FRA,0.0149,3,True
2020-06-01,CHN,FRA,0.015,3,True
2020-07-01,CHN,FRA,0.0332,3,True
2020-08-01,CHN,FRA,0.0283,3,True
2020-09-01,CHN,FRA,0.063,3,False
2020-10-01,CHN,FRA,0.0687,3,False
2020-11-01,CHN,FRA,0.1234,3,False
2020-12-01,CHN,FRA,0.0482,3,True
2021-01-01,CHN,FRA,0.0493,3,True
2021-02-01,CHN,FRA,0.2998,3,False
2021-03-01,CHN,FRA,0.3263,2,False
2021-04-01,CHN,FRA,0.3039,1,False
2021-05-01,CHN,FRA,0.3103,1,False
2021-06-01,CHN,FRA,0.0666,1,False
2021-07-01,CHN,FRA,0.1346,1,False
2021-08-01,CHN,FRA,0.0464,1,True
2021-09-01,CHN,FRA,0.0133,1,True
2021-10-01,CHN,FRA,0.0239,1,True
2021-11-01,CHN,FRA,0.0616,1,False
2021-12-01,CHN,FRA,0.0827,1,False
2022-01-01,CHN,FRA,0.0627,3,False
2022-02-01,CHN,FRA,0.0616,1,False
2022-03-01,CHN,FRA,0.0093,1,True
2022-04-01,CHN,FRA,0.0096,1,True
2022-05-01,CHN,FRA,0.0129,1,True
2022-06-01,CHN,FRA,0.0115,1,True
2022-07-01,CHN,FRA,0.0133,1,True
2022-08-01,CHN,FRA,0.0089,1,True
2022-09-01,CHN,FRA,0.0261,1,True
2022-10-01,CHN,FRA,0.0252,1,True
2022-11-01,CHN,FRA,0.0173,1,True
2022-12-01,CHN,FRA,0.0259,1,True
2023-01-01,CHN,FRA,0.0286,1,True
2023-02-01,CHN,FRA,0.0312,1,True
2023-03-01,CHN,FRA,0.032,1,True
2023-04-01,CHN,FRA,0.0501,1,False
2023-05-01,CHN,FRA,0.0743,1,False
2023-06-01,CHN,FRA,0.1175,1,False
2023-07-01,CHN,FRA,0.1296,1,False
2023-08-01,CHN,FRA,0.134,1,False
2023-09-01,CHN,FRA,0.1506,1,False
2023-10-01,CHN,FRA,0.2008,1,False
2023-11-01,CHN,FRA,0.3826,2,False
2023-12-01,CHN,FRA,0.371,2,False
2024-01-01,CHN,FRA,0.2428,2,False
2024-02-01,CHN,FRA,0.0687,1,False
2024-03-01,CHN,FRA,0.0235,1,True
2024-04-01,CHN,FRA,0.0042,1,True
2024-05-01,CHN,FRA,0.0032,1,True
2024-06-01,CHN,FRA,0.0011,1,True
2024-07-01,CHN,FRA,0.001,1,True
2024-08-01,CHN,FRA,0.0008,1,True
2024-09-01,CHN,FRA,0.002,1,True
2024-10-01,CHN,FRA,0.002,1,True
2024-11-01,CHN,FRA,0.0019,1,True
2024-12-01,CHN,FRA,0.002,1,True
2025-01-01,CHN,FRA,0.0057,1,True
2025-02-01,CHN,FRA,0.006,1,True
2025-03-01,CHN,FRA,0.0253,1,True
2025-04-01,CHN,FRA,0.0239,1,True
2025-05-01,CHN,FRA,0.0385,3,True
2025-06-01,CHN,FRA,0.0436,3,True
2025-07-01,CHN,FRA,0.1095,2,False
2025-08-01,CHN,FRA,0.0674,3,False
2025-09-01,CHN,FRA,0.0628,3,False
2025-10-01,CHN,FRA,0.0691,2,False
2025-11-01,CHN,FRA,0.0423,3,True
2025-12-01,CHN,FRA,0.0296,2,True
2026-01-01,CHN,FRA,0.0292,3,True
2026-02-01,CHN,FRA,0.0289,2,True
2026-03-01,CHN,FRA,0.0741,3,False
2015-01-01,CHN,JPN,0.6113,4,False
2015-02-01,CHN,JPN,0.6024,1,False
2015-03-01,CHN,JPN,0.7022,1,False
2015-04-01,CHN,JPN,0.2218,1,False
2015-05-01,CHN,JPN,0.3811,2,False
2015-06-01,CHN,JPN,0.7704,4,False
2015-07-01,CHN,JPN,0.714,4,False
2015-08-01,CHN,JPN,0.614,4,False
2015-09-01,CHN,JPN,0.6709,4,False
2015-10-01,CHN,JPN,0.7628,4,False
2015-11-01,CHN,JPN,0.6446,4,False
2015-12-01,CHN,JPN,0.6217,4,False
2016-01-01,CHN,JPN,0.8036,4,False
2016-02-01,CHN,JPN,0.8551,4,False
2016-03-01,CHN,JPN,0.8799,4,False
2016-04-01,CHN,JPN,0.5604,4,False
2016-05-01,CHN,JPN,0.6749,1,False
2016-06-01,CHN,JPN,0.5239,1,False
2016-07-01,CHN,JPN,0.3306,1,False
2016-08-01,CHN,JPN,0.1411,1,False
2016-09-01,CHN,JPN,0.1382,1,False
2016-10-01,CHN,JPN,0.0999,1,False
2016-11-01,CHN,JPN,0.053,1,False
2016-12-01,CHN,JPN,0.0483,1,True
2017-01-01,CHN,JPN,0.073,1,False
2017-02-01,CHN,JPN,0.069,1,False
2017-03-01,CHN,JPN,0.1042,1,False
2017-04-01,CHN,JPN,0.1469,1,False
2017-05-01,CHN,JPN,0.1302,1,False
2017-06-01,CHN,JPN,0.2347,1,False
2017-07-01,CHN,JPN,0.2762,3,False
2017-08-01,CHN,JPN,0.2962,3,False
2017-09-01,CHN,JPN,0.3119,3,False
2017-10-01,CHN,JPN,0.1259,4,False
2017-11-01,CHN,JPN,0.1086,3,False
2017-12-01,CHN,JPN,0.0603,2,False
2018-01-01,CHN,JPN,0.0159,1,True
2018-02-01,CHN,JPN,0.0386,1,True
2018-03-01,CHN,JPN,0.0616,4,False
2018-04-01,CHN,JPN,0.0267,3,True
2018-05-01,CHN,JPN,0.0441,3,True
2018-06-01,CHN,JPN,0.1546,3,False
2018-07-01,CHN,JPN,0.2496,3,False
2018-08-01,CHN,JPN,0.2802,3,False
2018-09-01,CHN,JPN,0.4588,4,False
2018-10-01,CHN,JPN,0.468,3,False
2018-11-01,CHN,JPN,0.4774,4,False
2018-12-01,CHN,JPN,0.3249,3,False
2019-01-01,CHN,JPN,0.3886,3,False
2019-02-01,CHN,JPN,0.1375,2,False
2019-03-01,CHN,JPN,0.1288,2,False
2019-04-01,CHN,JPN,0.1321,2,False
2019-05-01,CHN,JPN,0.1823,2,False
2019-06-01,CHN,JPN,0.215,2,False
2019-07-01,CHN,JPN,0.2577,2,False
2019-08-01,CHN,JPN,0.2888,2,False
2019-09-01,CHN,JPN,0.2157,2,False
2019-10-01,CHN,JPN,0.3108,3,False
2019-11-01,CHN,JPN,0.1874,3,False
2019-12-01,CHN,JPN,0.0742,1,False
2020-01-01,CHN,JPN,0.0529,4,False
2020-02-01,CHN,JPN,0.0436,3,True
2020-03-01,CHN,JPN,0.0979,1,False
2020-04-01,CHN,JPN,0.069,1,False
2020-05-01,CHN,JPN,0.11,1,False
2020-06-01,CHN,JPN,0.0856,1,False
2020-07-01,CHN,JPN,0.0602,1,False
2020-08-01,CHN,JPN,0.1287,1,False
2020-09-01,CHN,JPN,0.1376,4,False
2020-10-01,CHN,JPN,0.0769,1,False
2020-11-01,CHN,JPN,0.1007,1,False
2020-12-01,CHN,JPN,0.0631,1,False
2021-01-01,CHN,JPN,0.0976,1,False
2021-02-01,CHN,JPN,0.1934,1,False
2021-03-01,CHN,JPN,0.2487,1,False
2021-04-01,CHN,JPN,0.369,1,False
2021-05-01,CHN,JPN,0.6509,1,False
2021-06-01,CHN,JPN,0.4815,1,False
2021-07-01,CHN,JPN,0.7612,2,False
2021-08-01,CHN,JPN,0.759,2,False
2021-09-01,CHN,JPN,0.5212,2,False
2021-10-01,CHN,JPN,0.1965,1,False
2021-11-01,CHN,JPN,0.3595,1,False
2021-12-01,CHN,JPN,0.3004,4,False
2022-01-01,CHN,JPN,0.2452,4,False
2022-02-01,CHN,JPN,0.1319,4,False
2022-03-01,CHN,JPN,0.0585,2,False
2022-04-01,CHN,JPN,0.0449,2,True
2022-05-01,CHN,JPN,0.038,4,True
2022-06-01,CHN,JPN,0.0428,2,True
2022-07-01,CHN,JPN,0.0484,2,True
2022-08-01,CHN,JPN,0.0651,1,False
2022-09-01,CHN,JPN,0.0855,1,False
2022-10-01,CHN,JPN,0.1544,2,False
2022-11-01,CHN,JPN,0.1917,2,False
2022-12-01,CHN,JPN,0.2188,2,False
2023-01-01,CHN,JPN,0.2261,2,False
2023-02-01,CHN,JPN,0.3425,2,False
2023-03-01,CHN,JPN,0.2948,2,False
2023-04-01,CHN,JPN,0.3095,2,False
2023-05-01,CHN,JPN,0.2906,2,False
2023-06-01,CHN,JPN,0.3929,1,False
2023-07-01,CHN,JPN,0.4877,1,False
2023-08-01,CHN,JPN,0.5066,1,False
2023-09-01,CHN,JPN,0.4835,1,False
2023-10-01,CHN,JPN,0.1997,2,False
2023-11-01,CHN,JPN,0.2004,2,False
2023-12-01,CHN,JPN,0.2518,3,False
2024-01-01,CHN,JPN,0.2911,2,False
2024-02-01,CHN,JPN,0.2342,4,False
2024-03-01,CHN,JPN,0.3177,4,False
2024-04-01,CHN,JPN,0.4259,4,False
2024-05-01,CHN,JPN,0.3281,4,False
2024-06-01,CHN,JPN,0.1304,4,False
2024-07-01,CHN,JPN,0.1885,4,False
2024-08-01,CHN,JPN,0.2463,4,False
2024-09-01,CHN,JPN,0.4885,1,False
2024-10-01,CHN,JPN,0.6262,3,False
2024-11-01,CHN,JPN,0.6769,2,False
2024-12-01,CHN,JPN,0.4225,1,False
2025-01-01,CHN,JPN,0.2395,1,False
2025-02-01,CHN,JPN,0.4908,1,False
2025-03-01,CHN,JPN,0.4902,2,False
2025-04-01,CHN,JPN,0.3782,1,False
2025-05-01,CHN,JPN,0.113,1,False
2025-06-01,CHN,JPN,0.2794,1,False
2025-07-01,CHN,JPN,0.0775,2,False
2025-08-01,CHN,JPN,0.046,1,True
2025-09-01,CHN,JPN,0.3577,2,False
2025-10-01,CHN,JPN,0.408,2,False
2025-11-01,CHN,JPN,0.6835,1,False
2025-12-01,CHN,JPN,0.705,1,False
2026-01-01,CHN,JPN,0.9705,4,False
2026-02-01,CHN,JPN,0.9131,3,False
2026-03-01,CHN,JPN,0.9105,2,False
2015-01-01,VNM,IND,0.1139,1,False
2015-02-01,VNM,IND,0.0644,1,False
2015-03-01,VNM,IND,0.0633,1,False
2015-04-01,VNM,IND,0.0626,1,False
2015-05-01,VNM,IND,0.0934,1,False
2015-06-01,VNM,IND,0.1063,1,False
2015-07-01,VNM,IND,0.0627,2,False
2015-08-01,VNM,IND,0.0599,1,False
2015-09-01,VNM,IND,0.0728,1,False
2015-10-01,VNM,IND,0.058,4,False
2015-11-01,VNM,IND,0.1101,1,False
2015-12-01,VNM,IND,0.0498,1,True
2016-01-01,VNM,IND,0.0157,1,True
2016-02-01,VNM,IND,0.0842,1,False
2016-03-01,VNM,IND,0.2251,1,False
2016-04-01,VNM,IND,0.41,1,False
2016-05-01,VNM,IND,0.6548,1,False
2016-06-01,VNM,IND,0.7746,1,False
2016-07-01,VNM,IND,0.8495,1,False
2016-08-01,VNM,IND,0.8703,4,False
2016-09-01,VNM,IND,0.6457,1,False
2016-10-01,VNM,IND,0.2687,1,False
2016-11-01,VNM,IND,0.3677,1,False
2016-12-01,VNM,IND,0.2116,1,False
2017-01-01,VNM,IND,0.1719,1,False
2017-02-01,VNM,IND,0.1658,1,False
2017-03-01,VNM,IND,0.2678,1,False
2017-04-01,VNM,IND,0.4496,1,False
2017-05-01,VNM,IND,0.4979,1,False
2017-06-01,VNM,IND,0.622,1,False
2017-07-01,VNM,IND,0.7225,1,False
2017-08-01,VNM,IND,0.6848,1,False
2017-09-01,VNM,IND,0.6745,1,False
2017-10-01,VNM,IND,0.6104,1,False
2017-11-01,VNM,IND,0.7857,4,False
2017-12-01,VNM,IND,0.4983,1,False
2018-01-01,VNM,IND,0.5838,1,False
2018-02-01,VNM,IND,0.7993,1,False
2018-03-01,VNM,IND,0.8598,1,False
2018-04-01,VNM,IND,0.6879,4,False
2018-05-01,VNM,IND,0.6547,1,False
2018-06-01,VNM,IND,0.5745,4,False
2018-07-01,VNM,IND,0.5242,4,False
2018-08-01,VNM,IND,0.4991,4,False
2018-09-01,VNM,IND,0.5088,2,False
2018-10-01,VNM,IND,0.4906,2,False
2018-11-01,VNM,IND,0.6093,4,False
2018-12-01,VNM,IND,0.5879,4,False
2019-01-01,VNM,IND,0.6246,4,False
2019-02-01,VNM,IND,0.6044,4,False
2019-03-01,VNM,IND,0.7228,4,False
2019-04-01,VNM,IND,0.3699,4,False
2019-05-01,VNM,IND,0.4838,2,False
2019-06-01,VNM,IND,0.4648,1,False
2019-07-01,VNM,IND,0.6329,1,False
2019-08-01,VNM,IND,0.7539,2,False
2019-09-01,VNM,IND,0.5091,1,False
2019-10-01,VNM,IND,0.3798,3,False
2019-11-01,VNM,IND,0.2435,2,False
2019-12-01,VNM,IND,0.0934,1,False
2020-01-01,VNM,IND,0.1046,1,False
2020-02-01,VNM,IND,0.4518,1,False
2020-03-01,VNM,IND,0.6214,4,False
2020-04-01,VNM,IND,0.7162,1,False
2020-05-01,VNM,IND,0.623,4,False
2020-06-01,VNM,IND,0.5675,4,False
2020-07-01,VNM,IND,0.4802,4,False
2020-08-01,VNM,IND,0.2634,1,False
2020-09-01,VNM,IND,0.1921,4,False
2020-10-01,VNM,IND,0.1399,4,False
2020-11-01,VNM,IND,0.1075,4,False
2020-12-01,VNM,IND,0.1292,1,False
2021-01-01,VNM,IND,0.0577,4,False
2021-02-01,VNM,IND,0.0761,4,False
2021-03-01,VNM,IND,0.082,4,False
2021-04-01,VNM,IND,0.1352,1,False
2021-05-01,VNM,IND,0.1494,4,False
2021-06-01,VNM,IND,0.2413,1,False
2021-07-01,VNM,IND,0.2253,1,False
2021-08-01,VNM,IND,0.2644,1,False
2021-09-01,VNM,IND,0.2705,4,False
2021-10-01,VNM,IND,0.2745,4,False
2021-11-01,VNM,IND,0.2499,4,False
2021-12-01,VNM,IND,0.125,1,False
2022-01-01,VNM,IND,0.1436,1,False
2022-02-01,VNM,IND,0.0724,1,False
2022-03-01,VNM,IND,0.0688,2,False
2022-04-01,VNM,IND,0.0603,1,False
2022-05-01,VNM,IND,0.1284,1,False
2022-06-01,VNM,IND,0.2591,2,False
2022-07-01,VNM,IND,0.3151,1,False
2022-08-01,VNM,IND,0.5268,1,False
2022-09-01,VNM,IND,0.6706,3,False
2022-10-01,VNM,IND,0.6925,3,False
2022-11-01,VNM,IND,0.564,4,False
2022-12-01,VNM,IND,0.5386,1,False
2023-01-01,VNM,IND,0.6336,4,False
2023-02-01,VNM,IND,0.5238,3,False
2023-03-01,VNM,IND,0.4529,2,False
2023-04-01,VNM,IND,0.4668,2,False
2023-05-01,VNM,IND,0.4351,2,False
2023-06-01,VNM,IND,0.3952,4,False
2023-07-01,VNM,IND,0.5113,2,False
2023-08-01,VNM,IND,0.5111,2,False
2023-09-01,VNM,IND,0.3718,2,False
2023-10-01,VNM,IND,0.3824,2,False
2023-11-01,VNM,IND,0.4236,1,False
2023-12-01,VNM,IND,0.3771,2,False
2024-01-01,VNM,IND,0.1161,1,False
2024-02-01,VNM,IND,0.124,1,False
2024-03-01,VNM,IND,0.0405,1,True
2024-04-01,VNM,IND,0.0081,2,True
2024-05-01,VNM,IND,0.0076,1,True
2024-06-01,VNM,IND,0.0083,1,True
2024-07-01,VNM,IND,0.0072,1,True
2024-08-01,VNM,IND,0.0078,1,True
2024-09-01,VNM,IND,0.0032,1,True
2024-10-01,VNM,IND,0.0029,1,True
2024-11-01,VNM,IND,0.0098,1,True
2024-12-01,VNM,IND,0.006,1,True
2025-01-01,VNM,IND,0.0763,1,False
2025-02-01,VNM,IND,0.5058,2,False
2025-03-01,VNM,IND,0.4109,1,False
2025-04-01,VNM,IND,0.4878,1,False
2025-05-01,VNM,IND,0.7884,4,False
2025-06-01,VNM,IND,0.6762,4,False
2025-07-01,VNM,IND,0.6871,3,False
2025-08-01,VNM,IND,0.6359,2,False
2025-09-01,VNM,IND,0.7989,2,False
2025-10-01,VNM,IND,0.6655,4,False
2025-11-01,VNM,IND,0.5328,3,False
2025-12-01,VNM,IND,0.5316,3,False
2026-01-01,VNM,IND,0.525,3,False
2026-02-01,VNM,IND,0.4146,3,False
2026-03-01,VNM,IND,0.2176,3,False
2015-01-01,VNM,CHN,0.0101,1,True
2015-02-01,VNM,CHN,0.0218,1,True
2015-03-01,VNM,CHN,0.035,1,True
2015-04-01,VNM,CHN,0.191,1,False
2015-05-01,VNM,CHN,0.2195,1,False
2015-06-01,VNM,CHN,0.2033,1,False
2015-07-01,VNM,CHN,0.2539,1,False
2015-08-01,VNM,CHN,0.169,1,False
2015-09-01,VNM,CHN,0.1188,1,False
2015-10-01,VNM,CHN,0.2102,2,False
2015-11-01,VNM,CHN,0.107,1,False
2015-12-01,VNM,CHN,0.0799,1,False
2016-01-01,VNM,CHN,0.0359,1,True
2016-02-01,VNM,CHN,0.1395,1,False
2016-03-01,VNM,CHN,0.1098,1,False
2016-04-01,VNM,CHN,0.0473,1,True
2016-05-01,VNM,CHN,0.0649,1,False
2016-06-01,VNM,CHN,0.0838,1,False
2016-07-01,VNM,CHN,0.152,1,False
2016-08-01,VNM,CHN,0.1199,1,False
2016-09-01,VNM,CHN,0.1929,1,False
2016-10-01,VNM,CHN,0.2454,1,False
2016-11-01,VNM,CHN,0.2392,3,False
2016-12-01,VNM,CHN,0.2281,2,False
2017-01-01,VNM,CHN,0.3266,1,False
2017-02-01,VNM,CHN,0.4109,1,False
2017-03-01,VNM,CHN,0.4442,3,False
2017-04-01,VNM,CHN,0.2747,3,False
2017-05-01,VNM,CHN,0.2158,4,False
2017-06-01,VNM,CHN,0.202,3,False
2017-07-01,VNM,CHN,0.3554,3,False
2017-08-01,VNM,CHN,0.5262,3,False
2017-09-01,VNM,CHN,0.4552,3,False
2017-10-01,VNM,CHN,0.5203,2,False
2017-11-01,VNM,CHN,0.3789,4,False
2017-12-01,VNM,CHN,0.2284,3,False
2018-01-01,VNM,CHN,0.0698,3,False
2018-02-01,VNM,CHN,0.0467,3,True
2018-03-01,VNM,CHN,0.0214,1,True
2018-04-01,VNM,CHN,0.0078,1,True
2018-05-01,VNM,CHN,0.0065,1,True
2018-06-01,VNM,CHN,0.0195,1,True
2018-07-01,VNM,CHN,0.0533,1,False
2018-08-01,VNM,CHN,0.03,1,True
2018-09-01,VNM,CHN,0.0313,1,True
2018-10-01,VNM,CHN,0.0381,1,True
2018-11-01,VNM,CHN,0.079,1,False
2018-12-01,VNM,CHN,0.2501,1,False
2019-01-01,VNM,CHN,0.1797,1,False
2019-02-01,VNM,CHN,0.5643,3,False
2019-03-01,VNM,CHN,0.3773,3,False
2019-04-01,VNM,CHN,0.393,3,False
2019-05-01,VNM,CHN,0.2838,3,False
2019-06-01,VNM,CHN,0.3696,3,False
2019-07-01,VNM,CHN,0.4439,3,False
2019-08-01,VNM,CHN,0.6797,3,False
2019-09-01,VNM,CHN,0.6914,3,False
2019-10-01,VNM,CHN,0.8713,3,False
2019-11-01,VNM,CHN,0.8465,3,False
2019-12-01,VNM,CHN,0.7879,2,False
2020-01-01,VNM,CHN,0.6147,2,False
2020-02-01,VNM,CHN,0.6573,2,False
2020-03-01,VNM,CHN,0.5471,2,False
2020-04-01,VNM,CHN,0.4879,1,False
2020-05-01,VNM,CHN,0.4695,1,False
2020-06-01,VNM,CHN,0.4585,1,False
2020-07-01,VNM,CHN,0.2796,1,False
2020-08-01,VNM,CHN,0.2885,2,False
2020-09-01,VNM,CHN,0.7651,4,False
2020-10-01,VNM,CHN,0.4737,1,False
2020-11-01,VNM,CHN,0.2744,1,False
2020-12-01,VNM,CHN,0.3815,2,False
2021-01-01,VNM,CHN,0.3241,2,False
2021-02-01,VNM,CHN,0.3659,2,False
2021-03-01,VNM,CHN,0.4042,3,False
2021-04-01,VNM,CHN,0.2497,1,False
2021-05-01,VNM,CHN,0.062,1,False
2021-06-01,VNM,CHN,0.0293,1,True
2021-07-01,VNM,CHN,0.0424,1,True
2021-08-01,VNM,CHN,0.0279,1,True
2021-09-01,VNM,CHN,0.0208,4,True
2021-10-01,VNM,CHN,0.0675,4,False
2021-11-01,VNM,CHN,0.0733,4,False
2021-12-01,VNM,CHN,0.0845,1,False
2022-01-01,VNM,CHN,0.1566,1,False
2022-02-01,VNM,CHN,0.1741,4,False
2022-03-01,VNM,CHN,0.1651,4,False
2022-04-01,VNM,CHN,0.1196,4,False
2022-05-01,VNM,CHN,0.2006,4,False
2022-06-01,VNM,CHN,0.1782,4,False
2022-07-01,VNM,CHN,0.2497,4,False
2022-08-01,VNM,CHN,0.2738,4,False
2022-09-01,VNM,CHN,0.2127,4,False
2022-10-01,VNM,CHN,0.3028,3,False
2022-11-01,VNM,CHN,0.3824,4,False
2022-12-01,VNM,CHN,0.38,4,False
2023-01-01,VNM,CHN,0.3431,4,False
2023-02-01,VNM,CHN,0.451,4,False
2023-03-01,VNM,CHN,0.6014,4,False
2023-04-01,VNM,CHN,0.5547,2,False
2023-05-01,VNM,CHN,0.3501,2,False
2023-06-01,VNM,CHN,0.3263,2,False
2023-07-01,VNM,CHN,0.8183,2,False
2023-08-01,VNM,CHN,0.7885,1,False
2023-09-01,VNM,CHN,0.4862,4,False
2023-10-01,VNM,CHN,0.4193,4,False
2023-11-01,VNM,CHN,0.3431,4,False
2023-12-01,VNM,CHN,0.4337,4,False
2024-01-01,VNM,CHN,0.5264,3,False
2024-02-01,VNM,CHN,0.5479,3,False
2024-03-01,VNM,CHN,0.2919,1,False
2024-04-01,VNM,CHN,0.1503,3,False
2024-05-01,VNM,CHN,0.051,3,False
2024-06-01,VNM,CHN,0.0348,3,True
2024-07-01,VNM,CHN,0.0148,3,True
2024-08-01,VNM,CHN,0.0203,3,True
2024-09-01,VNM,CHN,0.0409,3,True
2024-10-01,VNM,CHN,0.0637,3,False
2024-11-01,VNM,CHN,0.1757,1,False
2024-12-01,VNM,CHN,0.275,1,False
2025-01-01,VNM,CHN,0.25,3,False
2025-02-01,VNM,CHN,0.2779,3,False
2025-03-01,VNM,CHN,0.2781,3,False
2025-04-01,VNM,CHN,0.3086,3,False
2025-05-01,VNM,CHN,0.323,1,False
2025-06-01,VNM,CHN,0.3823,3,False
2025-07-01,VNM,CHN,0.31,1,False
2025-08-01,VNM,CHN,0.3746,3,False
2025-09-01,VNM,CHN,0.1642,4,False
2025-10-01,VNM,CHN,0.1108,1,False
2025-11-01,VNM,CHN,0.0463,1,True
2025-12-01,VNM,CHN,0.0268,1,True
2026-01-01,VNM,CHN,0.0208,1,True
2026-02-01,VNM,CHN,0.0446,1,True
2026-03-01,VNM,CHN,0.0332,1,True
2015-01-01,VNM,IDN,0.0348,2,True
2015-02-01,VNM,IDN,0.0365,2,True
2015-03-01,VNM,IDN,0.0838,2,False
2015-04-01,VNM,IDN,0.08,2,False
2015-05-01,VNM,IDN,0.0986,2,False
2015-06-01,VNM,IDN,0.0422,2,True
2015-07-01,VNM,IDN,0.015,2,True
2015-08-01,VNM,IDN,0.0128,3,True
2015-09-01,VNM,IDN,0.011,3,True
2015-10-01,VNM,IDN,0.014,3,True
2015-11-01,VNM,IDN,0.0143,4,True
2015-12-01,VNM,IDN,0.0012,4,True
2016-01-01,VNM,IDN,0.0122,4,True
2016-02-01,VNM,IDN,0.1375,3,False
2016-03-01,VNM,IDN,0.1131,4,False
2016-04-01,VNM,IDN,0.0783,4,False
2016-05-01,VNM,IDN,0.0757,4,False
2016-06-01,VNM,IDN,0.1793,1,False
2016-07-01,VNM,IDN,0.2022,3,False
2016-08-01,VNM,IDN,0.2069,3,False
2016-09-01,VNM,IDN,0.2301,3,False
2016-10-01,VNM,IDN,0.0803,3,False
2016-11-01,VNM,IDN,0.0867,3,False
2016-12-01,VNM,IDN,0.0857,3,False
2017-01-01,VNM,IDN,0.0764,1,False
2017-02-01,VNM,IDN,0.0589,3,False
2017-03-01,VNM,IDN,0.0384,3,True
2017-04-01,VNM,IDN,0.0325,3,True
2017-05-01,VNM,IDN,0.0264,3,True
2017-06-01,VNM,IDN,0.0386,3,True
2017-07-01,VNM,IDN,0.0403,3,True
2017-08-01,VNM,IDN,0.0305,3,True
2017-09-01,VNM,IDN,0.0209,3,True
2017-10-01,VNM,IDN,0.0182,3,True
2017-11-01,VNM,IDN,0.0042,3,True
2017-12-01,VNM,IDN,0.0065,3,True
2018-01-01,VNM,IDN,0.0067,3,True
2018-02-01,VNM,IDN,0.0065,3,True
2018-03-01,VNM,IDN,0.0194,2,True
2018-04-01,VNM,IDN,0.0301,4,True
2018-05-01,VNM,IDN,0.0165,3,True
2018-06-01,VNM,IDN,0.0159,3,True
2018-07-01,VNM,IDN,0.0267,3,True
2018-08-01,VNM,IDN,0.0205,2,True
2018-09-01,VNM,IDN,0.0356,3,True
2018-10-01,VNM,IDN,0.0455,3,True
2018-11-01,VNM,IDN,0.021,3,True
2018-12-01,VNM,IDN,0.0203,2,True
2019-01-01,VNM,IDN,0.0119,3,True
2019-02-01,VNM,IDN,0.0049,2,True
2019-03-01,VNM,IDN,0.0059,2,True
2019-04-01,VNM,IDN,0.003,2,True
2019-05-01,VNM,IDN,0.0025,2,True
2019-06-01,VNM,IDN,0.0018,2,True
2019-07-01,VNM,IDN,0.0026,2,True
2019-08-01,VNM,IDN,0.0005,2,True
2019-09-01,VNM,IDN,0.002,2,True
2019-10-01,VNM,IDN,0.0015,3,True
2019-11-01,VNM,IDN,0.0012,3,True
2019-12-01,VNM,IDN,0.0014,2,True
2020-01-01,VNM,IDN,0.0015,2,True
2020-02-01,VNM,IDN,0.0015,2,True
2020-03-01,VNM,IDN,0.0062,2,True
2020-04-01,VNM,IDN,0.0028,2,True
2020-05-01,VNM,IDN,0.0167,2,True
2020-06-01,VNM,IDN,0.0162,2,True
2020-07-01,VNM,IDN,0.0836,2,False
2020-08-01,VNM,IDN,0.0671,2,False
2020-09-01,VNM,IDN,0.1641,2,False
2020-10-01,VNM,IDN,0.1639,2,False
2020-11-01,VNM,IDN,0.0696,2,False
2020-12-01,VNM,IDN,0.0777,2,False
2021-01-01,VNM,IDN,0.1323,2,False
2021-02-01,VNM,IDN,0.1252,3,False
2021-03-01,VNM,IDN,0.1267,3,False
2021-04-01,VNM,IDN,0.1384,3,False
2021-05-01,VNM,IDN,0.2045,2,False
2021-06-01,VNM,IDN,0.5058,2,False
2021-07-01,VNM,IDN,0.4861,2,False
2021-08-01,VNM,IDN,0.5341,2,False
2021-09-01,VNM,IDN,0.88,2,False
2021-10-01,VNM,IDN,0.8286,1,False
2021-11-01,VNM,IDN,0.5381,1,False
2021-12-01,VNM,IDN,0.4909,1,False
2022-01-01,VNM,IDN,0.2908,1,False
2022-02-01,VNM,IDN,0.4604,4,False
2022-03-01,VNM,IDN,0.2485,4,False
2022-04-01,VNM,IDN,0.17,4,False
2022-05-01,VNM,IDN,0.114,4,False
2022-06-01,VNM,IDN,0.0762,4,False
2022-07-01,VNM,IDN,0.1321,4,False
2022-08-01,VNM,IDN,0.2245,2,False
2022-09-01,VNM,IDN,0.2608,2,False
2022-10-01,VNM,IDN,0.3068,2,False
2022-11-01,VNM,IDN,0.393,4,False
2022-12-01,VNM,IDN,0.2443,4,False
2023-01-01,VNM,IDN,0.201,2,False
2023-02-01,VNM,IDN,0.2072,2,False
2023-03-01,VNM,IDN,0.1992,2,False
2023-04-01,VNM,IDN,0.1156,2,False
2023-05-01,VNM,IDN,0.1498,2,False
2023-06-01,VNM,IDN,0.0638,2,False
2023-07-01,VNM,IDN,0.068,2,False
2023-08-01,VNM,IDN,0.0654,2,False
2023-09-01,VNM,IDN,0.0545,2,False
2023-10-01,VNM,IDN,0.071,2,False
2023-11-01,VNM,IDN,0.3123,2,False
2023-12-01,VNM,IDN,0.5286,2,False
2024-01-01,VNM,IDN,0.4818,1,False
2024-02-01,VNM,IDN,0.5093,1,False
2024-03-01,VNM,IDN,0.6209,3,False
2024-04-01,VNM,IDN,0.6316,3,False
2024-05-01,VNM,IDN,0.7374,3,False
2024-06-01,VNM,IDN,0.6566,1,False
2024-07-01,VNM,IDN,0.5316,1,False
2024-08-01,VNM,IDN,0.3265,1,False
2024-09-01,VNM,IDN,0.1503,2,False
2024-10-01,VNM,IDN,0.0973,1,False
2024-11-01,VNM,IDN,0.019,2,True
2024-12-01,VNM,IDN,0.0267,1,True
2025-01-01,VNM,IDN,0.0014,2,True
2025-02-01,VNM,IDN,0.0001,1,True
2025-03-01,VNM,IDN,0.0014,1,True
2025-04-01,VNM,IDN,0.003,1,True
2025-05-01,VNM,IDN,0.0027,1,True
2025-06-01,VNM,IDN,0.0059,1,True
2025-07-01,VNM,IDN,0.0141,1,True
2025-08-01,VNM,IDN,0.0182,1,True
2025-09-01,VNM,IDN,0.0156,1,True
2025-10-01,VNM,IDN,0.0155,1,True
2025-11-01,VNM,IDN,0.0154,1,True
2025-12-01,VNM,IDN,0.0187,1,True
2026-01-01,VNM,IDN,0.0413,1,True
2026-02-01,VNM,IDN,0.0408,1,True
2026-03-01,VNM,IDN,0.0236,1,True
2015-01-01,VNM,THA,0.0749,3,False
2015-02-01,VNM,THA,0.0508,1,False
2015-03-01,VNM,THA,0.0437,2,True
2015-04-01,VNM,THA,0.0295,3,True
2015-05-01,VNM,THA,0.0137,4,True
2015-06-01,VNM,THA,0.0487,4,True
2015-07-01,VNM,THA,0.0666,3,False
2015-08-01,VNM,THA,0.1048,4,False
2015-09-01,VNM,THA,0.0695,3,False
2015-10-01,VNM,THA,0.0948,3,False
2015-11-01,VNM,THA,0.0914,3,False
2015-12-01,VNM,THA,0.2134,1,False
2016-01-01,VNM,THA,0.1834,3,False
2016-02-01,VNM,THA,0.1983,3,False
2016-03-01,VNM,THA,0.1674,3,False
2016-04-01,VNM,THA,0.1202,3,False
2016-05-01,VNM,THA,0.1417,3,False
2016-06-01,VNM,THA,0.1345,3,False
2016-07-01,VNM,THA,0.1498,3,False
2016-08-01,VNM,THA,0.1498,3,False
2016-09-01,VNM,THA,0.1763,2,False
2016-10-01,VNM,THA,0.179,3,False
2016-11-01,VNM,THA,0.1947,3,False
2016-12-01,VNM,THA,0.1804,3,False
2017-01-01,VNM,THA,0.1705,4,False
2017-02-01,VNM,THA,0.0849,3,False
2017-03-01,VNM,THA,0.031,2,True
2017-04-01,VNM,THA,0.208,1,False
2017-05-01,VNM,THA,0.2585,2,False
2017-06-01,VNM,THA,0.2521,3,False
2017-07-01,VNM,THA,0.2181,3,False
2017-08-01,VNM,THA,0.3189,2,False
2017-09-01,VNM,THA,0.373,1,False
2017-10-01,VNM,THA,0.6295,3,False
2017-11-01,VNM,THA,0.4655,2,False
2017-12-01,VNM,THA,0.4677,2,False
2018-01-01,VNM,THA,0.4266,2,False
2018-02-01,VNM,THA,0.3292,2,False
2018-03-01,VNM,THA,0.2717,2,False
2018-04-01,VNM,THA,0.1324,2,False
2018-05-01,VNM,THA,0.0777,2,False
2018-06-01,VNM,THA,0.0468,2,True
2018-07-01,VNM,THA,0.0204,3,True
2018-08-01,VNM,THA,0.0112,2,True
2018-09-01,VNM,THA,0.0121,2,True
2018-10-01,VNM,THA,0.0148,2,True
2018-11-01,VNM,THA,0.022,1,True
2018-12-01,VNM,THA,0.0409,4,True
2019-01-01,VNM,THA,0.0401,4,True
2019-02-01,VNM,THA,0.0111,4,True
2019-03-01,VNM,THA,0.0184,3,True
2019-04-01,VNM,THA,0.0058,2,True
2019-05-01,VNM,THA,0.0124,1,True
2019-06-01,VNM,THA,0.0137,2,True
2019-07-01,VNM,THA,0.0089,4,True
2019-08-01,VNM,THA,0.0067,2,True
2019-09-01,VNM,THA,0.0049,2,True
2019-10-01,VNM,THA,0.0061,2,True
2019-11-01,VNM,THA,0.0154,2,True
2019-12-01,VNM,THA,0.027,2,True
2020-01-01,VNM,THA,0.0227,2,True
2020-02-01,VNM,THA,0.0164,2,True
2020-03-01,VNM,THA,0.0168,1,True
2020-04-01,VNM,THA,0.0097,1,True
2020-05-01,VNM,THA,0.0078,2,True
2020-06-01,VNM,THA,0.0059,2,True
2020-07-01,VNM,THA,0.0004,3,True
2020-08-01,VNM,THA,0.0001,2,True
2020-09-01,VNM,THA,0.0032,2,True
2020-10-01,VNM,THA,0.0096,2,True
2020-11-01,VNM,THA,0.0364,2,True
2020-12-01,VNM,THA,0.038,2,True
2021-01-01,VNM,THA,0.0075,2,True
2021-02-01,VNM,THA,0.0172,4,True
2021-03-01,VNM,THA,0.0242,2,True
2021-04-01,VNM,THA,0.0676,4,False
2021-05-01,VNM,THA,0.0637,4,False
2021-06-01,VNM,THA,0.0758,3,False
2021-07-01,VNM,THA,0.0863,3,False
2021-08-01,VNM,THA,0.0816,3,False
2021-09-01,VNM,THA,0.1444,3,False
2021-10-01,VNM,THA,0.168,3,False
2021-11-01,VNM,THA,0.0981,3,False
2021-12-01,VNM,THA,0.0758,3,False
2022-01-01,VNM,THA,0.0597,3,False
2022-02-01,VNM,THA,0.1231,3,False
2022-03-01,VNM,THA,0.082,3,False
2022-04-01,VNM,THA,0.0512,3,False
2022-05-01,VNM,THA,0.0437,1,True
2022-06-01,VNM,THA,0.0454,3,True
2022-07-01,VNM,THA,0.0471,3,True
2022-08-01,VNM,THA,0.0304,1,True
2022-09-01,VNM,THA,0.0274,3,True
2022-10-01,VNM,THA,0.0302,1,True
2022-11-01,VNM,THA,0.0227,1,True
2022-12-01,VNM,THA,0.0273,1,True
2023-01-01,VNM,THA,0.0439,1,True
2023-02-01,VNM,THA,0.0253,3,True
2023-03-01,VNM,THA,0.0215,3,True
2023-04-01,VNM,THA,0.0374,3,True
2023-05-01,VNM,THA,0.0061,4,True
2023-06-01,VNM,THA,0.0107,3,True
2023-07-01,VNM,THA,0.0136,3,True
2023-08-01,VNM,THA,0.0148,3,True
2023-09-01,VNM,THA,0.039,3,True
2023-10-01,VNM,THA,0.0498,1,True
2023-11-01,VNM,THA,0.0466,1,True
2023-12-01,VNM,THA,0.0464,1,True
2024-01-01,VNM,THA,0.0461,1,True
2024-02-01,VNM,THA,0.0243,1,True
2024-03-01,VNM,THA,0.0344,1,True
2024-04-01,VNM,THA,0.0224,1,True
2024-05-01,VNM,THA,0.0069,1,True
2024-06-01,VNM,THA,0.0089,1,True
2024-07-01,VNM,THA,0.0081,1,True
2024-08-01,VNM,THA,0.0164,1,True
2024-09-01,VNM,THA,0.0284,1,True
2024-10-01,VNM,THA,0.0294,1,True
2024-11-01,VNM,THA,0.0067,1,True
2024-12-01,VNM,THA,0.0013,1,True
2025-01-01,VNM,THA,0.0011,1,True
2025-02-01,VNM,THA,0.0183,1,True
2025-03-01,VNM,THA,0.1791,1,False
2025-04-01,VNM,THA,0.2929,1,False
2025-05-01,VNM,THA,0.4842,1,False
2025-06-01,VNM,THA,0.5972,1,False
2025-07-01,VNM,THA,0.6248,4,False
2025-08-01,VNM,THA,0.8163,4,False
2025-09-01,VNM,THA,0.3553,4,False
2025-10-01,VNM,THA,0.2085,4,False
2025-11-01,VNM,THA,0.2097,4,False
2025-12-01,VNM,THA,0.1157,1,False
2026-01-01,VNM,THA,0.0943,1,False
2026-02-01,VNM,THA,0.1208,1,False
2026-03-01,VNM,THA,0.1294,1,False
2015-01-01,VNM,BRA,0.0124,2,True
2015-02-01,VNM,BRA,0.0028,1,True
2015-03-01,VNM,BRA,0.0456,1,True
2015-04-01,VNM,BRA,0.0618,1,False
2015-05-01,VNM,BRA,0.1152,1,False
2015-06-01,VNM,BRA,0.1029,1,False
2015-07-01,VNM,BRA,0.1108,1,False
2015-08-01,VNM,BRA,0.1206,1,False
2015-09-01,VNM,BRA,0.2682,1,False
2015-10-01,VNM,BRA,0.1984,1,False
2015-11-01,VNM,BRA,0.2475,1,False
2015-12-01,VNM,BRA,0.5675,1,False
2016-01-01,VNM,BRA,0.1995,1,False
2016-02-01,VNM,BRA,0.0153,4,True
2016-03-01,VNM,BRA,0.0021,3,True
2016-04-01,VNM,BRA,0.0005,2,True
2016-05-01,VNM,BRA,0.0002,1,True
2016-06-01,VNM,BRA,0.0012,2,True
2016-07-01,VNM,BRA,0.0004,1,True
2016-08-01,VNM,BRA,0.0051,1,True
2016-09-01,VNM,BRA,0.002,1,True
2016-10-01,VNM,BRA,0.0086,1,True
2016-11-01,VNM,BRA,0.0068,1,True
2016-12-01,VNM,BRA,0.0024,1,True
2017-01-01,VNM,BRA,0.005,2,True
2017-02-01,VNM,BRA,0.0001,1,True
2017-03-01,VNM,BRA,0.0011,1,True
2017-04-01,VNM,BRA,0.0237,1,True
2017-05-01,VNM,BRA,0.1758,2,False
2017-06-01,VNM,BRA,0.4356,2,False
2017-07-01,VNM,BRA,0.4258,2,False
2017-08-01,VNM,BRA,0.3118,4,False
2017-09-01,VNM,BRA,0.3845,3,False
2017-10-01,VNM,BRA,0.2069,2,False
2017-11-01,VNM,BRA,0.1713,4,False
2017-12-01,VNM,BRA,0.1431,4,False
2018-01-01,VNM,BRA,0.0397,4,True
2018-02-01,VNM,BRA,0.0112,1,True
2018-03-01,VNM,BRA,0.0024,1,True
2018-04-01,VNM,BRA,0.0001,1,True
2018-05-01,VNM,BRA,0.0002,1,True
2018-06-01,VNM,BRA,0.0002,1,True
2018-07-01,VNM,BRA,0.0001,1,True
2018-08-01,VNM,BRA,0.0001,1,True
2018-09-01,VNM,BRA,0.0001,1,True
2018-10-01,VNM,BRA,0.0001,1,True
2018-11-01,VNM,BRA,0.0001,1,True
2018-12-01,VNM,BRA,0.0002,1,True
2019-01-01,VNM,BRA,0.0003,1,True
2019-02-01,VNM,BRA,0.0002,1,True
2019-03-01,VNM,BRA,0.0001,1,True
2019-04-01,VNM,BRA,0.0001,1,True
2019-05-01,VNM,BRA,0.0002,1,True
2019-06-01,VNM,BRA,0.0004,1,True
2019-07-01,VNM,BRA,0.0026,1,True
2019-08-01,VNM,BRA,0.0029,1,True
2019-09-01,VNM,BRA,0.0068,1,True
2019-10-01,VNM,BRA,0.0186,1,True
2019-11-01,VNM,BRA,0.0238,1,True
2019-12-01,VNM,BRA,0.1041,1,False
2020-01-01,VNM,BRA,0.1976,1,False
2020-02-01,VNM,BRA,0.3877,1,False
2020-03-01,VNM,BRA,0.507,1,False
2020-04-01,VNM,BRA,0.5802,2,False
2020-05-01,VNM,BRA,0.6101,4,False
2020-06-01,VNM,BRA,0.4961,4,False
2020-07-01,VNM,BRA,0.3729,4,False
2020-08-01,VNM,BRA,0.243,4,False
2020-09-01,VNM,BRA,0.2928,4,False
2020-10-01,VNM,BRA,0.308,4,False
2020-11-01,VNM,BRA,0.2826,4,False
2020-12-01,VNM,BRA,0.2819,2,False
2021-01-01,VNM,BRA,0.2549,3,False
2021-02-01,VNM,BRA,0.2922,2,False
2021-03-01,VNM,BRA,0.0329,2,True
2021-04-01,VNM,BRA,0.0215,1,True
2021-05-01,VNM,BRA,0.0338,1,True
2021-06-01,VNM,BRA,0.03,2,True
2021-07-01,VNM,BRA,0.0272,1,True
2021-08-01,VNM,BRA,0.0273,2,True
2021-09-01,VNM,BRA,0.0228,2,True
2021-10-01,VNM,BRA,0.0272,2,True
2021-11-01,VNM,BRA,0.0251,4,True
2021-12-01,VNM,BRA,0.0292,4,True
2022-01-01,VNM,BRA,0.0228,4,True
2022-02-01,VNM,BRA,0.0276,1,True
2022-03-01,VNM,BRA,0.0404,1,True
2022-04-01,VNM,BRA,0.0347,1,True
2022-05-01,VNM,BRA,0.026,3,True
2022-06-01,VNM,BRA,0.0212,3,True
2022-07-01,VNM,BRA,0.0332,1,True
2022-08-01,VNM,BRA,0.0504,1,False
2022-09-01,VNM,BRA,0.0806,1,False
2022-10-01,VNM,BRA,0.0171,1,True
2022-11-01,VNM,BRA,0.0614,1,False
2022-12-01,VNM,BRA,0.1065,1,False
2023-01-01,VNM,BRA,0.1761,1,False
2023-02-01,VNM,BRA,0.1269,3,False
2023-03-01,VNM,BRA,0.1395,3,False
2023-04-01,VNM,BRA,0.0943,1,False
2023-05-01,VNM,BRA,0.09,1,False
2023-06-01,VNM,BRA,0.0943,1,False
2023-07-01,VNM,BRA,0.0626,1,False
2023-08-01,VNM,BRA,0.0311,1,True
2023-09-01,VNM,BRA,0.0129,1,True
2023-10-01,VNM,BRA,0.0109,1,True
2023-11-01,VNM,BRA,0.0096,1,True
2023-12-01,VNM,BRA,0.0108,1,True
2024-01-01,VNM,BRA,0.0075,1,True
2024-02-01,VNM,BRA,0.005,1,True
2024-03-01,VNM,BRA,0.0085,1,True
2024-04-01,VNM,BRA,0.0092,1,True
2024-05-01,VNM,BRA,0.0159,1,True
2024-06-01,VNM,BRA,0.042,1,True
2024-07-01,VNM,BRA,0.0323,1,True
2024-08-01,VNM,BRA,0.0637,1,False
2024-09-01,VNM,BRA,0.0456,1,True
2024-10-01,VNM,BRA,0.0685,1,False
2024-11-01,VNM,BRA,0.0794,1,False
2024-12-01,VNM,BRA,0.317,1,False
2025-01-01,VNM,BRA,0.5358,4,False
2025-02-01,VNM,BRA,0.3578,4,False
2025-03-01,VNM,BRA,0.5002,4,False
2025-04-01,VNM,BRA,0.6283,4,False
2025-05-01,VNM,BRA,0.7084,4,False
2025-06-01,VNM,BRA,0.624,3,False
2025-07-01,VNM,BRA,0.3218,4,False
2025-08-01,VNM,BRA,0.1056,3,False
2025-09-01,VNM,BRA,0.0939,2,False
2025-10-01,VNM,BRA,0.2695,2,False
2025-11-01,VNM,BRA,0.4322,2,False
2025-12-01,VNM,BRA,0.4168,2,False
2026-01-01,VNM,BRA,0.4054,2,False
2026-02-01,VNM,BRA,0.4362,4,False
2026-03-01,VNM,BRA,0.3284,2,False
2015-01-01,VNM,ZAF,0.0038,2,True
2015-02-01,VNM,ZAF,0.0097,1,True
2015-03-01,VNM,ZAF,0.1023,1,False
2015-04-01,VNM,ZAF,0.2758,1,False
2015-05-01,VNM,ZAF,0.3701,1,False
2015-06-01,VNM,ZAF,0.0861,1,False
2015-07-01,VNM,ZAF,0.1031,1,False
2015-08-01,VNM,ZAF,0.1312,1,False
2015-09-01,VNM,ZAF,0.552,1,False
2015-10-01,VNM,ZAF,0.359,1,False
2015-11-01,VNM,ZAF,0.113,1,False
2015-12-01,VNM,ZAF,0.1554,1,False
2016-01-01,VNM,ZAF,0.0559,1,False
2016-02-01,VNM,ZAF,0.0195,1,True
2016-03-01,VNM,ZAF,0.0207,1,True
2016-04-01,VNM,ZAF,0.0477,2,True
2016-05-01,VNM,ZAF,0.033,1,True
2016-06-01,VNM,ZAF,0.0443,1,True
2016-07-01,VNM,ZAF,0.0449,2,True
2016-08-01,VNM,ZAF,0.0358,3,True
2016-09-01,VNM,ZAF,0.0057,4,True
2016-10-01,VNM,ZAF,0.0119,3,True
2016-11-01,VNM,ZAF,0.0026,2,True
2016-12-01,VNM,ZAF,0.0048,1,True
2017-01-01,VNM,ZAF,0.011,1,True
2017-02-01,VNM,ZAF,0.0407,2,True
2017-03-01,VNM,ZAF,0.0507,4,False
2017-04-01,VNM,ZAF,0.0298,4,True
2017-05-01,VNM,ZAF,0.0454,4,True
2017-06-01,VNM,ZAF,0.0465,4,True
2017-07-01,VNM,ZAF,0.0731,4,False
2017-08-01,VNM,ZAF,0.0691,2,False
2017-09-01,VNM,ZAF,0.1002,4,False
2017-10-01,VNM,ZAF,0.0482,4,True
2017-11-01,VNM,ZAF,0.0187,4,True
2017-12-01,VNM,ZAF,0.002,4,True
2018-01-01,VNM,ZAF,0.0002,4,True
2018-02-01,VNM,ZAF,0.0343,4,True
2018-03-01,VNM,ZAF,0.0358,4,True
2018-04-01,VNM,ZAF,0.1316,4,False
2018-05-01,VNM,ZAF,0.113,4,False
2018-06-01,VNM,ZAF,0.1644,1,False
2018-07-01,VNM,ZAF,0.2373,1,False
2018-08-01,VNM,ZAF,0.5719,1,False
2018-09-01,VNM,ZAF,0.8354,2,False
2018-10-01,VNM,ZAF,0.4607,1,False
2018-11-01,VNM,ZAF,0.7312,1,False
2018-12-01,VNM,ZAF,0.5446,1,False
2019-01-01,VNM,ZAF,0.4123,1,False
2019-02-01,VNM,ZAF,0.3518,1,False
2019-03-01,VNM,ZAF,0.2832,1,False
2019-04-01,VNM,ZAF,0.2591,1,False
2019-05-01,VNM,ZAF,0.2762,1,False
2019-06-01,VNM,ZAF,0.189,1,False
2019-07-01,VNM,ZAF,0.0722,1,False
2019-08-01,VNM,ZAF,0.042,1,True
2019-09-01,VNM,ZAF,0.0441,1,True
2019-10-01,VNM,ZAF,0.0512,1,False
2019-11-01,VNM,ZAF,0.342,4,False
2019-12-01,VNM,ZAF,0.6105,4,False
2020-01-01,VNM,ZAF,0.4794,4,False
2020-02-01,VNM,ZAF,0.6033,4,False
2020-03-01,VNM,ZAF,0.6404,4,False
2020-04-01,VNM,ZAF,0.5932,2,False
2020-05-01,VNM,ZAF,0.6315,2,False
2020-06-01,VNM,ZAF,0.5462,1,False
2020-07-01,VNM,ZAF,0.525,2,False
2020-08-01,VNM,ZAF,0.3581,1,False
2020-09-01,VNM,ZAF,0.6551,4,False
2020-10-01,VNM,ZAF,0.6738,4,False
2020-11-01,VNM,ZAF,0.4973,2,False
2020-12-01,VNM,ZAF,0.5429,4,False
2021-01-01,VNM,ZAF,0.3238,4,False
2021-02-01,VNM,ZAF,0.3302,4,False
2021-03-01,VNM,ZAF,0.2412,4,False
2021-04-01,VNM,ZAF,0.2348,4,False
2021-05-01,VNM,ZAF,0.2704,4,False
2021-06-01,VNM,ZAF,0.2859,1,False
2021-07-01,VNM,ZAF,0.2368,1,False
2021-08-01,VNM,ZAF,0.1593,1,False
2021-09-01,VNM,ZAF,0.1299,1,False
2021-10-01,VNM,ZAF,0.1264,1,False
2021-11-01,VNM,ZAF,0.1594,1,False
2021-12-01,VNM,ZAF,0.0766,1,False
2022-01-01,VNM,ZAF,0.0215,1,True
2022-02-01,VNM,ZAF,0.0016,1,True
2022-03-01,VNM,ZAF,0.0003,1,True
2022-04-01,VNM,ZAF,0.0001,1,True
2022-05-01,VNM,ZAF,0.0006,1,True
2022-06-01,VNM,ZAF,0.0001,1,True
2022-07-01,VNM,ZAF,0.0,1,True
2022-08-01,VNM,ZAF,0.0,1,True
2022-09-01,VNM,ZAF,0.0,1,True
2022-10-01,VNM,ZAF,0.0001,1,True
2022-11-01,VNM,ZAF,0.0004,1,True
2022-12-01,VNM,ZAF,0.0002,1,True
2023-01-01,VNM,ZAF,0.0004,1,True
2023-02-01,VNM,ZAF,0.0026,1,True
2023-03-01,VNM,ZAF,0.005,1,True
2023-04-01,VNM,ZAF,0.0046,1,True
2023-05-01,VNM,ZAF,0.001,1,True
2023-06-01,VNM,ZAF,0.001,1,True
2023-07-01,VNM,ZAF,0.0004,1,True
2023-08-01,VNM,ZAF,0.0009,1,True
2023-09-01,VNM,ZAF,0.0021,1,True
2023-10-01,VNM,ZAF,0.0054,1,True
2023-11-01,VNM,ZAF,0.0283,1,True
2023-12-01,VNM,ZAF,0.0971,1,False
2024-01-01,VNM,ZAF,0.0934,1,False
2024-02-01,VNM,ZAF,0.0402,1,True
2024-03-01,VNM,ZAF,0.0555,1,False
2024-04-01,VNM,ZAF,0.1034,1,False
2024-05-01,VNM,ZAF,0.1591,1,False
2024-06-01,VNM,ZAF,0.1325,1,False
2024-07-01,VNM,ZAF,0.0672,1,False
2024-08-01,VNM,ZAF,0.0539,1,False
2024-09-01,VNM,ZAF,0.0605,1,False
2024-10-01,VNM,ZAF,0.0227,1,True
2024-11-01,VNM,ZAF,0.025,1,True
2024-12-01,VNM,ZAF,0.0171,1,True
2025-01-01,VNM,ZAF,0.1111,4,False
2025-02-01,VNM,ZAF,0.1103,4,False
2025-03-01,VNM,ZAF,0.0552,4,False
2025-04-01,VNM,ZAF,0.0331,4,True
2025-05-01,VNM,ZAF,0.0176,4,True
2025-06-01,VNM,ZAF,0.0091,1,True
2025-07-01,VNM,ZAF,0.0107,1,True
2025-08-01,VNM,ZAF,0.0129,1,True
2025-09-01,VNM,ZAF,0.0124,1,True
2025-10-01,VNM,ZAF,0.0851,4,False
2025-11-01,VNM,ZAF,0.0139,3,True
2025-12-01,VNM,ZAF,0.0122,4,True
2026-01-01,VNM,ZAF,0.0134,4,True
2026-02-01,VNM,ZAF,0.012,4,True
2026-03-01,VNM,ZAF,0.0198,4,True
2015-01-01,VNM,MEX,0.2414,1,False
2015-02-01,VNM,MEX,0.4088,1,False
2015-03-01,VNM,MEX,0.3365,1,False
2015-04-01,VNM,MEX,0.1439,1,False
2015-05-01,VNM,MEX,0.1526,1,False
2015-06-01,VNM,MEX,0.1091,1,False
2015-07-01,VNM,MEX,0.1637,2,False
2015-08-01,VNM,MEX,0.156,1,False
2015-09-01,VNM,MEX,0.117,1,False
2015-10-01,VNM,MEX,0.2189,2,False
2015-11-01,VNM,MEX,0.1632,1,False
2015-12-01,VNM,MEX,0.1331,1,False
2016-01-01,VNM,MEX,0.1145,1,False
2016-02-01,VNM,MEX,0.1222,1,False
2016-03-01,VNM,MEX,0.1566,1,False
2016-04-01,VNM,MEX,0.1549,1,False
2016-05-01,VNM,MEX,0.2025,1,False
2016-06-01,VNM,MEX,0.1879,1,False
2016-07-01,VNM,MEX,0.1428,1,False
2016-08-01,VNM,MEX,0.0848,1,False
2016-09-01,VNM,MEX,0.0649,1,False
2016-10-01,VNM,MEX,0.1184,1,False
2016-11-01,VNM,MEX,0.1191,1,False
2016-12-01,VNM,MEX,0.1076,1,False
2017-01-01,VNM,MEX,0.0488,1,True
2017-02-01,VNM,MEX,0.0726,1,False
2017-03-01,VNM,MEX,0.0155,1,True
2017-04-01,VNM,MEX,0.0087,1,True
2017-05-01,VNM,MEX,0.0062,1,True
2017-06-01,VNM,MEX,0.0119,1,True
2017-07-01,VNM,MEX,0.0233,1,True
2017-08-01,VNM,MEX,0.148,1,False
2017-09-01,VNM,MEX,0.3041,1,False
2017-10-01,VNM,MEX,0.2491,2,False
2017-11-01,VNM,MEX,0.1502,2,False
2017-12-01,VNM,MEX,0.0974,4,False
2018-01-01,VNM,MEX,0.0451,3,True
2018-02-01,VNM,MEX,0.0517,4,False
2018-03-01,VNM,MEX,0.012,1,True
2018-04-01,VNM,MEX,0.0066,1,True
2018-05-01,VNM,MEX,0.0065,1,True
2018-06-01,VNM,MEX,0.0074,1,True
2018-07-01,VNM,MEX,0.0086,1,True
2018-08-01,VNM,MEX,0.0106,1,True
2018-09-01,VNM,MEX,0.0131,1,True
2018-10-01,VNM,MEX,0.0106,1,True
2018-11-01,VNM,MEX,0.0134,1,True
2018-12-01,VNM,MEX,0.0578,1,False
2019-01-01,VNM,MEX,0.0416,1,True
2019-02-01,VNM,MEX,0.0443,1,True
2019-03-01,VNM,MEX,0.0784,1,False
2019-04-01,VNM,MEX,0.2092,1,False
2019-05-01,VNM,MEX,0.2688,1,False
2019-06-01,VNM,MEX,0.4246,1,False
2019-07-01,VNM,MEX,0.4698,1,False
2019-08-01,VNM,MEX,0.6685,1,False
2019-09-01,VNM,MEX,0.7625,4,False
2019-10-01,VNM,MEX,0.6076,3,False
2019-11-01,VNM,MEX,0.5779,2,False
2019-12-01,VNM,MEX,0.3717,1,False
2020-01-01,VNM,MEX,0.5777,1,False
2020-02-01,VNM,MEX,0.3426,1,False
2020-03-01,VNM,MEX,0.2194,1,False
2020-04-01,VNM,MEX,0.3692,1,False
2020-05-01,VNM,MEX,0.4079,1,False
2020-06-01,VNM,MEX,0.4563,1,False
2020-07-01,VNM,MEX,0.5334,1,False
2020-08-01,VNM,MEX,0.5835,1,False
2020-09-01,VNM,MEX,0.4124,4,False
2020-10-01,VNM,MEX,0.1717,3,False
2020-11-01,VNM,MEX,0.223,3,False
2020-12-01,VNM,MEX,0.2131,3,False
2021-01-01,VNM,MEX,0.1418,3,False
2021-02-01,VNM,MEX,0.0374,4,True
2021-03-01,VNM,MEX,0.0209,2,True
2021-04-01,VNM,MEX,0.0116,2,True
2021-05-01,VNM,MEX,0.0097,2,True
2021-06-01,VNM,MEX,0.0084,2,True
2021-07-01,VNM,MEX,0.0046,1,True
2021-08-01,VNM,MEX,0.0041,1,True
2021-09-01,VNM,MEX,0.0007,1,True
2021-10-01,VNM,MEX,0.0009,1,True
2021-11-01,VNM,MEX,0.0005,1,True
2021-12-01,VNM,MEX,0.001,1,True
2022-01-01,VNM,MEX,0.0008,1,True
2022-02-01,VNM,MEX,0.0012,1,True
2022-03-01,VNM,MEX,0.004,1,True
2022-04-01,VNM,MEX,0.0013,1,True
2022-05-01,VNM,MEX,0.002,1,True
2022-06-01,VNM,MEX,0.0035,1,True
2022-07-01,VNM,MEX,0.005,1,True
2022-08-01,VNM,MEX,0.0184,1,True
2022-09-01,VNM,MEX,0.0206,1,True
2022-10-01,VNM,MEX,0.005,1,True
2022-11-01,VNM,MEX,0.0017,4,True
2022-12-01,VNM,MEX,0.0039,1,True
2023-01-01,VNM,MEX,0.003,1,True
2023-02-01,VNM,MEX,0.0013,1,True
2023-03-01,VNM,MEX,0.0019,1,True
2023-04-01,VNM,MEX,0.0015,4,True
2023-05-01,VNM,MEX,0.0031,1,True
2023-06-01,VNM,MEX,0.0034,1,True
2023-07-01,VNM,MEX,0.0052,1,True
2023-08-01,VNM,MEX,0.0133,1,True
2023-09-01,VNM,MEX,0.0095,1,True
2023-10-01,VNM,MEX,0.0227,1,True
2023-11-01,VNM,MEX,0.0319,1,True
2023-12-01,VNM,MEX,0.0549,1,False
2024-01-01,VNM,MEX,0.0309,1,True
2024-02-01,VNM,MEX,0.0134,1,True
2024-03-01,VNM,MEX,0.0091,1,True
2024-04-01,VNM,MEX,0.0055,1,True
2024-05-01,VNM,MEX,0.0014,1,True
2024-06-01,VNM,MEX,0.0047,1,True
2024-07-01,VNM,MEX,0.004,1,True
2024-08-01,VNM,MEX,0.0055,1,True
2024-09-01,VNM,MEX,0.0035,1,True
2024-10-01,VNM,MEX,0.0035,1,True
2024-11-01,VNM,MEX,0.0017,1,True
2024-12-01,VNM,MEX,0.0037,1,True
2025-01-01,VNM,MEX,0.0566,1,False
2025-02-01,VNM,MEX,0.2035,4,False
2025-03-01,VNM,MEX,0.2142,4,False
2025-04-01,VNM,MEX,0.3348,4,False
2025-05-01,VNM,MEX,0.3815,4,False
2025-06-01,VNM,MEX,0.3934,3,False
2025-07-01,VNM,MEX,0.174,2,False
2025-08-01,VNM,MEX,0.3486,2,False
2025-09-01,VNM,MEX,0.3602,2,False
2025-10-01,VNM,MEX,0.3749,2,False
2025-11-01,VNM,MEX,0.464,2,False
2025-12-01,VNM,MEX,0.7697,4,False
2026-01-01,VNM,MEX,0.7167,1,False
2026-02-01,VNM,MEX,0.6891,1,False
2026-03-01,VNM,MEX,0.6384,1,False
2015-01-01,VNM,SGP,0.0283,3,True
2015-02-01,VNM,SGP,0.0226,3,True
2015-03-01,VNM,SGP,0.0306,3,True
2015-04-01,VNM,SGP,0.0415,1,True
2015-05-01,VNM,SGP,0.0683,4,False
2015-06-01,VNM,SGP,0.1135,1,False
2015-07-01,VNM,SGP,0.1245,3,False
2015-08-01,VNM,SGP,0.1464,2,False
2015-09-01,VNM,SGP,0.1341,1,False
2015-10-01,VNM,SGP,0.1838,1,False
2015-11-01,VNM,SGP,0.2449,1,False
2015-12-01,VNM,SGP,0.4258,3,False
2016-01-01,VNM,SGP,0.4878,1,False
2016-02-01,VNM,SGP,0.3876,1,False
2016-03-01,VNM,SGP,0.3624,1,False
2016-04-01,VNM,SGP,0.4073,1,False
2016-05-01,VNM,SGP,0.4045,3,False
2016-06-01,VNM,SGP,0.3372,3,False
2016-07-01,VNM,SGP,0.3322,3,False
2016-08-01,VNM,SGP,0.3243,3,False
2016-09-01,VNM,SGP,0.23,4,False
2016-10-01,VNM,SGP,0.113,3,False
2016-11-01,VNM,SGP,0.0718,3,False
2016-12-01,VNM,SGP,0.1049,3,False
2017-01-01,VNM,SGP,0.1088,3,False
2017-02-01,VNM,SGP,0.0338,3,True
2017-03-01,VNM,SGP,0.0259,3,True
2017-04-01,VNM,SGP,0.0568,3,False
2017-05-01,VNM,SGP,0.1359,3,False
2017-06-01,VNM,SGP,0.2257,3,False
2017-07-01,VNM,SGP,0.1006,3,False
2017-08-01,VNM,SGP,0.1246,4,False
2017-09-01,VNM,SGP,0.0628,4,False
2017-10-01,VNM,SGP,0.0081,4,True
2017-11-01,VNM,SGP,0.0087,4,True
2017-12-01,VNM,SGP,0.0029,4,True
2018-01-01,VNM,SGP,0.0049,4,True
2018-02-01,VNM,SGP,0.0036,4,True
2018-03-01,VNM,SGP,0.0046,4,True
2018-04-01,VNM,SGP,0.0038,4,True
2018-05-01,VNM,SGP,0.002,4,True
2018-06-01,VNM,SGP,0.0041,4,True
2018-07-01,VNM,SGP,0.0034,4,True
2018-08-01,VNM,SGP,0.0062,4,True
2018-09-01,VNM,SGP,0.0036,4,True
2018-10-01,VNM,SGP,0.0115,4,True
2018-11-01,VNM,SGP,0.0052,4,True
2018-12-01,VNM,SGP,0.0067,4,True
2019-01-01,VNM,SGP,0.0063,4,True
2019-02-01,VNM,SGP,0.0096,4,True
2019-03-01,VNM,SGP,0.0131,4,True
2019-04-01,VNM,SGP,0.0144,4,True
2019-05-01,VNM,SGP,0.0029,4,True
2019-06-01,VNM,SGP,0.0022,4,True
2019-07-01,VNM,SGP,0.0147,3,True
2019-08-01,VNM,SGP,0.0143,4,True
2019-09-01,VNM,SGP,0.0155,4,True
2019-10-01,VNM,SGP,0.0009,4,True
2019-11-01,VNM,SGP,0.0042,4,True
2019-12-01,VNM,SGP,0.0086,2,True
2020-01-01,VNM,SGP,0.0164,2,True
2020-02-01,VNM,SGP,0.0261,4,True
2020-03-01,VNM,SGP,0.0274,3,True
2020-04-01,VNM,SGP,0.0345,3,True
2020-05-01,VNM,SGP,0.105,3,False
2020-06-01,VNM,SGP,0.0424,3,True
2020-07-01,VNM,SGP,0.0349,3,True
2020-08-01,VNM,SGP,0.009,3,True
2020-09-01,VNM,SGP,0.0812,3,False
2020-10-01,VNM,SGP,0.0591,3,False
2020-11-01,VNM,SGP,0.1431,3,False
2020-12-01,VNM,SGP,0.1971,3,False
2021-01-01,VNM,SGP,0.28,3,False
2021-02-01,VNM,SGP,0.4971,2,False
2021-03-01,VNM,SGP,0.6419,4,False
2021-04-01,VNM,SGP,0.5767,4,False
2021-05-01,VNM,SGP,0.1973,1,False
2021-06-01,VNM,SGP,0.1802,1,False
2021-07-01,VNM,SGP,0.2098,1,False
2021-08-01,VNM,SGP,0.1696,1,False
2021-09-01,VNM,SGP,0.2211,1,False
2021-10-01,VNM,SGP,0.1684,1,False
2021-11-01,VNM,SGP,0.2147,1,False
2021-12-01,VNM,SGP,0.1943,1,False
2022-01-01,VNM,SGP,0.1505,1,False
2022-02-01,VNM,SGP,0.1642,1,False
2022-03-01,VNM,SGP,0.1854,1,False
2022-04-01,VNM,SGP,0.2284,1,False
2022-05-01,VNM,SGP,0.1952,1,False
2022-06-01,VNM,SGP,0.0694,1,False
2022-07-01,VNM,SGP,0.0382,1,True
2022-08-01,VNM,SGP,0.0226,2,True
2022-09-01,VNM,SGP,0.0079,1,True
2022-10-01,VNM,SGP,0.0055,1,True
2022-11-01,VNM,SGP,0.0019,1,True
2022-12-01,VNM,SGP,0.0026,2,True
2023-01-01,VNM,SGP,0.0009,1,True
2023-02-01,VNM,SGP,0.0013,1,True
2023-03-01,VNM,SGP,0.0015,1,True
2023-04-01,VNM,SGP,0.0007,4,True
2023-05-01,VNM,SGP,0.0001,3,True
2023-06-01,VNM,SGP,0.0003,2,True
2023-07-01,VNM,SGP,0.0004,1,True
2023-08-01,VNM,SGP,0.0003,1,True
2023-09-01,VNM,SGP,0.0006,1,True
2023-10-01,VNM,SGP,0.0006,1,True
2023-11-01,VNM,SGP,0.0043,1,True
2023-12-01,VNM,SGP,0.0035,1,True
2024-01-01,VNM,SGP,0.0046,1,True
2024-02-01,VNM,SGP,0.005,1,True
2024-03-01,VNM,SGP,0.0018,1,True
2024-04-01,VNM,SGP,0.0004,1,True
2024-05-01,VNM,SGP,0.0006,1,True
2024-06-01,VNM,SGP,0.0006,1,True
2024-07-01,VNM,SGP,0.0004,1,True
2024-08-01,VNM,SGP,0.0001,1,True
2024-09-01,VNM,SGP,0.0001,1,True
2024-10-01,VNM,SGP,0.0,1,True
2024-11-01,VNM,SGP,0.0,1,True
2024-12-01,VNM,SGP,0.0,1,True
2025-01-01,VNM,SGP,0.0,1,True
2025-02-01,VNM,SGP,0.0003,1,True
2025-03-01,VNM,SGP,0.0013,1,True
2025-04-01,VNM,SGP,0.0078,1,True
2025-05-01,VNM,SGP,0.0177,1,True
2025-06-01,VNM,SGP,0.0285,1,True
2025-07-01,VNM,SGP,0.0435,1,True
2025-08-01,VNM,SGP,0.0753,1,False
2025-09-01,VNM,SGP,0.0908,1,False
2025-10-01,VNM,SGP,0.1372,1,False
2025-11-01,VNM,SGP,0.0537,1,False
2025-12-01,VNM,SGP,0.0654,1,False
2026-01-01,VNM,SGP,0.1226,1,False
2026-02-01,VNM,SGP,0.1799,1,False
2026-03-01,VNM,SGP,0.2296,1,False
2015-01-01,VNM,KOR,0.077,2,False
2015-02-01,VNM,KOR,0.0429,2,True
2015-03-01,VNM,KOR,0.0255,2,True
2015-04-01,VNM,KOR,0.0055,2,True
2015-05-01,VNM,KOR,0.0022,2,True
2015-06-01,VNM,KOR,0.0394,1,True
2015-07-01,VNM,KOR,0.0818,2,False
2015-08-01,VNM,KOR,0.09,2,False
2015-09-01,VNM,KOR,0.0437,2,True
2015-10-01,VNM,KOR,0.0603,2,False
2015-11-01,VNM,KOR,0.3234,2,False
2015-12-01,VNM,KOR,0.1935,4,False
2016-01-01,VNM,KOR,0.2026,2,False
2016-02-01,VNM,KOR,0.0953,2,False
2016-03-01,VNM,KOR,0.1807,2,False
2016-04-01,VNM,KOR,0.2155,2,False
2016-05-01,VNM,KOR,0.319,2,False
2016-06-01,VNM,KOR,0.6102,1,False
2016-07-01,VNM,KOR,0.3468,1,False
2016-08-01,VNM,KOR,0.2311,1,False
2016-09-01,VNM,KOR,0.1374,1,False
2016-10-01,VNM,KOR,0.1612,1,False
2016-11-01,VNM,KOR,0.1833,1,False
2016-12-01,VNM,KOR,0.3557,1,False
2017-01-01,VNM,KOR,0.311,1,False
2017-02-01,VNM,KOR,0.1977,2,False
2017-03-01,VNM,KOR,0.2288,2,False
2017-04-01,VNM,KOR,0.1001,2,False
2017-05-01,VNM,KOR,0.1404,2,False
2017-06-01,VNM,KOR,0.1499,2,False
2017-07-01,VNM,KOR,0.1565,2,False
2017-08-01,VNM,KOR,0.2049,2,False
2017-09-01,VNM,KOR,0.2282,1,False
2017-10-01,VNM,KOR,0.2224,1,False
2017-11-01,VNM,KOR,0.1737,2,False
2017-12-01,VNM,KOR,0.1604,1,False
2018-01-01,VNM,KOR,0.3118,1,False
2018-02-01,VNM,KOR,0.4549,4,False
2018-03-01,VNM,KOR,0.4584,4,False
2018-04-01,VNM,KOR,0.2878,4,False
2018-05-01,VNM,KOR,0.2836,4,False
2018-06-01,VNM,KOR,0.1629,4,False
2018-07-01,VNM,KOR,0.1374,4,False
2018-08-01,VNM,KOR,0.0935,4,False
2018-09-01,VNM,KOR,0.1889,4,False
2018-10-01,VNM,KOR,0.3376,1,False
2018-11-01,VNM,KOR,0.4245,4,False
2018-12-01,VNM,KOR,0.4962,3,False
2019-01-01,VNM,KOR,0.5178,3,False
2019-02-01,VNM,KOR,0.2756,4,False
2019-03-01,VNM,KOR,0.3893,3,False
2019-04-01,VNM,KOR,0.3685,4,False
2019-05-01,VNM,KOR,0.4196,4,False
2019-06-01,VNM,KOR,0.3637,4,False
2019-07-01,VNM,KOR,0.4668,1,False
2019-08-01,VNM,KOR,0.5879,4,False
2019-09-01,VNM,KOR,0.4901,4,False
2019-10-01,VNM,KOR,0.3052,1,False
2019-11-01,VNM,KOR,0.4514,3,False
2019-12-01,VNM,KOR,0.2637,2,False
2020-01-01,VNM,KOR,0.4702,2,False
2020-02-01,VNM,KOR,0.2915,2,False
2020-03-01,VNM,KOR,0.396,2,False
2020-04-01,VNM,KOR,0.3857,2,False
2020-05-01,VNM,KOR,0.1898,2,False
2020-06-01,VNM,KOR,0.1983,2,False
2020-07-01,VNM,KOR,0.1038,4,False
2020-08-01,VNM,KOR,0.21,2,False
2020-09-01,VNM,KOR,0.0489,2,True
2020-10-01,VNM,KOR,0.0615,3,False
2020-11-01,VNM,KOR,0.1023,2,False
2020-12-01,VNM,KOR,0.0907,2,False
2021-01-01,VNM,KOR,0.0792,2,False
2021-02-01,VNM,KOR,0.0377,4,True
2021-03-01,VNM,KOR,0.0057,3,True
2021-04-01,VNM,KOR,0.0027,2,True
2021-05-01,VNM,KOR,0.0047,2,True
2021-06-01,VNM,KOR,0.0037,2,True
2021-07-01,VNM,KOR,0.0022,2,True
2021-08-01,VNM,KOR,0.0026,2,True
2021-09-01,VNM,KOR,0.0023,1,True
2021-10-01,VNM,KOR,0.0023,1,True
2021-11-01,VNM,KOR,0.0009,1,True
2021-12-01,VNM,KOR,0.0006,1,True
2022-01-01,VNM,KOR,0.0015,1,True
2022-02-01,VNM,KOR,0.0013,1,True
2022-03-01,VNM,KOR,0.0015,2,True
2022-04-01,VNM,KOR,0.001,1,True
2022-05-01,VNM,KOR,0.0015,1,True
2022-06-01,VNM,KOR,0.0042,1,True
2022-07-01,VNM,KOR,0.0045,1,True
2022-08-01,VNM,KOR,0.0025,2,True
2022-09-01,VNM,KOR,0.0064,1,True
2022-10-01,VNM,KOR,0.0072,2,True
2022-11-01,VNM,KOR,0.0043,1,True
2022-12-01,VNM,KOR,0.0063,1,True
2023-01-01,VNM,KOR,0.0046,1,True
2023-02-01,VNM,KOR,0.0051,1,True
2023-03-01,VNM,KOR,0.009,1,True
2023-04-01,VNM,KOR,0.0346,1,True
2023-05-01,VNM,KOR,0.0619,2,False
2023-06-01,VNM,KOR,0.023,1,True
2023-07-01,VNM,KOR,0.0601,1,False
2023-08-01,VNM,KOR,0.0361,1,True
2023-09-01,VNM,KOR,0.0448,1,True
2023-10-01,VNM,KOR,0.0805,1,False
2023-11-01,VNM,KOR,0.0735,1,False
2023-12-01,VNM,KOR,0.1621,1,False
2024-01-01,VNM,KOR,0.2152,1,False
2024-02-01,VNM,KOR,0.0947,1,False
2024-03-01,VNM,KOR,0.0174,1,True
2024-04-01,VNM,KOR,0.0931,4,False
2024-05-01,VNM,KOR,0.0706,4,False
2024-06-01,VNM,KOR,0.187,4,False
2024-07-01,VNM,KOR,0.0058,4,True
2024-08-01,VNM,KOR,0.0131,4,True
2024-09-01,VNM,KOR,0.0139,4,True
2024-10-01,VNM,KOR,0.0105,4,True
2024-11-01,VNM,KOR,0.0112,4,True
2024-12-01,VNM,KOR,0.0109,1,True
2025-01-01,VNM,KOR,0.0201,1,True
2025-02-01,VNM,KOR,0.0569,1,False
2025-03-01,VNM,KOR,0.0759,4,False
2025-04-01,VNM,KOR,0.0633,4,False
2025-05-01,VNM,KOR,0.2184,4,False
2025-06-01,VNM,KOR,0.1849,4,False
2025-07-01,VNM,KOR,0.1511,4,False
2025-08-01,VNM,KOR,0.0479,4,True
2025-09-01,VNM,KOR,0.1129,4,False
2025-10-01,VNM,KOR,0.1469,4,False
2025-11-01,VNM,KOR,0.2541,4,False
2025-12-01,VNM,KOR,0.1659,4,False
2026-01-01,VNM,KOR,0.1865,4,False
2026-02-01,VNM,KOR,0.3747,3,False
2026-03-01,VNM,KOR,0.1204,4,False
2015-01-01,VNM,GBR,0.0079,4,True
2015-02-01,VNM,GBR,0.0079,4,True
2015-03-01,VNM,GBR,0.0576,4,False
2015-04-01,VNM,GBR,0.1008,4,False
2015-05-01,VNM,GBR,0.1644,1,False
2015-06-01,VNM,GBR,0.186,1,False
2015-07-01,VNM,GBR,0.1265,1,False
2015-08-01,VNM,GBR,0.1192,1,False
2015-09-01,VNM,GBR,0.1457,1,False
2015-10-01,VNM,GBR,0.1658,1,False
2015-11-01,VNM,GBR,0.1345,1,False
2015-12-01,VNM,GBR,0.0365,1,True
2016-01-01,VNM,GBR,0.1066,2,False
2016-02-01,VNM,GBR,0.0485,1,True
2016-03-01,VNM,GBR,0.4481,1,False
2016-04-01,VNM,GBR,0.5897,4,False
2016-05-01,VNM,GBR,0.5921,4,False
2016-06-01,VNM,GBR,0.5856,1,False
2016-07-01,VNM,GBR,0.5598,1,False
2016-08-01,VNM,GBR,0.5227,1,False
2016-09-01,VNM,GBR,0.4686,1,False
2016-10-01,VNM,GBR,0.3779,1,False
2016-11-01,VNM,GBR,0.3751,1,False
2016-12-01,VNM,GBR,0.3933,1,False
2017-01-01,VNM,GBR,0.3092,1,False
2017-02-01,VNM,GBR,0.1434,2,False
2017-03-01,VNM,GBR,0.1938,1,False
2017-04-01,VNM,GBR,0.179,2,False
2017-05-01,VNM,GBR,0.2151,3,False
2017-06-01,VNM,GBR,0.1996,4,False
2017-07-01,VNM,GBR,0.7363,4,False
2017-08-01,VNM,GBR,0.4974,1,False
2017-09-01,VNM,GBR,0.335,1,False
2017-10-01,VNM,GBR,0.42,1,False
2017-11-01,VNM,GBR,0.4655,1,False
2017-12-01,VNM,GBR,0.2526,1,False
2018-01-01,VNM,GBR,0.2401,4,False
2018-02-01,VNM,GBR,0.2651,4,False
2018-03-01,VNM,GBR,0.2999,4,False
2018-04-01,VNM,GBR,0.1756,2,False
2018-05-01,VNM,GBR,0.1572,2,False
2018-06-01,VNM,GBR,0.0921,2,False
2018-07-01,VNM,GBR,0.055,2,False
2018-08-01,VNM,GBR,0.0206,2,True
2018-09-01,VNM,GBR,0.0378,2,True
2018-10-01,VNM,GBR,0.0379,2,True
2018-11-01,VNM,GBR,0.0143,4,True
2018-12-01,VNM,GBR,0.0051,4,True
2019-01-01,VNM,GBR,0.003,4,True
2019-02-01,VNM,GBR,0.0033,3,True
2019-03-01,VNM,GBR,0.0058,2,True
2019-04-01,VNM,GBR,0.0087,1,True
2019-05-01,VNM,GBR,0.0125,3,True
2019-06-01,VNM,GBR,0.0157,3,True
2019-07-01,VNM,GBR,0.0203,3,True
2019-08-01,VNM,GBR,0.0349,3,True
2019-09-01,VNM,GBR,0.0278,3,True
2019-10-01,VNM,GBR,0.0277,4,True
2019-11-01,VNM,GBR,0.0179,3,True
2019-12-01,VNM,GBR,0.0148,2,True
2020-01-01,VNM,GBR,0.0344,2,True
2020-02-01,VNM,GBR,0.0236,2,True
2020-03-01,VNM,GBR,0.023,2,True
2020-04-01,VNM,GBR,0.0116,2,True
2020-05-01,VNM,GBR,0.0143,2,True
2020-06-01,VNM,GBR,0.0162,2,True
2020-07-01,VNM,GBR,0.0043,4,True
2020-08-01,VNM,GBR,0.0039,3,True
2020-09-01,VNM,GBR,0.0044,4,True
2020-10-01,VNM,GBR,0.0128,4,True
2020-11-01,VNM,GBR,0.0122,1,True
2020-12-01,VNM,GBR,0.0232,1,True
2021-01-01,VNM,GBR,0.0344,1,True
2021-02-01,VNM,GBR,0.1011,2,False
2021-03-01,VNM,GBR,0.2038,1,False
2021-04-01,VNM,GBR,0.2727,1,False
2021-05-01,VNM,GBR,0.7829,3,False
2021-06-01,VNM,GBR,0.5721,3,False
2021-07-01,VNM,GBR,0.4367,3,False
2021-08-01,VNM,GBR,0.2302,1,False
2021-09-01,VNM,GBR,0.1424,1,False
2021-10-01,VNM,GBR,0.2117,1,False
2021-11-01,VNM,GBR,0.2041,3,False
2021-12-01,VNM,GBR,0.0359,1,True
2022-01-01,VNM,GBR,0.1739,1,False
2022-02-01,VNM,GBR,0.0092,1,True
2022-03-01,VNM,GBR,0.003,1,True
2022-04-01,VNM,GBR,0.0025,2,True
2022-05-01,VNM,GBR,0.0007,2,True
2022-06-01,VNM,GBR,0.0007,1,True
2022-07-01,VNM,GBR,0.0003,2,True
2022-08-01,VNM,GBR,0.0003,1,True
2022-09-01,VNM,GBR,0.0004,1,True
2022-10-01,VNM,GBR,0.0006,1,True
2022-11-01,VNM,GBR,0.0004,1,True
2022-12-01,VNM,GBR,0.0004,1,True
2023-01-01,VNM,GBR,0.0008,1,True
2023-02-01,VNM,GBR,0.0012,2,True
2023-03-01,VNM,GBR,0.0064,2,True
2023-04-01,VNM,GBR,0.0033,1,True
2023-05-01,VNM,GBR,0.0094,1,True
2023-06-01,VNM,GBR,0.0103,4,True
2023-07-01,VNM,GBR,0.0023,4,True
2023-08-01,VNM,GBR,0.0019,4,True
2023-09-01,VNM,GBR,0.0023,4,True
2023-10-01,VNM,GBR,0.0,4,True
2023-11-01,VNM,GBR,0.0,4,True
2023-12-01,VNM,GBR,0.0001,4,True
2024-01-01,VNM,GBR,0.0001,4,True
2024-02-01,VNM,GBR,0.005,4,True
2024-03-01,VNM,GBR,0.01,4,True
2024-04-01,VNM,GBR,0.0099,4,True
2024-05-01,VNM,GBR,0.0037,1,True
2024-06-01,VNM,GBR,0.0009,1,True
2024-07-01,VNM,GBR,0.0014,1,True
2024-08-01,VNM,GBR,0.0006,1,True
2024-09-01,VNM,GBR,0.0012,1,True
2024-10-01,VNM,GBR,0.0004,1,True
2024-11-01,VNM,GBR,0.0002,1,True
2024-12-01,VNM,GBR,0.0,1,True
2025-01-01,VNM,GBR,0.0,1,True
2025-02-01,VNM,GBR,0.0,1,True
2025-03-01,VNM,GBR,0.0001,1,True
2025-04-01,VNM,GBR,0.0014,1,True
2025-05-01,VNM,GBR,0.0118,1,True
2025-06-01,VNM,GBR,0.0314,1,True
2025-07-01,VNM,GBR,0.0562,1,False
2025-08-01,VNM,GBR,0.0797,1,False
2025-09-01,VNM,GBR,0.1147,1,False
2025-10-01,VNM,GBR,0.0635,1,False
2025-11-01,VNM,GBR,0.0477,1,True
2025-12-01,VNM,GBR,0.0253,1,True
2026-01-01,VNM,GBR,0.0126,1,True
2026-02-01,VNM,GBR,0.0446,1,True
2026-03-01,VNM,GBR,0.0125,4,True
2015-01-01,VNM,USA,0.5326,1,False
2015-02-01,VNM,USA,0.508,1,False
2015-03-01,VNM,USA,0.2947,1,False
2015-04-01,VNM,USA,0.2493,1,False
2015-05-01,VNM,USA,0.1201,1,False
2015-06-01,VNM,USA,0.087,1,False
2015-07-01,VNM,USA,0.1215,1,False
2015-08-01,VNM,USA,0.1094,1,False
2015-09-01,VNM,USA,0.0896,1,False
2015-10-01,VNM,USA,0.1079,1,False
2015-11-01,VNM,USA,0.1154,1,False
2015-12-01,VNM,USA,0.097,1,False
2016-01-01,VNM,USA,0.0719,1,False
2016-02-01,VNM,USA,0.1095,1,False
2016-03-01,VNM,USA,0.0871,1,False
2016-04-01,VNM,USA,0.0941,1,False
2016-05-01,VNM,USA,0.0615,1,False
2016-06-01,VNM,USA,0.0633,1,False
2016-07-01,VNM,USA,0.0651,1,False
2016-08-01,VNM,USA,0.0703,1,False
2016-09-01,VNM,USA,0.0169,4,True
2016-10-01,VNM,USA,0.0216,4,True
2016-11-01,VNM,USA,0.0074,2,True
2016-12-01,VNM,USA,0.0133,2,True
2017-01-01,VNM,USA,0.0114,4,True
2017-02-01,VNM,USA,0.0079,3,True
2017-03-01,VNM,USA,0.0009,2,True
2017-04-01,VNM,USA,0.0013,2,True
2017-05-01,VNM,USA,0.0007,2,True
2017-06-01,VNM,USA,0.0058,1,True
2017-07-01,VNM,USA,0.0221,2,True
2017-08-01,VNM,USA,0.0333,2,True
2017-09-01,VNM,USA,0.0373,2,True
2017-10-01,VNM,USA,0.0593,2,False
2017-11-01,VNM,USA,0.0404,2,True
2017-12-01,VNM,USA,0.0864,2,False
2018-01-01,VNM,USA,0.0859,4,False
2018-02-01,VNM,USA,0.0421,4,True
2018-03-01,VNM,USA,0.0275,4,True
2018-04-01,VNM,USA,0.0202,1,True
2018-05-01,VNM,USA,0.0138,1,True
2018-06-01,VNM,USA,0.0074,4,True
2018-07-01,VNM,USA,0.0105,4,True
2018-08-01,VNM,USA,0.0075,4,True
2018-09-01,VNM,USA,0.0049,4,True
2018-10-01,VNM,USA,0.0075,4,True
2018-11-01,VNM,USA,0.0115,4,True
2018-12-01,VNM,USA,0.0205,4,True
2019-01-01,VNM,USA,0.0106,4,True
2019-02-01,VNM,USA,0.0097,4,True
2019-03-01,VNM,USA,0.0144,4,True
2019-04-01,VNM,USA,0.0155,4,True
2019-05-01,VNM,USA,0.0125,4,True
2019-06-01,VNM,USA,0.0155,4,True
2019-07-01,VNM,USA,0.0069,4,True
2019-08-01,VNM,USA,0.0027,4,True
2019-09-01,VNM,USA,0.0015,4,True
2019-10-01,VNM,USA,0.0023,4,True
2019-11-01,VNM,USA,0.0124,4,True
2019-12-01,VNM,USA,0.0048,4,True
2020-01-01,VNM,USA,0.0078,4,True
2020-02-01,VNM,USA,0.0042,4,True
2020-03-01,VNM,USA,0.0052,4,True
2020-04-01,VNM,USA,0.0093,4,True
2020-05-01,VNM,USA,0.0049,4,True
2020-06-01,VNM,USA,0.0105,4,True
2020-07-01,VNM,USA,0.0062,4,True
2020-08-01,VNM,USA,0.0038,1,True
2020-09-01,VNM,USA,0.0097,2,True
2020-10-01,VNM,USA,0.0076,2,True
2020-11-01,VNM,USA,0.0015,2,True
2020-12-01,VNM,USA,0.0009,1,True
2021-01-01,VNM,USA,0.0009,1,True
2021-02-01,VNM,USA,0.0063,2,True
2021-03-01,VNM,USA,0.0887,2,False
2021-04-01,VNM,USA,0.31,1,False
2021-05-01,VNM,USA,0.1494,1,False
2021-06-01,VNM,USA,0.2343,1,False
2021-07-01,VNM,USA,0.4784,1,False
2021-08-01,VNM,USA,0.9125,4,False
2021-09-01,VNM,USA,0.8321,1,False
2021-10-01,VNM,USA,0.4698,1,False
2021-11-01,VNM,USA,0.3854,1,False
2021-12-01,VNM,USA,0.3564,1,False
2022-01-01,VNM,USA,0.4545,1,False
2022-02-01,VNM,USA,0.1765,1,False
2022-03-01,VNM,USA,0.185,2,False
2022-04-01,VNM,USA,0.1343,1,False
2022-05-01,VNM,USA,0.1235,4,False
2022-06-01,VNM,USA,0.0874,4,False
2022-07-01,VNM,USA,0.0727,3,False
2022-08-01,VNM,USA,0.0547,4,False
2022-09-01,VNM,USA,0.0254,4,True
2022-10-01,VNM,USA,0.0172,4,True
2022-11-01,VNM,USA,0.0199,2,True
2022-12-01,VNM,USA,0.0175,2,True
2023-01-01,VNM,USA,0.0227,4,True
2023-02-01,VNM,USA,0.0202,2,True
2023-03-01,VNM,USA,0.0536,2,False
2023-04-01,VNM,USA,0.0517,2,False
2023-05-01,VNM,USA,0.0752,1,False
2023-06-01,VNM,USA,0.0732,3,False
2023-07-01,VNM,USA,0.0828,3,False
2023-08-01,VNM,USA,0.0443,3,True
2023-09-01,VNM,USA,0.0461,3,True
2023-10-01,VNM,USA,0.0595,4,False
2023-11-01,VNM,USA,0.0717,4,False
2023-12-01,VNM,USA,0.0667,2,False
2024-01-01,VNM,USA,0.0263,4,True
2024-02-01,VNM,USA,0.0137,3,True
2024-03-01,VNM,USA,0.0388,3,True
2024-04-01,VNM,USA,0.0221,1,True
2024-05-01,VNM,USA,0.0153,1,True
2024-06-01,VNM,USA,0.0044,1,True
2024-07-01,VNM,USA,0.0033,1,True
2024-08-01,VNM,USA,0.0033,1,True
2024-09-01,VNM,USA,0.0024,1,True
2024-10-01,VNM,USA,0.0052,1,True
2024-11-01,VNM,USA,0.0023,1,True
2024-12-01,VNM,USA,0.0001,1,True
2025-01-01,VNM,USA,0.003,1,True
2025-02-01,VNM,USA,0.0138,1,True
2025-03-01,VNM,USA,0.105,1,False
2025-04-01,VNM,USA,0.2856,3,False
2025-05-01,VNM,USA,0.3605,1,False
2025-06-01,VNM,USA,0.3897,3,False
2025-07-01,VNM,USA,0.4421,3,False
2025-08-01,VNM,USA,0.6726,3,False
2025-09-01,VNM,USA,0.7753,4,False
2025-10-01,VNM,USA,0.7023,3,False
2025-11-01,VNM,USA,0.6668,1,False
2025-12-01,VNM,USA,0.4806,1,False
2026-01-01,VNM,USA,0.6697,1,False
2026-02-01,VNM,USA,0.7922,1,False
2026-03-01,VNM,USA,0.8526,1,False
2015-01-01,VNM,DEU,0.0309,4,True
2015-02-01,VNM,DEU,0.0179,4,True
2015-03-01,VNM,DEU,0.0448,4,True
2015-04-01,VNM,DEU,0.0915,4,False
2015-05-01,VNM,DEU,0.1284,4,False
2015-06-01,VNM,DEU,0.1381,4,False
2015-07-01,VNM,DEU,0.1145,4,False
2015-08-01,VNM,DEU,0.1011,4,False
2015-09-01,VNM,DEU,0.2125,4,False
2015-10-01,VNM,DEU,0.1503,4,False
2015-11-01,VNM,DEU,0.2482,4,False
2015-12-01,VNM,DEU,0.1611,2,False
2016-01-01,VNM,DEU,0.1625,2,False
2016-02-01,VNM,DEU,0.202,2,False
2016-03-01,VNM,DEU,0.1587,2,False
2016-04-01,VNM,DEU,0.1922,2,False
2016-05-01,VNM,DEU,0.3751,1,False
2016-06-01,VNM,DEU,0.3412,2,False
2016-07-01,VNM,DEU,0.2039,1,False
2016-08-01,VNM,DEU,0.1844,2,False
2016-09-01,VNM,DEU,0.1154,1,False
2016-10-01,VNM,DEU,0.1329,1,False
2016-11-01,VNM,DEU,0.1776,1,False
2016-12-01,VNM,DEU,0.2177,1,False
2017-01-01,VNM,DEU,0.2056,1,False
2017-02-01,VNM,DEU,0.2833,1,False
2017-03-01,VNM,DEU,0.3064,1,False
2017-04-01,VNM,DEU,0.2799,3,False
2017-05-01,VNM,DEU,0.086,2,False
2017-06-01,VNM,DEU,0.0736,1,False
2017-07-01,VNM,DEU,0.0635,2,False
2017-08-01,VNM,DEU,0.0681,1,False
2017-09-01,VNM,DEU,0.1553,2,False
2017-10-01,VNM,DEU,0.1453,1,False
2017-11-01,VNM,DEU,0.159,2,False
2017-12-01,VNM,DEU,0.1697,2,False
2018-01-01,VNM,DEU,0.1729,2,False
2018-02-01,VNM,DEU,0.3682,2,False
2018-03-01,VNM,DEU,0.2864,1,False
2018-04-01,VNM,DEU,0.1676,1,False
2018-05-01,VNM,DEU,0.0937,1,False
2018-06-01,VNM,DEU,0.1162,1,False
2018-07-01,VNM,DEU,0.0996,1,False
2018-08-01,VNM,DEU,0.0705,1,False
2018-09-01,VNM,DEU,0.0657,1,False
2018-10-01,VNM,DEU,0.075,2,False
2018-11-01,VNM,DEU,0.0555,2,False
2018-12-01,VNM,DEU,0.027,2,True
2019-01-01,VNM,DEU,0.011,2,True
2019-02-01,VNM,DEU,0.0046,2,True
2019-03-01,VNM,DEU,0.0212,2,True
2019-04-01,VNM,DEU,0.0085,2,True
2019-05-01,VNM,DEU,0.0118,2,True
2019-06-01,VNM,DEU,0.0049,4,True
2019-07-01,VNM,DEU,0.0043,4,True
2019-08-01,VNM,DEU,0.0012,2,True
2019-09-01,VNM,DEU,0.0035,2,True
2019-10-01,VNM,DEU,0.0014,2,True
2019-11-01,VNM,DEU,0.0059,2,True
2019-12-01,VNM,DEU,0.0061,2,True
2020-01-01,VNM,DEU,0.0073,2,True
2020-02-01,VNM,DEU,0.0038,2,True
2020-03-01,VNM,DEU,0.0172,2,True
2020-04-01,VNM,DEU,0.0107,2,True
2020-05-01,VNM,DEU,0.0491,2,True
2020-06-01,VNM,DEU,0.0283,2,True
2020-07-01,VNM,DEU,0.0168,2,True
2020-08-01,VNM,DEU,0.0266,2,True
2020-09-01,VNM,DEU,0.0242,1,True
2020-10-01,VNM,DEU,0.007,1,True
2020-11-01,VNM,DEU,0.0086,1,True
2020-12-01,VNM,DEU,0.0101,1,True
2021-01-01,VNM,DEU,0.008,1,True
2021-02-01,VNM,DEU,0.0493,1,True
2021-03-01,VNM,DEU,0.2674,3,False
2021-04-01,VNM,DEU,0.2781,3,False
2021-05-01,VNM,DEU,0.2761,3,False
2021-06-01,VNM,DEU,0.3416,3,False
2021-07-01,VNM,DEU,0.4764,3,False
2021-08-01,VNM,DEU,0.2509,4,False
2021-09-01,VNM,DEU,0.1266,3,False
2021-10-01,VNM,DEU,0.1038,3,False
2021-11-01,VNM,DEU,0.0551,3,False
2021-12-01,VNM,DEU,0.089,4,False
2022-01-01,VNM,DEU,0.0831,4,False
2022-02-01,VNM,DEU,0.0477,1,True
2022-03-01,VNM,DEU,0.0263,1,True
2022-04-01,VNM,DEU,0.0315,1,True
2022-05-01,VNM,DEU,0.0313,1,True
2022-06-01,VNM,DEU,0.0104,1,True
2022-07-01,VNM,DEU,0.0094,1,True
2022-08-01,VNM,DEU,0.0156,1,True
2022-09-01,VNM,DEU,0.019,1,True
2022-10-01,VNM,DEU,0.0063,1,True
2022-11-01,VNM,DEU,0.0066,1,True
2022-12-01,VNM,DEU,0.0056,1,True
2023-01-01,VNM,DEU,0.0161,1,True
2023-02-01,VNM,DEU,0.0249,1,True
2023-03-01,VNM,DEU,0.0051,4,True
2023-04-01,VNM,DEU,0.0249,1,True
2023-05-01,VNM,DEU,0.0145,1,True
2023-06-01,VNM,DEU,0.0019,1,True
2023-07-01,VNM,DEU,0.0034,1,True
2023-08-01,VNM,DEU,0.0034,1,True
2023-09-01,VNM,DEU,0.0061,1,True
2023-10-01,VNM,DEU,0.0031,1,True
2023-11-01,VNM,DEU,0.0058,1,True
2023-12-01,VNM,DEU,0.0074,1,True
2024-01-01,VNM,DEU,0.0077,1,True
2024-02-01,VNM,DEU,0.0058,1,True
2024-03-01,VNM,DEU,0.0041,1,True
2024-04-01,VNM,DEU,0.0004,1,True
2024-05-01,VNM,DEU,0.0002,1,True
2024-06-01,VNM,DEU,0.0004,1,True
2024-07-01,VNM,DEU,0.0005,1,True
2024-08-01,VNM,DEU,0.0005,1,True
2024-09-01,VNM,DEU,0.0001,1,True
2024-10-01,VNM,DEU,0.0001,1,True
2024-11-01,VNM,DEU,0.0001,1,True
2024-12-01,VNM,DEU,0.0,1,True
2025-01-01,VNM,DEU,0.0,1,True
2025-02-01,VNM,DEU,0.0001,1,True
2025-03-01,VNM,DEU,0.0008,1,True
2025-04-01,VNM,DEU,0.004,1,True
2025-05-01,VNM,DEU,0.02,1,True
2025-06-01,VNM,DEU,0.0339,1,True
2025-07-01,VNM,DEU,0.0537,1,False
2025-08-01,VNM,DEU,0.0734,1,False
2025-09-01,VNM,DEU,0.0623,4,False
2025-10-01,VNM,DEU,0.1443,1,False
2025-11-01,VNM,DEU,0.1008,1,False
2025-12-01,VNM,DEU,0.057,1,False
2026-01-01,VNM,DEU,0.0406,1,True
2026-02-01,VNM,DEU,0.041,1,True
2026-03-01,VNM,DEU,0.0361,1,True
2015-01-01,VNM,FRA,0.1309,2,False
2015-02-01,VNM,FRA,0.2302,2,False
2015-03-01,VNM,FRA,0.1781,2,False
2015-04-01,VNM,FRA,0.1076,2,False
2015-05-01,VNM,FRA,0.0357,1,True
2015-06-01,VNM,FRA,0.0285,1,True
2015-07-01,VNM,FRA,0.051,2,False
2015-08-01,VNM,FRA,0.0539,2,False
2015-09-01,VNM,FRA,0.0289,1,True
2015-10-01,VNM,FRA,0.0066,2,True
2015-11-01,VNM,FRA,0.001,2,True
2015-12-01,VNM,FRA,0.0003,1,True
2016-01-01,VNM,FRA,0.0005,1,True
2016-02-01,VNM,FRA,0.0006,1,True
2016-03-01,VNM,FRA,0.0017,1,True
2016-04-01,VNM,FRA,0.0025,1,True
2016-05-01,VNM,FRA,0.0019,1,True
2016-06-01,VNM,FRA,0.0026,1,True
2016-07-01,VNM,FRA,0.005,1,True
2016-08-01,VNM,FRA,0.0098,1,True
2016-09-01,VNM,FRA,0.011,1,True
2016-10-01,VNM,FRA,0.0092,1,True
2016-11-01,VNM,FRA,0.0055,1,True
2016-12-01,VNM,FRA,0.0045,1,True
2017-01-01,VNM,FRA,0.0091,1,True
2017-02-01,VNM,FRA,0.0193,1,True
2017-03-01,VNM,FRA,0.097,1,False
2017-04-01,VNM,FRA,0.1887,1,False
2017-05-01,VNM,FRA,0.0716,2,False
2017-06-01,VNM,FRA,0.0377,2,True
2017-07-01,VNM,FRA,0.1345,2,False
2017-08-01,VNM,FRA,0.0832,1,False
2017-09-01,VNM,FRA,0.1438,3,False
2017-10-01,VNM,FRA,0.2861,2,False
2017-11-01,VNM,FRA,0.3106,1,False
2017-12-01,VNM,FRA,0.381,2,False
2018-01-01,VNM,FRA,0.3575,1,False
2018-02-01,VNM,FRA,0.3299,3,False
2018-03-01,VNM,FRA,0.3562,3,False
2018-04-01,VNM,FRA,0.412,2,False
2018-05-01,VNM,FRA,0.5721,3,False
2018-06-01,VNM,FRA,0.2671,3,False
2018-07-01,VNM,FRA,0.2575,1,False
2018-08-01,VNM,FRA,0.134,4,False
2018-09-01,VNM,FRA,0.0972,3,False
2018-10-01,VNM,FRA,0.0914,3,False
2018-11-01,VNM,FRA,0.1067,4,False
2018-12-01,VNM,FRA,0.0686,3,False
2019-01-01,VNM,FRA,0.1163,4,False
2019-02-01,VNM,FRA,0.1652,4,False
2019-03-01,VNM,FRA,0.0617,4,False
2019-04-01,VNM,FRA,0.2844,3,False
2019-05-01,VNM,FRA,0.2636,2,False
2019-06-01,VNM,FRA,0.283,1,False
2019-07-01,VNM,FRA,0.3233,4,False
2019-08-01,VNM,FRA,0.355,3,False
2019-09-01,VNM,FRA,0.4132,4,False
2019-10-01,VNM,FRA,0.4899,1,False
2019-11-01,VNM,FRA,0.6372,3,False
2019-12-01,VNM,FRA,0.6947,1,False
2020-01-01,VNM,FRA,0.2749,4,False
2020-02-01,VNM,FRA,0.2603,3,False
2020-03-01,VNM,FRA,0.2858,3,False
2020-04-01,VNM,FRA,0.2862,3,False
2020-05-01,VNM,FRA,0.3308,4,False
2020-06-01,VNM,FRA,0.1512,3,False
2020-07-01,VNM,FRA,0.0925,3,False
2020-08-01,VNM,FRA,0.0935,3,False
2020-09-01,VNM,FRA,0.1235,3,False
2020-10-01,VNM,FRA,0.1408,3,False
2020-11-01,VNM,FRA,0.1338,3,False
2020-12-01,VNM,FRA,0.0363,3,True
2021-01-01,VNM,FRA,0.0254,4,True
2021-02-01,VNM,FRA,0.0795,1,False
2021-03-01,VNM,FRA,0.0693,1,False
2021-04-01,VNM,FRA,0.0528,1,False
2021-05-01,VNM,FRA,0.4186,2,False
2021-06-01,VNM,FRA,0.4576,2,False
2021-07-01,VNM,FRA,0.4878,2,False
2021-08-01,VNM,FRA,0.1508,1,False
2021-09-01,VNM,FRA,0.063,1,False
2021-10-01,VNM,FRA,0.0993,1,False
2021-11-01,VNM,FRA,0.228,1,False
2021-12-01,VNM,FRA,0.2883,1,False
2022-01-01,VNM,FRA,0.4655,1,False
2022-02-01,VNM,FRA,0.0933,2,False
2022-03-01,VNM,FRA,0.0143,1,True
2022-04-01,VNM,FRA,0.006,1,True
2022-05-01,VNM,FRA,0.0099,1,True
2022-06-01,VNM,FRA,0.0055,1,True
2022-07-01,VNM,FRA,0.0037,2,True
2022-08-01,VNM,FRA,0.0032,1,True
2022-09-01,VNM,FRA,0.0082,1,True
2022-10-01,VNM,FRA,0.0041,2,True
2022-11-01,VNM,FRA,0.0051,1,True
2022-12-01,VNM,FRA,0.0052,2,True
2023-01-01,VNM,FRA,0.0065,1,True
2023-02-01,VNM,FRA,0.0075,1,True
2023-03-01,VNM,FRA,0.0088,1,True
2023-04-01,VNM,FRA,0.0109,2,True
2023-05-01,VNM,FRA,0.0223,2,True
2023-06-01,VNM,FRA,0.0285,2,True
2023-07-01,VNM,FRA,0.015,2,True
2023-08-01,VNM,FRA,0.0117,2,True
2023-09-01,VNM,FRA,0.0101,2,True
2023-10-01,VNM,FRA,0.0527,2,False
2023-11-01,VNM,FRA,0.0153,2,True
2023-12-01,VNM,FRA,0.0098,2,True
2024-01-01,VNM,FRA,0.0208,4,True
2024-02-01,VNM,FRA,0.1481,4,False
2024-03-01,VNM,FRA,0.2202,4,False
2024-04-01,VNM,FRA,0.2555,3,False
2024-05-01,VNM,FRA,0.2364,3,False
2024-06-01,VNM,FRA,0.1883,3,False
2024-07-01,VNM,FRA,0.1847,3,False
2024-08-01,VNM,FRA,0.242,1,False
2024-09-01,VNM,FRA,0.1702,3,False
2024-10-01,VNM,FRA,0.1034,3,False
2024-11-01,VNM,FRA,0.0455,1,True
2024-12-01,VNM,FRA,0.0017,1,True
2025-01-01,VNM,FRA,0.0012,1,True
2025-02-01,VNM,FRA,0.0047,1,True
2025-03-01,VNM,FRA,0.0385,1,True
2025-04-01,VNM,FRA,0.0325,1,True
2025-05-01,VNM,FRA,0.0931,1,False
2025-06-01,VNM,FRA,0.2099,1,False
2025-07-01,VNM,FRA,0.2152,1,False
2025-08-01,VNM,FRA,0.2339,1,False
2025-09-01,VNM,FRA,0.1903,4,False
2025-10-01,VNM,FRA,0.1986,4,False
2025-11-01,VNM,FRA,0.2344,1,False
2025-12-01,VNM,FRA,0.2104,1,False
2026-01-01,VNM,FRA,0.2067,4,False
2026-02-01,VNM,FRA,0.2409,4,False
2026-03-01,VNM,FRA,0.0561,4,False
2015-01-01,VNM,JPN,0.2899,1,False
2015-02-01,VNM,JPN,0.2796,1,False
2015-03-01,VNM,JPN,0.3104,2,False
2015-04-01,VNM,JPN,0.2317,2,False
2015-05-01,VNM,JPN,0.1461,2,False
2015-06-01,VNM,JPN,0.073,4,False
2015-07-01,VNM,JPN,0.0634,4,False
2015-08-01,VNM,JPN,0.1301,4,False
2015-09-01,VNM,JPN,0.0934,4,False
2015-10-01,VNM,JPN,0.0611,4,False
2015-11-01,VNM,JPN,0.059,4,False
2015-12-01,VNM,JPN,0.0276,4,True
2016-01-01,VNM,JPN,0.0191,4,True
2016-02-01,VNM,JPN,0.0325,4,True
2016-03-01,VNM,JPN,0.0552,4,False
2016-04-01,VNM,JPN,0.1487,4,False
2016-05-01,VNM,JPN,0.1401,4,False
2016-06-01,VNM,JPN,0.1179,4,False
2016-07-01,VNM,JPN,0.0801,3,False
2016-08-01,VNM,JPN,0.0415,3,True
2016-09-01,VNM,JPN,0.0206,3,True
2016-10-01,VNM,JPN,0.0162,3,True
2016-11-01,VNM,JPN,0.0204,3,True
2016-12-01,VNM,JPN,0.0238,3,True
2017-01-01,VNM,JPN,0.0219,3,True
2017-02-01,VNM,JPN,0.0214,3,True
2017-03-01,VNM,JPN,0.0133,3,True
2017-04-01,VNM,JPN,0.0469,3,True
2017-05-01,VNM,JPN,0.0451,1,True
2017-06-01,VNM,JPN,0.107,3,False
2017-07-01,VNM,JPN,0.1454,3,False
2017-08-01,VNM,JPN,0.1328,3,False
2017-09-01,VNM,JPN,0.1088,4,False
2017-10-01,VNM,JPN,0.0875,3,False
2017-11-01,VNM,JPN,0.1263,3,False
2017-12-01,VNM,JPN,0.1641,4,False
2018-01-01,VNM,JPN,0.2733,3,False
2018-02-01,VNM,JPN,0.3971,4,False
2018-03-01,VNM,JPN,0.4762,3,False
2018-04-01,VNM,JPN,0.4402,4,False
2018-05-01,VNM,JPN,0.2323,3,False
2018-06-01,VNM,JPN,0.1625,3,False
2018-07-01,VNM,JPN,0.3503,3,False
2018-08-01,VNM,JPN,0.3934,3,False
2018-09-01,VNM,JPN,0.4992,3,False
2018-10-01,VNM,JPN,0.2944,4,False
2018-11-01,VNM,JPN,0.2751,1,False
2018-12-01,VNM,JPN,0.2692,3,False
2019-01-01,VNM,JPN,0.1638,2,False
2019-02-01,VNM,JPN,0.0636,1,False
2019-03-01,VNM,JPN,0.1449,1,False
2019-04-01,VNM,JPN,0.049,1,True
2019-05-01,VNM,JPN,0.0504,1,False
2019-06-01,VNM,JPN,0.1017,1,False
2019-07-01,VNM,JPN,0.1193,4,False
2019-08-01,VNM,JPN,0.0417,3,True
2019-09-01,VNM,JPN,0.0529,2,False
2019-10-01,VNM,JPN,0.0141,1,True
2019-11-01,VNM,JPN,0.0686,1,False
2019-12-01,VNM,JPN,0.2411,1,False
2020-01-01,VNM,JPN,0.1674,1,False
2020-02-01,VNM,JPN,0.1892,1,False
2020-03-01,VNM,JPN,0.2648,1,False
2020-04-01,VNM,JPN,0.1816,1,False
2020-05-01,VNM,JPN,0.1406,1,False
2020-06-01,VNM,JPN,0.1356,1,False
2020-07-01,VNM,JPN,0.1823,1,False
2020-08-01,VNM,JPN,0.0466,1,True
2020-09-01,VNM,JPN,0.0163,1,True
2020-10-01,VNM,JPN,0.0418,1,True
2020-11-01,VNM,JPN,0.0593,1,False
2020-12-01,VNM,JPN,0.011,1,True
2021-01-01,VNM,JPN,0.0391,1,True
2021-02-01,VNM,JPN,0.1504,1,False
2021-03-01,VNM,JPN,0.2737,2,False
2021-04-01,VNM,JPN,0.3396,4,False
2021-05-01,VNM,JPN,0.3059,4,False
2021-06-01,VNM,JPN,0.2477,2,False
2021-07-01,VNM,JPN,0.2515,2,False
2021-08-01,VNM,JPN,0.1866,2,False
2021-09-01,VNM,JPN,0.1101,2,False
2021-10-01,VNM,JPN,0.0622,2,False
2021-11-01,VNM,JPN,0.0674,2,False
2021-12-01,VNM,JPN,0.0722,2,False
2022-01-01,VNM,JPN,0.0482,2,True
2022-02-01,VNM,JPN,0.1019,2,False
2022-03-01,VNM,JPN,0.027,2,True
2022-04-01,VNM,JPN,0.0102,2,True
2022-05-01,VNM,JPN,0.0095,2,True
2022-06-01,VNM,JPN,0.0055,3,True
2022-07-01,VNM,JPN,0.0022,2,True
2022-08-01,VNM,JPN,0.0033,2,True
2022-09-01,VNM,JPN,0.0025,2,True
2022-10-01,VNM,JPN,0.0072,2,True
2022-11-01,VNM,JPN,0.012,2,True
2022-12-01,VNM,JPN,0.0188,2,True
2023-01-01,VNM,JPN,0.0169,2,True
2023-02-01,VNM,JPN,0.0073,2,True
2023-03-01,VNM,JPN,0.0074,2,True
2023-04-01,VNM,JPN,0.0109,2,True
2023-05-01,VNM,JPN,0.0185,2,True
2023-06-01,VNM,JPN,0.0299,2,True
2023-07-01,VNM,JPN,0.052,2,False
2023-08-01,VNM,JPN,0.0743,2,False
2023-09-01,VNM,JPN,0.0666,2,False
2023-10-01,VNM,JPN,0.0496,2,True
2023-11-01,VNM,JPN,0.0663,1,False
2023-12-01,VNM,JPN,0.0924,2,False
2024-01-01,VNM,JPN,0.0806,2,False
2024-02-01,VNM,JPN,0.2695,1,False
2024-03-01,VNM,JPN,0.2688,1,False
2024-04-01,VNM,JPN,0.2596,1,False
2024-05-01,VNM,JPN,0.2424,1,False
2024-06-01,VNM,JPN,0.1852,1,False
2024-07-01,VNM,JPN,0.1586,1,False
2024-08-01,VNM,JPN,0.1766,1,False
2024-09-01,VNM,JPN,0.2068,1,False
2024-10-01,VNM,JPN,0.2192,1,False
2024-11-01,VNM,JPN,0.4905,1,False
2024-12-01,VNM,JPN,0.747,1,False
2025-01-01,VNM,JPN,0.812,2,False
2025-02-01,VNM,JPN,0.5272,1,False
2025-03-01,VNM,JPN,0.4571,1,False
2025-04-01,VNM,JPN,0.6086,1,False
2025-05-01,VNM,JPN,0.4785,3,False
2025-06-01,VNM,JPN,0.5531,2,False
2025-07-01,VNM,JPN,0.6181,3,False
2025-08-01,VNM,JPN,0.6422,3,False
2025-09-01,VNM,JPN,0.649,1,False
2025-10-01,VNM,JPN,0.7639,1,False
2025-11-01,VNM,JPN,0.545,1,False
2025-12-01,VNM,JPN,0.536,1,False
2026-01-01,VNM,JPN,0.3877,1,False
2026-02-01,VNM,JPN,0.1244,1,False
2026-03-01,VNM,JPN,0.1316,1,False
2015-01-01,IDN,IND,0.4612,4,False
2015-02-01,IDN,IND,0.3581,4,False
2015-03-01,IDN,IND,0.3997,4,False
2015-04-01,IDN,IND,0.3693,4,False
2015-05-01,IDN,IND,0.3222,4,False
2015-06-01,IDN,IND,0.3786,4,False
2015-07-01,IDN,IND,0.3784,4,False
2015-08-01,IDN,IND,0.3747,4,False
2015-09-01,IDN,IND,0.4396,4,False
2015-10-01,IDN,IND,0.3328,4,False
2015-11-01,IDN,IND,0.6377,1,False
2015-12-01,IDN,IND,0.6791,3,False
2016-01-01,IDN,IND,0.6635,3,False
2016-02-01,IDN,IND,0.3643,1,False
2016-03-01,IDN,IND,0.3349,2,False
2016-04-01,IDN,IND,0.3638,2,False
2016-05-01,IDN,IND,0.2843,3,False
2016-06-01,IDN,IND,0.1699,3,False
2016-07-01,IDN,IND,0.1809,3,False
2016-08-01,IDN,IND,0.0567,3,False
2016-09-01,IDN,IND,0.0206,4,True
2016-10-01,IDN,IND,0.0116,3,True
2016-11-01,IDN,IND,0.0125,3,True
2016-12-01,IDN,IND,0.2404,1,False
2017-01-01,IDN,IND,0.3911,1,False
2017-02-01,IDN,IND,0.454,4,False
2017-03-01,IDN,IND,0.5188,4,False
2017-04-01,IDN,IND,0.3148,1,False
2017-05-01,IDN,IND,0.3167,1,False
2017-06-01,IDN,IND,0.4249,1,False
2017-07-01,IDN,IND,0.4028,1,False
2017-08-01,IDN,IND,0.318,1,False
2017-09-01,IDN,IND,0.2892,4,False
2017-10-01,IDN,IND,0.2294,4,False
2017-11-01,IDN,IND,0.128,2,False
2017-12-01,IDN,IND,0.0734,1,False
2018-01-01,IDN,IND,0.0815,1,False
2018-02-01,IDN,IND,0.0767,1,False
2018-03-01,IDN,IND,0.0659,1,False
2018-04-01,IDN,IND,0.0846,1,False
2018-05-01,IDN,IND,0.1336,1,False
2018-06-01,IDN,IND,0.1151,2,False
2018-07-01,IDN,IND,0.1753,1,False
2018-08-01,IDN,IND,0.1244,1,False
2018-09-01,IDN,IND,0.2589,1,False
2018-10-01,IDN,IND,0.3007,2,False
2018-11-01,IDN,IND,0.4154,2,False
2018-12-01,IDN,IND,0.6682,2,False
2019-01-01,IDN,IND,0.5871,2,False
2019-02-01,IDN,IND,0.4071,1,False
2019-03-01,IDN,IND,0.2435,1,False
2019-04-01,IDN,IND,0.2706,1,False
2019-05-01,IDN,IND,0.2859,1,False
2019-06-01,IDN,IND,0.1725,1,False
2019-07-01,IDN,IND,0.3041,3,False
2019-08-01,IDN,IND,0.2144,2,False
2019-09-01,IDN,IND,0.1073,1,False
2019-10-01,IDN,IND,0.1272,4,False
2019-11-01,IDN,IND,0.169,2,False
2019-12-01,IDN,IND,0.1044,1,False
2020-01-01,IDN,IND,0.079,1,False
2020-02-01,IDN,IND,0.0282,1,True
2020-03-01,IDN,IND,0.0289,1,True
2020-04-01,IDN,IND,0.0365,1,True
2020-05-01,IDN,IND,0.0514,1,False
2020-06-01,IDN,IND,0.0648,1,False
2020-07-01,IDN,IND,0.0718,1,False
2020-08-01,IDN,IND,0.1136,1,False
2020-09-01,IDN,IND,0.0674,1,False
2020-10-01,IDN,IND,0.1014,1,False
2020-11-01,IDN,IND,0.1734,1,False
2020-12-01,IDN,IND,0.1836,1,False
2021-01-01,IDN,IND,0.1752,1,False
2021-02-01,IDN,IND,0.077,1,False
2021-03-01,IDN,IND,0.0736,1,False
2021-04-01,IDN,IND,0.0675,1,False
2021-05-01,IDN,IND,0.0695,1,False
2021-06-01,IDN,IND,0.0685,1,False
2021-07-01,IDN,IND,0.0784,1,False
2021-08-01,IDN,IND,0.0716,1,False
2021-09-01,IDN,IND,0.0676,1,False
2021-10-01,IDN,IND,0.0638,1,False
2021-11-01,IDN,IND,0.039,1,True
2021-12-01,IDN,IND,0.1224,1,False
2022-01-01,IDN,IND,0.0523,1,False
2022-02-01,IDN,IND,0.0215,1,True
2022-03-01,IDN,IND,0.2287,2,False
2022-04-01,IDN,IND,0.0841,1,False
2022-05-01,IDN,IND,0.2096,1,False
2022-06-01,IDN,IND,0.5209,1,False
2022-07-01,IDN,IND,0.7124,1,False
2022-08-01,IDN,IND,0.7912,3,False
2022-09-01,IDN,IND,0.3557,4,False
2022-10-01,IDN,IND,0.302,1,False
2022-11-01,IDN,IND,0.2485,1,False
2022-12-01,IDN,IND,0.1245,1,False
2023-01-01,IDN,IND,0.2145,1,False
2023-02-01,IDN,IND,0.5328,1,False
2023-03-01,IDN,IND,0.412,1,False
2023-04-01,IDN,IND,0.4593,1,False
2023-05-01,IDN,IND,0.2789,4,False
2023-06-01,IDN,IND,0.2609,4,False
2023-07-01,IDN,IND,0.3933,4,False
2023-08-01,IDN,IND,0.4682,4,False
2023-09-01,IDN,IND,0.2121,4,False
2023-10-01,IDN,IND,0.2431,3,False
2023-11-01,IDN,IND,0.3355,3,False
2023-12-01,IDN,IND,0.5572,3,False
2024-01-01,IDN,IND,0.4816,1,False
2024-02-01,IDN,IND,0.2754,4,False
2024-03-01,IDN,IND,0.0737,3,False
2024-04-01,IDN,IND,0.0179,2,True
2024-05-01,IDN,IND,0.0142,1,True
2024-06-01,IDN,IND,0.0167,1,True
2024-07-01,IDN,IND,0.0086,1,True
2024-08-01,IDN,IND,0.0046,1,True
2024-09-01,IDN,IND,0.0076,1,True
2024-10-01,IDN,IND,0.0144,1,True
2024-11-01,IDN,IND,0.0168,2,True
2024-12-01,IDN,IND,0.0264,1,True
2025-01-01,IDN,IND,0.0984,3,False
2025-02-01,IDN,IND,0.084,3,False
2025-03-01,IDN,IND,0.1645,1,False
2025-04-01,IDN,IND,0.2783,3,False
2025-05-01,IDN,IND,0.3423,3,False
2025-06-01,IDN,IND,0.6759,3,False
2025-07-01,IDN,IND,0.6509,1,False
2025-08-01,IDN,IND,0.6272,1,False
2025-09-01,IDN,IND,0.8476,1,False
2025-10-01,IDN,IND,0.7344,1,False
2025-11-01,IDN,IND,0.7493,1,False
2025-12-01,IDN,IND,0.6548,3,False
2026-01-01,IDN,IND,0.5649,2,False
2026-02-01,IDN,IND,0.5537,3,False
2026-03-01,IDN,IND,0.4619,3,False
2015-01-01,IDN,CHN,0.0453,1,True
2015-02-01,IDN,CHN,0.0657,1,False
2015-03-01,IDN,CHN,0.0871,1,False
2015-04-01,IDN,CHN,0.2427,2,False
2015-05-01,IDN,CHN,0.1922,2,False
2015-06-01,IDN,CHN,0.1437,2,False
2015-07-01,IDN,CHN,0.1101,2,False
2015-08-01,IDN,CHN,0.1472,2,False
2015-09-01,IDN,CHN,0.2706,2,False
2015-10-01,IDN,CHN,0.1542,2,False
2015-11-01,IDN,CHN,0.0587,1,False
2015-12-01,IDN,CHN,0.0213,2,True
2016-01-01,IDN,CHN,0.0179,1,True
2016-02-01,IDN,CHN,0.0156,1,True
2016-03-01,IDN,CHN,0.0641,1,False
2016-04-01,IDN,CHN,0.1481,1,False
2016-05-01,IDN,CHN,0.1254,1,False
2016-06-01,IDN,CHN,0.1059,1,False
2016-07-01,IDN,CHN,0.0928,1,False
2016-08-01,IDN,CHN,0.1678,1,False
2016-09-01,IDN,CHN,0.1324,1,False
2016-10-01,IDN,CHN,0.1245,1,False
2016-11-01,IDN,CHN,0.0773,1,False
2016-12-01,IDN,CHN,0.078,1,False
2017-01-01,IDN,CHN,0.0428,1,True
2017-02-01,IDN,CHN,0.1492,1,False
2017-03-01,IDN,CHN,0.094,1,False
2017-04-01,IDN,CHN,0.0722,1,False
2017-05-01,IDN,CHN,0.0689,1,False
2017-06-01,IDN,CHN,0.0452,1,True
2017-07-01,IDN,CHN,0.0331,1,True
2017-08-01,IDN,CHN,0.0118,1,True
2017-09-01,IDN,CHN,0.0036,4,True
2017-10-01,IDN,CHN,0.003,3,True
2017-11-01,IDN,CHN,0.0019,2,True
2017-12-01,IDN,CHN,0.0021,1,True
2018-01-01,IDN,CHN,0.0091,1,True
2018-02-01,IDN,CHN,0.0132,1,True
2018-03-01,IDN,CHN,0.0164,1,True
2018-04-01,IDN,CHN,0.0075,3,True
2018-05-01,IDN,CHN,0.0014,2,True
2018-06-01,IDN,CHN,0.0044,1,True
2018-07-01,IDN,CHN,0.0282,1,True
2018-08-01,IDN,CHN,0.0103,1,True
2018-09-01,IDN,CHN,0.0333,1,True
2018-10-01,IDN,CHN,0.0618,1,False
2018-11-01,IDN,CHN,0.0936,3,False
2018-12-01,IDN,CHN,0.1457,3,False
2019-01-01,IDN,CHN,0.0542,1,False
2019-02-01,IDN,CHN,0.1942,1,False
2019-03-01,IDN,CHN,0.2776,1,False
2019-04-01,IDN,CHN,0.2727,1,False
2019-05-01,IDN,CHN,0.2434,1,False
2019-06-01,IDN,CHN,0.2438,1,False
2019-07-01,IDN,CHN,0.2284,1,False
2019-08-01,IDN,CHN,0.296,1,False
2019-09-01,IDN,CHN,0.2732,4,False
2019-10-01,IDN,CHN,0.0802,4,False
2019-11-01,IDN,CHN,0.0859,4,False
2019-12-01,IDN,CHN,0.1619,4,False
2020-01-01,IDN,CHN,0.2016,4,False
2020-02-01,IDN,CHN,0.235,4,False
2020-03-01,IDN,CHN,0.1412,4,False
2020-04-01,IDN,CHN,0.1734,4,False
2020-05-01,IDN,CHN,0.2432,4,False
2020-06-01,IDN,CHN,0.1948,4,False
2020-07-01,IDN,CHN,0.0711,4,False
2020-08-01,IDN,CHN,0.22,4,False
2020-09-01,IDN,CHN,0.3516,4,False
2020-10-01,IDN,CHN,0.4074,4,False
2020-11-01,IDN,CHN,0.3297,4,False
2020-12-01,IDN,CHN,0.2325,4,False
2021-01-01,IDN,CHN,0.2085,4,False
2021-02-01,IDN,CHN,0.2382,4,False
2021-03-01,IDN,CHN,0.1415,1,False
2021-04-01,IDN,CHN,0.0684,1,False
2021-05-01,IDN,CHN,0.0254,1,True
2021-06-01,IDN,CHN,0.0152,1,True
2021-07-01,IDN,CHN,0.0224,1,True
2021-08-01,IDN,CHN,0.0194,1,True
2021-09-01,IDN,CHN,0.0294,1,True
2021-10-01,IDN,CHN,0.0371,1,True
2021-11-01,IDN,CHN,0.058,1,False
2021-12-01,IDN,CHN,0.0125,1,True
2022-01-01,IDN,CHN,0.062,1,False
2022-02-01,IDN,CHN,0.1402,1,False
2022-03-01,IDN,CHN,0.1206,1,False
2022-04-01,IDN,CHN,0.1801,1,False
2022-05-01,IDN,CHN,0.1288,1,False
2022-06-01,IDN,CHN,0.3044,1,False
2022-07-01,IDN,CHN,0.5981,1,False
2022-08-01,IDN,CHN,0.5427,1,False
2022-09-01,IDN,CHN,0.3735,1,False
2022-10-01,IDN,CHN,0.3197,1,False
2022-11-01,IDN,CHN,0.6575,2,False
2022-12-01,IDN,CHN,0.6203,1,False
2023-01-01,IDN,CHN,0.4529,1,False
2023-02-01,IDN,CHN,0.6161,1,False
2023-03-01,IDN,CHN,0.7287,1,False
2023-04-01,IDN,CHN,0.7815,1,False
2023-05-01,IDN,CHN,0.7485,1,False
2023-06-01,IDN,CHN,0.8154,1,False
2023-07-01,IDN,CHN,0.8474,3,False
2023-08-01,IDN,CHN,0.8394,3,False
2023-09-01,IDN,CHN,0.7912,1,False
2023-10-01,IDN,CHN,0.6987,1,False
2023-11-01,IDN,CHN,0.4461,2,False
2023-12-01,IDN,CHN,0.4482,2,False
2024-01-01,IDN,CHN,0.3976,4,False
2024-02-01,IDN,CHN,0.444,2,False
2024-03-01,IDN,CHN,0.3931,2,False
2024-04-01,IDN,CHN,0.3307,3,False
2024-05-01,IDN,CHN,0.1599,2,False
2024-06-01,IDN,CHN,0.147,2,False
2024-07-01,IDN,CHN,0.1619,2,False
2024-08-01,IDN,CHN,0.1026,2,False
2024-09-01,IDN,CHN,0.1108,2,False
2024-10-01,IDN,CHN,0.1009,2,False
2024-11-01,IDN,CHN,0.0684,2,False
2024-12-01,IDN,CHN,0.0741,2,False
2025-01-01,IDN,CHN,0.3208,2,False
2025-02-01,IDN,CHN,0.4493,2,False
2025-03-01,IDN,CHN,0.7339,1,False
2025-04-01,IDN,CHN,0.7276,2,False
2025-05-01,IDN,CHN,0.719,2,False
2025-06-01,IDN,CHN,0.8111,4,False
2025-07-01,IDN,CHN,0.7247,3,False
2025-08-01,IDN,CHN,0.663,4,False
2025-09-01,IDN,CHN,0.4969,3,False
2025-10-01,IDN,CHN,0.626,3,False
2025-11-01,IDN,CHN,0.3918,1,False
2025-12-01,IDN,CHN,0.1826,1,False
2026-01-01,IDN,CHN,0.1293,1,False
2026-02-01,IDN,CHN,0.21,1,False
2026-03-01,IDN,CHN,0.2406,1,False
2015-01-01,IDN,VNM,0.0007,1,True
2015-02-01,IDN,VNM,0.0016,1,True
2015-03-01,IDN,VNM,0.0032,1,True
2015-04-01,IDN,VNM,0.0068,1,True
2015-05-01,IDN,VNM,0.0678,1,False
2015-06-01,IDN,VNM,0.085,1,False
2015-07-01,IDN,VNM,0.0556,1,False
2015-08-01,IDN,VNM,0.0701,1,False
2015-09-01,IDN,VNM,0.2349,1,False
2015-10-01,IDN,VNM,0.1548,1,False
2015-11-01,IDN,VNM,0.3553,1,False
2015-12-01,IDN,VNM,0.7305,1,False
2016-01-01,IDN,VNM,0.5709,1,False
2016-02-01,IDN,VNM,0.5472,1,False
2016-03-01,IDN,VNM,0.6191,1,False
2016-04-01,IDN,VNM,0.3529,1,False
2016-05-01,IDN,VNM,0.2195,1,False
2016-06-01,IDN,VNM,0.1708,1,False
2016-07-01,IDN,VNM,0.2053,1,False
2016-08-01,IDN,VNM,0.1299,1,False
2016-09-01,IDN,VNM,0.07,1,False
2016-10-01,IDN,VNM,0.0697,1,False
2016-11-01,IDN,VNM,0.0442,1,True
2016-12-01,IDN,VNM,0.0528,1,False
2017-01-01,IDN,VNM,0.014,1,True
2017-02-01,IDN,VNM,0.0081,1,True
2017-03-01,IDN,VNM,0.0038,1,True
2017-04-01,IDN,VNM,0.015,1,True
2017-05-01,IDN,VNM,0.0236,1,True
2017-06-01,IDN,VNM,0.0235,1,True
2017-07-01,IDN,VNM,0.0312,1,True
2017-08-01,IDN,VNM,0.0328,1,True
2017-09-01,IDN,VNM,0.0196,1,True
2017-10-01,IDN,VNM,0.0104,1,True
2017-11-01,IDN,VNM,0.0057,1,True
2017-12-01,IDN,VNM,0.0011,1,True
2018-01-01,IDN,VNM,0.0005,1,True
2018-02-01,IDN,VNM,0.0027,1,True
2018-03-01,IDN,VNM,0.0042,1,True
2018-04-01,IDN,VNM,0.0199,1,True
2018-05-01,IDN,VNM,0.0277,1,True
2018-06-01,IDN,VNM,0.0469,1,True
2018-07-01,IDN,VNM,0.0602,1,False
2018-08-01,IDN,VNM,0.0676,1,False
2018-09-01,IDN,VNM,0.5353,1,False
2018-10-01,IDN,VNM,0.7134,1,False
2018-11-01,IDN,VNM,0.4951,4,False
2018-12-01,IDN,VNM,0.3351,1,False
2019-01-01,IDN,VNM,0.1436,1,False
2019-02-01,IDN,VNM,0.093,1,False
2019-03-01,IDN,VNM,0.0951,1,False
2019-04-01,IDN,VNM,0.1866,1,False
2019-05-01,IDN,VNM,0.1757,1,False
2019-06-01,IDN,VNM,0.2003,4,False
2019-07-01,IDN,VNM,0.1466,4,False
2019-08-01,IDN,VNM,0.1193,4,False
2019-09-01,IDN,VNM,0.131,2,False
2019-10-01,IDN,VNM,0.1811,2,False
2019-11-01,IDN,VNM,0.1253,4,False
2019-12-01,IDN,VNM,0.0258,1,True
2020-01-01,IDN,VNM,0.0311,1,True
2020-02-01,IDN,VNM,0.0181,1,True
2020-03-01,IDN,VNM,0.0129,1,True
2020-04-01,IDN,VNM,0.0407,1,True
2020-05-01,IDN,VNM,0.0473,4,True
2020-06-01,IDN,VNM,0.0033,2,True
2020-07-01,IDN,VNM,0.001,2,True
2020-08-01,IDN,VNM,0.0004,1,True
2020-09-01,IDN,VNM,0.0022,2,True
2020-10-01,IDN,VNM,0.0017,2,True
2020-11-01,IDN,VNM,0.0049,2,True
2020-12-01,IDN,VNM,0.0029,2,True
2021-01-01,IDN,VNM,0.0074,1,True
2021-02-01,IDN,VNM,0.0077,2,True
2021-03-01,IDN,VNM,0.0078,2,True
2021-04-01,IDN,VNM,0.0079,2,True
2021-05-01,IDN,VNM,0.0119,4,True
2021-06-01,IDN,VNM,0.0084,4,True
2021-07-01,IDN,VNM,0.0105,4,True
2021-08-01,IDN,VNM,0.0065,3,True
2021-09-01,IDN,VNM,0.003,2,True
2021-10-01,IDN,VNM,0.0093,2,True
2021-11-01,IDN,VNM,0.0238,2,True
2021-12-01,IDN,VNM,0.0551,3,False
2022-01-01,IDN,VNM,0.0769,2,False
2022-02-01,IDN,VNM,0.0794,3,False
2022-03-01,IDN,VNM,0.1245,4,False
2022-04-01,IDN,VNM,0.126,3,False
2022-05-01,IDN,VNM,0.1488,3,False
2022-06-01,IDN,VNM,0.065,3,False
2022-07-01,IDN,VNM,0.1243,3,False
2022-08-01,IDN,VNM,0.075,1,False
2022-09-01,IDN,VNM,0.1137,1,False
2022-10-01,IDN,VNM,0.0317,1,True
2022-11-01,IDN,VNM,0.0423,3,True
2022-12-01,IDN,VNM,0.0395,3,True
2023-01-01,IDN,VNM,0.0137,4,True
2023-02-01,IDN,VNM,0.0058,3,True
2023-03-01,IDN,VNM,0.0025,3,True
2023-04-01,IDN,VNM,0.0014,1,True
2023-05-01,IDN,VNM,0.0023,1,True
2023-06-01,IDN,VNM,0.0058,1,True
2023-07-01,IDN,VNM,0.0224,3,True
2023-08-01,IDN,VNM,0.0575,1,False
2023-09-01,IDN,VNM,0.0256,1,True
2023-10-01,IDN,VNM,0.0416,2,True
2023-11-01,IDN,VNM,0.0929,2,False
2023-12-01,IDN,VNM,0.1046,3,False
2024-01-01,IDN,VNM,0.0149,2,True
2024-02-01,IDN,VNM,0.0132,3,True
2024-03-01,IDN,VNM,0.0061,2,True
2024-04-01,IDN,VNM,0.009,2,True
2024-05-01,IDN,VNM,0.0303,2,True
2024-06-01,IDN,VNM,0.0368,2,True
2024-07-01,IDN,VNM,0.0662,1,False
2024-08-01,IDN,VNM,0.2197,1,False
2024-09-01,IDN,VNM,0.1341,1,False
2024-10-01,IDN,VNM,0.418,1,False
2024-11-01,IDN,VNM,0.6728,1,False
2024-12-01,IDN,VNM,0.6049,4,False
2025-01-01,IDN,VNM,0.5771,3,False
2025-02-01,IDN,VNM,0.4525,2,False
2025-03-01,IDN,VNM,0.2812,2,False
2025-04-01,IDN,VNM,0.2254,3,False
2025-05-01,IDN,VNM,0.0885,3,False
2025-06-01,IDN,VNM,0.114,3,False
2025-07-01,IDN,VNM,0.0472,3,True
2025-08-01,IDN,VNM,0.0298,3,True
2025-09-01,IDN,VNM,0.0499,3,True
2025-10-01,IDN,VNM,0.1013,3,False
2025-11-01,IDN,VNM,0.1006,3,False
2025-12-01,IDN,VNM,0.1416,2,False
2026-01-01,IDN,VNM,0.1663,1,False
2026-02-01,IDN,VNM,0.1796,2,False
2026-03-01,IDN,VNM,0.2021,2,False
2015-01-01,IDN,THA,0.4082,1,False
2015-02-01,IDN,THA,0.0603,1,False
2015-03-01,IDN,THA,0.0604,1,False
2015-04-01,IDN,THA,0.1196,3,False
2015-05-01,IDN,THA,0.1849,1,False
2015-06-01,IDN,THA,0.1504,1,False
2015-07-01,IDN,THA,0.2009,2,False
2015-08-01,IDN,THA,0.1895,1,False
2015-09-01,IDN,THA,0.2644,4,False
2015-10-01,IDN,THA,0.2384,3,False
2015-11-01,IDN,THA,0.1843,4,False
2015-12-01,IDN,THA,0.444,3,False
2016-01-01,IDN,THA,0.5089,2,False
2016-02-01,IDN,THA,0.406,2,False
2016-03-01,IDN,THA,0.3241,4,False
2016-04-01,IDN,THA,0.4242,4,False
2016-05-01,IDN,THA,0.338,4,False
2016-06-01,IDN,THA,0.3985,1,False
2016-07-01,IDN,THA,0.5271,3,False
2016-08-01,IDN,THA,0.5361,3,False
2016-09-01,IDN,THA,0.6275,4,False
2016-10-01,IDN,THA,0.6611,3,False
2016-11-01,IDN,THA,0.6595,1,False
2016-12-01,IDN,THA,0.7237,1,False
2017-01-01,IDN,THA,0.7418,3,False
2017-02-01,IDN,THA,0.7835,3,False
2017-03-01,IDN,THA,0.7192,2,False
2017-04-01,IDN,THA,0.7085,3,False
2017-05-01,IDN,THA,0.6028,1,False
2017-06-01,IDN,THA,0.6475,1,False
2017-07-01,IDN,THA,0.5338,1,False
2017-08-01,IDN,THA,0.402,1,False
2017-09-01,IDN,THA,0.4124,1,False
2017-10-01,IDN,THA,0.2231,1,False
2017-11-01,IDN,THA,0.147,2,False
2017-12-01,IDN,THA,0.0654,1,False
2018-01-01,IDN,THA,0.0556,1,False
2018-02-01,IDN,THA,0.049,1,True
2018-03-01,IDN,THA,0.0443,1,True
2018-04-01,IDN,THA,0.0548,1,False
2018-05-01,IDN,THA,0.0643,1,False
2018-06-01,IDN,THA,0.0784,1,False
2018-07-01,IDN,THA,0.1256,2,False
2018-08-01,IDN,THA,0.1186,1,False
2018-09-01,IDN,THA,0.0983,3,False
2018-10-01,IDN,THA,0.0433,2,True
2018-11-01,IDN,THA,0.0216,1,True
2018-12-01,IDN,THA,0.1006,1,False
2019-01-01,IDN,THA,0.2212,1,False
2019-02-01,IDN,THA,0.1486,1,False
2019-03-01,IDN,THA,0.0848,1,False
2019-04-01,IDN,THA,0.0991,1,False
2019-05-01,IDN,THA,0.1306,1,False
2019-06-01,IDN,THA,0.0685,1,False
2019-07-01,IDN,THA,0.105,1,False
2019-08-01,IDN,THA,0.1174,1,False
2019-09-01,IDN,THA,0.0919,1,False
2019-10-01,IDN,THA,0.0932,1,False
2019-11-01,IDN,THA,0.1066,1,False
2019-12-01,IDN,THA,0.0607,1,False
2020-01-01,IDN,THA,0.0584,1,False
2020-02-01,IDN,THA,0.2079,1,False
2020-03-01,IDN,THA,0.7162,3,False
2020-04-01,IDN,THA,0.5393,3,False
2020-05-01,IDN,THA,0.225,3,False
2020-06-01,IDN,THA,0.2702,3,False
2020-07-01,IDN,THA,0.3525,4,False
2020-08-01,IDN,THA,0.1785,4,False
2020-09-01,IDN,THA,0.1373,4,False
2020-10-01,IDN,THA,0.1603,2,False
2020-11-01,IDN,THA,0.1094,1,False
2020-12-01,IDN,THA,0.0864,1,False
2021-01-01,IDN,THA,0.0875,1,False
2021-02-01,IDN,THA,0.0957,1,False
2021-03-01,IDN,THA,0.1171,1,False
2021-04-01,IDN,THA,0.1382,1,False
2021-05-01,IDN,THA,0.2263,1,False
2021-06-01,IDN,THA,0.2655,1,False
2021-07-01,IDN,THA,0.2175,1,False
2021-08-01,IDN,THA,0.2241,1,False
2021-09-01,IDN,THA,0.2265,4,False
2021-10-01,IDN,THA,0.1784,3,False
2021-11-01,IDN,THA,0.135,2,False
2021-12-01,IDN,THA,0.0402,1,True
2022-01-01,IDN,THA,0.0382,4,True
2022-02-01,IDN,THA,0.1838,3,False
2022-03-01,IDN,THA,0.0706,2,False
2022-04-01,IDN,THA,0.1208,3,False
2022-05-01,IDN,THA,0.1116,3,False
2022-06-01,IDN,THA,0.0867,4,False
2022-07-01,IDN,THA,0.0699,3,False
2022-08-01,IDN,THA,0.0531,4,False
2022-09-01,IDN,THA,0.0395,3,True
2022-10-01,IDN,THA,0.0415,3,True
2022-11-01,IDN,THA,0.0277,4,True
2022-12-01,IDN,THA,0.0375,4,True
2023-01-01,IDN,THA,0.035,4,True
2023-02-01,IDN,THA,0.0173,3,True
2023-03-01,IDN,THA,0.0184,3,True
2023-04-01,IDN,THA,0.0241,3,True
2023-05-01,IDN,THA,0.0245,3,True
2023-06-01,IDN,THA,0.0499,3,True
2023-07-01,IDN,THA,0.0379,3,True
2023-08-01,IDN,THA,0.0326,3,True
2023-09-01,IDN,THA,0.0393,3,True
2023-10-01,IDN,THA,0.0707,3,False
2023-11-01,IDN,THA,0.0768,3,False
2023-12-01,IDN,THA,0.0381,3,True
2024-01-01,IDN,THA,0.0696,3,False
2024-02-01,IDN,THA,0.0481,3,True
2024-03-01,IDN,THA,0.1068,3,False
2024-04-01,IDN,THA,0.0332,3,True
2024-05-01,IDN,THA,0.0176,3,True
2024-06-01,IDN,THA,0.0593,3,False
2024-07-01,IDN,THA,0.0443,3,True
2024-08-01,IDN,THA,0.0639,3,False
2024-09-01,IDN,THA,0.0773,3,False
2024-10-01,IDN,THA,0.0642,3,False
2024-11-01,IDN,THA,0.1234,4,False
2024-12-01,IDN,THA,0.097,3,False
2025-01-01,IDN,THA,0.1889,4,False
2025-02-01,IDN,THA,0.1065,4,False
2025-03-01,IDN,THA,0.1379,3,False
2025-04-01,IDN,THA,0.129,3,False
2025-05-01,IDN,THA,0.2018,3,False
2025-06-01,IDN,THA,0.2247,3,False
2025-07-01,IDN,THA,0.3418,3,False
2025-08-01,IDN,THA,0.4923,3,False
2025-09-01,IDN,THA,0.5507,4,False
2025-10-01,IDN,THA,0.2407,4,False
2025-11-01,IDN,THA,0.1891,4,False
2025-12-01,IDN,THA,0.1833,4,False
2026-01-01,IDN,THA,0.1267,4,False
2026-02-01,IDN,THA,0.0656,3,False
2026-03-01,IDN,THA,0.0442,3,True
2015-01-01,IDN,BRA,0.0034,1,True
2015-02-01,IDN,BRA,0.0006,1,True
2015-03-01,IDN,BRA,0.0152,1,True
2015-04-01,IDN,BRA,0.0512,1,False
2015-05-01,IDN,BRA,0.2061,1,False
2015-06-01,IDN,BRA,0.1549,3,False
2015-07-01,IDN,BRA,0.1392,3,False
2015-08-01,IDN,BRA,0.0872,3,False
2015-09-01,IDN,BRA,0.0792,3,False
2015-10-01,IDN,BRA,0.0766,2,False
2015-11-01,IDN,BRA,0.1199,1,False
2015-12-01,IDN,BRA,0.159,4,False
2016-01-01,IDN,BRA,0.0715,1,False
2016-02-01,IDN,BRA,0.0829,1,False
2016-03-01,IDN,BRA,0.0083,1,True
2016-04-01,IDN,BRA,0.0038,2,True
2016-05-01,IDN,BRA,0.0005,2,True
2016-06-01,IDN,BRA,0.0015,2,True
2016-07-01,IDN,BRA,0.0073,4,True
2016-08-01,IDN,BRA,0.0135,3,True
2016-09-01,IDN,BRA,0.0067,4,True
2016-10-01,IDN,BRA,0.0085,4,True
2016-11-01,IDN,BRA,0.0046,4,True
2016-12-01,IDN,BRA,0.0069,3,True
2017-01-01,IDN,BRA,0.0069,3,True
2017-02-01,IDN,BRA,0.0044,2,True
2017-03-01,IDN,BRA,0.0017,1,True
2017-04-01,IDN,BRA,0.0002,1,True
2017-05-01,IDN,BRA,0.0001,1,True
2017-06-01,IDN,BRA,0.0,1,True
2017-07-01,IDN,BRA,0.0,1,True
2017-08-01,IDN,BRA,0.0001,1,True
2017-09-01,IDN,BRA,0.0001,1,True
2017-10-01,IDN,BRA,0.0003,1,True
2017-11-01,IDN,BRA,0.0003,1,True
2017-12-01,IDN,BRA,0.0003,1,True
2018-01-01,IDN,BRA,0.0004,1,True
2018-02-01,IDN,BRA,0.0007,1,True
2018-03-01,IDN,BRA,0.0008,1,True
2018-04-01,IDN,BRA,0.0011,1,True
2018-05-01,IDN,BRA,0.0033,1,True
2018-06-01,IDN,BRA,0.0053,1,True
2018-07-01,IDN,BRA,0.013,1,True
2018-08-01,IDN,BRA,0.0584,1,False
2018-09-01,IDN,BRA,0.1065,1,False
2018-10-01,IDN,BRA,0.1553,1,False
2018-11-01,IDN,BRA,0.352,1,False
2018-12-01,IDN,BRA,0.5457,1,False
2019-01-01,IDN,BRA,0.8408,1,False
2019-02-01,IDN,BRA,0.841,1,False
2019-03-01,IDN,BRA,0.7958,3,False
2019-04-01,IDN,BRA,0.8232,1,False
2019-05-01,IDN,BRA,0.7236,3,False
2019-06-01,IDN,BRA,0.7134,3,False
2019-07-01,IDN,BRA,0.3566,3,False
2019-08-01,IDN,BRA,0.4983,2,False
2019-09-01,IDN,BRA,0.2497,4,False
2019-10-01,IDN,BRA,0.1887,4,False
2019-11-01,IDN,BRA,0.1532,4,False
2019-12-01,IDN,BRA,0.337,4,False
2020-01-01,IDN,BRA,0.3974,3,False
2020-02-01,IDN,BRA,0.3511,3,False
2020-03-01,IDN,BRA,0.365,4,False
2020-04-01,IDN,BRA,0.4857,3,False
2020-05-01,IDN,BRA,0.1668,4,False
2020-06-01,IDN,BRA,0.1434,4,False
2020-07-01,IDN,BRA,0.1245,4,False
2020-08-01,IDN,BRA,0.1706,4,False
2020-09-01,IDN,BRA,0.1958,4,False
2020-10-01,IDN,BRA,0.2421,4,False
2020-11-01,IDN,BRA,0.2191,4,False
2020-12-01,IDN,BRA,0.1158,4,False
2021-01-01,IDN,BRA,0.1383,4,False
2021-02-01,IDN,BRA,0.8528,1,False
2021-03-01,IDN,BRA,0.3913,1,False
2021-04-01,IDN,BRA,0.2222,1,False
2021-05-01,IDN,BRA,0.271,1,False
2021-06-01,IDN,BRA,0.3189,1,False
2021-07-01,IDN,BRA,0.3106,1,False
2021-08-01,IDN,BRA,0.3396,1,False
2021-09-01,IDN,BRA,0.3441,1,False
2021-10-01,IDN,BRA,0.3568,1,False
2021-11-01,IDN,BRA,0.3553,1,False
2021-12-01,IDN,BRA,0.327,1,False
2022-01-01,IDN,BRA,0.2555,2,False
2022-02-01,IDN,BRA,0.1628,1,False
2022-03-01,IDN,BRA,0.2558,1,False
2022-04-01,IDN,BRA,0.2002,1,False
2022-05-01,IDN,BRA,0.2827,1,False
2022-06-01,IDN,BRA,0.1651,1,False
2022-07-01,IDN,BRA,0.2602,1,False
2022-08-01,IDN,BRA,0.3283,1,False
2022-09-01,IDN,BRA,0.507,1,False
2022-10-01,IDN,BRA,0.1052,1,False
2022-11-01,IDN,BRA,0.2704,1,False
2022-12-01,IDN,BRA,0.2986,1,False
2023-01-01,IDN,BRA,0.391,1,False
2023-02-01,IDN,BRA,0.5226,4,False
2023-03-01,IDN,BRA,0.4614,4,False
2023-04-01,IDN,BRA,0.4257,4,False
2023-05-01,IDN,BRA,0.4104,1,False
2023-06-01,IDN,BRA,0.334,1,False
2023-07-01,IDN,BRA,0.2437,1,False
2023-08-01,IDN,BRA,0.2157,1,False
2023-09-01,IDN,BRA,0.144,1,False
2023-10-01,IDN,BRA,0.1281,1,False
2023-11-01,IDN,BRA,0.1076,1,False
2023-12-01,IDN,BRA,0.0408,1,True
2024-01-01,IDN,BRA,0.0181,1,True
2024-02-01,IDN,BRA,0.0102,1,True
2024-03-01,IDN,BRA,0.0145,1,True
2024-04-01,IDN,BRA,0.0148,1,True
2024-05-01,IDN,BRA,0.0114,1,True
2024-06-01,IDN,BRA,0.0208,1,True
2024-07-01,IDN,BRA,0.0178,1,True
2024-08-01,IDN,BRA,0.0267,1,True
2024-09-01,IDN,BRA,0.1176,1,False
2024-10-01,IDN,BRA,0.2028,1,False
2024-11-01,IDN,BRA,0.2163,1,False
2024-12-01,IDN,BRA,0.4462,1,False
2025-01-01,IDN,BRA,0.3892,3,False
2025-02-01,IDN,BRA,0.2187,2,False
2025-03-01,IDN,BRA,0.3507,2,False
2025-04-01,IDN,BRA,0.3938,2,False
2025-05-01,IDN,BRA,0.3479,2,False
2025-06-01,IDN,BRA,0.3259,2,False
2025-07-01,IDN,BRA,0.384,1,False
2025-08-01,IDN,BRA,0.2752,1,False
2025-09-01,IDN,BRA,0.2858,1,False
2025-10-01,IDN,BRA,0.759,1,False
2025-11-01,IDN,BRA,0.7857,1,False
2025-12-01,IDN,BRA,0.7743,1,False
2026-01-01,IDN,BRA,0.6219,1,False
2026-02-01,IDN,BRA,0.531,1,False
2026-03-01,IDN,BRA,0.5061,1,False
2015-01-01,IDN,ZAF,0.0153,2,True
2015-02-01,IDN,ZAF,0.0435,1,True
2015-03-01,IDN,ZAF,0.1704,2,False
2015-04-01,IDN,ZAF,0.2275,2,False
2015-05-01,IDN,ZAF,0.2443,2,False
2015-06-01,IDN,ZAF,0.1254,2,False
2015-07-01,IDN,ZAF,0.1082,2,False
2015-08-01,IDN,ZAF,0.1393,2,False
2015-09-01,IDN,ZAF,0.1954,2,False
2015-10-01,IDN,ZAF,0.0725,1,False
2015-11-01,IDN,ZAF,0.0263,1,True
2015-12-01,IDN,ZAF,0.0128,4,True
2016-01-01,IDN,ZAF,0.0048,3,True
2016-02-01,IDN,ZAF,0.0017,1,True
2016-03-01,IDN,ZAF,0.002,1,True
2016-04-01,IDN,ZAF,0.0035,1,True
2016-05-01,IDN,ZAF,0.0062,1,True
2016-06-01,IDN,ZAF,0.0077,1,True
2016-07-01,IDN,ZAF,0.0123,1,True
2016-08-01,IDN,ZAF,0.033,1,True
2016-09-01,IDN,ZAF,0.0382,4,True
2016-10-01,IDN,ZAF,0.0246,1,True
2016-11-01,IDN,ZAF,0.0248,4,True
2016-12-01,IDN,ZAF,0.0057,1,True
2017-01-01,IDN,ZAF,0.0104,1,True
2017-02-01,IDN,ZAF,0.0237,1,True
2017-03-01,IDN,ZAF,0.016,1,True
2017-04-01,IDN,ZAF,0.06,1,False
2017-05-01,IDN,ZAF,0.0942,3,False
2017-06-01,IDN,ZAF,0.0684,3,False
2017-07-01,IDN,ZAF,0.0522,1,False
2017-08-01,IDN,ZAF,0.0495,1,True
2017-09-01,IDN,ZAF,0.0424,1,True
2017-10-01,IDN,ZAF,0.0354,1,True
2017-11-01,IDN,ZAF,0.0291,1,True
2017-12-01,IDN,ZAF,0.0183,1,True
2018-01-01,IDN,ZAF,0.0207,1,True
2018-02-01,IDN,ZAF,0.0259,1,True
2018-03-01,IDN,ZAF,0.0247,1,True
2018-04-01,IDN,ZAF,0.0082,2,True
2018-05-01,IDN,ZAF,0.0024,1,True
2018-06-01,IDN,ZAF,0.0028,1,True
2018-07-01,IDN,ZAF,0.0036,1,True
2018-08-01,IDN,ZAF,0.02,1,True
2018-09-01,IDN,ZAF,0.3041,1,False
2018-10-01,IDN,ZAF,0.8398,4,False
2018-11-01,IDN,ZAF,0.5852,1,False
2018-12-01,IDN,ZAF,0.793,4,False
2019-01-01,IDN,ZAF,0.6168,3,False
2019-02-01,IDN,ZAF,0.5154,3,False
2019-03-01,IDN,ZAF,0.5201,3,False
2019-04-01,IDN,ZAF,0.4628,4,False
2019-05-01,IDN,ZAF,0.2915,3,False
2019-06-01,IDN,ZAF,0.2437,3,False
2019-07-01,IDN,ZAF,0.2423,1,False
2019-08-01,IDN,ZAF,0.2706,1,False
2019-09-01,IDN,ZAF,0.2648,1,False
2019-10-01,IDN,ZAF,0.3003,1,False
2019-11-01,IDN,ZAF,0.6206,1,False
2019-12-01,IDN,ZAF,0.6036,1,False
2020-01-01,IDN,ZAF,0.6702,1,False
2020-02-01,IDN,ZAF,0.6155,1,False
2020-03-01,IDN,ZAF,0.8941,2,False
2020-04-01,IDN,ZAF,0.676,2,False
2020-05-01,IDN,ZAF,0.5922,2,False
2020-06-01,IDN,ZAF,0.7002,2,False
2020-07-01,IDN,ZAF,0.5598,2,False
2020-08-01,IDN,ZAF,0.7477,2,False
2020-09-01,IDN,ZAF,0.5485,1,False
2020-10-01,IDN,ZAF,0.6351,1,False
2020-11-01,IDN,ZAF,0.7199,1,False
2020-12-01,IDN,ZAF,0.7153,2,False
2021-01-01,IDN,ZAF,0.5157,1,False
2021-02-01,IDN,ZAF,0.5885,3,False
2021-03-01,IDN,ZAF,0.7728,3,False
2021-04-01,IDN,ZAF,0.6285,1,False
2021-05-01,IDN,ZAF,0.8257,2,False
2021-06-01,IDN,ZAF,0.8082,2,False
2021-07-01,IDN,ZAF,0.7874,1,False
2021-08-01,IDN,ZAF,0.7653,1,False
2021-09-01,IDN,ZAF,0.7264,1,False
2021-10-01,IDN,ZAF,0.8868,1,False
2021-11-01,IDN,ZAF,0.8452,1,False
2021-12-01,IDN,ZAF,0.4361,1,False
2022-01-01,IDN,ZAF,0.0308,4,True
2022-02-01,IDN,ZAF,0.0006,3,True
2022-03-01,IDN,ZAF,0.0009,2,True
2022-04-01,IDN,ZAF,0.002,1,True
2022-05-01,IDN,ZAF,0.0037,1,True
2022-06-01,IDN,ZAF,0.0014,1,True
2022-07-01,IDN,ZAF,0.0023,1,True
2022-08-01,IDN,ZAF,0.0009,1,True
2022-09-01,IDN,ZAF,0.0014,1,True
2022-10-01,IDN,ZAF,0.0015,1,True
2022-11-01,IDN,ZAF,0.0091,1,True
2022-12-01,IDN,ZAF,0.0077,1,True
2023-01-01,IDN,ZAF,0.0066,1,True
2023-02-01,IDN,ZAF,0.0839,1,False
2023-03-01,IDN,ZAF,0.1135,1,False
2023-04-01,IDN,ZAF,0.0658,4,False
2023-05-01,IDN,ZAF,0.1728,1,False
2023-06-01,IDN,ZAF,0.1612,1,False
2023-07-01,IDN,ZAF,0.16,1,False
2023-08-01,IDN,ZAF,0.1436,1,False
2023-09-01,IDN,ZAF,0.1503,1,False
2023-10-01,IDN,ZAF,0.1744,1,False
2023-11-01,IDN,ZAF,0.2123,1,False
2023-12-01,IDN,ZAF,0.0719,1,False
2024-01-01,IDN,ZAF,0.0961,1,False
2024-02-01,IDN,ZAF,0.0371,1,True
2024-03-01,IDN,ZAF,0.0408,1,True
2024-04-01,IDN,ZAF,0.0538,1,False
2024-05-01,IDN,ZAF,0.0456,1,True
2024-06-01,IDN,ZAF,0.0493,1,True
2024-07-01,IDN,ZAF,0.0751,1,False
2024-08-01,IDN,ZAF,0.0813,1,False
2024-09-01,IDN,ZAF,0.0876,1,False
2024-10-01,IDN,ZAF,0.1491,1,False
2024-11-01,IDN,ZAF,0.1492,1,False
2024-12-01,IDN,ZAF,0.1966,1,False
2025-01-01,IDN,ZAF,0.3775,1,False
2025-02-01,IDN,ZAF,0.4354,2,False
2025-03-01,IDN,ZAF,0.4101,2,False
2025-04-01,IDN,ZAF,0.5006,2,False
2025-05-01,IDN,ZAF,0.431,2,False
2025-06-01,IDN,ZAF,0.367,1,False
2025-07-01,IDN,ZAF,0.397,1,False
2025-08-01,IDN,ZAF,0.3829,1,False
2025-09-01,IDN,ZAF,0.1911,4,False
2025-10-01,IDN,ZAF,0.1254,4,False
2025-11-01,IDN,ZAF,0.3932,4,False
2025-12-01,IDN,ZAF,0.4537,4,False
2026-01-01,IDN,ZAF,0.4727,4,False
2026-02-01,IDN,ZAF,0.522,4,False
2026-03-01,IDN,ZAF,0.5485,3,False
2015-01-01,IDN,MEX,0.2309,1,False
2015-02-01,IDN,MEX,0.3177,3,False
2015-03-01,IDN,MEX,0.2382,2,False
2015-04-01,IDN,MEX,0.1148,2,False
2015-05-01,IDN,MEX,0.1256,2,False
2015-06-01,IDN,MEX,0.1399,2,False
2015-07-01,IDN,MEX,0.131,2,False
2015-08-01,IDN,MEX,0.1681,2,False
2015-09-01,IDN,MEX,0.2589,1,False
2015-10-01,IDN,MEX,0.5035,3,False
2015-11-01,IDN,MEX,0.366,1,False
2015-12-01,IDN,MEX,0.2957,1,False
2016-01-01,IDN,MEX,0.2722,1,False
2016-02-01,IDN,MEX,0.2989,1,False
2016-03-01,IDN,MEX,0.3223,4,False
2016-04-01,IDN,MEX,0.2491,4,False
2016-05-01,IDN,MEX,0.2302,4,False
2016-06-01,IDN,MEX,0.2139,4,False
2016-07-01,IDN,MEX,0.2842,4,False
2016-08-01,IDN,MEX,0.1844,4,False
2016-09-01,IDN,MEX,0.2003,4,False
2016-10-01,IDN,MEX,0.172,4,False
2016-11-01,IDN,MEX,0.1512,4,False
2016-12-01,IDN,MEX,0.251,4,False
2017-01-01,IDN,MEX,0.2575,4,False
2017-02-01,IDN,MEX,0.2105,4,False
2017-03-01,IDN,MEX,0.1336,4,False
2017-04-01,IDN,MEX,0.1438,4,False
2017-05-01,IDN,MEX,0.0722,4,False
2017-06-01,IDN,MEX,0.1473,3,False
2017-07-01,IDN,MEX,0.1046,4,False
2017-08-01,IDN,MEX,0.0601,3,False
2017-09-01,IDN,MEX,0.0507,3,False
2017-10-01,IDN,MEX,0.0513,3,False
2017-11-01,IDN,MEX,0.0386,3,True
2017-12-01,IDN,MEX,0.0338,4,True
2018-01-01,IDN,MEX,0.0435,1,True
2018-02-01,IDN,MEX,0.0412,4,True
2018-03-01,IDN,MEX,0.0435,4,True
2018-04-01,IDN,MEX,0.0539,4,False
2018-05-01,IDN,MEX,0.0451,4,True
2018-06-01,IDN,MEX,0.0559,4,False
2018-07-01,IDN,MEX,0.0852,4,False
2018-08-01,IDN,MEX,0.1619,4,False
2018-09-01,IDN,MEX,0.2629,1,False
2018-10-01,IDN,MEX,0.1853,1,False
2018-11-01,IDN,MEX,0.325,1,False
2018-12-01,IDN,MEX,0.3488,4,False
2019-01-01,IDN,MEX,0.8369,4,False
2019-02-01,IDN,MEX,0.9192,4,False
2019-03-01,IDN,MEX,0.7929,1,False
2019-04-01,IDN,MEX,0.4897,1,False
2019-05-01,IDN,MEX,0.442,1,False
2019-06-01,IDN,MEX,0.302,1,False
2019-07-01,IDN,MEX,0.2215,1,False
2019-08-01,IDN,MEX,0.1553,1,False
2019-09-01,IDN,MEX,0.1006,1,False
2019-10-01,IDN,MEX,0.0811,3,False
2019-11-01,IDN,MEX,0.0307,1,True
2019-12-01,IDN,MEX,0.0065,1,True
2020-01-01,IDN,MEX,0.0026,1,True
2020-02-01,IDN,MEX,0.0213,1,True
2020-03-01,IDN,MEX,0.0384,1,True
2020-04-01,IDN,MEX,0.0206,1,True
2020-05-01,IDN,MEX,0.0182,1,True
2020-06-01,IDN,MEX,0.026,1,True
2020-07-01,IDN,MEX,0.0324,1,True
2020-08-01,IDN,MEX,0.0348,1,True
2020-09-01,IDN,MEX,0.0227,1,True
2020-10-01,IDN,MEX,0.0593,1,False
2020-11-01,IDN,MEX,0.1667,1,False
2020-12-01,IDN,MEX,0.383,2,False
2021-01-01,IDN,MEX,0.2578,1,False
2021-02-01,IDN,MEX,0.1229,2,False
2021-03-01,IDN,MEX,0.101,2,False
2021-04-01,IDN,MEX,0.0943,2,False
2021-05-01,IDN,MEX,0.0785,2,False
2021-06-01,IDN,MEX,0.0286,3,True
2021-07-01,IDN,MEX,0.0061,2,True
2021-08-01,IDN,MEX,0.0038,2,True
2021-09-01,IDN,MEX,0.0078,2,True
2021-10-01,IDN,MEX,0.0131,2,True
2021-11-01,IDN,MEX,0.0223,2,True
2021-12-01,IDN,MEX,0.018,2,True
2022-01-01,IDN,MEX,0.0178,2,True
2022-02-01,IDN,MEX,0.0262,3,True
2022-03-01,IDN,MEX,0.0356,2,True
2022-04-01,IDN,MEX,0.0532,2,False
2022-05-01,IDN,MEX,0.0783,3,False
2022-06-01,IDN,MEX,0.1079,2,False
2022-07-01,IDN,MEX,0.1052,3,False
2022-08-01,IDN,MEX,0.1215,2,False
2022-09-01,IDN,MEX,0.0799,2,False
2022-10-01,IDN,MEX,0.045,2,True
2022-11-01,IDN,MEX,0.0517,2,False
2022-12-01,IDN,MEX,0.066,3,False
2023-01-01,IDN,MEX,0.1505,2,False
2023-02-01,IDN,MEX,0.0923,2,False
2023-03-01,IDN,MEX,0.1074,4,False
2023-04-01,IDN,MEX,0.0531,4,False
2023-05-01,IDN,MEX,0.1176,4,False
2023-06-01,IDN,MEX,0.1018,1,False
2023-07-01,IDN,MEX,0.1113,1,False
2023-08-01,IDN,MEX,0.2128,2,False
2023-09-01,IDN,MEX,0.1751,1,False
2023-10-01,IDN,MEX,0.2228,2,False
2023-11-01,IDN,MEX,0.175,3,False
2023-12-01,IDN,MEX,0.1961,1,False
2024-01-01,IDN,MEX,0.0724,1,False
2024-02-01,IDN,MEX,0.0288,1,True
2024-03-01,IDN,MEX,0.0184,1,True
2024-04-01,IDN,MEX,0.0114,1,True
2024-05-01,IDN,MEX,0.0079,1,True
2024-06-01,IDN,MEX,0.0105,1,True
2024-07-01,IDN,MEX,0.0167,1,True
2024-08-01,IDN,MEX,0.012,1,True
2024-09-01,IDN,MEX,0.0176,1,True
2024-10-01,IDN,MEX,0.0219,1,True
2024-11-01,IDN,MEX,0.0179,1,True
2024-12-01,IDN,MEX,0.0667,1,False
2025-01-01,IDN,MEX,0.3239,1,False
2025-02-01,IDN,MEX,0.3224,2,False
2025-03-01,IDN,MEX,0.3122,2,False
2025-04-01,IDN,MEX,0.4502,3,False
2025-05-01,IDN,MEX,0.3672,4,False
2025-06-01,IDN,MEX,0.371,4,False
2025-07-01,IDN,MEX,0.4618,4,False
2025-08-01,IDN,MEX,0.5285,4,False
2025-09-01,IDN,MEX,0.4135,4,False
2025-10-01,IDN,MEX,0.2959,4,False
2025-11-01,IDN,MEX,0.3854,4,False
2025-12-01,IDN,MEX,0.3467,1,False
2026-01-01,IDN,MEX,0.2636,1,False
2026-02-01,IDN,MEX,0.211,1,False
2026-03-01,IDN,MEX,0.2741,1,False
2015-01-01,IDN,SGP,0.0631,1,False
2015-02-01,IDN,SGP,0.0729,1,False
2015-03-01,IDN,SGP,0.0777,1,False
2015-04-01,IDN,SGP,0.0843,1,False
2015-05-01,IDN,SGP,0.16,1,False
2015-06-01,IDN,SGP,0.1656,1,False
2015-07-01,IDN,SGP,0.1567,1,False
2015-08-01,IDN,SGP,0.2234,1,False
2015-09-01,IDN,SGP,0.1615,1,False
2015-10-01,IDN,SGP,0.2286,1,False
2015-11-01,IDN,SGP,0.2863,1,False
2015-12-01,IDN,SGP,0.5562,4,False
2016-01-01,IDN,SGP,0.3465,4,False
2016-02-01,IDN,SGP,0.4898,4,False
2016-03-01,IDN,SGP,0.5034,4,False
2016-04-01,IDN,SGP,0.5075,4,False
2016-05-01,IDN,SGP,0.5938,4,False
2016-06-01,IDN,SGP,0.308,4,False
2016-07-01,IDN,SGP,0.1536,4,False
2016-08-01,IDN,SGP,0.2357,4,False
2016-09-01,IDN,SGP,0.4177,4,False
2016-10-01,IDN,SGP,0.2586,4,False
2016-11-01,IDN,SGP,0.2045,4,False
2016-12-01,IDN,SGP,0.223,2,False
2017-01-01,IDN,SGP,0.2596,4,False
2017-02-01,IDN,SGP,0.3314,2,False
2017-03-01,IDN,SGP,0.378,2,False
2017-04-01,IDN,SGP,0.5188,2,False
2017-05-01,IDN,SGP,0.565,2,False
2017-06-01,IDN,SGP,0.405,4,False
2017-07-01,IDN,SGP,0.4229,2,False
2017-08-01,IDN,SGP,0.4347,2,False
2017-09-01,IDN,SGP,0.445,2,False
2017-10-01,IDN,SGP,0.5315,2,False
2017-11-01,IDN,SGP,0.4445,3,False
2017-12-01,IDN,SGP,0.2539,2,False
2018-01-01,IDN,SGP,0.2231,1,False
2018-02-01,IDN,SGP,0.2116,2,False
2018-03-01,IDN,SGP,0.2784,3,False
2018-04-01,IDN,SGP,0.2145,2,False
2018-05-01,IDN,SGP,0.4492,1,False
2018-06-01,IDN,SGP,0.3628,4,False
2018-07-01,IDN,SGP,0.3274,4,False
2018-08-01,IDN,SGP,0.3025,4,False
2018-09-01,IDN,SGP,0.226,3,False
2018-10-01,IDN,SGP,0.1964,2,False
2018-11-01,IDN,SGP,0.0298,1,True
2018-12-01,IDN,SGP,0.0673,1,False
2019-01-01,IDN,SGP,0.1103,1,False
2019-02-01,IDN,SGP,0.0855,1,False
2019-03-01,IDN,SGP,0.0803,1,False
2019-04-01,IDN,SGP,0.0517,1,False
2019-05-01,IDN,SGP,0.1176,1,False
2019-06-01,IDN,SGP,0.1039,1,False
2019-07-01,IDN,SGP,0.0496,2,True
2019-08-01,IDN,SGP,0.0313,1,True
2019-09-01,IDN,SGP,0.0651,1,False
2019-10-01,IDN,SGP,0.0468,1,True
2019-11-01,IDN,SGP,0.0446,1,True
2019-12-01,IDN,SGP,0.0173,4,True
2020-01-01,IDN,SGP,0.0147,3,True
2020-02-01,IDN,SGP,0.0051,2,True
2020-03-01,IDN,SGP,0.0021,3,True
2020-04-01,IDN,SGP,0.0006,2,True
2020-05-01,IDN,SGP,0.0012,2,True
2020-06-01,IDN,SGP,0.0041,3,True
2020-07-01,IDN,SGP,0.0316,1,True
2020-08-01,IDN,SGP,0.0123,1,True
2020-09-01,IDN,SGP,0.0502,1,False
2020-10-01,IDN,SGP,0.1225,1,False
2020-11-01,IDN,SGP,0.2895,1,False
2020-12-01,IDN,SGP,0.4119,1,False
2021-01-01,IDN,SGP,0.4584,1,False
2021-02-01,IDN,SGP,0.3781,1,False
2021-03-01,IDN,SGP,0.3478,1,False
2021-04-01,IDN,SGP,0.2425,1,False
2021-05-01,IDN,SGP,0.1189,1,False
2021-06-01,IDN,SGP,0.1085,1,False
2021-07-01,IDN,SGP,0.144,1,False
2021-08-01,IDN,SGP,0.1605,1,False
2021-09-01,IDN,SGP,0.1826,1,False
2021-10-01,IDN,SGP,0.1654,1,False
2021-11-01,IDN,SGP,0.15,1,False
2021-12-01,IDN,SGP,0.2074,1,False
2022-01-01,IDN,SGP,0.3879,1,False
2022-02-01,IDN,SGP,0.751,4,False
2022-03-01,IDN,SGP,0.7652,1,False
2022-04-01,IDN,SGP,0.8764,4,False
2022-05-01,IDN,SGP,0.8038,2,False
2022-06-01,IDN,SGP,0.5456,1,False
2022-07-01,IDN,SGP,0.4373,1,False
2022-08-01,IDN,SGP,0.2236,2,False
2022-09-01,IDN,SGP,0.0767,1,False
2022-10-01,IDN,SGP,0.0519,1,False
2022-11-01,IDN,SGP,0.0247,1,True
2022-12-01,IDN,SGP,0.0268,1,True
2023-01-01,IDN,SGP,0.0222,1,True
2023-02-01,IDN,SGP,0.0423,1,True
2023-03-01,IDN,SGP,0.0477,1,True
2023-04-01,IDN,SGP,0.0565,1,False
2023-05-01,IDN,SGP,0.045,1,True
2023-06-01,IDN,SGP,0.0809,1,False
2023-07-01,IDN,SGP,0.1152,1,False
2023-08-01,IDN,SGP,0.3959,4,False
2023-09-01,IDN,SGP,0.3492,4,False
2023-10-01,IDN,SGP,0.3388,4,False
2023-11-01,IDN,SGP,0.3709,4,False
2023-12-01,IDN,SGP,0.4311,4,False
2024-01-01,IDN,SGP,0.4332,4,False
2024-02-01,IDN,SGP,0.3073,4,False
2024-03-01,IDN,SGP,0.2998,4,False
2024-04-01,IDN,SGP,0.2479,4,False
2024-05-01,IDN,SGP,0.1706,4,False
2024-06-01,IDN,SGP,0.1948,4,False
2024-07-01,IDN,SGP,0.2769,2,False
2024-08-01,IDN,SGP,0.4328,2,False
2024-09-01,IDN,SGP,0.4901,2,False
2024-10-01,IDN,SGP,0.3542,1,False
2024-11-01,IDN,SGP,0.2915,1,False
2024-12-01,IDN,SGP,0.2372,1,False
2025-01-01,IDN,SGP,0.196,1,False
2025-02-01,IDN,SGP,0.3814,3,False
2025-03-01,IDN,SGP,0.3045,1,False
2025-04-01,IDN,SGP,0.2434,1,False
2025-05-01,IDN,SGP,0.2477,1,False
2025-06-01,IDN,SGP,0.2558,1,False
2025-07-01,IDN,SGP,0.3226,1,False
2025-08-01,IDN,SGP,0.4059,3,False
2025-09-01,IDN,SGP,0.35,3,False
2025-10-01,IDN,SGP,0.5035,3,False
2025-11-01,IDN,SGP,0.6513,3,False
2025-12-01,IDN,SGP,0.5202,2,False
2026-01-01,IDN,SGP,0.6301,2,False
2026-02-01,IDN,SGP,0.4999,2,False
2026-03-01,IDN,SGP,0.4036,2,False
2015-01-01,IDN,KOR,0.0088,1,True
2015-02-01,IDN,KOR,0.0063,1,True
2015-03-01,IDN,KOR,0.0024,1,True
2015-04-01,IDN,KOR,0.0053,2,True
2015-05-01,IDN,KOR,0.0024,2,True
2015-06-01,IDN,KOR,0.0011,1,True
2015-07-01,IDN,KOR,0.0112,1,True
2015-08-01,IDN,KOR,0.0284,2,True
2015-09-01,IDN,KOR,0.0106,2,True
2015-10-01,IDN,KOR,0.0419,1,True
2015-11-01,IDN,KOR,0.1257,1,False
2015-12-01,IDN,KOR,0.1365,1,False
2016-01-01,IDN,KOR,0.2739,2,False
2016-02-01,IDN,KOR,0.2353,2,False
2016-03-01,IDN,KOR,0.1516,1,False
2016-04-01,IDN,KOR,0.0963,1,False
2016-05-01,IDN,KOR,0.0658,1,False
2016-06-01,IDN,KOR,0.0336,1,True
2016-07-01,IDN,KOR,0.036,1,True
2016-08-01,IDN,KOR,0.0322,1,True
2016-09-01,IDN,KOR,0.0233,1,True
2016-10-01,IDN,KOR,0.0218,1,True
2016-11-01,IDN,KOR,0.0477,2,True
2016-12-01,IDN,KOR,0.0192,1,True
2017-01-01,IDN,KOR,0.0292,2,True
2017-02-01,IDN,KOR,0.0052,2,True
2017-03-01,IDN,KOR,0.0116,1,True
2017-04-01,IDN,KOR,0.0056,1,True
2017-05-01,IDN,KOR,0.0047,1,True
2017-06-01,IDN,KOR,0.0045,1,True
2017-07-01,IDN,KOR,0.0047,1,True
2017-08-01,IDN,KOR,0.0048,1,True
2017-09-01,IDN,KOR,0.0042,1,True
2017-10-01,IDN,KOR,0.0073,1,True
2017-11-01,IDN,KOR,0.0129,1,True
2017-12-01,IDN,KOR,0.0109,1,True
2018-01-01,IDN,KOR,0.0199,1,True
2018-02-01,IDN,KOR,0.0176,3,True
2018-03-01,IDN,KOR,0.0064,1,True
2018-04-01,IDN,KOR,0.0021,1,True
2018-05-01,IDN,KOR,0.0063,1,True
2018-06-01,IDN,KOR,0.0024,1,True
2018-07-01,IDN,KOR,0.0049,1,True
2018-08-01,IDN,KOR,0.0315,1,True
2018-09-01,IDN,KOR,0.0872,1,False
2018-10-01,IDN,KOR,0.0464,1,True
2018-11-01,IDN,KOR,0.2307,3,False
2018-12-01,IDN,KOR,0.0421,2,True
2019-01-01,IDN,KOR,0.0451,2,True
2019-02-01,IDN,KOR,0.0439,2,True
2019-03-01,IDN,KOR,0.0526,2,False
2019-04-01,IDN,KOR,0.0779,2,False
2019-05-01,IDN,KOR,0.0829,2,False
2019-06-01,IDN,KOR,0.0625,2,False
2019-07-01,IDN,KOR,0.0845,1,False
2019-08-01,IDN,KOR,0.0458,2,True
2019-09-01,IDN,KOR,0.0862,1,False
2019-10-01,IDN,KOR,0.057,1,False
2019-11-01,IDN,KOR,0.0906,1,False
2019-12-01,IDN,KOR,0.0718,1,False
2020-01-01,IDN,KOR,0.0864,1,False
2020-02-01,IDN,KOR,0.0672,1,False
2020-03-01,IDN,KOR,0.1004,2,False
2020-04-01,IDN,KOR,0.0817,1,False
2020-05-01,IDN,KOR,0.0354,2,True
2020-06-01,IDN,KOR,0.0661,1,False
2020-07-01,IDN,KOR,0.0582,1,False
2020-08-01,IDN,KOR,0.1084,1,False
2020-09-01,IDN,KOR,0.0401,1,True
2020-10-01,IDN,KOR,0.0327,4,True
2020-11-01,IDN,KOR,0.0187,4,True
2020-12-01,IDN,KOR,0.0113,4,True
2021-01-01,IDN,KOR,0.0147,4,True
2021-02-01,IDN,KOR,0.0134,4,True
2021-03-01,IDN,KOR,0.0458,4,True
2021-04-01,IDN,KOR,0.1434,4,False
2021-05-01,IDN,KOR,0.1922,4,False
2021-06-01,IDN,KOR,0.1804,3,False
2021-07-01,IDN,KOR,0.1019,3,False
2021-08-01,IDN,KOR,0.0958,3,False
2021-09-01,IDN,KOR,0.0929,2,False
2021-10-01,IDN,KOR,0.1295,3,False
2021-11-01,IDN,KOR,0.123,3,False
2021-12-01,IDN,KOR,0.1048,1,False
2022-01-01,IDN,KOR,0.2511,3,False
2022-02-01,IDN,KOR,0.0936,3,False
2022-03-01,IDN,KOR,0.0509,3,False
2022-04-01,IDN,KOR,0.0909,3,False
2022-05-01,IDN,KOR,0.1832,3,False
2022-06-01,IDN,KOR,0.2486,3,False
2022-07-01,IDN,KOR,0.2111,3,False
2022-08-01,IDN,KOR,0.1201,4,False
2022-09-01,IDN,KOR,0.1271,3,False
2022-10-01,IDN,KOR,0.1468,3,False
2022-11-01,IDN,KOR,0.1835,3,False
2022-12-01,IDN,KOR,0.1876,3,False
2023-01-01,IDN,KOR,0.2095,3,False
2023-02-01,IDN,KOR,0.2246,3,False
2023-03-01,IDN,KOR,0.2302,3,False
2023-04-01,IDN,KOR,0.3031,3,False
2023-05-01,IDN,KOR,0.3385,3,False
2023-06-01,IDN,KOR,0.318,3,False
2023-07-01,IDN,KOR,0.3345,3,False
2023-08-01,IDN,KOR,0.4985,1,False
2023-09-01,IDN,KOR,0.4915,1,False
2023-10-01,IDN,KOR,0.5627,4,False
2023-11-01,IDN,KOR,0.5124,4,False
2023-12-01,IDN,KOR,0.4745,4,False
2024-01-01,IDN,KOR,0.5896,4,False
2024-02-01,IDN,KOR,0.3962,1,False
2024-03-01,IDN,KOR,0.1684,1,False
2024-04-01,IDN,KOR,0.372,1,False
2024-05-01,IDN,KOR,0.377,1,False
2024-06-01,IDN,KOR,0.5082,1,False
2024-07-01,IDN,KOR,0.4399,3,False
2024-08-01,IDN,KOR,0.382,3,False
2024-09-01,IDN,KOR,0.4081,3,False
2024-10-01,IDN,KOR,0.355,3,False
2024-11-01,IDN,KOR,0.3714,3,False
2024-12-01,IDN,KOR,0.4326,3,False
2025-01-01,IDN,KOR,0.2787,4,False
2025-02-01,IDN,KOR,0.1634,3,False
2025-03-01,IDN,KOR,0.2474,3,False
2025-04-01,IDN,KOR,0.1559,1,False
2025-05-01,IDN,KOR,0.0896,1,False
2025-06-01,IDN,KOR,0.0638,1,False
2025-07-01,IDN,KOR,0.0662,1,False
2025-08-01,IDN,KOR,0.1214,1,False
2025-09-01,IDN,KOR,0.1268,1,False
2025-10-01,IDN,KOR,0.1376,4,False
2025-11-01,IDN,KOR,0.207,4,False
2025-12-01,IDN,KOR,0.2184,2,False
2026-01-01,IDN,KOR,0.0918,1,False
2026-02-01,IDN,KOR,0.2042,1,False
2026-03-01,IDN,KOR,0.2832,1,False
2015-01-01,IDN,GBR,0.1021,3,False
2015-02-01,IDN,GBR,0.0731,3,False
2015-03-01,IDN,GBR,0.2726,3,False
2015-04-01,IDN,GBR,0.2998,3,False
2015-05-01,IDN,GBR,0.2876,3,False
2015-06-01,IDN,GBR,0.2979,3,False
2015-07-01,IDN,GBR,0.2499,3,False
2015-08-01,IDN,GBR,0.2832,3,False
2015-09-01,IDN,GBR,0.311,3,False
2015-10-01,IDN,GBR,0.3301,3,False
2015-11-01,IDN,GBR,0.1737,4,False
2015-12-01,IDN,GBR,0.5147,4,False
2016-01-01,IDN,GBR,0.6276,4,False
2016-02-01,IDN,GBR,0.5171,3,False
2016-03-01,IDN,GBR,0.1307,3,False
2016-04-01,IDN,GBR,0.1115,3,False
2016-05-01,IDN,GBR,0.109,3,False
2016-06-01,IDN,GBR,0.1211,3,False
2016-07-01,IDN,GBR,0.1091,3,False
2016-08-01,IDN,GBR,0.1111,3,False
2016-09-01,IDN,GBR,0.1665,3,False
2016-10-01,IDN,GBR,0.246,3,False
2016-11-01,IDN,GBR,0.2662,3,False
2016-12-01,IDN,GBR,0.2452,3,False
2017-01-01,IDN,GBR,0.3458,1,False
2017-02-01,IDN,GBR,0.1469,1,False
2017-03-01,IDN,GBR,0.2665,1,False
2017-04-01,IDN,GBR,0.1944,1,False
2017-05-01,IDN,GBR,0.0586,1,False
2017-06-01,IDN,GBR,0.0512,1,False
2017-07-01,IDN,GBR,0.021,1,True
2017-08-01,IDN,GBR,0.0185,1,True
2017-09-01,IDN,GBR,0.0239,1,True
2017-10-01,IDN,GBR,0.0211,1,True
2017-11-01,IDN,GBR,0.0205,1,True
2017-12-01,IDN,GBR,0.0095,1,True
2018-01-01,IDN,GBR,0.027,1,True
2018-02-01,IDN,GBR,0.0643,1,False
2018-03-01,IDN,GBR,0.0733,1,False
2018-04-01,IDN,GBR,0.0923,1,False
2018-05-01,IDN,GBR,0.0887,1,False
2018-06-01,IDN,GBR,0.0563,1,False
2018-07-01,IDN,GBR,0.0808,1,False
2018-08-01,IDN,GBR,0.1739,1,False
2018-09-01,IDN,GBR,0.3044,1,False
2018-10-01,IDN,GBR,0.1509,1,False
2018-11-01,IDN,GBR,0.1356,1,False
2018-12-01,IDN,GBR,0.2552,3,False
2019-01-01,IDN,GBR,0.0928,1,False
2019-02-01,IDN,GBR,0.0416,1,True
2019-03-01,IDN,GBR,0.036,1,True
2019-04-01,IDN,GBR,0.0458,1,True
2019-05-01,IDN,GBR,0.1159,4,False
2019-06-01,IDN,GBR,0.143,4,False
2019-07-01,IDN,GBR,0.1311,1,False
2019-08-01,IDN,GBR,0.198,4,False
2019-09-01,IDN,GBR,0.0948,4,False
2019-10-01,IDN,GBR,0.1427,4,False
2019-11-01,IDN,GBR,0.057,4,False
2019-12-01,IDN,GBR,0.0495,4,True
2020-01-01,IDN,GBR,0.0498,4,True
2020-02-01,IDN,GBR,0.1229,4,False
2020-03-01,IDN,GBR,0.1191,4,False
2020-04-01,IDN,GBR,0.0637,4,False
2020-05-01,IDN,GBR,0.1009,4,False
2020-06-01,IDN,GBR,0.0741,4,False
2020-07-01,IDN,GBR,0.0894,4,False
2020-08-01,IDN,GBR,0.0884,4,False
2020-09-01,IDN,GBR,0.1173,3,False
2020-10-01,IDN,GBR,0.2937,2,False
2020-11-01,IDN,GBR,0.1334,1,False
2020-12-01,IDN,GBR,0.2046,4,False
2021-01-01,IDN,GBR,0.2019,3,False
2021-02-01,IDN,GBR,0.2968,3,False
2021-03-01,IDN,GBR,0.3328,1,False
2021-04-01,IDN,GBR,0.3904,1,False
2021-05-01,IDN,GBR,0.6011,1,False
2021-06-01,IDN,GBR,0.646,1,False
2021-07-01,IDN,GBR,0.636,4,False
2021-08-01,IDN,GBR,0.6869,4,False
2021-09-01,IDN,GBR,0.686,4,False
2021-10-01,IDN,GBR,0.4005,4,False
2021-11-01,IDN,GBR,0.7237,4,False
2021-12-01,IDN,GBR,0.6323,2,False
2022-01-01,IDN,GBR,0.3967,4,False
2022-02-01,IDN,GBR,0.2891,1,False
2022-03-01,IDN,GBR,0.2515,1,False
2022-04-01,IDN,GBR,0.265,3,False
2022-05-01,IDN,GBR,0.0886,4,False
2022-06-01,IDN,GBR,0.1154,4,False
2022-07-01,IDN,GBR,0.1588,1,False
2022-08-01,IDN,GBR,0.0965,1,False
2022-09-01,IDN,GBR,0.0668,1,False
2022-10-01,IDN,GBR,0.0681,1,False
2022-11-01,IDN,GBR,0.0606,1,False
2022-12-01,IDN,GBR,0.0478,1,True
2023-01-01,IDN,GBR,0.0413,1,True
2023-02-01,IDN,GBR,0.2975,1,False
2023-03-01,IDN,GBR,0.4511,4,False
2023-04-01,IDN,GBR,0.3308,3,False
2023-05-01,IDN,GBR,0.3414,3,False
2023-06-01,IDN,GBR,0.3273,3,False
2023-07-01,IDN,GBR,0.2751,3,False
2023-08-01,IDN,GBR,0.5275,3,False
2023-09-01,IDN,GBR,0.5598,3,False
2023-10-01,IDN,GBR,0.6135,4,False
2023-11-01,IDN,GBR,0.4873,3,False
2023-12-01,IDN,GBR,0.4931,3,False
2024-01-01,IDN,GBR,0.6797,3,False
2024-02-01,IDN,GBR,0.532,3,False
2024-03-01,IDN,GBR,0.4237,3,False
2024-04-01,IDN,GBR,0.3827,3,False
2024-05-01,IDN,GBR,0.2993,3,False
2024-06-01,IDN,GBR,0.3067,3,False
2024-07-01,IDN,GBR,0.3107,3,False
2024-08-01,IDN,GBR,0.2864,3,False
2024-09-01,IDN,GBR,0.2021,3,False
2024-10-01,IDN,GBR,0.2986,3,False
2024-11-01,IDN,GBR,0.4822,3,False
2024-12-01,IDN,GBR,0.4878,3,False
2025-01-01,IDN,GBR,0.3537,3,False
2025-02-01,IDN,GBR,0.1616,2,False
2025-03-01,IDN,GBR,0.217,2,False
2025-04-01,IDN,GBR,0.2534,1,False
2025-05-01,IDN,GBR,0.1926,1,False
2025-06-01,IDN,GBR,0.1748,1,False
2025-07-01,IDN,GBR,0.2174,1,False
2025-08-01,IDN,GBR,0.3357,1,False
2025-09-01,IDN,GBR,0.08,4,False
2025-10-01,IDN,GBR,0.0403,3,True
2025-11-01,IDN,GBR,0.031,3,True
2025-12-01,IDN,GBR,0.029,3,True
2026-01-01,IDN,GBR,0.0879,3,False
2026-02-01,IDN,GBR,0.0256,3,True
2026-03-01,IDN,GBR,0.0184,3,True
2015-01-01,IDN,USA,0.1857,1,False
2015-02-01,IDN,USA,0.4109,1,False
2015-03-01,IDN,USA,0.2654,1,False
2015-04-01,IDN,USA,0.2685,1,False
2015-05-01,IDN,USA,0.3229,1,False
2015-06-01,IDN,USA,0.3292,1,False
2015-07-01,IDN,USA,0.7096,3,False
2015-08-01,IDN,USA,0.6975,3,False
2015-09-01,IDN,USA,0.5129,1,False
2015-10-01,IDN,USA,0.3806,3,False
2015-11-01,IDN,USA,0.3009,3,False
2015-12-01,IDN,USA,0.2586,1,False
2016-01-01,IDN,USA,0.2231,1,False
2016-02-01,IDN,USA,0.2851,1,False
2016-03-01,IDN,USA,0.3567,1,False
2016-04-01,IDN,USA,0.5031,1,False
2016-05-01,IDN,USA,0.2936,1,False
2016-06-01,IDN,USA,0.2533,1,False
2016-07-01,IDN,USA,0.4658,1,False
2016-08-01,IDN,USA,0.5256,1,False
2016-09-01,IDN,USA,0.4033,1,False
2016-10-01,IDN,USA,0.2991,1,False
2016-11-01,IDN,USA,0.1661,1,False
2016-12-01,IDN,USA,0.0623,1,False
2017-01-01,IDN,USA,0.0506,1,False
2017-02-01,IDN,USA,0.0494,1,True
2017-03-01,IDN,USA,0.0413,1,True
2017-04-01,IDN,USA,0.0169,1,True
2017-05-01,IDN,USA,0.0265,1,True
2017-06-01,IDN,USA,0.0198,1,True
2017-07-01,IDN,USA,0.0053,1,True
2017-08-01,IDN,USA,0.0052,1,True
2017-09-01,IDN,USA,0.0009,1,True
2017-10-01,IDN,USA,0.0015,1,True
2017-11-01,IDN,USA,0.0021,1,True
2017-12-01,IDN,USA,0.0019,1,True
2018-01-01,IDN,USA,0.0015,1,True
2018-02-01,IDN,USA,0.0037,1,True
2018-03-01,IDN,USA,0.0061,1,True
2018-04-01,IDN,USA,0.0091,1,True
2018-05-01,IDN,USA,0.013,1,True
2018-06-01,IDN,USA,0.0211,1,True
2018-07-01,IDN,USA,0.0048,1,True
2018-08-01,IDN,USA,0.0178,1,True
2018-09-01,IDN,USA,0.0468,1,True
2018-10-01,IDN,USA,0.0904,1,False
2018-11-01,IDN,USA,0.1921,1,False
2018-12-01,IDN,USA,0.1143,1,False
2019-01-01,IDN,USA,0.1416,1,False
2019-02-01,IDN,USA,0.1643,1,False
2019-03-01,IDN,USA,0.1249,4,False
2019-04-01,IDN,USA,0.2627,4,False
2019-05-01,IDN,USA,0.2137,4,False
2019-06-01,IDN,USA,0.3524,4,False
2019-07-01,IDN,USA,0.3066,1,False
2019-08-01,IDN,USA,0.2579,4,False
2019-09-01,IDN,USA,0.1083,4,False
2019-10-01,IDN,USA,0.1802,4,False
2019-11-01,IDN,USA,0.1205,4,False
2019-12-01,IDN,USA,0.2408,1,False
2020-01-01,IDN,USA,0.1825,1,False
2020-02-01,IDN,USA,0.2057,1,False
2020-03-01,IDN,USA,0.3652,1,False
2020-04-01,IDN,USA,0.2604,1,False
2020-05-01,IDN,USA,0.567,3,False
2020-06-01,IDN,USA,0.5981,4,False
2020-07-01,IDN,USA,0.4385,3,False
2020-08-01,IDN,USA,0.2704,4,False
2020-09-01,IDN,USA,0.0978,4,False
2020-10-01,IDN,USA,0.0341,4,True
2020-11-01,IDN,USA,0.0427,4,True
2020-12-01,IDN,USA,0.0228,1,True
2021-01-01,IDN,USA,0.0445,1,True
2021-02-01,IDN,USA,0.0575,4,False
2021-03-01,IDN,USA,0.1603,4,False
2021-04-01,IDN,USA,0.157,4,False
2021-05-01,IDN,USA,0.1378,3,False
2021-06-01,IDN,USA,0.248,1,False
2021-07-01,IDN,USA,0.1227,3,False
2021-08-01,IDN,USA,0.1359,2,False
2021-09-01,IDN,USA,0.1525,2,False
2021-10-01,IDN,USA,0.1253,2,False
2021-11-01,IDN,USA,0.0889,2,False
2021-12-01,IDN,USA,0.1339,2,False
2022-01-01,IDN,USA,0.1477,2,False
2022-02-01,IDN,USA,0.4573,2,False
2022-03-01,IDN,USA,0.2784,2,False
2022-04-01,IDN,USA,0.4789,3,False
2022-05-01,IDN,USA,0.4083,3,False
2022-06-01,IDN,USA,0.6067,2,False
2022-07-01,IDN,USA,0.5924,2,False
2022-08-01,IDN,USA,0.5658,4,False
2022-09-01,IDN,USA,0.3865,4,False
2022-10-01,IDN,USA,0.2748,3,False
2022-11-01,IDN,USA,0.2606,3,False
2022-12-01,IDN,USA,0.1648,3,False
2023-01-01,IDN,USA,0.199,3,False
2023-02-01,IDN,USA,0.1325,3,False
2023-03-01,IDN,USA,0.1997,3,False
2023-04-01,IDN,USA,0.1364,4,False
2023-05-01,IDN,USA,0.1285,3,False
2023-06-01,IDN,USA,0.1388,3,False
2023-07-01,IDN,USA,0.1314,3,False
2023-08-01,IDN,USA,0.1607,3,False
2023-09-01,IDN,USA,0.1726,3,False
2023-10-01,IDN,USA,0.2244,3,False
2023-11-01,IDN,USA,0.2455,3,False
2023-12-01,IDN,USA,0.2364,3,False
2024-01-01,IDN,USA,0.266,3,False
2024-02-01,IDN,USA,0.2276,3,False
2024-03-01,IDN,USA,0.1785,3,False
2024-04-01,IDN,USA,0.1202,1,False
2024-05-01,IDN,USA,0.1021,1,False
2024-06-01,IDN,USA,0.0876,1,False
2024-07-01,IDN,USA,0.0854,1,False
2024-08-01,IDN,USA,0.0836,1,False
2024-09-01,IDN,USA,0.0937,1,False
2024-10-01,IDN,USA,0.0793,1,False
2024-11-01,IDN,USA,0.0664,1,False
2024-12-01,IDN,USA,0.0675,1,False
2025-01-01,IDN,USA,0.2125,1,False
2025-02-01,IDN,USA,0.18,2,False
2025-03-01,IDN,USA,0.2642,2,False
2025-04-01,IDN,USA,0.2939,2,False
2025-05-01,IDN,USA,0.3638,2,False
2025-06-01,IDN,USA,0.4614,2,False
2025-07-01,IDN,USA,0.6008,1,False
2025-08-01,IDN,USA,0.8543,2,False
2025-09-01,IDN,USA,0.7978,4,False
2025-10-01,IDN,USA,0.5792,3,False
2025-11-01,IDN,USA,0.5159,2,False
2025-12-01,IDN,USA,0.4673,3,False
2026-01-01,IDN,USA,0.2423,2,False
2026-02-01,IDN,USA,0.237,2,False
2026-03-01,IDN,USA,0.2474,2,False
2015-01-01,IDN,DEU,0.042,1,True
2015-02-01,IDN,DEU,0.0318,1,True
2015-03-01,IDN,DEU,0.0532,1,False
2015-04-01,IDN,DEU,0.0676,1,False
2015-05-01,IDN,DEU,0.1341,1,False
2015-06-01,IDN,DEU,0.0719,1,False
2015-07-01,IDN,DEU,0.1894,1,False
2015-08-01,IDN,DEU,0.0675,1,False
2015-09-01,IDN,DEU,0.4496,1,False
2015-10-01,IDN,DEU,0.435,1,False
2015-11-01,IDN,DEU,0.3701,1,False
2015-12-01,IDN,DEU,0.2951,1,False
2016-01-01,IDN,DEU,0.1761,1,False
2016-02-01,IDN,DEU,0.3094,1,False
2016-03-01,IDN,DEU,0.339,1,False
2016-04-01,IDN,DEU,0.3119,1,False
2016-05-01,IDN,DEU,0.4693,4,False
2016-06-01,IDN,DEU,0.4101,4,False
2016-07-01,IDN,DEU,0.3149,4,False
2016-08-01,IDN,DEU,0.4056,4,False
2016-09-01,IDN,DEU,0.3488,4,False
2016-10-01,IDN,DEU,0.445,4,False
2016-11-01,IDN,DEU,0.3284,1,False
2016-12-01,IDN,DEU,0.2893,1,False
2017-01-01,IDN,DEU,0.1391,1,False
2017-02-01,IDN,DEU,0.0823,1,False
2017-03-01,IDN,DEU,0.0714,1,False
2017-04-01,IDN,DEU,0.0605,1,False
2017-05-01,IDN,DEU,0.1295,1,False
2017-06-01,IDN,DEU,0.1307,1,False
2017-07-01,IDN,DEU,0.1491,1,False
2017-08-01,IDN,DEU,0.0981,1,False
2017-09-01,IDN,DEU,0.1583,1,False
2017-10-01,IDN,DEU,0.1627,1,False
2017-11-01,IDN,DEU,0.2116,1,False
2017-12-01,IDN,DEU,0.193,1,False
2018-01-01,IDN,DEU,0.1523,3,False
2018-02-01,IDN,DEU,0.1325,3,False
2018-03-01,IDN,DEU,0.3052,4,False
2018-04-01,IDN,DEU,0.4617,4,False
2018-05-01,IDN,DEU,0.2512,4,False
2018-06-01,IDN,DEU,0.2466,4,False
2018-07-01,IDN,DEU,0.407,3,False
2018-08-01,IDN,DEU,0.3232,1,False
2018-09-01,IDN,DEU,0.2968,1,False
2018-10-01,IDN,DEU,0.3598,1,False
2018-11-01,IDN,DEU,0.6616,4,False
2018-12-01,IDN,DEU,0.6336,4,False
2019-01-01,IDN,DEU,0.344,1,False
2019-02-01,IDN,DEU,0.1701,2,False
2019-03-01,IDN,DEU,0.1509,1,False
2019-04-01,IDN,DEU,0.2818,1,False
2019-05-01,IDN,DEU,0.2362,1,False
2019-06-01,IDN,DEU,0.2812,1,False
2019-07-01,IDN,DEU,0.2797,1,False
2019-08-01,IDN,DEU,0.3336,2,False
2019-09-01,IDN,DEU,0.3982,1,False
2019-10-01,IDN,DEU,0.442,1,False
2019-11-01,IDN,DEU,0.3388,1,False
2019-12-01,IDN,DEU,0.3679,1,False
2020-01-01,IDN,DEU,0.4211,1,False
2020-02-01,IDN,DEU,0.6654,2,False
2020-03-01,IDN,DEU,0.8024,1,False
2020-04-01,IDN,DEU,0.6995,1,False
2020-05-01,IDN,DEU,0.6729,2,False
2020-06-01,IDN,DEU,0.7351,2,False
2020-07-01,IDN,DEU,0.4789,4,False
2020-08-01,IDN,DEU,0.2258,4,False
2020-09-01,IDN,DEU,0.1453,3,False
2020-10-01,IDN,DEU,0.0887,4,False
2020-11-01,IDN,DEU,0.0435,1,True
2020-12-01,IDN,DEU,0.0448,1,True
2021-01-01,IDN,DEU,0.0361,1,True
2021-02-01,IDN,DEU,0.0929,1,False
2021-03-01,IDN,DEU,0.1084,3,False
2021-04-01,IDN,DEU,0.1171,3,False
2021-05-01,IDN,DEU,0.1053,4,False
2021-06-01,IDN,DEU,0.1724,3,False
2021-07-01,IDN,DEU,0.2421,2,False
2021-08-01,IDN,DEU,0.3652,3,False
2021-09-01,IDN,DEU,0.2752,3,False
2021-10-01,IDN,DEU,0.2423,3,False
2021-11-01,IDN,DEU,0.071,3,False
2021-12-01,IDN,DEU,0.0858,3,False
2022-01-01,IDN,DEU,0.0677,3,False
2022-02-01,IDN,DEU,0.0398,2,True
2022-03-01,IDN,DEU,0.0478,4,True
2022-04-01,IDN,DEU,0.0829,3,False
2022-05-01,IDN,DEU,0.0958,3,False
2022-06-01,IDN,DEU,0.2465,3,False
2022-07-01,IDN,DEU,0.2065,1,False
2022-08-01,IDN,DEU,0.191,1,False
2022-09-01,IDN,DEU,0.2368,1,False
2022-10-01,IDN,DEU,0.0641,1,False
2022-11-01,IDN,DEU,0.0649,1,False
2022-12-01,IDN,DEU,0.0491,1,True
2023-01-01,IDN,DEU,0.0435,1,True
2023-02-01,IDN,DEU,0.2294,1,False
2023-03-01,IDN,DEU,0.3729,1,False
2023-04-01,IDN,DEU,0.6352,1,False
2023-05-01,IDN,DEU,0.7103,1,False
2023-06-01,IDN,DEU,0.6937,3,False
2023-07-01,IDN,DEU,0.6186,3,False
2023-08-01,IDN,DEU,0.5896,3,False
2023-09-01,IDN,DEU,0.6403,3,False
2023-10-01,IDN,DEU,0.7571,3,False
2023-11-01,IDN,DEU,0.7953,3,False
2023-12-01,IDN,DEU,0.7433,3,False
2024-01-01,IDN,DEU,0.764,2,False
2024-02-01,IDN,DEU,0.728,2,False
2024-03-01,IDN,DEU,0.7156,2,False
2024-04-01,IDN,DEU,0.4585,3,False
2024-05-01,IDN,DEU,0.3895,2,False
2024-06-01,IDN,DEU,0.4214,2,False
2024-07-01,IDN,DEU,0.3869,3,False
2024-08-01,IDN,DEU,0.333,2,False
2024-09-01,IDN,DEU,0.2178,3,False
2024-10-01,IDN,DEU,0.1875,2,False
2024-11-01,IDN,DEU,0.1143,3,False
2024-12-01,IDN,DEU,0.0407,2,True
2025-01-01,IDN,DEU,0.1969,2,False
2025-02-01,IDN,DEU,0.1054,2,False
2025-03-01,IDN,DEU,0.1238,2,False
2025-04-01,IDN,DEU,0.1427,2,False
2025-05-01,IDN,DEU,0.0958,1,False
2025-06-01,IDN,DEU,0.0592,1,False
2025-07-01,IDN,DEU,0.085,1,False
2025-08-01,IDN,DEU,0.1501,1,False
2025-09-01,IDN,DEU,0.1988,1,False
2025-10-01,IDN,DEU,0.4875,3,False
2025-11-01,IDN,DEU,0.2254,2,False
2025-12-01,IDN,DEU,0.1768,2,False
2026-01-01,IDN,DEU,0.2167,2,False
2026-02-01,IDN,DEU,0.2047,3,False
2026-03-01,IDN,DEU,0.1551,2,False
2015-01-01,IDN,FRA,0.0325,1,True
2015-02-01,IDN,FRA,0.0416,1,True
2015-03-01,IDN,FRA,0.0486,1,True
2015-04-01,IDN,FRA,0.0276,1,True
2015-05-01,IDN,FRA,0.0166,1,True
2015-06-01,IDN,FRA,0.0249,1,True
2015-07-01,IDN,FRA,0.0251,1,True
2015-08-01,IDN,FRA,0.0765,1,False
2015-09-01,IDN,FRA,0.043,1,True
2015-10-01,IDN,FRA,0.0168,1,True
2015-11-01,IDN,FRA,0.0201,3,True
2015-12-01,IDN,FRA,0.0046,3,True
2016-01-01,IDN,FRA,0.0082,3,True
2016-02-01,IDN,FRA,0.0095,3,True
2016-03-01,IDN,FRA,0.0143,3,True
2016-04-01,IDN,FRA,0.0025,3,True
2016-05-01,IDN,FRA,0.0124,2,True
2016-06-01,IDN,FRA,0.049,1,True
2016-07-01,IDN,FRA,0.0182,1,True
2016-08-01,IDN,FRA,0.0331,1,True
2016-09-01,IDN,FRA,0.0599,1,False
2016-10-01,IDN,FRA,0.0914,1,False
2016-11-01,IDN,FRA,0.109,1,False
2016-12-01,IDN,FRA,0.2817,1,False
2017-01-01,IDN,FRA,0.2312,1,False
2017-02-01,IDN,FRA,0.4584,4,False
2017-03-01,IDN,FRA,0.4929,4,False
2017-04-01,IDN,FRA,0.1731,4,False
2017-05-01,IDN,FRA,0.2461,1,False
2017-06-01,IDN,FRA,0.1955,1,False
2017-07-01,IDN,FRA,0.0892,1,False
2017-08-01,IDN,FRA,0.1982,1,False
2017-09-01,IDN,FRA,0.1113,1,False
2017-10-01,IDN,FRA,0.0629,1,False
2017-11-01,IDN,FRA,0.0723,1,False
2017-12-01,IDN,FRA,0.058,1,False
2018-01-01,IDN,FRA,0.0738,1,False
2018-02-01,IDN,FRA,0.0522,1,False
2018-03-01,IDN,FRA,0.0839,1,False
2018-04-01,IDN,FRA,0.0992,1,False
2018-05-01,IDN,FRA,0.1682,1,False
2018-06-01,IDN,FRA,0.0556,1,False
2018-07-01,IDN,FRA,0.0196,1,True
2018-08-01,IDN,FRA,0.0097,1,True
2018-09-01,IDN,FRA,0.0147,1,True
2018-10-01,IDN,FRA,0.0355,1,True
2018-11-01,IDN,FRA,0.0494,1,True
2018-12-01,IDN,FRA,0.0521,1,False
2019-01-01,IDN,FRA,0.0778,3,False
2019-02-01,IDN,FRA,0.0791,3,False
2019-03-01,IDN,FRA,0.0412,4,True
2019-04-01,IDN,FRA,0.0437,1,True
2019-05-01,IDN,FRA,0.0491,2,True
2019-06-01,IDN,FRA,0.0533,1,False
2019-07-01,IDN,FRA,0.0574,1,False
2019-08-01,IDN,FRA,0.0784,1,False
2019-09-01,IDN,FRA,0.0881,1,False
2019-10-01,IDN,FRA,0.1206,1,False
2019-11-01,IDN,FRA,0.151,1,False
2019-12-01,IDN,FRA,0.1265,1,False
2020-01-01,IDN,FRA,0.225,1,False
2020-02-01,IDN,FRA,0.2215,1,False
2020-03-01,IDN,FRA,0.241,1,False
2020-04-01,IDN,FRA,0.3982,1,False
2020-05-01,IDN,FRA,0.4745,3,False
2020-06-01,IDN,FRA,0.686,2,False
2020-07-01,IDN,FRA,0.2412,1,False
2020-08-01,IDN,FRA,0.1882,1,False
2020-09-01,IDN,FRA,0.2276,1,False
2020-10-01,IDN,FRA,0.1885,1,False
2020-11-01,IDN,FRA,0.1214,1,False
2020-12-01,IDN,FRA,0.0194,3,True
2021-01-01,IDN,FRA,0.0089,4,True
2021-02-01,IDN,FRA,0.0016,3,True
2021-03-01,IDN,FRA,0.0019,1,True
2021-04-01,IDN,FRA,0.0018,1,True
2021-05-01,IDN,FRA,0.0071,1,True
2021-06-01,IDN,FRA,0.0158,1,True
2021-07-01,IDN,FRA,0.0207,1,True
2021-08-01,IDN,FRA,0.052,1,False
2021-09-01,IDN,FRA,0.0787,1,False
2021-10-01,IDN,FRA,0.0622,1,False
2021-11-01,IDN,FRA,0.0572,1,False
2021-12-01,IDN,FRA,0.1246,1,False
2022-01-01,IDN,FRA,0.0586,1,False
2022-02-01,IDN,FRA,0.0684,1,False
2022-03-01,IDN,FRA,0.286,1,False
2022-04-01,IDN,FRA,0.5436,4,False
2022-05-01,IDN,FRA,0.4889,1,False
2022-06-01,IDN,FRA,0.3427,4,False
2022-07-01,IDN,FRA,0.15,3,False
2022-08-01,IDN,FRA,0.122,4,False
2022-09-01,IDN,FRA,0.0621,3,False
2022-10-01,IDN,FRA,0.0898,3,False
2022-11-01,IDN,FRA,0.1322,3,False
2022-12-01,IDN,FRA,0.1301,3,False
2023-01-01,IDN,FRA,0.3737,3,False
2023-02-01,IDN,FRA,0.512,3,False
2023-03-01,IDN,FRA,0.5749,4,False
2023-04-01,IDN,FRA,0.5379,3,False
2023-05-01,IDN,FRA,0.4875,3,False
2023-06-01,IDN,FRA,0.5203,4,False
2023-07-01,IDN,FRA,0.3984,3,False
2023-08-01,IDN,FRA,0.5174,3,False
2023-09-01,IDN,FRA,0.5735,3,False
2023-10-01,IDN,FRA,0.5706,3,False
2023-11-01,IDN,FRA,0.5611,4,False
2023-12-01,IDN,FRA,0.5736,3,False
2024-01-01,IDN,FRA,0.671,4,False
2024-02-01,IDN,FRA,0.6936,3,False
2024-03-01,IDN,FRA,0.5453,3,False
2024-04-01,IDN,FRA,0.5024,3,False
2024-05-01,IDN,FRA,0.5063,3,False
2024-06-01,IDN,FRA,0.485,3,False
2024-07-01,IDN,FRA,0.5267,3,False
2024-08-01,IDN,FRA,0.4675,3,False
2024-09-01,IDN,FRA,0.5512,3,False
2024-10-01,IDN,FRA,0.4813,1,False
2024-11-01,IDN,FRA,0.2442,1,False
2024-12-01,IDN,FRA,0.1444,1,False
2025-01-01,IDN,FRA,0.3496,1,False
2025-02-01,IDN,FRA,0.4519,2,False
2025-03-01,IDN,FRA,0.2343,1,False
2025-04-01,IDN,FRA,0.2276,1,False
2025-05-01,IDN,FRA,0.2499,1,False
2025-06-01,IDN,FRA,0.2714,1,False
2025-07-01,IDN,FRA,0.3656,1,False
2025-08-01,IDN,FRA,0.4309,2,False
2025-09-01,IDN,FRA,0.4327,1,False
2025-10-01,IDN,FRA,0.5255,2,False
2025-11-01,IDN,FRA,0.6467,1,False
2025-12-01,IDN,FRA,0.6573,2,False
2026-01-01,IDN,FRA,0.6654,2,False
2026-02-01,IDN,FRA,0.653,2,False
2026-03-01,IDN,FRA,0.5814,2,False
2015-01-01,IDN,JPN,0.8425,3,False
2015-02-01,IDN,JPN,0.8326,2,False
2015-03-01,IDN,JPN,0.7634,2,False
2015-04-01,IDN,JPN,0.6544,2,False
2015-05-01,IDN,JPN,0.663,2,False
2015-06-01,IDN,JPN,0.7491,3,False
2015-07-01,IDN,JPN,0.628,2,False
2015-08-01,IDN,JPN,0.3997,1,False
2015-09-01,IDN,JPN,0.5107,1,False
2015-10-01,IDN,JPN,0.8584,1,False
2015-11-01,IDN,JPN,0.8394,1,False
2015-12-01,IDN,JPN,0.8856,3,False
2016-01-01,IDN,JPN,0.7648,2,False
2016-02-01,IDN,JPN,0.6704,2,False
2016-03-01,IDN,JPN,0.7749,2,False
2016-04-01,IDN,JPN,0.5666,2,False
2016-05-01,IDN,JPN,0.6409,1,False
2016-06-01,IDN,JPN,0.4746,1,False
2016-07-01,IDN,JPN,0.2665,1,False
2016-08-01,IDN,JPN,0.1196,1,False
2016-09-01,IDN,JPN,0.1157,1,False
2016-10-01,IDN,JPN,0.0951,1,False
2016-11-01,IDN,JPN,0.0824,1,False
2016-12-01,IDN,JPN,0.0364,1,True
2017-01-01,IDN,JPN,0.0228,1,True
2017-02-01,IDN,JPN,0.0282,1,True
2017-03-01,IDN,JPN,0.0447,1,True
2017-04-01,IDN,JPN,0.0568,1,False
2017-05-01,IDN,JPN,0.0335,1,True
2017-06-01,IDN,JPN,0.0667,1,False
2017-07-01,IDN,JPN,0.0368,1,True
2017-08-01,IDN,JPN,0.0247,1,True
2017-09-01,IDN,JPN,0.019,1,True
2017-10-01,IDN,JPN,0.0156,1,True
2017-11-01,IDN,JPN,0.0333,1,True
2017-12-01,IDN,JPN,0.0094,1,True
2018-01-01,IDN,JPN,0.0075,1,True
2018-02-01,IDN,JPN,0.0077,1,True
2018-03-01,IDN,JPN,0.0126,1,True
2018-04-01,IDN,JPN,0.0103,1,True
2018-05-01,IDN,JPN,0.0605,1,False
2018-06-01,IDN,JPN,0.2116,1,False
2018-07-01,IDN,JPN,0.1578,1,False
2018-08-01,IDN,JPN,0.2462,1,False
2018-09-01,IDN,JPN,0.3215,1,False
2018-10-01,IDN,JPN,0.4549,1,False
2018-11-01,IDN,JPN,0.4602,3,False
2018-12-01,IDN,JPN,0.373,3,False
2019-01-01,IDN,JPN,0.2795,2,False
2019-02-01,IDN,JPN,0.1049,1,False
2019-03-01,IDN,JPN,0.2263,1,False
2019-04-01,IDN,JPN,0.0996,1,False
2019-05-01,IDN,JPN,0.1006,1,False
2019-06-01,IDN,JPN,0.2641,1,False
2019-07-01,IDN,JPN,0.5795,1,False
2019-08-01,IDN,JPN,0.462,1,False
2019-09-01,IDN,JPN,0.3329,1,False
2019-10-01,IDN,JPN,0.4036,1,False
2019-11-01,IDN,JPN,0.3308,3,False
2019-12-01,IDN,JPN,0.3176,3,False
2020-01-01,IDN,JPN,0.2191,3,False
2020-02-01,IDN,JPN,0.2197,3,False
2020-03-01,IDN,JPN,0.4666,1,False
2020-04-01,IDN,JPN,0.3021,1,False
2020-05-01,IDN,JPN,0.4462,3,False
2020-06-01,IDN,JPN,0.44,3,False
2020-07-01,IDN,JPN,0.4126,4,False
2020-08-01,IDN,JPN,0.1836,3,False
2020-09-01,IDN,JPN,0.0674,4,False
2020-10-01,IDN,JPN,0.0419,1,True
2020-11-01,IDN,JPN,0.035,2,True
2020-12-01,IDN,JPN,0.0146,1,True
2021-01-01,IDN,JPN,0.0459,1,True
2021-02-01,IDN,JPN,0.1281,1,False
2021-03-01,IDN,JPN,0.1898,1,False
2021-04-01,IDN,JPN,0.1993,1,False
2021-05-01,IDN,JPN,0.1187,1,False
2021-06-01,IDN,JPN,0.1014,1,False
2021-07-01,IDN,JPN,0.0531,1,False
2021-08-01,IDN,JPN,0.0738,1,False
2021-09-01,IDN,JPN,0.0366,1,True
2021-10-01,IDN,JPN,0.0306,1,True
2021-11-01,IDN,JPN,0.0182,1,True
2021-12-01,IDN,JPN,0.0718,1,False
2022-01-01,IDN,JPN,0.3094,1,False
2022-02-01,IDN,JPN,0.3929,1,False
2022-03-01,IDN,JPN,0.2405,1,False
2022-04-01,IDN,JPN,0.8412,1,False
2022-05-01,IDN,JPN,0.793,1,False
2022-06-01,IDN,JPN,0.7825,2,False
2022-07-01,IDN,JPN,0.2463,1,False
2022-08-01,IDN,JPN,0.241,1,False
2022-09-01,IDN,JPN,0.3438,1,False
2022-10-01,IDN,JPN,0.1147,1,False
2022-11-01,IDN,JPN,0.1141,1,False
2022-12-01,IDN,JPN,0.0995,1,False
2023-01-01,IDN,JPN,0.1284,1,False
2023-02-01,IDN,JPN,0.1269,1,False
2023-03-01,IDN,JPN,0.0857,1,False
2023-04-01,IDN,JPN,0.105,1,False
2023-05-01,IDN,JPN,0.0678,1,False
2023-06-01,IDN,JPN,0.085,1,False
2023-07-01,IDN,JPN,0.1846,1,False
2023-08-01,IDN,JPN,0.2654,1,False
2023-09-01,IDN,JPN,0.2516,1,False
2023-10-01,IDN,JPN,0.1684,1,False
2023-11-01,IDN,JPN,0.2183,1,False
2023-12-01,IDN,JPN,0.2082,1,False
2024-01-01,IDN,JPN,0.1947,1,False
2024-02-01,IDN,JPN,0.1705,1,False
2024-03-01,IDN,JPN,0.1804,1,False
2024-04-01,IDN,JPN,0.2825,1,False
2024-05-01,IDN,JPN,0.3962,1,False
2024-06-01,IDN,JPN,0.3816,1,False
2024-07-01,IDN,JPN,0.3481,1,False
2024-08-01,IDN,JPN,0.4051,1,False
2024-09-01,IDN,JPN,0.5226,1,False
2024-10-01,IDN,JPN,0.3223,1,False
2024-11-01,IDN,JPN,0.293,3,False
2024-12-01,IDN,JPN,0.1736,3,False
2025-01-01,IDN,JPN,0.1225,2,False
2025-02-01,IDN,JPN,0.0868,3,False
2025-03-01,IDN,JPN,0.0928,4,False
2025-04-01,IDN,JPN,0.0976,3,False
2025-05-01,IDN,JPN,0.215,3,False
2025-06-01,IDN,JPN,0.2442,4,False
2025-07-01,IDN,JPN,0.2653,4,False
2025-08-01,IDN,JPN,0.2708,4,False
2025-09-01,IDN,JPN,0.1811,4,False
2025-10-01,IDN,JPN,0.0842,4,False
2025-11-01,IDN,JPN,0.0829,4,False
2025-12-01,IDN,JPN,0.0487,4,True
2026-01-01,IDN,JPN,0.0184,4,True
2026-02-01,IDN,JPN,0.0126,4,True
2026-03-01,IDN,JPN,0.015,2,True
2015-01-01,THA,IND,0.0129,1,True
2015-02-01,THA,IND,0.0058,1,True
2015-03-01,THA,IND,0.0051,1,True
2015-04-01,THA,IND,0.0076,1,True
2015-05-01,THA,IND,0.015,1,True
2015-06-01,THA,IND,0.0315,1,True
2015-07-01,THA,IND,0.0524,1,False
2015-08-01,THA,IND,0.0977,1,False
2015-09-01,THA,IND,0.0909,1,False
2015-10-01,THA,IND,0.161,1,False
2015-11-01,THA,IND,0.3331,1,False
2015-12-01,THA,IND,0.2701,1,False
2016-01-01,THA,IND,0.2645,1,False
2016-02-01,THA,IND,0.4459,1,False
2016-03-01,THA,IND,0.635,1,False
2016-04-01,THA,IND,0.7564,1,False
2016-05-01,THA,IND,0.8427,3,False
2016-06-01,THA,IND,0.9135,3,False
2016-07-01,THA,IND,0.8298,1,False
2016-08-01,THA,IND,0.8489,1,False
2016-09-01,THA,IND,0.7721,1,False
2016-10-01,THA,IND,0.5153,3,False
2016-11-01,THA,IND,0.469,2,False
2016-12-01,THA,IND,0.2222,1,False
2017-01-01,THA,IND,0.2317,1,False
2017-02-01,THA,IND,0.3983,1,False
2017-03-01,THA,IND,0.428,2,False
2017-04-01,THA,IND,0.2887,1,False
2017-05-01,THA,IND,0.3224,1,False
2017-06-01,THA,IND,0.5055,2,False
2017-07-01,THA,IND,0.5131,2,False
2017-08-01,THA,IND,0.45,2,False
2017-09-01,THA,IND,0.4621,2,False
2017-10-01,THA,IND,0.3427,4,False
2017-11-01,THA,IND,0.4358,4,False
2017-12-01,THA,IND,0.2911,1,False
2018-01-01,THA,IND,0.299,1,False
2018-02-01,THA,IND,0.3074,1,False
2018-03-01,THA,IND,0.2499,1,False
2018-04-01,THA,IND,0.3349,1,False
2018-05-01,THA,IND,0.3995,1,False
2018-06-01,THA,IND,0.3602,2,False
2018-07-01,THA,IND,0.3171,1,False
2018-08-01,THA,IND,0.3372,1,False
2018-09-01,THA,IND,0.5419,1,False
2018-10-01,THA,IND,0.6822,2,False
2018-11-01,THA,IND,0.5902,3,False
2018-12-01,THA,IND,0.5268,3,False
2019-01-01,THA,IND,0.7706,1,False
2019-02-01,THA,IND,0.6711,1,False
2019-03-01,THA,IND,0.6503,3,False
2019-04-01,THA,IND,0.5797,1,False
2019-05-01,THA,IND,0.5425,3,False
2019-06-01,THA,IND,0.5201,2,False
2019-07-01,THA,IND,0.5408,1,False
2019-08-01,THA,IND,0.3068,2,False
2019-09-01,THA,IND,0.4093,2,False
2019-10-01,THA,IND,0.3865,2,False
2019-11-01,THA,IND,0.4105,2,False
2019-12-01,THA,IND,0.438,2,False
2020-01-01,THA,IND,0.4736,2,False
2020-02-01,THA,IND,0.4018,2,False
2020-03-01,THA,IND,0.1228,2,False
2020-04-01,THA,IND,0.2277,2,False
2020-05-01,THA,IND,0.1781,2,False
2020-06-01,THA,IND,0.1107,2,False
2020-07-01,THA,IND,0.1383,1,False
2020-08-01,THA,IND,0.1473,1,False
2020-09-01,THA,IND,0.2062,3,False
2020-10-01,THA,IND,0.2091,1,False
2020-11-01,THA,IND,0.159,1,False
2020-12-01,THA,IND,0.0851,1,False
2021-01-01,THA,IND,0.2707,1,False
2021-02-01,THA,IND,0.1804,1,False
2021-03-01,THA,IND,0.1819,1,False
2021-04-01,THA,IND,0.1637,1,False
2021-05-01,THA,IND,0.1468,1,False
2021-06-01,THA,IND,0.0963,1,False
2021-07-01,THA,IND,0.1793,1,False
2021-08-01,THA,IND,0.1465,1,False
2021-09-01,THA,IND,0.1578,1,False
2021-10-01,THA,IND,0.1482,1,False
2021-11-01,THA,IND,0.2256,1,False
2021-12-01,THA,IND,0.4926,1,False
2022-01-01,THA,IND,0.462,3,False
2022-02-01,THA,IND,0.8794,3,False
2022-03-01,THA,IND,0.4536,1,False
2022-04-01,THA,IND,0.6472,1,False
2022-05-01,THA,IND,0.561,1,False
2022-06-01,THA,IND,0.359,1,False
2022-07-01,THA,IND,0.3247,1,False
2022-08-01,THA,IND,0.3235,1,False
2022-09-01,THA,IND,0.1009,1,False
2022-10-01,THA,IND,0.0769,1,False
2022-11-01,THA,IND,0.0324,2,True
2022-12-01,THA,IND,0.0072,1,True
2023-01-01,THA,IND,0.0172,1,True
2023-02-01,THA,IND,0.1622,4,False
2023-03-01,THA,IND,0.1541,4,False
2023-04-01,THA,IND,0.1498,4,False
2023-05-01,THA,IND,0.1522,4,False
2023-06-01,THA,IND,0.1358,4,False
2023-07-01,THA,IND,0.0625,4,False
2023-08-01,THA,IND,0.0686,4,False
2023-09-01,THA,IND,0.0148,4,True
2023-10-01,THA,IND,0.0671,3,False
2023-11-01,THA,IND,0.0306,2,True
2023-12-01,THA,IND,0.0617,1,False
2024-01-01,THA,IND,0.0913,2,False
2024-02-01,THA,IND,0.2484,2,False
2024-03-01,THA,IND,0.0671,4,False
2024-04-01,THA,IND,0.1712,4,False
2024-05-01,THA,IND,0.1686,4,False
2024-06-01,THA,IND,0.2353,4,False
2024-07-01,THA,IND,0.2794,4,False
2024-08-01,THA,IND,0.2433,1,False
2024-09-01,THA,IND,0.1943,1,False
2024-10-01,THA,IND,0.162,1,False
2024-11-01,THA,IND,0.2024,1,False
2024-12-01,THA,IND,0.2287,1,False
2025-01-01,THA,IND,0.383,2,False
2025-02-01,THA,IND,0.3551,2,False
2025-03-01,THA,IND,0.4167,4,False
2025-04-01,THA,IND,0.2364,4,False
2025-05-01,THA,IND,0.14,4,False
2025-06-01,THA,IND,0.2997,3,False
2025-07-01,THA,IND,0.2408,3,False
2025-08-01,THA,IND,0.2744,3,False
2025-09-01,THA,IND,0.1513,1,False
2025-10-01,THA,IND,0.2373,3,False
2025-11-01,THA,IND,0.3757,1,False
2025-12-01,THA,IND,0.2716,3,False
2026-01-01,THA,IND,0.2739,3,False
2026-02-01,THA,IND,0.283,3,False
2026-03-01,THA,IND,0.1921,3,False
2015-01-01,THA,CHN,0.0041,3,True
2015-02-01,THA,CHN,0.3072,3,False
2015-03-01,THA,CHN,0.2494,4,False
2015-04-01,THA,CHN,0.2063,4,False
2015-05-01,THA,CHN,0.3146,2,False
2015-06-01,THA,CHN,0.311,2,False
2015-07-01,THA,CHN,0.2902,2,False
2015-08-01,THA,CHN,0.5981,1,False
2015-09-01,THA,CHN,0.5849,2,False
2015-10-01,THA,CHN,0.5803,1,False
2015-11-01,THA,CHN,0.4824,1,False
2015-12-01,THA,CHN,0.4903,1,False
2016-01-01,THA,CHN,0.5258,1,False
2016-02-01,THA,CHN,0.6902,1,False
2016-03-01,THA,CHN,0.6167,1,False
2016-04-01,THA,CHN,0.5344,1,False
2016-05-01,THA,CHN,0.4879,3,False
2016-06-01,THA,CHN,0.4676,3,False
2016-07-01,THA,CHN,0.4521,3,False
2016-08-01,THA,CHN,0.5689,3,False
2016-09-01,THA,CHN,0.6473,3,False
2016-10-01,THA,CHN,0.6799,3,False
2016-11-01,THA,CHN,0.6136,3,False
2016-12-01,THA,CHN,0.6502,3,False
2017-01-01,THA,CHN,0.6537,3,False
2017-02-01,THA,CHN,0.6344,4,False
2017-03-01,THA,CHN,0.5965,2,False
2017-04-01,THA,CHN,0.4518,2,False
2017-05-01,THA,CHN,0.4905,3,False
2017-06-01,THA,CHN,0.4616,2,False
2017-07-01,THA,CHN,0.4159,3,False
2017-08-01,THA,CHN,0.3714,2,False
2017-09-01,THA,CHN,0.471,2,False
2017-10-01,THA,CHN,0.4116,3,False
2017-11-01,THA,CHN,0.2954,2,False
2017-12-01,THA,CHN,0.1347,1,False
2018-01-01,THA,CHN,0.2851,3,False
2018-02-01,THA,CHN,0.1224,2,False
2018-03-01,THA,CHN,0.045,2,True
2018-04-01,THA,CHN,0.0808,2,False
2018-05-01,THA,CHN,0.0841,1,False
2018-06-01,THA,CHN,0.1724,1,False
2018-07-01,THA,CHN,0.2811,2,False
2018-08-01,THA,CHN,0.1778,1,False
2018-09-01,THA,CHN,0.2565,2,False
2018-10-01,THA,CHN,0.1844,2,False
2018-11-01,THA,CHN,0.1606,2,False
2018-12-01,THA,CHN,0.1871,1,False
2019-01-01,THA,CHN,0.1545,1,False
2019-02-01,THA,CHN,0.3779,2,False
2019-03-01,THA,CHN,0.672,3,False
2019-04-01,THA,CHN,0.7935,2,False
2019-05-01,THA,CHN,0.7177,3,False
2019-06-01,THA,CHN,0.547,2,False
2019-07-01,THA,CHN,0.8047,2,False
2019-08-01,THA,CHN,0.7555,4,False
2019-09-01,THA,CHN,0.7067,2,False
2019-10-01,THA,CHN,0.6218,4,False
2019-11-01,THA,CHN,0.4566,3,False
2019-12-01,THA,CHN,0.3282,2,False
2020-01-01,THA,CHN,0.2881,2,False
2020-02-01,THA,CHN,0.195,2,False
2020-03-01,THA,CHN,0.3961,2,False
2020-04-01,THA,CHN,0.5205,2,False
2020-05-01,THA,CHN,0.4526,2,False
2020-06-01,THA,CHN,0.4457,2,False
2020-07-01,THA,CHN,0.2295,2,False
2020-08-01,THA,CHN,0.0919,2,False
2020-09-01,THA,CHN,0.277,3,False
2020-10-01,THA,CHN,0.5344,3,False
2020-11-01,THA,CHN,0.3979,3,False
2020-12-01,THA,CHN,0.4412,3,False
2021-01-01,THA,CHN,0.3698,3,False
2021-02-01,THA,CHN,0.5235,3,False
2021-03-01,THA,CHN,0.1873,3,False
2021-04-01,THA,CHN,0.3182,1,False
2021-05-01,THA,CHN,0.1492,1,False
2021-06-01,THA,CHN,0.1226,1,False
2021-07-01,THA,CHN,0.2802,1,False
2021-08-01,THA,CHN,0.2611,1,False
2021-09-01,THA,CHN,0.5125,1,False
2021-10-01,THA,CHN,0.6413,1,False
2021-11-01,THA,CHN,0.542,1,False
2021-12-01,THA,CHN,0.4836,1,False
2022-01-01,THA,CHN,0.3991,1,False
2022-02-01,THA,CHN,0.3388,1,False
2022-03-01,THA,CHN,0.2872,1,False
2022-04-01,THA,CHN,0.6146,1,False
2022-05-01,THA,CHN,0.3254,1,False
2022-06-01,THA,CHN,0.5218,1,False
2022-07-01,THA,CHN,0.8584,3,False
2022-08-01,THA,CHN,0.8149,1,False
2022-09-01,THA,CHN,0.6083,1,False
2022-10-01,THA,CHN,0.5027,1,False
2022-11-01,THA,CHN,0.8448,1,False
2022-12-01,THA,CHN,0.6702,1,False
2023-01-01,THA,CHN,0.4591,1,False
2023-02-01,THA,CHN,0.8031,1,False
2023-03-01,THA,CHN,0.9397,1,False
2023-04-01,THA,CHN,0.9239,2,False
2023-05-01,THA,CHN,0.799,4,False
2023-06-01,THA,CHN,0.8133,3,False
2023-07-01,THA,CHN,0.5653,4,False
2023-08-01,THA,CHN,0.5406,2,False
2023-09-01,THA,CHN,0.2049,4,False
2023-10-01,THA,CHN,0.1732,4,False
2023-11-01,THA,CHN,0.1388,2,False
2023-12-01,THA,CHN,0.0881,2,False
2024-01-01,THA,CHN,0.0854,2,False
2024-02-01,THA,CHN,0.0986,1,False
2024-03-01,THA,CHN,0.1176,2,False
2024-04-01,THA,CHN,0.1242,2,False
2024-05-01,THA,CHN,0.1788,2,False
2024-06-01,THA,CHN,0.1512,2,False
2024-07-01,THA,CHN,0.1271,2,False
2024-08-01,THA,CHN,0.0957,2,False
2024-09-01,THA,CHN,0.1199,2,False
2024-10-01,THA,CHN,0.0877,4,False
2024-11-01,THA,CHN,0.0598,3,False
2024-12-01,THA,CHN,0.0828,2,False
2025-01-01,THA,CHN,0.045,2,True
2025-02-01,THA,CHN,0.0204,2,True
2025-03-01,THA,CHN,0.0413,2,True
2025-04-01,THA,CHN,0.0405,2,True
2025-05-01,THA,CHN,0.0378,2,True
2025-06-01,THA,CHN,0.054,2,False
2025-07-01,THA,CHN,0.0766,1,False
2025-08-01,THA,CHN,0.1294,1,False
2025-09-01,THA,CHN,0.0796,2,False
2025-10-01,THA,CHN,0.0611,1,False
2025-11-01,THA,CHN,0.1499,1,False
2025-12-01,THA,CHN,0.1204,2,False
2026-01-01,THA,CHN,0.2586,2,False
2026-02-01,THA,CHN,0.2648,2,False
2026-03-01,THA,CHN,0.3847,2,False
2015-01-01,THA,VNM,0.5207,4,False
2015-02-01,THA,VNM,0.5956,4,False
2015-03-01,THA,VNM,0.3346,4,False
2015-04-01,THA,VNM,0.6046,4,False
2015-05-01,THA,VNM,0.4461,1,False
2015-06-01,THA,VNM,0.4949,4,False
2015-07-01,THA,VNM,0.4869,4,False
2015-08-01,THA,VNM,0.326,2,False
2015-09-01,THA,VNM,0.3418,2,False
2015-10-01,THA,VNM,0.475,2,False
2015-11-01,THA,VNM,0.3097,1,False
2015-12-01,THA,VNM,0.2766,1,False
2016-01-01,THA,VNM,0.2952,4,False
2016-02-01,THA,VNM,0.3108,2,False
2016-03-01,THA,VNM,0.3029,2,False
2016-04-01,THA,VNM,0.2476,4,False
2016-05-01,THA,VNM,0.2538,2,False
2016-06-01,THA,VNM,0.2404,2,False
2016-07-01,THA,VNM,0.2061,4,False
2016-08-01,THA,VNM,0.2163,4,False
2016-09-01,THA,VNM,0.1876,4,False
2016-10-01,THA,VNM,0.1306,4,False
2016-11-01,THA,VNM,0.1272,2,False
2016-12-01,THA,VNM,0.1001,2,False
2017-01-01,THA,VNM,0.2253,2,False
2017-02-01,THA,VNM,0.2145,4,False
2017-03-01,THA,VNM,0.2183,2,False
2017-04-01,THA,VNM,0.2958,4,False
2017-05-01,THA,VNM,0.5684,2,False
2017-06-01,THA,VNM,0.5166,4,False
2017-07-01,THA,VNM,0.5748,4,False
2017-08-01,THA,VNM,0.7355,2,False
2017-09-01,THA,VNM,0.6389,2,False
2017-10-01,THA,VNM,0.7687,4,False
2017-11-01,THA,VNM,0.4854,4,False
2017-12-01,THA,VNM,0.474,1,False
2018-01-01,THA,VNM,0.2304,1,False
2018-02-01,THA,VNM,0.3812,3,False
2018-03-01,THA,VNM,0.3306,2,False
2018-04-01,THA,VNM,0.2874,2,False
2018-05-01,THA,VNM,0.2391,2,False
2018-06-01,THA,VNM,0.2814,2,False
2018-07-01,THA,VNM,0.2467,4,False
2018-08-01,THA,VNM,0.1778,3,False
2018-09-01,THA,VNM,0.1114,2,False
2018-10-01,THA,VNM,0.1262,2,False
2018-11-01,THA,VNM,0.0955,1,False
2018-12-01,THA,VNM,0.1263,1,False
2019-01-01,THA,VNM,0.1061,2,False
2019-02-01,THA,VNM,0.0687,1,False
2019-03-01,THA,VNM,0.0691,1,False
2019-04-01,THA,VNM,0.1115,1,False
2019-05-01,THA,VNM,0.1213,1,False
2019-06-01,THA,VNM,0.1548,1,False
2019-07-01,THA,VNM,0.1521,1,False
2019-08-01,THA,VNM,0.1432,1,False
2019-09-01,THA,VNM,0.0981,1,False
2019-10-01,THA,VNM,0.0933,1,False
2019-11-01,THA,VNM,0.053,1,False
2019-12-01,THA,VNM,0.0721,1,False
2020-01-01,THA,VNM,0.0928,1,False
2020-02-01,THA,VNM,0.2555,1,False
2020-03-01,THA,VNM,0.1055,1,False
2020-04-01,THA,VNM,0.0307,1,True
2020-05-01,THA,VNM,0.0244,1,True
2020-06-01,THA,VNM,0.2979,1,False
2020-07-01,THA,VNM,0.516,3,False
2020-08-01,THA,VNM,0.192,3,False
2020-09-01,THA,VNM,0.54,3,False
2020-10-01,THA,VNM,0.4995,3,False
2020-11-01,THA,VNM,0.602,3,False
2020-12-01,THA,VNM,0.4623,3,False
2021-01-01,THA,VNM,0.3961,3,False
2021-02-01,THA,VNM,0.3767,3,False
2021-03-01,THA,VNM,0.2883,3,False
2021-04-01,THA,VNM,0.2445,3,False
2021-05-01,THA,VNM,0.1738,3,False
2021-06-01,THA,VNM,0.1656,3,False
2021-07-01,THA,VNM,0.1316,4,False
2021-08-01,THA,VNM,0.0545,3,False
2021-09-01,THA,VNM,0.0896,3,False
2021-10-01,THA,VNM,0.3136,3,False
2021-11-01,THA,VNM,0.381,3,False
2021-12-01,THA,VNM,0.1533,4,False
2022-01-01,THA,VNM,0.1586,4,False
2022-02-01,THA,VNM,0.0956,3,False
2022-03-01,THA,VNM,0.0721,3,False
2022-04-01,THA,VNM,0.0846,3,False
2022-05-01,THA,VNM,0.0502,3,False
2022-06-01,THA,VNM,0.0362,3,True
2022-07-01,THA,VNM,0.1257,1,False
2022-08-01,THA,VNM,0.0652,1,False
2022-09-01,THA,VNM,0.0675,1,False
2022-10-01,THA,VNM,0.0216,1,True
2022-11-01,THA,VNM,0.0272,1,True
2022-12-01,THA,VNM,0.0416,1,True
2023-01-01,THA,VNM,0.0785,4,False
2023-02-01,THA,VNM,0.0313,3,True
2023-03-01,THA,VNM,0.0246,2,True
2023-04-01,THA,VNM,0.0027,1,True
2023-05-01,THA,VNM,0.0031,4,True
2023-06-01,THA,VNM,0.0008,4,True
2023-07-01,THA,VNM,0.0009,4,True
2023-08-01,THA,VNM,0.0021,4,True
2023-09-01,THA,VNM,0.003,4,True
2023-10-01,THA,VNM,0.0013,4,True
2023-11-01,THA,VNM,0.0025,4,True
2023-12-01,THA,VNM,0.0283,3,True
2024-01-01,THA,VNM,0.1208,1,False
2024-02-01,THA,VNM,0.162,2,False
2024-03-01,THA,VNM,0.1463,2,False
2024-04-01,THA,VNM,0.2175,2,False
2024-05-01,THA,VNM,0.2849,1,False
2024-06-01,THA,VNM,0.2917,2,False
2024-07-01,THA,VNM,0.3734,1,False
2024-08-01,THA,VNM,0.6306,1,False
2024-09-01,THA,VNM,0.4777,2,False
2024-10-01,THA,VNM,0.4009,3,False
2024-11-01,THA,VNM,0.2645,3,False
2024-12-01,THA,VNM,0.3752,3,False
2025-01-01,THA,VNM,0.4069,3,False
2025-02-01,THA,VNM,0.4028,3,False
2025-03-01,THA,VNM,0.4344,3,False
2025-04-01,THA,VNM,0.4252,1,False
2025-05-01,THA,VNM,0.333,1,False
2025-06-01,THA,VNM,0.3625,1,False
2025-07-01,THA,VNM,0.2894,3,False
2025-08-01,THA,VNM,0.2724,3,False
2025-09-01,THA,VNM,0.25,1,False
2025-10-01,THA,VNM,0.2684,1,False
2025-11-01,THA,VNM,0.3592,1,False
2025-12-01,THA,VNM,0.5522,3,False
2026-01-01,THA,VNM,0.5037,3,False
2026-02-01,THA,VNM,0.3545,3,False
2026-03-01,THA,VNM,0.384,3,False
2015-01-01,THA,IDN,0.1459,3,False
2015-02-01,THA,IDN,0.2358,3,False
2015-03-01,THA,IDN,0.1238,3,False
2015-04-01,THA,IDN,0.43,3,False
2015-05-01,THA,IDN,0.4466,3,False
2015-06-01,THA,IDN,0.3044,3,False
2015-07-01,THA,IDN,0.1214,3,False
2015-08-01,THA,IDN,0.0136,3,True
2015-09-01,THA,IDN,0.0572,2,False
2015-10-01,THA,IDN,0.0235,2,True
2015-11-01,THA,IDN,0.0184,1,True
2015-12-01,THA,IDN,0.0361,1,True
2016-01-01,THA,IDN,0.0918,1,False
2016-02-01,THA,IDN,0.2397,4,False
2016-03-01,THA,IDN,0.2532,4,False
2016-04-01,THA,IDN,0.2935,4,False
2016-05-01,THA,IDN,0.2939,4,False
2016-06-01,THA,IDN,0.2363,4,False
2016-07-01,THA,IDN,0.2246,4,False
2016-08-01,THA,IDN,0.1861,4,False
2016-09-01,THA,IDN,0.1961,4,False
2016-10-01,THA,IDN,0.2453,1,False
2016-11-01,THA,IDN,0.2394,1,False
2016-12-01,THA,IDN,0.2421,1,False
2017-01-01,THA,IDN,0.2088,1,False
2017-02-01,THA,IDN,0.2981,1,False
2017-03-01,THA,IDN,0.2794,1,False
2017-04-01,THA,IDN,0.2702,1,False
2017-05-01,THA,IDN,0.3297,1,False
2017-06-01,THA,IDN,0.3517,1,False
2017-07-01,THA,IDN,0.4472,1,False
2017-08-01,THA,IDN,0.479,1,False
2017-09-01,THA,IDN,0.4636,1,False
2017-10-01,THA,IDN,0.4757,1,False
2017-11-01,THA,IDN,0.3491,4,False
2017-12-01,THA,IDN,0.3535,3,False
2018-01-01,THA,IDN,0.2692,2,False
2018-02-01,THA,IDN,0.2934,1,False
2018-03-01,THA,IDN,0.2827,2,False
2018-04-01,THA,IDN,0.5259,2,False
2018-05-01,THA,IDN,0.6832,2,False
2018-06-01,THA,IDN,0.7503,2,False
2018-07-01,THA,IDN,0.7457,3,False
2018-08-01,THA,IDN,0.6988,2,False
2018-09-01,THA,IDN,0.6785,4,False
2018-10-01,THA,IDN,0.4362,4,False
2018-11-01,THA,IDN,0.3276,4,False
2018-12-01,THA,IDN,0.2168,2,False
2019-01-01,THA,IDN,0.1595,4,False
2019-02-01,THA,IDN,0.1606,4,False
2019-03-01,THA,IDN,0.1435,4,False
2019-04-01,THA,IDN,0.1768,4,False
2019-05-01,THA,IDN,0.3171,2,False
2019-06-01,THA,IDN,0.3579,2,False
2019-07-01,THA,IDN,0.1641,2,False
2019-08-01,THA,IDN,0.2696,2,False
2019-09-01,THA,IDN,0.2267,2,False
2019-10-01,THA,IDN,0.2315,2,False
2019-11-01,THA,IDN,0.2898,2,False
2019-12-01,THA,IDN,0.3576,2,False
2020-01-01,THA,IDN,0.3562,1,False
2020-02-01,THA,IDN,0.4305,1,False
2020-03-01,THA,IDN,0.3617,2,False
2020-04-01,THA,IDN,0.0565,1,False
2020-05-01,THA,IDN,0.0735,4,False
2020-06-01,THA,IDN,0.0497,4,True
2020-07-01,THA,IDN,0.1603,4,False
2020-08-01,THA,IDN,0.6468,1,False
2020-09-01,THA,IDN,0.4525,1,False
2020-10-01,THA,IDN,0.4459,1,False
2020-11-01,THA,IDN,0.3355,1,False
2020-12-01,THA,IDN,0.1479,1,False
2021-01-01,THA,IDN,0.1653,1,False
2021-02-01,THA,IDN,0.1315,1,False
2021-03-01,THA,IDN,0.1919,1,False
2021-04-01,THA,IDN,0.1938,1,False
2021-05-01,THA,IDN,0.2213,1,False
2021-06-01,THA,IDN,0.1914,1,False
2021-07-01,THA,IDN,0.2435,1,False
2021-08-01,THA,IDN,0.2458,1,False
2021-09-01,THA,IDN,0.2802,1,False
2021-10-01,THA,IDN,0.2206,4,False
2021-11-01,THA,IDN,0.3617,4,False
2021-12-01,THA,IDN,0.1904,2,False
2022-01-01,THA,IDN,0.1754,2,False
2022-02-01,THA,IDN,0.0875,1,False
2022-03-01,THA,IDN,0.1082,1,False
2022-04-01,THA,IDN,0.0055,1,True
2022-05-01,THA,IDN,0.0002,1,True
2022-06-01,THA,IDN,0.0001,3,True
2022-07-01,THA,IDN,0.0,1,True
2022-08-01,THA,IDN,0.0,1,True
2022-09-01,THA,IDN,0.0,1,True
2022-10-01,THA,IDN,0.0,1,True
2022-11-01,THA,IDN,0.0,1,True
2022-12-01,THA,IDN,0.0001,1,True
2023-01-01,THA,IDN,0.0013,1,True
2023-02-01,THA,IDN,0.0008,1,True
2023-03-01,THA,IDN,0.0025,1,True
2023-04-01,THA,IDN,0.0033,1,True
2023-05-01,THA,IDN,0.0038,1,True
2023-06-01,THA,IDN,0.0041,1,True
2023-07-01,THA,IDN,0.0016,1,True
2023-08-01,THA,IDN,0.0038,1,True
2023-09-01,THA,IDN,0.0232,1,True
2023-10-01,THA,IDN,0.0248,1,True
2023-11-01,THA,IDN,0.1359,1,False
2023-12-01,THA,IDN,0.2868,1,False
2024-01-01,THA,IDN,0.2775,1,False
2024-02-01,THA,IDN,0.2448,1,False
2024-03-01,THA,IDN,0.199,1,False
2024-04-01,THA,IDN,0.1685,1,False
2024-05-01,THA,IDN,0.1266,1,False
2024-06-01,THA,IDN,0.1126,1,False
2024-07-01,THA,IDN,0.1075,1,False
2024-08-01,THA,IDN,0.0774,1,False
2024-09-01,THA,IDN,0.0863,1,False
2024-10-01,THA,IDN,0.1002,1,False
2024-11-01,THA,IDN,0.0969,1,False
2024-12-01,THA,IDN,0.1118,1,False
2025-01-01,THA,IDN,0.0968,1,False
2025-02-01,THA,IDN,0.0845,1,False
2025-03-01,THA,IDN,0.1457,1,False
2025-04-01,THA,IDN,0.2309,1,False
2025-05-01,THA,IDN,0.2643,1,False
2025-06-01,THA,IDN,0.4145,1,False
2025-07-01,THA,IDN,0.5157,3,False
2025-08-01,THA,IDN,0.5118,3,False
2025-09-01,THA,IDN,0.5546,4,False
2025-10-01,THA,IDN,0.4291,3,False
2025-11-01,THA,IDN,0.3817,4,False
2025-12-01,THA,IDN,0.26,1,False
2026-01-01,THA,IDN,0.2946,4,False
2026-02-01,THA,IDN,0.3461,3,False
2026-03-01,THA,IDN,0.3146,4,False
2015-01-01,THA,BRA,0.05,4,False
2015-02-01,THA,BRA,0.0446,4,True
2015-03-01,THA,BRA,0.2043,4,False
2015-04-01,THA,BRA,0.2793,4,False
2015-05-01,THA,BRA,0.4825,1,False
2015-06-01,THA,BRA,0.6205,1,False
2015-07-01,THA,BRA,0.4144,1,False
2015-08-01,THA,BRA,0.2368,1,False
2015-09-01,THA,BRA,0.2381,1,False
2015-10-01,THA,BRA,0.2279,1,False
2015-11-01,THA,BRA,0.2682,1,False
2015-12-01,THA,BRA,0.3326,1,False
2016-01-01,THA,BRA,0.2864,1,False
2016-02-01,THA,BRA,0.266,1,False
2016-03-01,THA,BRA,0.1671,1,False
2016-04-01,THA,BRA,0.0562,1,False
2016-05-01,THA,BRA,0.0399,1,True
2016-06-01,THA,BRA,0.0678,1,False
2016-07-01,THA,BRA,0.0846,1,False
2016-08-01,THA,BRA,0.1403,1,False
2016-09-01,THA,BRA,0.1246,1,False
2016-10-01,THA,BRA,0.1632,1,False
2016-11-01,THA,BRA,0.0901,1,False
2016-12-01,THA,BRA,0.0609,1,False
2017-01-01,THA,BRA,0.0367,1,True
2017-02-01,THA,BRA,0.1675,1,False
2017-03-01,THA,BRA,0.8846,2,False
2017-04-01,THA,BRA,0.3321,1,False
2017-05-01,THA,BRA,0.1012,1,False
2017-06-01,THA,BRA,0.0298,1,True
2017-07-01,THA,BRA,0.0467,1,True
2017-08-01,THA,BRA,0.145,1,False
2017-09-01,THA,BRA,0.1664,1,False
2017-10-01,THA,BRA,0.1235,1,False
2017-11-01,THA,BRA,0.1894,1,False
2017-12-01,THA,BRA,0.1248,1,False
2018-01-01,THA,BRA,0.0728,1,False
2018-02-01,THA,BRA,0.1787,1,False
2018-03-01,THA,BRA,0.2163,1,False
2018-04-01,THA,BRA,0.3909,1,False
2018-05-01,THA,BRA,0.3753,2,False
2018-06-01,THA,BRA,0.3592,3,False
2018-07-01,THA,BRA,0.267,1,False
2018-08-01,THA,BRA,0.0739,1,False
2018-09-01,THA,BRA,0.0503,1,False
2018-10-01,THA,BRA,0.0144,1,True
2018-11-01,THA,BRA,0.0046,1,True
2018-12-01,THA,BRA,0.0068,1,True
2019-01-01,THA,BRA,0.0066,1,True
2019-02-01,THA,BRA,0.0073,1,True
2019-03-01,THA,BRA,0.0259,1,True
2019-04-01,THA,BRA,0.0281,1,True
2019-05-01,THA,BRA,0.0397,1,True
2019-06-01,THA,BRA,0.0827,1,False
2019-07-01,THA,BRA,0.0821,1,False
2019-08-01,THA,BRA,0.0794,1,False
2019-09-01,THA,BRA,0.0617,1,False
2019-10-01,THA,BRA,0.1024,1,False
2019-11-01,THA,BRA,0.1252,1,False
2019-12-01,THA,BRA,0.1855,1,False
2020-01-01,THA,BRA,0.191,1,False
2020-02-01,THA,BRA,0.216,1,False
2020-03-01,THA,BRA,0.2382,1,False
2020-04-01,THA,BRA,0.1577,1,False
2020-05-01,THA,BRA,0.3336,2,False
2020-06-01,THA,BRA,0.4929,2,False
2020-07-01,THA,BRA,0.3144,1,False
2020-08-01,THA,BRA,0.4026,1,False
2020-09-01,THA,BRA,0.4195,1,False
2020-10-01,THA,BRA,0.4439,1,False
2020-11-01,THA,BRA,0.486,1,False
2020-12-01,THA,BRA,0.4918,1,False
2021-01-01,THA,BRA,0.5559,1,False
2021-02-01,THA,BRA,0.5147,1,False
2021-03-01,THA,BRA,0.084,1,False
2021-04-01,THA,BRA,0.0419,1,True
2021-05-01,THA,BRA,0.0558,1,False
2021-06-01,THA,BRA,0.0565,1,False
2021-07-01,THA,BRA,0.0427,1,True
2021-08-01,THA,BRA,0.051,1,False
2021-09-01,THA,BRA,0.0455,1,True
2021-10-01,THA,BRA,0.0454,1,True
2021-11-01,THA,BRA,0.0446,1,True
2021-12-01,THA,BRA,0.0307,1,True
2022-01-01,THA,BRA,0.0275,2,True
2022-02-01,THA,BRA,0.0231,1,True
2022-03-01,THA,BRA,0.0255,1,True
2022-04-01,THA,BRA,0.0423,1,True
2022-05-01,THA,BRA,0.1239,1,False
2022-06-01,THA,BRA,0.0839,1,False
2022-07-01,THA,BRA,0.1739,1,False
2022-08-01,THA,BRA,0.2157,1,False
2022-09-01,THA,BRA,0.2523,1,False
2022-10-01,THA,BRA,0.0784,1,False
2022-11-01,THA,BRA,0.1798,1,False
2022-12-01,THA,BRA,0.3005,1,False
2023-01-01,THA,BRA,0.5039,1,False
2023-02-01,THA,BRA,0.2387,1,False
2023-03-01,THA,BRA,0.1634,1,False
2023-04-01,THA,BRA,0.0982,1,False
2023-05-01,THA,BRA,0.0934,1,False
2023-06-01,THA,BRA,0.0819,1,False
2023-07-01,THA,BRA,0.0872,1,False
2023-08-01,THA,BRA,0.1044,1,False
2023-09-01,THA,BRA,0.1203,1,False
2023-10-01,THA,BRA,0.0999,1,False
2023-11-01,THA,BRA,0.0961,2,False
2023-12-01,THA,BRA,0.0512,2,False
2024-01-01,THA,BRA,0.0363,2,True
2024-02-01,THA,BRA,0.0088,1,True
2024-03-01,THA,BRA,0.0121,1,True
2024-04-01,THA,BRA,0.0127,1,True
2024-05-01,THA,BRA,0.0208,1,True
2024-06-01,THA,BRA,0.0274,1,True
2024-07-01,THA,BRA,0.0217,1,True
2024-08-01,THA,BRA,0.0356,1,True
2024-09-01,THA,BRA,0.0812,1,False
2024-10-01,THA,BRA,0.1183,1,False
2024-11-01,THA,BRA,0.1384,1,False
2024-12-01,THA,BRA,0.1978,2,False
2025-01-01,THA,BRA,0.161,2,False
2025-02-01,THA,BRA,0.2361,2,False
2025-03-01,THA,BRA,0.3109,2,False
2025-04-01,THA,BRA,0.3025,2,False
2025-05-01,THA,BRA,0.2848,2,False
2025-06-01,THA,BRA,0.3934,1,False
2025-07-01,THA,BRA,0.2033,1,False
2025-08-01,THA,BRA,0.228,1,False
2025-09-01,THA,BRA,0.2137,4,False
2025-10-01,THA,BRA,0.0596,4,False
2025-11-01,THA,BRA,0.068,4,False
2025-12-01,THA,BRA,0.0594,4,False
2026-01-01,THA,BRA,0.0937,2,False
2026-02-01,THA,BRA,0.1259,2,False
2026-03-01,THA,BRA,0.1528,4,False
2015-01-01,THA,ZAF,0.0496,2,True
2015-02-01,THA,ZAF,0.1403,1,False
2015-03-01,THA,ZAF,0.1471,2,False
2015-04-01,THA,ZAF,0.1212,2,False
2015-05-01,THA,ZAF,0.1384,3,False
2015-06-01,THA,ZAF,0.0085,4,True
2015-07-01,THA,ZAF,0.0104,3,True
2015-08-01,THA,ZAF,0.0244,3,True
2015-09-01,THA,ZAF,0.2463,3,False
2015-10-01,THA,ZAF,0.1321,1,False
2015-11-01,THA,ZAF,0.0444,1,True
2015-12-01,THA,ZAF,0.0556,1,False
2016-01-01,THA,ZAF,0.031,1,True
2016-02-01,THA,ZAF,0.0146,1,True
2016-03-01,THA,ZAF,0.0155,1,True
2016-04-01,THA,ZAF,0.04,1,True
2016-05-01,THA,ZAF,0.0216,1,True
2016-06-01,THA,ZAF,0.027,1,True
2016-07-01,THA,ZAF,0.0307,1,True
2016-08-01,THA,ZAF,0.0241,1,True
2016-09-01,THA,ZAF,0.0256,4,True
2016-10-01,THA,ZAF,0.0193,1,True
2016-11-01,THA,ZAF,0.0183,1,True
2016-12-01,THA,ZAF,0.0377,1,True
2017-01-01,THA,ZAF,0.0758,1,False
2017-02-01,THA,ZAF,0.1311,1,False
2017-03-01,THA,ZAF,0.2015,1,False
2017-04-01,THA,ZAF,0.1649,1,False
2017-05-01,THA,ZAF,0.1535,1,False
2017-06-01,THA,ZAF,0.1351,1,False
2017-07-01,THA,ZAF,0.1829,1,False
2017-08-01,THA,ZAF,0.2311,1,False
2017-09-01,THA,ZAF,0.2131,1,False
2017-10-01,THA,ZAF,0.2801,1,False
2017-11-01,THA,ZAF,0.3005,1,False
2017-12-01,THA,ZAF,0.2516,4,False
2018-01-01,THA,ZAF,0.1622,3,False
2018-02-01,THA,ZAF,0.1266,1,False
2018-03-01,THA,ZAF,0.0487,1,True
2018-04-01,THA,ZAF,0.0563,1,False
2018-05-01,THA,ZAF,0.0474,1,True
2018-06-01,THA,ZAF,0.0943,1,False
2018-07-01,THA,ZAF,0.1953,1,False
2018-08-01,THA,ZAF,0.5394,1,False
2018-09-01,THA,ZAF,0.4895,2,False
2018-10-01,THA,ZAF,0.2988,1,False
2018-11-01,THA,ZAF,0.5239,1,False
2018-12-01,THA,ZAF,0.4285,1,False
2019-01-01,THA,ZAF,0.3065,1,False
2019-02-01,THA,ZAF,0.3211,4,False
2019-03-01,THA,ZAF,0.3631,4,False
2019-04-01,THA,ZAF,0.2583,4,False
2019-05-01,THA,ZAF,0.2466,4,False
2019-06-01,THA,ZAF,0.5448,2,False
2019-07-01,THA,ZAF,0.5353,2,False
2019-08-01,THA,ZAF,0.5745,2,False
2019-09-01,THA,ZAF,0.6231,2,False
2019-10-01,THA,ZAF,0.6866,2,False
2019-11-01,THA,ZAF,0.5296,1,False
2019-12-01,THA,ZAF,0.4681,1,False
2020-01-01,THA,ZAF,0.5033,2,False
2020-02-01,THA,ZAF,0.2728,1,False
2020-03-01,THA,ZAF,0.3192,1,False
2020-04-01,THA,ZAF,0.2492,1,False
2020-05-01,THA,ZAF,0.2784,2,False
2020-06-01,THA,ZAF,0.3347,2,False
2020-07-01,THA,ZAF,0.4147,2,False
2020-08-01,THA,ZAF,0.3075,2,False
2020-09-01,THA,ZAF,0.3043,2,False
2020-10-01,THA,ZAF,0.2373,4,False
2020-11-01,THA,ZAF,0.3139,2,False
2020-12-01,THA,ZAF,0.3077,2,False
2021-01-01,THA,ZAF,0.3518,2,False
2021-02-01,THA,ZAF,0.6523,2,False
2021-03-01,THA,ZAF,0.5756,2,False
2021-04-01,THA,ZAF,0.5218,2,False
2021-05-01,THA,ZAF,0.4306,2,False
2021-06-01,THA,ZAF,0.5278,2,False
2021-07-01,THA,ZAF,0.132,4,False
2021-08-01,THA,ZAF,0.1378,3,False
2021-09-01,THA,ZAF,0.1193,3,False
2021-10-01,THA,ZAF,0.0931,3,False
2021-11-01,THA,ZAF,0.0962,3,False
2021-12-01,THA,ZAF,0.0916,3,False
2022-01-01,THA,ZAF,0.2415,2,False
2022-02-01,THA,ZAF,0.4767,2,False
2022-03-01,THA,ZAF,0.2523,2,False
2022-04-01,THA,ZAF,0.532,4,False
2022-05-01,THA,ZAF,0.0822,1,False
2022-06-01,THA,ZAF,0.0951,1,False
2022-07-01,THA,ZAF,0.1473,1,False
2022-08-01,THA,ZAF,0.0392,1,True
2022-09-01,THA,ZAF,0.0138,1,True
2022-10-01,THA,ZAF,0.0027,1,True
2022-11-01,THA,ZAF,0.0102,1,True
2022-12-01,THA,ZAF,0.0072,1,True
2023-01-01,THA,ZAF,0.0128,1,True
2023-02-01,THA,ZAF,0.0044,1,True
2023-03-01,THA,ZAF,0.0033,1,True
2023-04-01,THA,ZAF,0.0048,1,True
2023-05-01,THA,ZAF,0.0257,1,True
2023-06-01,THA,ZAF,0.0305,1,True
2023-07-01,THA,ZAF,0.0288,1,True
2023-08-01,THA,ZAF,0.0271,1,True
2023-09-01,THA,ZAF,0.0442,1,True
2023-10-01,THA,ZAF,0.2541,1,False
2023-11-01,THA,ZAF,0.4563,4,False
2023-12-01,THA,ZAF,0.3635,4,False
2024-01-01,THA,ZAF,0.4251,4,False
2024-02-01,THA,ZAF,0.2267,4,False
2024-03-01,THA,ZAF,0.2092,4,False
2024-04-01,THA,ZAF,0.128,4,False
2024-05-01,THA,ZAF,0.1121,4,False
2024-06-01,THA,ZAF,0.1345,4,False
2024-07-01,THA,ZAF,0.1694,4,False
2024-08-01,THA,ZAF,0.1476,4,False
2024-09-01,THA,ZAF,0.1026,2,False
2024-10-01,THA,ZAF,0.1117,2,False
2024-11-01,THA,ZAF,0.0774,2,False
2024-12-01,THA,ZAF,0.1312,1,False
2025-01-01,THA,ZAF,0.1263,2,False
2025-02-01,THA,ZAF,0.0956,1,False
2025-03-01,THA,ZAF,0.1031,1,False
2025-04-01,THA,ZAF,0.1043,1,False
2025-05-01,THA,ZAF,0.1375,1,False
2025-06-01,THA,ZAF,0.191,2,False
2025-07-01,THA,ZAF,0.1531,2,False
2025-08-01,THA,ZAF,0.2019,1,False
2025-09-01,THA,ZAF,0.1412,4,False
2025-10-01,THA,ZAF,0.096,3,False
2025-11-01,THA,ZAF,0.0414,2,True
2025-12-01,THA,ZAF,0.0714,2,False
2026-01-01,THA,ZAF,0.052,2,False
2026-02-01,THA,ZAF,0.069,3,False
2026-03-01,THA,ZAF,0.0552,3,False
2015-01-01,THA,MEX,0.0011,4,True
2015-02-01,THA,MEX,0.001,4,True
2015-03-01,THA,MEX,0.0009,4,True
2015-04-01,THA,MEX,0.0003,4,True
2015-05-01,THA,MEX,0.0561,4,False
2015-06-01,THA,MEX,0.0347,1,True
2015-07-01,THA,MEX,0.0752,1,False
2015-08-01,THA,MEX,0.0475,3,True
2015-09-01,THA,MEX,0.0252,3,True
2015-10-01,THA,MEX,0.0755,1,False
2015-11-01,THA,MEX,0.0792,4,False
2015-12-01,THA,MEX,0.0563,1,False
2016-01-01,THA,MEX,0.0522,1,False
2016-02-01,THA,MEX,0.0557,1,False
2016-03-01,THA,MEX,0.0571,3,False
2016-04-01,THA,MEX,0.0815,1,False
2016-05-01,THA,MEX,0.1647,1,False
2016-06-01,THA,MEX,0.2123,1,False
2016-07-01,THA,MEX,0.1894,1,False
2016-08-01,THA,MEX,0.1161,1,False
2016-09-01,THA,MEX,0.0956,1,False
2016-10-01,THA,MEX,0.1452,1,False
2016-11-01,THA,MEX,0.1648,1,False
2016-12-01,THA,MEX,0.126,1,False
2017-01-01,THA,MEX,0.118,1,False
2017-02-01,THA,MEX,0.1384,2,False
2017-03-01,THA,MEX,0.1891,2,False
2017-04-01,THA,MEX,0.192,2,False
2017-05-01,THA,MEX,0.2091,2,False
2017-06-01,THA,MEX,0.5167,1,False
2017-07-01,THA,MEX,0.7546,1,False
2017-08-01,THA,MEX,0.5554,1,False
2017-09-01,THA,MEX,0.4162,1,False
2017-10-01,THA,MEX,0.3229,1,False
2017-11-01,THA,MEX,0.5635,1,False
2017-12-01,THA,MEX,0.5128,4,False
2018-01-01,THA,MEX,0.1939,1,False
2018-02-01,THA,MEX,0.2138,4,False
2018-03-01,THA,MEX,0.2371,3,False
2018-04-01,THA,MEX,0.2583,3,False
2018-05-01,THA,MEX,0.1856,3,False
2018-06-01,THA,MEX,0.1639,3,False
2018-07-01,THA,MEX,0.1641,3,False
2018-08-01,THA,MEX,0.2644,2,False
2018-09-01,THA,MEX,0.2903,2,False
2018-10-01,THA,MEX,0.212,2,False
2018-11-01,THA,MEX,0.5936,2,False
2018-12-01,THA,MEX,0.4561,2,False
2019-01-01,THA,MEX,0.5105,2,False
2019-02-01,THA,MEX,0.6559,2,False
2019-03-01,THA,MEX,0.6976,2,False
2019-04-01,THA,MEX,0.5405,2,False
2019-05-01,THA,MEX,0.485,4,False
2019-06-01,THA,MEX,0.7118,4,False
2019-07-01,THA,MEX,0.5351,2,False
2019-08-01,THA,MEX,0.3681,4,False
2019-09-01,THA,MEX,0.3437,4,False
2019-10-01,THA,MEX,0.2939,4,False
2019-11-01,THA,MEX,0.1883,4,False
2019-12-01,THA,MEX,0.0812,4,False
2020-01-01,THA,MEX,0.0285,4,True
2020-02-01,THA,MEX,0.041,4,True
2020-03-01,THA,MEX,0.0294,4,True
2020-04-01,THA,MEX,0.0565,4,False
2020-05-01,THA,MEX,0.0363,2,True
2020-06-01,THA,MEX,0.0201,2,True
2020-07-01,THA,MEX,0.0149,2,True
2020-08-01,THA,MEX,0.0587,3,False
2020-09-01,THA,MEX,0.0522,2,False
2020-10-01,THA,MEX,0.1502,4,False
2020-11-01,THA,MEX,0.1401,4,False
2020-12-01,THA,MEX,0.0836,4,False
2021-01-01,THA,MEX,0.0818,4,False
2021-02-01,THA,MEX,0.0279,4,True
2021-03-01,THA,MEX,0.1047,4,False
2021-04-01,THA,MEX,0.1101,4,False
2021-05-01,THA,MEX,0.0879,4,False
2021-06-01,THA,MEX,0.1835,4,False
2021-07-01,THA,MEX,0.0952,4,False
2021-08-01,THA,MEX,0.0289,4,True
2021-09-01,THA,MEX,0.0669,4,False
2021-10-01,THA,MEX,0.0633,4,False
2021-11-01,THA,MEX,0.0806,4,False
2021-12-01,THA,MEX,0.0955,4,False
2022-01-01,THA,MEX,0.0926,4,False
2022-02-01,THA,MEX,0.0959,4,False
2022-03-01,THA,MEX,0.3033,4,False
2022-04-01,THA,MEX,0.2794,4,False
2022-05-01,THA,MEX,0.2154,4,False
2022-06-01,THA,MEX,0.2324,1,False
2022-07-01,THA,MEX,0.263,4,False
2022-08-01,THA,MEX,0.5657,1,False
2022-09-01,THA,MEX,0.5735,1,False
2022-10-01,THA,MEX,0.238,4,False
2022-11-01,THA,MEX,0.1575,4,False
2022-12-01,THA,MEX,0.1794,4,False
2023-01-01,THA,MEX,0.2762,1,False
2023-02-01,THA,MEX,0.1176,1,False
2023-03-01,THA,MEX,0.0703,4,False
2023-04-01,THA,MEX,0.0302,4,True
2023-05-01,THA,MEX,0.0277,4,True
2023-06-01,THA,MEX,0.0317,4,True
2023-07-01,THA,MEX,0.0359,4,True
2023-08-01,THA,MEX,0.0174,4,True
2023-09-01,THA,MEX,0.0129,4,True
2023-10-01,THA,MEX,0.0173,4,True
2023-11-01,THA,MEX,0.0228,4,True
2023-12-01,THA,MEX,0.0356,4,True
2024-01-01,THA,MEX,0.0578,4,False
2024-02-01,THA,MEX,0.1877,4,False
2024-03-01,THA,MEX,0.1694,2,False
2024-04-01,THA,MEX,0.2191,4,False
2024-05-01,THA,MEX,0.2606,1,False
2024-06-01,THA,MEX,0.1951,1,False
2024-07-01,THA,MEX,0.1543,1,False
2024-08-01,THA,MEX,0.1595,1,False
2024-09-01,THA,MEX,0.1219,1,False
2024-10-01,THA,MEX,0.1382,1,False
2024-11-01,THA,MEX,0.1366,1,False
2024-12-01,THA,MEX,0.1398,1,False
2025-01-01,THA,MEX,0.1625,2,False
2025-02-01,THA,MEX,0.2031,2,False
2025-03-01,THA,MEX,0.4842,3,False
2025-04-01,THA,MEX,0.3823,3,False
2025-05-01,THA,MEX,0.482,1,False
2025-06-01,THA,MEX,0.4006,3,False
2025-07-01,THA,MEX,0.2868,1,False
2025-08-01,THA,MEX,0.2479,1,False
2025-09-01,THA,MEX,0.2741,1,False
2025-10-01,THA,MEX,0.3335,1,False
2025-11-01,THA,MEX,0.3115,4,False
2025-12-01,THA,MEX,0.2481,2,False
2026-01-01,THA,MEX,0.2009,2,False
2026-02-01,THA,MEX,0.214,2,False
2026-03-01,THA,MEX,0.1603,2,False
2015-01-01,THA,SGP,0.1725,1,False
2015-02-01,THA,SGP,0.1634,1,False
2015-03-01,THA,SGP,0.1336,1,False
2015-04-01,THA,SGP,0.1636,1,False
2015-05-01,THA,SGP,0.2794,1,False
2015-06-01,THA,SGP,0.436,2,False
2015-07-01,THA,SGP,0.5406,1,False
2015-08-01,THA,SGP,0.5113,2,False
2015-09-01,THA,SGP,0.4769,2,False
2015-10-01,THA,SGP,0.4721,2,False
2015-11-01,THA,SGP,0.4345,2,False
2015-12-01,THA,SGP,0.3366,2,False
2016-01-01,THA,SGP,0.6782,2,False
2016-02-01,THA,SGP,0.5292,3,False
2016-03-01,THA,SGP,0.4018,3,False
2016-04-01,THA,SGP,0.439,3,False
2016-05-01,THA,SGP,0.3727,3,False
2016-06-01,THA,SGP,0.3627,4,False
2016-07-01,THA,SGP,0.2365,3,False
2016-08-01,THA,SGP,0.2347,3,False
2016-09-01,THA,SGP,0.1758,3,False
2016-10-01,THA,SGP,0.1732,3,False
2016-11-01,THA,SGP,0.1483,3,False
2016-12-01,THA,SGP,0.1659,3,False
2017-01-01,THA,SGP,0.171,3,False
2017-02-01,THA,SGP,0.3607,3,False
2017-03-01,THA,SGP,0.5686,1,False
2017-04-01,THA,SGP,0.6308,4,False
2017-05-01,THA,SGP,0.5306,1,False
2017-06-01,THA,SGP,0.5498,1,False
2017-07-01,THA,SGP,0.4046,1,False
2017-08-01,THA,SGP,0.3841,1,False
2017-09-01,THA,SGP,0.3952,1,False
2017-10-01,THA,SGP,0.3695,1,False
2017-11-01,THA,SGP,0.3931,1,False
2017-12-01,THA,SGP,0.6043,1,False
2018-01-01,THA,SGP,0.5121,2,False
2018-02-01,THA,SGP,0.5357,2,False
2018-03-01,THA,SGP,0.6725,2,False
2018-04-01,THA,SGP,0.7608,2,False
2018-05-01,THA,SGP,0.7455,4,False
2018-06-01,THA,SGP,0.5012,4,False
2018-07-01,THA,SGP,0.2787,4,False
2018-08-01,THA,SGP,0.1141,4,False
2018-09-01,THA,SGP,0.1231,3,False
2018-10-01,THA,SGP,0.1129,2,False
2018-11-01,THA,SGP,0.0377,1,True
2018-12-01,THA,SGP,0.0812,1,False
2019-01-01,THA,SGP,0.1078,2,False
2019-02-01,THA,SGP,0.0545,2,False
2019-03-01,THA,SGP,0.0203,2,True
2019-04-01,THA,SGP,0.0365,1,True
2019-05-01,THA,SGP,0.0446,1,True
2019-06-01,THA,SGP,0.0479,1,True
2019-07-01,THA,SGP,0.0436,2,True
2019-08-01,THA,SGP,0.0191,1,True
2019-09-01,THA,SGP,0.0301,1,True
2019-10-01,THA,SGP,0.0468,1,True
2019-11-01,THA,SGP,0.0496,1,True
2019-12-01,THA,SGP,0.0612,1,False
2020-01-01,THA,SGP,0.0198,1,True
2020-02-01,THA,SGP,0.1384,1,False
2020-03-01,THA,SGP,0.1316,1,False
2020-04-01,THA,SGP,0.1741,1,False
2020-05-01,THA,SGP,0.1276,2,False
2020-06-01,THA,SGP,0.055,2,False
2020-07-01,THA,SGP,0.0433,2,True
2020-08-01,THA,SGP,0.0413,2,True
2020-09-01,THA,SGP,0.0141,2,True
2020-10-01,THA,SGP,0.0367,1,True
2020-11-01,THA,SGP,0.0353,1,True
2020-12-01,THA,SGP,0.0374,1,True
2021-01-01,THA,SGP,0.0435,1,True
2021-02-01,THA,SGP,0.0897,1,False
2021-03-01,THA,SGP,0.1732,1,False
2021-04-01,THA,SGP,0.387,1,False
2021-05-01,THA,SGP,0.4251,2,False
2021-06-01,THA,SGP,0.4302,2,False
2021-07-01,THA,SGP,0.3638,2,False
2021-08-01,THA,SGP,0.3445,2,False
2021-09-01,THA,SGP,0.2959,2,False
2021-10-01,THA,SGP,0.2667,2,False
2021-11-01,THA,SGP,0.3592,2,False
2021-12-01,THA,SGP,0.3869,1,False
2022-01-01,THA,SGP,0.2901,1,False
2022-02-01,THA,SGP,0.2418,1,False
2022-03-01,THA,SGP,0.279,1,False
2022-04-01,THA,SGP,0.2483,1,False
2022-05-01,THA,SGP,0.2704,1,False
2022-06-01,THA,SGP,0.5657,1,False
2022-07-01,THA,SGP,0.6722,2,False
2022-08-01,THA,SGP,0.7056,1,False
2022-09-01,THA,SGP,0.6939,2,False
2022-10-01,THA,SGP,0.6354,2,False
2022-11-01,THA,SGP,0.5473,2,False
2022-12-01,THA,SGP,0.5609,2,False
2023-01-01,THA,SGP,0.593,4,False
2023-02-01,THA,SGP,0.6457,1,False
2023-03-01,THA,SGP,0.6324,1,False
2023-04-01,THA,SGP,0.5721,4,False
2023-05-01,THA,SGP,0.6962,1,False
2023-06-01,THA,SGP,0.5162,3,False
2023-07-01,THA,SGP,0.5764,3,False
2023-08-01,THA,SGP,0.3282,3,False
2023-09-01,THA,SGP,0.148,1,False
2023-10-01,THA,SGP,0.0384,1,True
2023-11-01,THA,SGP,0.0173,1,True
2023-12-01,THA,SGP,0.0439,1,True
2024-01-01,THA,SGP,0.0588,1,False
2024-02-01,THA,SGP,0.027,1,True
2024-03-01,THA,SGP,0.0146,1,True
2024-04-01,THA,SGP,0.0081,1,True
2024-05-01,THA,SGP,0.0074,1,True
2024-06-01,THA,SGP,0.0058,1,True
2024-07-01,THA,SGP,0.0039,1,True
2024-08-01,THA,SGP,0.0016,1,True
2024-09-01,THA,SGP,0.0013,1,True
2024-10-01,THA,SGP,0.0006,1,True
2024-11-01,THA,SGP,0.0003,1,True
2024-12-01,THA,SGP,0.0002,1,True
2025-01-01,THA,SGP,0.0,1,True
2025-02-01,THA,SGP,0.0,1,True
2025-03-01,THA,SGP,0.0001,1,True
2025-04-01,THA,SGP,0.0002,1,True
2025-05-01,THA,SGP,0.0003,1,True
2025-06-01,THA,SGP,0.0006,1,True
2025-07-01,THA,SGP,0.0009,1,True
2025-08-01,THA,SGP,0.0014,1,True
2025-09-01,THA,SGP,0.0027,1,True
2025-10-01,THA,SGP,0.0015,1,True
2025-11-01,THA,SGP,0.0119,1,True
2025-12-01,THA,SGP,0.0153,1,True
2026-01-01,THA,SGP,0.0191,1,True
2026-02-01,THA,SGP,0.0841,1,False
2026-03-01,THA,SGP,0.2068,1,False
2015-01-01,THA,KOR,0.1717,3,False
2015-02-01,THA,KOR,0.2786,4,False
2015-03-01,THA,KOR,0.4675,4,False
2015-04-01,THA,KOR,0.3303,2,False
2015-05-01,THA,KOR,0.3751,1,False
2015-06-01,THA,KOR,0.5082,3,False
2015-07-01,THA,KOR,0.6215,4,False
2015-08-01,THA,KOR,0.5234,1,False
2015-09-01,THA,KOR,0.5461,2,False
2015-10-01,THA,KOR,0.1636,4,False
2015-11-01,THA,KOR,0.1275,3,False
2015-12-01,THA,KOR,0.0924,4,False
2016-01-01,THA,KOR,0.0575,3,False
2016-02-01,THA,KOR,0.0601,2,False
2016-03-01,THA,KOR,0.1673,2,False
2016-04-01,THA,KOR,0.1964,2,False
2016-05-01,THA,KOR,0.2832,3,False
2016-06-01,THA,KOR,0.4245,3,False
2016-07-01,THA,KOR,0.38,1,False
2016-08-01,THA,KOR,0.2851,1,False
2016-09-01,THA,KOR,0.1518,1,False
2016-10-01,THA,KOR,0.1916,1,False
2016-11-01,THA,KOR,0.2761,1,False
2016-12-01,THA,KOR,0.3246,1,False
2017-01-01,THA,KOR,0.3382,1,False
2017-02-01,THA,KOR,0.2812,1,False
2017-03-01,THA,KOR,0.4657,4,False
2017-04-01,THA,KOR,0.3306,3,False
2017-05-01,THA,KOR,0.2738,3,False
2017-06-01,THA,KOR,0.2245,1,False
2017-07-01,THA,KOR,0.2331,1,False
2017-08-01,THA,KOR,0.2478,3,False
2017-09-01,THA,KOR,0.2011,1,False
2017-10-01,THA,KOR,0.2121,1,False
2017-11-01,THA,KOR,0.1843,2,False
2017-12-01,THA,KOR,0.0852,1,False
2018-01-01,THA,KOR,0.1149,1,False
2018-02-01,THA,KOR,0.3583,4,False
2018-03-01,THA,KOR,0.225,2,False
2018-04-01,THA,KOR,0.1853,2,False
2018-05-01,THA,KOR,0.2892,1,False
2018-06-01,THA,KOR,0.1429,1,False
2018-07-01,THA,KOR,0.1897,3,False
2018-08-01,THA,KOR,0.3389,2,False
2018-09-01,THA,KOR,0.4498,2,False
2018-10-01,THA,KOR,0.5761,1,False
2018-11-01,THA,KOR,0.4243,4,False
2018-12-01,THA,KOR,0.2074,3,False
2019-01-01,THA,KOR,0.1631,2,False
2019-02-01,THA,KOR,0.4662,2,False
2019-03-01,THA,KOR,0.4299,2,False
2019-04-01,THA,KOR,0.3188,2,False
2019-05-01,THA,KOR,0.3877,2,False
2019-06-01,THA,KOR,0.4111,2,False
2019-07-01,THA,KOR,0.237,2,False
2019-08-01,THA,KOR,0.3419,2,False
2019-09-01,THA,KOR,0.4649,2,False
2019-10-01,THA,KOR,0.4502,2,False
2019-11-01,THA,KOR,0.5337,2,False
2019-12-01,THA,KOR,0.4138,4,False
2020-01-01,THA,KOR,0.2647,4,False
2020-02-01,THA,KOR,0.2831,4,False
2020-03-01,THA,KOR,0.1869,2,False
2020-04-01,THA,KOR,0.1495,2,False
2020-05-01,THA,KOR,0.0334,2,True
2020-06-01,THA,KOR,0.0116,2,True
2020-07-01,THA,KOR,0.1166,2,False
2020-08-01,THA,KOR,0.0534,4,False
2020-09-01,THA,KOR,0.1119,2,False
2020-10-01,THA,KOR,0.1889,4,False
2020-11-01,THA,KOR,0.1868,4,False
2020-12-01,THA,KOR,0.1092,4,False
2021-01-01,THA,KOR,0.078,4,False
2021-02-01,THA,KOR,0.0609,4,False
2021-03-01,THA,KOR,0.2091,4,False
2021-04-01,THA,KOR,0.4501,4,False
2021-05-01,THA,KOR,0.4524,1,False
2021-06-01,THA,KOR,0.3912,1,False
2021-07-01,THA,KOR,0.3194,1,False
2021-08-01,THA,KOR,0.1884,4,False
2021-09-01,THA,KOR,0.2155,4,False
2021-10-01,THA,KOR,0.2098,1,False
2021-11-01,THA,KOR,0.1536,1,False
2021-12-01,THA,KOR,0.275,1,False
2022-01-01,THA,KOR,0.1831,1,False
2022-02-01,THA,KOR,0.1858,1,False
2022-03-01,THA,KOR,0.2675,1,False
2022-04-01,THA,KOR,0.3689,1,False
2022-05-01,THA,KOR,0.4336,2,False
2022-06-01,THA,KOR,0.5181,2,False
2022-07-01,THA,KOR,0.4295,2,False
2022-08-01,THA,KOR,0.2124,2,False
2022-09-01,THA,KOR,0.5247,2,False
2022-10-01,THA,KOR,0.3865,2,False
2022-11-01,THA,KOR,0.4236,2,False
2022-12-01,THA,KOR,0.3965,2,False
2023-01-01,THA,KOR,0.4076,2,False
2023-02-01,THA,KOR,0.4753,2,False
2023-03-01,THA,KOR,0.1022,2,False
2023-04-01,THA,KOR,0.0958,2,False
2023-05-01,THA,KOR,0.0539,3,False
2023-06-01,THA,KOR,0.0172,2,True
2023-07-01,THA,KOR,0.0086,2,True
2023-08-01,THA,KOR,0.0105,2,True
2023-09-01,THA,KOR,0.012,2,True
2023-10-01,THA,KOR,0.0072,2,True
2023-11-01,THA,KOR,0.0032,2,True
2023-12-01,THA,KOR,0.0032,2,True
2024-01-01,THA,KOR,0.005,2,True
2024-02-01,THA,KOR,0.002,2,True
2024-03-01,THA,KOR,0.004,2,True
2024-04-01,THA,KOR,0.0012,2,True
2024-05-01,THA,KOR,0.007,2,True
2024-06-01,THA,KOR,0.0024,2,True
2024-07-01,THA,KOR,0.001,1,True
2024-08-01,THA,KOR,0.0009,1,True
2024-09-01,THA,KOR,0.0002,2,True
2024-10-01,THA,KOR,0.0001,1,True
2024-11-01,THA,KOR,0.0003,1,True
2024-12-01,THA,KOR,0.0004,1,True
2025-01-01,THA,KOR,0.0011,1,True
2025-02-01,THA,KOR,0.0018,1,True
2025-03-01,THA,KOR,0.0185,1,True
2025-04-01,THA,KOR,0.0437,1,True
2025-05-01,THA,KOR,0.097,3,False
2025-06-01,THA,KOR,0.0946,1,False
2025-07-01,THA,KOR,0.0779,1,False
2025-08-01,THA,KOR,0.2042,1,False
2025-09-01,THA,KOR,0.207,1,False
2025-10-01,THA,KOR,0.302,1,False
2025-11-01,THA,KOR,0.4316,1,False
2025-12-01,THA,KOR,0.5587,1,False
2026-01-01,THA,KOR,0.7649,2,False
2026-02-01,THA,KOR,0.4084,1,False
2026-03-01,THA,KOR,0.1687,4,False
2015-01-01,THA,GBR,0.0034,2,True
2015-02-01,THA,GBR,0.062,4,False
2015-03-01,THA,GBR,0.0144,3,True
2015-04-01,THA,GBR,0.0136,3,True
2015-05-01,THA,GBR,0.0255,3,True
2015-06-01,THA,GBR,0.0338,3,True
2015-07-01,THA,GBR,0.1064,3,False
2015-08-01,THA,GBR,0.0803,3,False
2015-09-01,THA,GBR,0.085,3,False
2015-10-01,THA,GBR,0.1042,3,False
2015-11-01,THA,GBR,0.0488,3,True
2015-12-01,THA,GBR,0.0603,3,False
2016-01-01,THA,GBR,0.105,3,False
2016-02-01,THA,GBR,0.0048,4,True
2016-03-01,THA,GBR,0.0174,3,True
2016-04-01,THA,GBR,0.0421,3,True
2016-05-01,THA,GBR,0.0259,3,True
2016-06-01,THA,GBR,0.0639,3,False
2016-07-01,THA,GBR,0.0858,3,False
2016-08-01,THA,GBR,0.1902,3,False
2016-09-01,THA,GBR,0.2135,3,False
2016-10-01,THA,GBR,0.1754,3,False
2016-11-01,THA,GBR,0.168,3,False
2016-12-01,THA,GBR,0.1687,3,False
2017-01-01,THA,GBR,0.1541,3,False
2017-02-01,THA,GBR,0.189,3,False
2017-03-01,THA,GBR,0.1648,3,False
2017-04-01,THA,GBR,0.2492,3,False
2017-05-01,THA,GBR,0.0601,3,False
2017-06-01,THA,GBR,0.0354,3,True
2017-07-01,THA,GBR,0.0156,3,True
2017-08-01,THA,GBR,0.0128,3,True
2017-09-01,THA,GBR,0.0064,3,True
2017-10-01,THA,GBR,0.0061,3,True
2017-11-01,THA,GBR,0.0129,2,True
2017-12-01,THA,GBR,0.0099,1,True
2018-01-01,THA,GBR,0.0423,1,True
2018-02-01,THA,GBR,0.1336,1,False
2018-03-01,THA,GBR,0.3088,1,False
2018-04-01,THA,GBR,0.4657,1,False
2018-05-01,THA,GBR,0.6811,1,False
2018-06-01,THA,GBR,0.6485,2,False
2018-07-01,THA,GBR,0.5107,2,False
2018-08-01,THA,GBR,0.6264,2,False
2018-09-01,THA,GBR,0.7824,1,False
2018-10-01,THA,GBR,0.8576,1,False
2018-11-01,THA,GBR,0.8187,1,False
2018-12-01,THA,GBR,0.8478,3,False
2019-01-01,THA,GBR,0.6588,1,False
2019-02-01,THA,GBR,0.3182,1,False
2019-03-01,THA,GBR,0.3581,4,False
2019-04-01,THA,GBR,0.3415,4,False
2019-05-01,THA,GBR,0.2411,2,False
2019-06-01,THA,GBR,0.1524,1,False
2019-07-01,THA,GBR,0.0974,1,False
2019-08-01,THA,GBR,0.1,1,False
2019-09-01,THA,GBR,0.0497,3,True
2019-10-01,THA,GBR,0.0374,3,True
2019-11-01,THA,GBR,0.0328,1,True
2019-12-01,THA,GBR,0.0264,1,True
2020-01-01,THA,GBR,0.0306,1,True
2020-02-01,THA,GBR,0.1075,2,False
2020-03-01,THA,GBR,0.0498,4,True
2020-04-01,THA,GBR,0.0206,3,True
2020-05-01,THA,GBR,0.0205,3,True
2020-06-01,THA,GBR,0.0074,2,True
2020-07-01,THA,GBR,0.0044,4,True
2020-08-01,THA,GBR,0.0029,3,True
2020-09-01,THA,GBR,0.0075,1,True
2020-10-01,THA,GBR,0.0065,1,True
2020-11-01,THA,GBR,0.007,1,True
2020-12-01,THA,GBR,0.0074,1,True
2021-01-01,THA,GBR,0.0056,1,True
2021-02-01,THA,GBR,0.0143,1,True
2021-03-01,THA,GBR,0.0187,1,True
2021-04-01,THA,GBR,0.0221,1,True
2021-05-01,THA,GBR,0.0415,3,True
2021-06-01,THA,GBR,0.0457,1,True
2021-07-01,THA,GBR,0.0442,1,True
2021-08-01,THA,GBR,0.1069,1,False
2021-09-01,THA,GBR,0.1116,3,False
2021-10-01,THA,GBR,0.1036,3,False
2021-11-01,THA,GBR,0.099,1,False
2021-12-01,THA,GBR,0.0443,1,True
2022-01-01,THA,GBR,0.0719,3,False
2022-02-01,THA,GBR,0.0904,3,False
2022-03-01,THA,GBR,0.0737,3,False
2022-04-01,THA,GBR,0.0609,3,False
2022-05-01,THA,GBR,0.0713,2,False
2022-06-01,THA,GBR,0.0821,3,False
2022-07-01,THA,GBR,0.0715,2,False
2022-08-01,THA,GBR,0.0659,2,False
2022-09-01,THA,GBR,0.058,2,False
2022-10-01,THA,GBR,0.0568,2,False
2022-11-01,THA,GBR,0.048,2,True
2022-12-01,THA,GBR,0.0487,2,True
2023-01-01,THA,GBR,0.0413,2,True
2023-02-01,THA,GBR,0.0361,2,True
2023-03-01,THA,GBR,0.0199,2,True
2023-04-01,THA,GBR,0.0409,1,True
2023-05-01,THA,GBR,0.07,1,False
2023-06-01,THA,GBR,0.0375,2,True
2023-07-01,THA,GBR,0.0507,2,False
2023-08-01,THA,GBR,0.0183,2,True
2023-09-01,THA,GBR,0.0192,2,True
2023-10-01,THA,GBR,0.0097,1,True
2023-11-01,THA,GBR,0.0074,2,True
2023-12-01,THA,GBR,0.0031,2,True
2024-01-01,THA,GBR,0.0035,2,True
2024-02-01,THA,GBR,0.0044,1,True
2024-03-01,THA,GBR,0.0027,1,True
2024-04-01,THA,GBR,0.0018,1,True
2024-05-01,THA,GBR,0.0011,1,True
2024-06-01,THA,GBR,0.0005,1,True
2024-07-01,THA,GBR,0.0005,1,True
2024-08-01,THA,GBR,0.0003,1,True
2024-09-01,THA,GBR,0.0003,1,True
2024-10-01,THA,GBR,0.0002,1,True
2024-11-01,THA,GBR,0.0004,1,True
2024-12-01,THA,GBR,0.0002,1,True
2025-01-01,THA,GBR,0.0002,1,True
2025-02-01,THA,GBR,0.0001,1,True
2025-03-01,THA,GBR,0.0001,1,True
2025-04-01,THA,GBR,0.0003,1,True
2025-05-01,THA,GBR,0.0005,1,True
2025-06-01,THA,GBR,0.0008,1,True
2025-07-01,THA,GBR,0.0014,1,True
2025-08-01,THA,GBR,0.0022,1,True
2025-09-01,THA,GBR,0.0035,1,True
2025-10-01,THA,GBR,0.011,1,True
2025-11-01,THA,GBR,0.0088,1,True
2025-12-01,THA,GBR,0.0633,3,False
2026-01-01,THA,GBR,0.0297,2,True
2026-02-01,THA,GBR,0.0084,1,True
2026-03-01,THA,GBR,0.0145,1,True
2015-01-01,THA,USA,0.1285,1,False
2015-02-01,THA,USA,0.2581,1,False
2015-03-01,THA,USA,0.1286,1,False
2015-04-01,THA,USA,0.1186,1,False
2015-05-01,THA,USA,0.0267,1,True
2015-06-01,THA,USA,0.0122,1,True
2015-07-01,THA,USA,0.0006,1,True
2015-08-01,THA,USA,0.0067,1,True
2015-09-01,THA,USA,0.0019,1,True
2015-10-01,THA,USA,0.0005,1,True
2015-11-01,THA,USA,0.0002,1,True
2015-12-01,THA,USA,0.0003,1,True
2016-01-01,THA,USA,0.0002,1,True
2016-02-01,THA,USA,0.0002,1,True
2016-03-01,THA,USA,0.0002,1,True
2016-04-01,THA,USA,0.0003,1,True
2016-05-01,THA,USA,0.0001,1,True
2016-06-01,THA,USA,0.0001,1,True
2016-07-01,THA,USA,0.0003,1,True
2016-08-01,THA,USA,0.0003,1,True
2016-09-01,THA,USA,0.0004,1,True
2016-10-01,THA,USA,0.0006,1,True
2016-11-01,THA,USA,0.002,1,True
2016-12-01,THA,USA,0.0082,1,True
2017-01-01,THA,USA,0.0371,1,True
2017-02-01,THA,USA,0.0793,1,False
2017-03-01,THA,USA,0.1267,2,False
2017-04-01,THA,USA,0.1174,2,False
2017-05-01,THA,USA,0.071,2,False
2017-06-01,THA,USA,0.1075,2,False
2017-07-01,THA,USA,0.1399,2,False
2017-08-01,THA,USA,0.1867,2,False
2017-09-01,THA,USA,0.0834,2,False
2017-10-01,THA,USA,0.0315,2,True
2017-11-01,THA,USA,0.026,2,True
2017-12-01,THA,USA,0.016,2,True
2018-01-01,THA,USA,0.0298,2,True
2018-02-01,THA,USA,0.0216,2,True
2018-03-01,THA,USA,0.0235,2,True
2018-04-01,THA,USA,0.0353,2,True
2018-05-01,THA,USA,0.0556,2,False
2018-06-01,THA,USA,0.0246,2,True
2018-07-01,THA,USA,0.0461,2,True
2018-08-01,THA,USA,0.0436,2,True
2018-09-01,THA,USA,0.057,3,False
2018-10-01,THA,USA,0.0173,2,True
2018-11-01,THA,USA,0.0162,2,True
2018-12-01,THA,USA,0.0274,2,True
2019-01-01,THA,USA,0.0315,3,True
2019-02-01,THA,USA,0.0128,2,True
2019-03-01,THA,USA,0.0575,2,False
2019-04-01,THA,USA,0.201,2,False
2019-05-01,THA,USA,0.0927,2,False
2019-06-01,THA,USA,0.0478,1,True
2019-07-01,THA,USA,0.0143,1,True
2019-08-01,THA,USA,0.0113,1,True
2019-09-01,THA,USA,0.0116,1,True
2019-10-01,THA,USA,0.0105,1,True
2019-11-01,THA,USA,0.0209,1,True
2019-12-01,THA,USA,0.0144,1,True
2020-01-01,THA,USA,0.0188,1,True
2020-02-01,THA,USA,0.0229,1,True
2020-03-01,THA,USA,0.0133,1,True
2020-04-01,THA,USA,0.039,1,True
2020-05-01,THA,USA,0.0107,1,True
2020-06-01,THA,USA,0.028,1,True
2020-07-01,THA,USA,0.0181,1,True
2020-08-01,THA,USA,0.0107,1,True
2020-09-01,THA,USA,0.0094,1,True
2020-10-01,THA,USA,0.0052,3,True
2020-11-01,THA,USA,0.001,2,True
2020-12-01,THA,USA,0.0038,1,True
2021-01-01,THA,USA,0.0246,1,True
2021-02-01,THA,USA,0.0165,2,True
2021-03-01,THA,USA,0.0339,2,True
2021-04-01,THA,USA,0.0399,2,True
2021-05-01,THA,USA,0.0222,2,True
2021-06-01,THA,USA,0.0396,1,True
2021-07-01,THA,USA,0.0411,1,True
2021-08-01,THA,USA,0.0844,1,False
2021-09-01,THA,USA,0.1282,1,False
2021-10-01,THA,USA,0.2273,1,False
2021-11-01,THA,USA,0.2523,1,False
2021-12-01,THA,USA,0.2608,1,False
2022-01-01,THA,USA,0.2661,1,False
2022-02-01,THA,USA,0.5323,1,False
2022-03-01,THA,USA,0.4442,1,False
2022-04-01,THA,USA,0.3897,1,False
2022-05-01,THA,USA,0.3989,1,False
2022-06-01,THA,USA,0.6964,1,False
2022-07-01,THA,USA,0.7002,2,False
2022-08-01,THA,USA,0.6746,2,False
2022-09-01,THA,USA,0.6631,2,False
2022-10-01,THA,USA,0.5965,1,False
2022-11-01,THA,USA,0.6349,2,False
2022-12-01,THA,USA,0.6492,2,False
2023-01-01,THA,USA,0.7739,2,False
2023-02-01,THA,USA,0.5616,2,False
2023-03-01,THA,USA,0.3924,2,False
2023-04-01,THA,USA,0.4024,2,False
2023-05-01,THA,USA,0.3004,2,False
2023-06-01,THA,USA,0.1013,2,False
2023-07-01,THA,USA,0.0674,2,False
2023-08-01,THA,USA,0.0373,2,True
2023-09-01,THA,USA,0.0324,2,True
2023-10-01,THA,USA,0.018,2,True
2023-11-01,THA,USA,0.0059,2,True
2023-12-01,THA,USA,0.0041,2,True
2024-01-01,THA,USA,0.0058,2,True
2024-02-01,THA,USA,0.0061,2,True
2024-03-01,THA,USA,0.0018,2,True
2024-04-01,THA,USA,0.0124,1,True
2024-05-01,THA,USA,0.0159,2,True
2024-06-01,THA,USA,0.0059,2,True
2024-07-01,THA,USA,0.0083,2,True
2024-08-01,THA,USA,0.0093,2,True
2024-09-01,THA,USA,0.0265,2,True
2024-10-01,THA,USA,0.0123,2,True
2024-11-01,THA,USA,0.0105,2,True
2024-12-01,THA,USA,0.0003,2,True
2025-01-01,THA,USA,0.0002,2,True
2025-02-01,THA,USA,0.0005,2,True
2025-03-01,THA,USA,0.0028,2,True
2025-04-01,THA,USA,0.0027,2,True
2025-05-01,THA,USA,0.0037,1,True
2025-06-01,THA,USA,0.0056,1,True
2025-07-01,THA,USA,0.0066,1,True
2025-08-01,THA,USA,0.0066,1,True
2025-09-01,THA,USA,0.0075,1,True
2025-10-01,THA,USA,0.0122,1,True
2025-11-01,THA,USA,0.0219,1,True
2025-12-01,THA,USA,0.0121,3,True
2026-01-01,THA,USA,0.0087,4,True
2026-02-01,THA,USA,0.0059,1,True
2026-03-01,THA,USA,0.0061,2,True
2015-01-01,THA,DEU,0.0107,1,True
2015-02-01,THA,DEU,0.0096,1,True
2015-03-01,THA,DEU,0.0283,1,True
2015-04-01,THA,DEU,0.1625,1,False
2015-05-01,THA,DEU,0.1781,4,False
2015-06-01,THA,DEU,0.2328,4,False
2015-07-01,THA,DEU,0.3435,4,False
2015-08-01,THA,DEU,0.1313,4,False
2015-09-01,THA,DEU,0.2469,4,False
2015-10-01,THA,DEU,0.374,4,False
2015-11-01,THA,DEU,0.2399,4,False
2015-12-01,THA,DEU,0.14,4,False
2016-01-01,THA,DEU,0.063,4,False
2016-02-01,THA,DEU,0.3359,4,False
2016-03-01,THA,DEU,0.3253,4,False
2016-04-01,THA,DEU,0.3417,4,False
2016-05-01,THA,DEU,0.2723,3,False
2016-06-01,THA,DEU,0.2366,2,False
2016-07-01,THA,DEU,0.212,1,False
2016-08-01,THA,DEU,0.1873,1,False
2016-09-01,THA,DEU,0.1193,1,False
2016-10-01,THA,DEU,0.1429,1,False
2016-11-01,THA,DEU,0.1557,1,False
2016-12-01,THA,DEU,0.1755,1,False
2017-01-01,THA,DEU,0.1513,1,False
2017-02-01,THA,DEU,0.1471,1,False
2017-03-01,THA,DEU,0.1278,4,False
2017-04-01,THA,DEU,0.1163,3,False
2017-05-01,THA,DEU,0.1092,1,False
2017-06-01,THA,DEU,0.0546,1,False
2017-07-01,THA,DEU,0.0895,1,False
2017-08-01,THA,DEU,0.0437,1,True
2017-09-01,THA,DEU,0.1124,1,False
2017-10-01,THA,DEU,0.1051,1,False
2017-11-01,THA,DEU,0.4248,2,False
2017-12-01,THA,DEU,0.5312,2,False
2018-01-01,THA,DEU,0.4091,2,False
2018-02-01,THA,DEU,0.6169,2,False
2018-03-01,THA,DEU,0.8788,2,False
2018-04-01,THA,DEU,0.92,2,False
2018-05-01,THA,DEU,0.7297,1,False
2018-06-01,THA,DEU,0.7736,1,False
2018-07-01,THA,DEU,0.7493,1,False
2018-08-01,THA,DEU,0.5042,1,False
2018-09-01,THA,DEU,0.4512,1,False
2018-10-01,THA,DEU,0.4356,1,False
2018-11-01,THA,DEU,0.7267,2,False
2018-12-01,THA,DEU,0.6888,4,False
2019-01-01,THA,DEU,0.5354,1,False
2019-02-01,THA,DEU,0.2702,1,False
2019-03-01,THA,DEU,0.2119,1,False
2019-04-01,THA,DEU,0.3041,1,False
2019-05-01,THA,DEU,0.2879,1,False
2019-06-01,THA,DEU,0.2806,1,False
2019-07-01,THA,DEU,0.3732,1,False
2019-08-01,THA,DEU,0.3257,1,False
2019-09-01,THA,DEU,0.2703,1,False
2019-10-01,THA,DEU,0.34,1,False
2019-11-01,THA,DEU,0.2926,1,False
2019-12-01,THA,DEU,0.4267,1,False
2020-01-01,THA,DEU,0.6825,4,False
2020-02-01,THA,DEU,0.8835,4,False
2020-03-01,THA,DEU,0.923,1,False
2020-04-01,THA,DEU,0.6134,1,False
2020-05-01,THA,DEU,0.8694,3,False
2020-06-01,THA,DEU,0.75,2,False
2020-07-01,THA,DEU,0.6223,4,False
2020-08-01,THA,DEU,0.3555,3,False
2020-09-01,THA,DEU,0.1486,3,False
2020-10-01,THA,DEU,0.0745,1,False
2020-11-01,THA,DEU,0.0438,1,True
2020-12-01,THA,DEU,0.0496,1,True
2021-01-01,THA,DEU,0.0556,1,False
2021-02-01,THA,DEU,0.1238,1,False
2021-03-01,THA,DEU,0.1727,3,False
2021-04-01,THA,DEU,0.1768,3,False
2021-05-01,THA,DEU,0.1625,3,False
2021-06-01,THA,DEU,0.1709,3,False
2021-07-01,THA,DEU,0.2816,1,False
2021-08-01,THA,DEU,0.3015,1,False
2021-09-01,THA,DEU,0.7246,1,False
2021-10-01,THA,DEU,0.7623,3,False
2021-11-01,THA,DEU,0.5216,1,False
2021-12-01,THA,DEU,0.3963,1,False
2022-01-01,THA,DEU,0.4631,2,False
2022-02-01,THA,DEU,0.6599,3,False
2022-03-01,THA,DEU,0.5437,3,False
2022-04-01,THA,DEU,0.5752,3,False
2022-05-01,THA,DEU,0.6387,1,False
2022-06-01,THA,DEU,0.5367,3,False
2022-07-01,THA,DEU,0.5099,1,False
2022-08-01,THA,DEU,0.5099,1,False
2022-09-01,THA,DEU,0.5897,1,False
2022-10-01,THA,DEU,0.5595,4,False
2022-11-01,THA,DEU,0.5707,4,False
2022-12-01,THA,DEU,0.5007,4,False
2023-01-01,THA,DEU,0.5134,3,False
2023-02-01,THA,DEU,0.5204,3,False
2023-03-01,THA,DEU,0.4345,2,False
2023-04-01,THA,DEU,0.2121,2,False
2023-05-01,THA,DEU,0.1959,1,False
2023-06-01,THA,DEU,0.049,1,True
2023-07-01,THA,DEU,0.0382,1,True
2023-08-01,THA,DEU,0.0344,1,True
2023-09-01,THA,DEU,0.0314,1,True
2023-10-01,THA,DEU,0.0232,1,True
2023-11-01,THA,DEU,0.013,1,True
2023-12-01,THA,DEU,0.0227,1,True
2024-01-01,THA,DEU,0.0335,2,True
2024-02-01,THA,DEU,0.0172,1,True
2024-03-01,THA,DEU,0.0147,1,True
2024-04-01,THA,DEU,0.0074,1,True
2024-05-01,THA,DEU,0.0048,1,True
2024-06-01,THA,DEU,0.0036,1,True
2024-07-01,THA,DEU,0.0028,1,True
2024-08-01,THA,DEU,0.001,1,True
2024-09-01,THA,DEU,0.0004,1,True
2024-10-01,THA,DEU,0.0007,1,True
2024-11-01,THA,DEU,0.0019,1,True
2024-12-01,THA,DEU,0.001,1,True
2025-01-01,THA,DEU,0.0035,1,True
2025-02-01,THA,DEU,0.0024,1,True
2025-03-01,THA,DEU,0.0092,1,True
2025-04-01,THA,DEU,0.0157,1,True
2025-05-01,THA,DEU,0.0271,1,True
2025-06-01,THA,DEU,0.0506,1,False
2025-07-01,THA,DEU,0.0365,1,True
2025-08-01,THA,DEU,0.0634,1,False
2025-09-01,THA,DEU,0.0379,1,True
2025-10-01,THA,DEU,0.0677,1,False
2025-11-01,THA,DEU,0.0935,1,False
2025-12-01,THA,DEU,0.2058,2,False
2026-01-01,THA,DEU,0.211,3,False
2026-02-01,THA,DEU,0.1892,2,False
2026-03-01,THA,DEU,0.2152,4,False
2015-01-01,THA,FRA,0.4648,1,False
2015-02-01,THA,FRA,0.7005,2,False
2015-03-01,THA,FRA,0.7031,4,False
2015-04-01,THA,FRA,0.6827,1,False
2015-05-01,THA,FRA,0.3392,1,False
2015-06-01,THA,FRA,0.2836,1,False
2015-07-01,THA,FRA,0.5043,1,False
2015-08-01,THA,FRA,0.738,4,False
2015-09-01,THA,FRA,0.4554,1,False
2015-10-01,THA,FRA,0.2128,1,False
2015-11-01,THA,FRA,0.0403,1,True
2015-12-01,THA,FRA,0.0123,1,True
2016-01-01,THA,FRA,0.0171,1,True
2016-02-01,THA,FRA,0.0322,1,True
2016-03-01,THA,FRA,0.0423,1,True
2016-04-01,THA,FRA,0.0511,1,False
2016-05-01,THA,FRA,0.0429,1,True
2016-06-01,THA,FRA,0.0468,1,True
2016-07-01,THA,FRA,0.0616,1,False
2016-08-01,THA,FRA,0.0737,1,False
2016-09-01,THA,FRA,0.0707,1,False
2016-10-01,THA,FRA,0.0602,1,False
2016-11-01,THA,FRA,0.0617,1,False
2016-12-01,THA,FRA,0.0562,1,False
2017-01-01,THA,FRA,0.064,1,False
2017-02-01,THA,FRA,0.0472,1,True
2017-03-01,THA,FRA,0.0511,1,False
2017-04-01,THA,FRA,0.0318,1,True
2017-05-01,THA,FRA,0.0405,1,True
2017-06-01,THA,FRA,0.0364,2,True
2017-07-01,THA,FRA,0.1511,1,False
2017-08-01,THA,FRA,0.0849,1,False
2017-09-01,THA,FRA,0.1406,3,False
2017-10-01,THA,FRA,0.1488,4,False
2017-11-01,THA,FRA,0.0706,3,False
2017-12-01,THA,FRA,0.0414,3,True
2018-01-01,THA,FRA,0.027,4,True
2018-02-01,THA,FRA,0.0032,4,True
2018-03-01,THA,FRA,0.0066,4,True
2018-04-01,THA,FRA,0.0103,4,True
2018-05-01,THA,FRA,0.0261,3,True
2018-06-01,THA,FRA,0.0057,1,True
2018-07-01,THA,FRA,0.0034,1,True
2018-08-01,THA,FRA,0.001,1,True
2018-09-01,THA,FRA,0.0004,1,True
2018-10-01,THA,FRA,0.001,1,True
2018-11-01,THA,FRA,0.0013,1,True
2018-12-01,THA,FRA,0.0018,1,True
2019-01-01,THA,FRA,0.0129,1,True
2019-02-01,THA,FRA,0.0312,1,True
2019-03-01,THA,FRA,0.0207,1,True
2019-04-01,THA,FRA,0.0444,4,True
2019-05-01,THA,FRA,0.0431,1,True
2019-06-01,THA,FRA,0.0358,4,True
2019-07-01,THA,FRA,0.0351,4,True
2019-08-01,THA,FRA,0.0521,1,False
2019-09-01,THA,FRA,0.0644,1,False
2019-10-01,THA,FRA,0.104,1,False
2019-11-01,THA,FRA,0.1415,1,False
2019-12-01,THA,FRA,0.1198,1,False
2020-01-01,THA,FRA,0.2839,1,False
2020-02-01,THA,FRA,0.3794,4,False
2020-03-01,THA,FRA,0.3606,4,False
2020-04-01,THA,FRA,0.2277,1,False
2020-05-01,THA,FRA,0.0784,1,False
2020-06-01,THA,FRA,0.0125,1,True
2020-07-01,THA,FRA,0.0029,1,True
2020-08-01,THA,FRA,0.0022,1,True
2020-09-01,THA,FRA,0.0059,1,True
2020-10-01,THA,FRA,0.0049,1,True
2020-11-01,THA,FRA,0.0045,1,True
2020-12-01,THA,FRA,0.0074,1,True
2021-01-01,THA,FRA,0.0081,1,True
2021-02-01,THA,FRA,0.0139,1,True
2021-03-01,THA,FRA,0.0139,1,True
2021-04-01,THA,FRA,0.0141,1,True
2021-05-01,THA,FRA,0.0545,1,False
2021-06-01,THA,FRA,0.0279,1,True
2021-07-01,THA,FRA,0.0449,1,True
2021-08-01,THA,FRA,0.1271,1,False
2021-09-01,THA,FRA,0.1048,1,False
2021-10-01,THA,FRA,0.0674,1,False
2021-11-01,THA,FRA,0.0777,1,False
2021-12-01,THA,FRA,0.1225,1,False
2022-01-01,THA,FRA,0.1412,1,False
2022-02-01,THA,FRA,0.116,1,False
2022-03-01,THA,FRA,0.0757,1,False
2022-04-01,THA,FRA,0.0075,1,True
2022-05-01,THA,FRA,0.0533,1,False
2022-06-01,THA,FRA,0.0384,1,True
2022-07-01,THA,FRA,0.0282,1,True
2022-08-01,THA,FRA,0.0424,1,True
2022-09-01,THA,FRA,0.1009,1,False
2022-10-01,THA,FRA,0.1638,1,False
2022-11-01,THA,FRA,0.1831,1,False
2022-12-01,THA,FRA,0.2987,1,False
2023-01-01,THA,FRA,0.3035,1,False
2023-02-01,THA,FRA,0.3591,1,False
2023-03-01,THA,FRA,0.3978,1,False
2023-04-01,THA,FRA,0.5107,1,False
2023-05-01,THA,FRA,0.6954,1,False
2023-06-01,THA,FRA,0.6852,1,False
2023-07-01,THA,FRA,0.8516,2,False
2023-08-01,THA,FRA,0.6541,1,False
2023-09-01,THA,FRA,0.6384,2,False
2023-10-01,THA,FRA,0.4479,2,False
2023-11-01,THA,FRA,0.2892,4,False
2023-12-01,THA,FRA,0.2891,3,False
2024-01-01,THA,FRA,0.2939,3,False
2024-02-01,THA,FRA,0.2049,3,False
2024-03-01,THA,FRA,0.1739,1,False
2024-04-01,THA,FRA,0.087,1,False
2024-05-01,THA,FRA,0.0603,1,False
2024-06-01,THA,FRA,0.0521,1,False
2024-07-01,THA,FRA,0.0401,1,True
2024-08-01,THA,FRA,0.0319,1,True
2024-09-01,THA,FRA,0.0453,1,True
2024-10-01,THA,FRA,0.0444,1,True
2024-11-01,THA,FRA,0.0296,1,True
2024-12-01,THA,FRA,0.0215,1,True
2025-01-01,THA,FRA,0.0224,1,True
2025-02-01,THA,FRA,0.0145,1,True
2025-03-01,THA,FRA,0.0109,1,True
2025-04-01,THA,FRA,0.012,1,True
2025-05-01,THA,FRA,0.0193,1,True
2025-06-01,THA,FRA,0.0346,1,True
2025-07-01,THA,FRA,0.0484,1,True
2025-08-01,THA,FRA,0.0633,1,False
2025-09-01,THA,FRA,0.0543,1,False
2025-10-01,THA,FRA,0.0779,1,False
2025-11-01,THA,FRA,0.067,1,False
2025-12-01,THA,FRA,0.1436,1,False
2026-01-01,THA,FRA,0.2226,1,False
2026-02-01,THA,FRA,0.2325,4,False
2026-03-01,THA,FRA,0.2257,1,False
2015-01-01,THA,JPN,0.0205,4,True
2015-02-01,THA,JPN,0.0179,4,True
2015-03-01,THA,JPN,0.0084,4,True
2015-04-01,THA,JPN,0.0037,3,True
2015-05-01,THA,JPN,0.0092,3,True
2015-06-01,THA,JPN,0.0299,3,True
2015-07-01,THA,JPN,0.0126,4,True
2015-08-01,THA,JPN,0.0457,3,True
2015-09-01,THA,JPN,0.0582,3,False
2015-10-01,THA,JPN,0.0453,3,True
2015-11-01,THA,JPN,0.047,3,True
2015-12-01,THA,JPN,0.0281,2,True
2016-01-01,THA,JPN,0.1234,2,False
2016-02-01,THA,JPN,0.0894,2,False
2016-03-01,THA,JPN,0.0779,2,False
2016-04-01,THA,JPN,0.2472,2,False
2016-05-01,THA,JPN,0.2596,2,False
2016-06-01,THA,JPN,0.242,3,False
2016-07-01,THA,JPN,0.129,2,False
2016-08-01,THA,JPN,0.0981,2,False
2016-09-01,THA,JPN,0.1029,2,False
2016-10-01,THA,JPN,0.0863,2,False
2016-11-01,THA,JPN,0.0583,1,False
2016-12-01,THA,JPN,0.0379,1,True
2017-01-01,THA,JPN,0.0442,1,True
2017-02-01,THA,JPN,0.0434,1,True
2017-03-01,THA,JPN,0.0756,1,False
2017-04-01,THA,JPN,0.1086,1,False
2017-05-01,THA,JPN,0.0735,1,False
2017-06-01,THA,JPN,0.1643,1,False
2017-07-01,THA,JPN,0.4182,2,False
2017-08-01,THA,JPN,0.5457,2,False
2017-09-01,THA,JPN,0.549,2,False
2017-10-01,THA,JPN,0.4834,4,False
2017-11-01,THA,JPN,0.2465,3,False
2017-12-01,THA,JPN,0.1301,2,False
2018-01-01,THA,JPN,0.0825,1,False
2018-02-01,THA,JPN,0.1348,1,False
2018-03-01,THA,JPN,0.0747,2,False
2018-04-01,THA,JPN,0.0314,1,True
2018-05-01,THA,JPN,0.1059,1,False
2018-06-01,THA,JPN,0.2447,1,False
2018-07-01,THA,JPN,0.2208,1,False
2018-08-01,THA,JPN,0.3277,1,False
2018-09-01,THA,JPN,0.3119,1,False
2018-10-01,THA,JPN,0.4353,1,False
2018-11-01,THA,JPN,0.6704,4,False
2018-12-01,THA,JPN,0.4661,4,False
2019-01-01,THA,JPN,0.4658,4,False
2019-02-01,THA,JPN,0.3892,4,False
2019-03-01,THA,JPN,0.5214,4,False
2019-04-01,THA,JPN,0.605,4,False
2019-05-01,THA,JPN,0.5037,4,False
2019-06-01,THA,JPN,0.5035,4,False
2019-07-01,THA,JPN,0.5455,4,False
2019-08-01,THA,JPN,0.6057,4,False
2019-09-01,THA,JPN,0.74,4,False
2019-10-01,THA,JPN,0.6294,3,False
2019-11-01,THA,JPN,0.4289,1,False
2019-12-01,THA,JPN,0.1497,1,False
2020-01-01,THA,JPN,0.0976,1,False
2020-02-01,THA,JPN,0.1284,3,False
2020-03-01,THA,JPN,0.0583,4,False
2020-04-01,THA,JPN,0.0922,3,False
2020-05-01,THA,JPN,0.0989,3,False
2020-06-01,THA,JPN,0.1384,3,False
2020-07-01,THA,JPN,0.1604,3,False
2020-08-01,THA,JPN,0.5077,1,False
2020-09-01,THA,JPN,0.6703,1,False
2020-10-01,THA,JPN,0.8609,1,False
2020-11-01,THA,JPN,0.8045,1,False
2020-12-01,THA,JPN,0.783,2,False
2021-01-01,THA,JPN,0.6438,2,False
2021-02-01,THA,JPN,0.5138,2,False
2021-03-01,THA,JPN,0.4733,2,False
2021-04-01,THA,JPN,0.2718,4,False
2021-05-01,THA,JPN,0.2979,2,False
2021-06-01,THA,JPN,0.444,4,False
2021-07-01,THA,JPN,0.4128,4,False
2021-08-01,THA,JPN,0.4102,4,False
2021-09-01,THA,JPN,0.633,2,False
2021-10-01,THA,JPN,0.7059,2,False
2021-11-01,THA,JPN,0.753,2,False
2021-12-01,THA,JPN,0.8652,2,False
2022-01-01,THA,JPN,0.8544,1,False
2022-02-01,THA,JPN,0.6438,1,False
2022-03-01,THA,JPN,0.2041,2,False
2022-04-01,THA,JPN,0.0541,2,False
2022-05-01,THA,JPN,0.0239,4,True
2022-06-01,THA,JPN,0.0277,4,True
2022-07-01,THA,JPN,0.0021,2,True
2022-08-01,THA,JPN,0.0032,2,True
2022-09-01,THA,JPN,0.0099,2,True
2022-10-01,THA,JPN,0.0056,3,True
2022-11-01,THA,JPN,0.0017,2,True
2022-12-01,THA,JPN,0.0012,2,True
2023-01-01,THA,JPN,0.0015,2,True
2023-02-01,THA,JPN,0.0018,2,True
2023-03-01,THA,JPN,0.0032,2,True
2023-04-01,THA,JPN,0.0147,4,True
2023-05-01,THA,JPN,0.0077,3,True
2023-06-01,THA,JPN,0.0078,4,True
2023-07-01,THA,JPN,0.0191,3,True
2023-08-01,THA,JPN,0.0293,3,True
2023-09-01,THA,JPN,0.0169,3,True
2023-10-01,THA,JPN,0.0498,3,True
2023-11-01,THA,JPN,0.0583,3,False
2023-12-01,THA,JPN,0.0433,3,True
2024-01-01,THA,JPN,0.0275,3,True
2024-02-01,THA,JPN,0.0129,3,True
2024-03-01,THA,JPN,0.0191,3,True
2024-04-01,THA,JPN,0.0449,3,True
2024-05-01,THA,JPN,0.1948,3,False
2024-06-01,THA,JPN,0.2263,3,False
2024-07-01,THA,JPN,0.2765,3,False
2024-08-01,THA,JPN,0.325,3,False
2024-09-01,THA,JPN,0.3198,3,False
2024-10-01,THA,JPN,0.4795,3,False
2024-11-01,THA,JPN,0.2251,3,False
2024-12-01,THA,JPN,0.1962,2,False
2025-01-01,THA,JPN,0.2711,1,False
2025-02-01,THA,JPN,0.4055,3,False
2025-03-01,THA,JPN,0.5239,2,False
2025-04-01,THA,JPN,0.2211,2,False
2025-05-01,THA,JPN,0.0689,1,False
2025-06-01,THA,JPN,0.1561,2,False
2025-07-01,THA,JPN,0.0518,2,False
2025-08-01,THA,JPN,0.051,2,False
2025-09-01,THA,JPN,0.0269,2,True
2025-10-01,THA,JPN,0.027,2,True
2025-11-01,THA,JPN,0.0913,2,False
2025-12-01,THA,JPN,0.1847,2,False
2026-01-01,THA,JPN,0.4056,2,False
2026-02-01,THA,JPN,0.321,3,False
2026-03-01,THA,JPN,0.3919,2,False
2015-01-01,BRA,IND,0.5396,4,False
2015-02-01,BRA,IND,0.2745,1,False
2015-03-01,BRA,IND,0.2699,1,False
2015-04-01,BRA,IND,0.2687,1,False
2015-05-01,BRA,IND,0.3667,4,False
2015-06-01,BRA,IND,0.4558,1,False
2015-07-01,BRA,IND,0.3969,1,False
2015-08-01,BRA,IND,0.4649,1,False
2015-09-01,BRA,IND,0.3992,1,False
2015-10-01,BRA,IND,0.6167,4,False
2015-11-01,BRA,IND,0.4343,4,False
2015-12-01,BRA,IND,0.5039,4,False
2016-01-01,BRA,IND,0.4952,4,False
2016-02-01,BRA,IND,0.3341,4,False
2016-03-01,BRA,IND,0.3046,4,False
2016-04-01,BRA,IND,0.3922,2,False
2016-05-01,BRA,IND,0.5093,2,False
2016-06-01,BRA,IND,0.4436,4,False
2016-07-01,BRA,IND,0.7032,4,False
2016-08-01,BRA,IND,0.5572,4,False
2016-09-01,BRA,IND,0.1251,4,False
2016-10-01,BRA,IND,0.1083,4,False
2016-11-01,BRA,IND,0.1693,4,False
2016-12-01,BRA,IND,0.2318,1,False
2017-01-01,BRA,IND,0.1711,4,False
2017-02-01,BRA,IND,0.1919,4,False
2017-03-01,BRA,IND,0.2057,4,False
2017-04-01,BRA,IND,0.2101,4,False
2017-05-01,BRA,IND,0.1086,4,False
2017-06-01,BRA,IND,0.0918,4,False
2017-07-01,BRA,IND,0.1157,4,False
2017-08-01,BRA,IND,0.0643,4,False
2017-09-01,BRA,IND,0.0164,4,True
2017-10-01,BRA,IND,0.014,4,True
2017-11-01,BRA,IND,0.0212,4,True
2017-12-01,BRA,IND,0.0428,4,True
2018-01-01,BRA,IND,0.0456,4,True
2018-02-01,BRA,IND,0.0451,4,True
2018-03-01,BRA,IND,0.0311,4,True
2018-04-01,BRA,IND,0.0261,4,True
2018-05-01,BRA,IND,0.0274,4,True
2018-06-01,BRA,IND,0.0548,4,False
2018-07-01,BRA,IND,0.0685,4,False
2018-08-01,BRA,IND,0.0565,4,False
2018-09-01,BRA,IND,0.0573,4,False
2018-10-01,BRA,IND,0.0654,4,False
2018-11-01,BRA,IND,0.0267,4,True
2018-12-01,BRA,IND,0.0293,4,True
2019-01-01,BRA,IND,0.0228,4,True
2019-02-01,BRA,IND,0.0331,4,True
2019-03-01,BRA,IND,0.0871,4,False
2019-04-01,BRA,IND,0.0069,4,True
2019-05-01,BRA,IND,0.0422,3,True
2019-06-01,BRA,IND,0.0409,3,True
2019-07-01,BRA,IND,0.0778,3,False
2019-08-01,BRA,IND,0.0575,3,False
2019-09-01,BRA,IND,0.1314,3,False
2019-10-01,BRA,IND,0.1528,4,False
2019-11-01,BRA,IND,0.0762,3,False
2019-12-01,BRA,IND,0.0574,2,False
2020-01-01,BRA,IND,0.028,1,True
2020-02-01,BRA,IND,0.0247,2,True
2020-03-01,BRA,IND,0.0088,1,True
2020-04-01,BRA,IND,0.0039,1,True
2020-05-01,BRA,IND,0.0113,1,True
2020-06-01,BRA,IND,0.0362,1,True
2020-07-01,BRA,IND,0.033,1,True
2020-08-01,BRA,IND,0.0489,2,True
2020-09-01,BRA,IND,0.0196,1,True
2020-10-01,BRA,IND,0.02,1,True
2020-11-01,BRA,IND,0.0312,1,True
2020-12-01,BRA,IND,0.0226,1,True
2021-01-01,BRA,IND,0.0503,1,False
2021-02-01,BRA,IND,0.0411,1,True
2021-03-01,BRA,IND,0.1232,1,False
2021-04-01,BRA,IND,0.0739,1,False
2021-05-01,BRA,IND,0.0446,1,True
2021-06-01,BRA,IND,0.0252,1,True
2021-07-01,BRA,IND,0.0696,2,False
2021-08-01,BRA,IND,0.095,1,False
2021-09-01,BRA,IND,0.0932,2,False
2021-10-01,BRA,IND,0.0975,2,False
2021-11-01,BRA,IND,0.1868,2,False
2021-12-01,BRA,IND,0.2685,2,False
2022-01-01,BRA,IND,0.271,2,False
2022-02-01,BRA,IND,0.6464,2,False
2022-03-01,BRA,IND,0.4797,4,False
2022-04-01,BRA,IND,0.5952,4,False
2022-05-01,BRA,IND,0.6098,1,False
2022-06-01,BRA,IND,0.509,1,False
2022-07-01,BRA,IND,0.2913,4,False
2022-08-01,BRA,IND,0.2257,4,False
2022-09-01,BRA,IND,0.0559,4,False
2022-10-01,BRA,IND,0.0777,4,False
2022-11-01,BRA,IND,0.1671,2,False
2022-12-01,BRA,IND,0.1024,1,False
2023-01-01,BRA,IND,0.0861,4,False
2023-02-01,BRA,IND,0.1026,4,False
2023-03-01,BRA,IND,0.101,4,False
2023-04-01,BRA,IND,0.0991,4,False
2023-05-01,BRA,IND,0.0422,4,True
2023-06-01,BRA,IND,0.0431,4,True
2023-07-01,BRA,IND,0.1052,4,False
2023-08-01,BRA,IND,0.1212,4,False
2023-09-01,BRA,IND,0.0129,4,True
2023-10-01,BRA,IND,0.0332,3,True
2023-11-01,BRA,IND,0.0165,2,True
2023-12-01,BRA,IND,0.0036,1,True
2024-01-01,BRA,IND,0.0078,2,True
2024-02-01,BRA,IND,0.0008,1,True
2024-03-01,BRA,IND,0.0009,1,True
2024-04-01,BRA,IND,0.0014,1,True
2024-05-01,BRA,IND,0.0024,1,True
2024-06-01,BRA,IND,0.0013,1,True
2024-07-01,BRA,IND,0.0012,1,True
2024-08-01,BRA,IND,0.001,1,True
2024-09-01,BRA,IND,0.0006,1,True
2024-10-01,BRA,IND,0.0005,1,True
2024-11-01,BRA,IND,0.0013,1,True
2024-12-01,BRA,IND,0.001,1,True
2025-01-01,BRA,IND,0.0106,1,True
2025-02-01,BRA,IND,0.0364,1,True
2025-03-01,BRA,IND,0.0393,1,True
2025-04-01,BRA,IND,0.0366,4,True
2025-05-01,BRA,IND,0.1285,1,False
2025-06-01,BRA,IND,0.2169,4,False
2025-07-01,BRA,IND,0.1246,4,False
2025-08-01,BRA,IND,0.2504,4,False
2025-09-01,BRA,IND,0.4368,1,False
2025-10-01,BRA,IND,0.703,4,False
2025-11-01,BRA,IND,0.4,3,False
2025-12-01,BRA,IND,0.3115,2,False
2026-01-01,BRA,IND,0.2635,1,False
2026-02-01,BRA,IND,0.3166,1,False
2026-03-01,BRA,IND,0.1669,1,False
2015-01-01,BRA,CHN,0.0049,3,True
2015-02-01,BRA,CHN,0.0081,2,True
2015-03-01,BRA,CHN,0.0015,1,True
2015-04-01,BRA,CHN,0.0055,1,True
2015-05-01,BRA,CHN,0.0092,1,True
2015-06-01,BRA,CHN,0.0173,1,True
2015-07-01,BRA,CHN,0.036,1,True
2015-08-01,BRA,CHN,0.0089,1,True
2015-09-01,BRA,CHN,0.0162,1,True
2015-10-01,BRA,CHN,0.0139,1,True
2015-11-01,BRA,CHN,0.014,1,True
2015-12-01,BRA,CHN,0.0163,1,True
2016-01-01,BRA,CHN,0.0094,1,True
2016-02-01,BRA,CHN,0.0934,2,False
2016-03-01,BRA,CHN,0.0825,1,False
2016-04-01,BRA,CHN,0.0346,2,True
2016-05-01,BRA,CHN,0.0271,2,True
2016-06-01,BRA,CHN,0.0426,2,True
2016-07-01,BRA,CHN,0.0734,2,False
2016-08-01,BRA,CHN,0.0822,2,False
2016-09-01,BRA,CHN,0.2221,1,False
2016-10-01,BRA,CHN,0.2587,2,False
2016-11-01,BRA,CHN,0.5093,2,False
2016-12-01,BRA,CHN,0.4877,2,False
2017-01-01,BRA,CHN,0.4497,2,False
2017-02-01,BRA,CHN,0.2553,2,False
2017-03-01,BRA,CHN,0.1433,2,False
2017-04-01,BRA,CHN,0.1152,2,False
2017-05-01,BRA,CHN,0.1487,2,False
2017-06-01,BRA,CHN,0.1163,2,False
2017-07-01,BRA,CHN,0.0388,2,True
2017-08-01,BRA,CHN,0.03,2,True
2017-09-01,BRA,CHN,0.0213,2,True
2017-10-01,BRA,CHN,0.0243,3,True
2017-11-01,BRA,CHN,0.0093,2,True
2017-12-01,BRA,CHN,0.0166,2,True
2018-01-01,BRA,CHN,0.0233,2,True
2018-02-01,BRA,CHN,0.0736,2,False
2018-03-01,BRA,CHN,0.1043,2,False
2018-04-01,BRA,CHN,0.0642,2,False
2018-05-01,BRA,CHN,0.0545,2,False
2018-06-01,BRA,CHN,0.0728,2,False
2018-07-01,BRA,CHN,0.0885,2,False
2018-08-01,BRA,CHN,0.1555,2,False
2018-09-01,BRA,CHN,0.2344,2,False
2018-10-01,BRA,CHN,0.2216,1,False
2018-11-01,BRA,CHN,0.1732,1,False
2018-12-01,BRA,CHN,0.1071,1,False
2019-01-01,BRA,CHN,0.1874,1,False
2019-02-01,BRA,CHN,0.3064,1,False
2019-03-01,BRA,CHN,0.3465,4,False
2019-04-01,BRA,CHN,0.3781,4,False
2019-05-01,BRA,CHN,0.3399,4,False
2019-06-01,BRA,CHN,0.3935,4,False
2019-07-01,BRA,CHN,0.3591,4,False
2019-08-01,BRA,CHN,0.3683,4,False
2019-09-01,BRA,CHN,0.3968,2,False
2019-10-01,BRA,CHN,0.3027,3,False
2019-11-01,BRA,CHN,0.2341,2,False
2019-12-01,BRA,CHN,0.2523,1,False
2020-01-01,BRA,CHN,0.8691,4,False
2020-02-01,BRA,CHN,0.5923,1,False
2020-03-01,BRA,CHN,0.5337,1,False
2020-04-01,BRA,CHN,0.3042,4,False
2020-05-01,BRA,CHN,0.6206,4,False
2020-06-01,BRA,CHN,0.5225,4,False
2020-07-01,BRA,CHN,0.5774,4,False
2020-08-01,BRA,CHN,0.5329,1,False
2020-09-01,BRA,CHN,0.6284,4,False
2020-10-01,BRA,CHN,0.6264,3,False
2020-11-01,BRA,CHN,0.7725,2,False
2020-12-01,BRA,CHN,0.6505,3,False
2021-01-01,BRA,CHN,0.5258,2,False
2021-02-01,BRA,CHN,0.3468,1,False
2021-03-01,BRA,CHN,0.4199,3,False
2021-04-01,BRA,CHN,0.058,3,False
2021-05-01,BRA,CHN,0.0356,1,True
2021-06-01,BRA,CHN,0.0128,1,True
2021-07-01,BRA,CHN,0.0041,1,True
2021-08-01,BRA,CHN,0.0031,1,True
2021-09-01,BRA,CHN,0.0091,1,True
2021-10-01,BRA,CHN,0.0107,1,True
2021-11-01,BRA,CHN,0.0368,1,True
2021-12-01,BRA,CHN,0.0413,1,True
2022-01-01,BRA,CHN,0.0978,1,False
2022-02-01,BRA,CHN,0.3862,3,False
2022-03-01,BRA,CHN,0.4601,4,False
2022-04-01,BRA,CHN,0.3489,3,False
2022-05-01,BRA,CHN,0.3657,4,False
2022-06-01,BRA,CHN,0.3236,4,False
2022-07-01,BRA,CHN,0.2204,4,False
2022-08-01,BRA,CHN,0.2395,4,False
2022-09-01,BRA,CHN,0.461,4,False
2022-10-01,BRA,CHN,0.5756,3,False
2022-11-01,BRA,CHN,0.477,4,False
2022-12-01,BRA,CHN,0.4959,3,False
2023-01-01,BRA,CHN,0.5047,4,False
2023-02-01,BRA,CHN,0.4563,4,False
2023-03-01,BRA,CHN,0.2957,4,False
2023-04-01,BRA,CHN,0.3212,4,False
2023-05-01,BRA,CHN,0.6131,2,False
2023-06-01,BRA,CHN,0.5874,2,False
2023-07-01,BRA,CHN,0.5303,1,False
2023-08-01,BRA,CHN,0.7033,3,False
2023-09-01,BRA,CHN,0.1558,4,False
2023-10-01,BRA,CHN,0.054,3,False
2023-11-01,BRA,CHN,0.0073,3,True
2023-12-01,BRA,CHN,0.0009,3,True
2024-01-01,BRA,CHN,0.0011,2,True
2024-02-01,BRA,CHN,0.0016,1,True
2024-03-01,BRA,CHN,0.0005,3,True
2024-04-01,BRA,CHN,0.0001,2,True
2024-05-01,BRA,CHN,0.0001,1,True
2024-06-01,BRA,CHN,0.001,2,True
2024-07-01,BRA,CHN,0.0003,2,True
2024-08-01,BRA,CHN,0.0003,2,True
2024-09-01,BRA,CHN,0.0004,2,True
2024-10-01,BRA,CHN,0.0029,2,True
2024-11-01,BRA,CHN,0.0369,2,True
2024-12-01,BRA,CHN,0.2274,2,False
2025-01-01,BRA,CHN,0.1944,2,False
2025-02-01,BRA,CHN,0.1128,4,False
2025-03-01,BRA,CHN,0.1123,2,False
2025-04-01,BRA,CHN,0.1059,2,False
2025-05-01,BRA,CHN,0.1078,2,False
2025-06-01,BRA,CHN,0.1244,1,False
2025-07-01,BRA,CHN,0.1521,1,False
2025-08-01,BRA,CHN,0.2037,1,False
2025-09-01,BRA,CHN,0.2536,3,False
2025-10-01,BRA,CHN,0.2328,2,False
2025-11-01,BRA,CHN,0.3402,2,False
2025-12-01,BRA,CHN,0.3498,2,False
2026-01-01,BRA,CHN,0.5891,2,False
2026-02-01,BRA,CHN,0.6101,2,False
2026-03-01,BRA,CHN,0.7379,1,False
2015-01-01,BRA,VNM,0.055,2,False
2015-02-01,BRA,VNM,0.0576,2,False
2015-03-01,BRA,VNM,0.0606,2,False
2015-04-01,BRA,VNM,0.0648,2,False
2015-05-01,BRA,VNM,0.0445,2,True
2015-06-01,BRA,VNM,0.0524,2,False
2015-07-01,BRA,VNM,0.102,2,False
2015-08-01,BRA,VNM,0.1245,4,False
2015-09-01,BRA,VNM,0.0461,4,True
2015-10-01,BRA,VNM,0.036,4,True
2015-11-01,BRA,VNM,0.0545,2,False
2015-12-01,BRA,VNM,0.0855,1,False
2016-01-01,BRA,VNM,0.3122,1,False
2016-02-01,BRA,VNM,0.3601,4,False
2016-03-01,BRA,VNM,0.2857,4,False
2016-04-01,BRA,VNM,0.2059,4,False
2016-05-01,BRA,VNM,0.3283,1,False
2016-06-01,BRA,VNM,0.24,1,False
2016-07-01,BRA,VNM,0.1655,1,False
2016-08-01,BRA,VNM,0.1151,1,False
2016-09-01,BRA,VNM,0.0592,1,False
2016-10-01,BRA,VNM,0.0507,1,False
2016-11-01,BRA,VNM,0.0496,1,True
2016-12-01,BRA,VNM,0.076,1,False
2017-01-01,BRA,VNM,0.0623,1,False
2017-02-01,BRA,VNM,0.0338,1,True
2017-03-01,BRA,VNM,0.0274,1,True
2017-04-01,BRA,VNM,0.0105,1,True
2017-05-01,BRA,VNM,0.0306,1,True
2017-06-01,BRA,VNM,0.1371,1,False
2017-07-01,BRA,VNM,0.1929,1,False
2017-08-01,BRA,VNM,0.0798,1,False
2017-09-01,BRA,VNM,0.1982,1,False
2017-10-01,BRA,VNM,0.757,1,False
2017-11-01,BRA,VNM,0.6655,2,False
2017-12-01,BRA,VNM,0.4971,1,False
2018-01-01,BRA,VNM,0.2902,1,False
2018-02-01,BRA,VNM,0.5814,1,False
2018-03-01,BRA,VNM,0.5036,1,False
2018-04-01,BRA,VNM,0.8606,3,False
2018-05-01,BRA,VNM,0.8323,3,False
2018-06-01,BRA,VNM,0.703,4,False
2018-07-01,BRA,VNM,0.3726,4,False
2018-08-01,BRA,VNM,0.2006,3,False
2018-09-01,BRA,VNM,0.3207,3,False
2018-10-01,BRA,VNM,0.5055,1,False
2018-11-01,BRA,VNM,0.3047,1,False
2018-12-01,BRA,VNM,0.4709,1,False
2019-01-01,BRA,VNM,0.5695,1,False
2019-02-01,BRA,VNM,0.6152,3,False
2019-03-01,BRA,VNM,0.6554,3,False
2019-04-01,BRA,VNM,0.6245,3,False
2019-05-01,BRA,VNM,0.6161,3,False
2019-06-01,BRA,VNM,0.5829,3,False
2019-07-01,BRA,VNM,0.5253,3,False
2019-08-01,BRA,VNM,0.43,4,False
2019-09-01,BRA,VNM,0.3961,4,False
2019-10-01,BRA,VNM,0.3445,3,False
2019-11-01,BRA,VNM,0.2436,4,False
2019-12-01,BRA,VNM,0.4017,3,False
2020-01-01,BRA,VNM,0.3098,2,False
2020-02-01,BRA,VNM,0.3926,1,False
2020-03-01,BRA,VNM,0.6336,3,False
2020-04-01,BRA,VNM,0.7203,2,False
2020-05-01,BRA,VNM,0.5805,4,False
2020-06-01,BRA,VNM,0.2653,2,False
2020-07-01,BRA,VNM,0.068,1,False
2020-08-01,BRA,VNM,0.0137,1,True
2020-09-01,BRA,VNM,0.1355,1,False
2020-10-01,BRA,VNM,0.2224,1,False
2020-11-01,BRA,VNM,0.389,3,False
2020-12-01,BRA,VNM,0.3802,4,False
2021-01-01,BRA,VNM,0.4651,4,False
2021-02-01,BRA,VNM,0.3258,4,False
2021-03-01,BRA,VNM,0.1438,4,False
2021-04-01,BRA,VNM,0.0841,4,False
2021-05-01,BRA,VNM,0.1393,4,False
2021-06-01,BRA,VNM,0.1924,4,False
2021-07-01,BRA,VNM,0.4318,2,False
2021-08-01,BRA,VNM,0.1891,1,False
2021-09-01,BRA,VNM,0.1686,1,False
2021-10-01,BRA,VNM,0.4287,2,False
2021-11-01,BRA,VNM,0.4098,2,False
2021-12-01,BRA,VNM,0.357,2,False
2022-01-01,BRA,VNM,0.354,2,False
2022-02-01,BRA,VNM,0.4426,4,False
2022-03-01,BRA,VNM,0.3409,4,False
2022-04-01,BRA,VNM,0.3536,4,False
2022-05-01,BRA,VNM,0.3512,4,False
2022-06-01,BRA,VNM,0.1377,4,False
2022-07-01,BRA,VNM,0.1116,4,False
2022-08-01,BRA,VNM,0.0943,4,False
2022-09-01,BRA,VNM,0.1103,4,False
2022-10-01,BRA,VNM,0.0433,1,True
2022-11-01,BRA,VNM,0.0494,1,True
2022-12-01,BRA,VNM,0.0636,1,False
2023-01-01,BRA,VNM,0.1444,1,False
2023-02-01,BRA,VNM,0.0678,3,False
2023-03-01,BRA,VNM,0.0191,2,True
2023-04-01,BRA,VNM,0.003,1,True
2023-05-01,BRA,VNM,0.0056,1,True
2023-06-01,BRA,VNM,0.0135,1,True
2023-07-01,BRA,VNM,0.0574,1,False
2023-08-01,BRA,VNM,0.0608,1,False
2023-09-01,BRA,VNM,0.0187,1,True
2023-10-01,BRA,VNM,0.0216,1,True
2023-11-01,BRA,VNM,0.0128,1,True
2023-12-01,BRA,VNM,0.0381,1,True
2024-01-01,BRA,VNM,0.3041,1,False
2024-02-01,BRA,VNM,0.5024,3,False
2024-03-01,BRA,VNM,0.6755,2,False
2024-04-01,BRA,VNM,0.5629,1,False
2024-05-01,BRA,VNM,0.5671,1,False
2024-06-01,BRA,VNM,0.7896,1,False
2024-07-01,BRA,VNM,0.6963,1,False
2024-08-01,BRA,VNM,0.733,4,False
2024-09-01,BRA,VNM,0.8895,4,False
2024-10-01,BRA,VNM,0.292,3,False
2024-11-01,BRA,VNM,0.3179,3,False
2024-12-01,BRA,VNM,0.2512,4,False
2025-01-01,BRA,VNM,0.1325,4,False
2025-02-01,BRA,VNM,0.1343,4,False
2025-03-01,BRA,VNM,0.0489,4,True
2025-04-01,BRA,VNM,0.096,3,False
2025-05-01,BRA,VNM,0.0862,4,False
2025-06-01,BRA,VNM,0.1059,3,False
2025-07-01,BRA,VNM,0.0547,3,False
2025-08-01,BRA,VNM,0.0687,3,False
2025-09-01,BRA,VNM,0.0517,3,False
2025-10-01,BRA,VNM,0.0592,2,False
2025-11-01,BRA,VNM,0.076,3,False
2025-12-01,BRA,VNM,0.015,3,True
2026-01-01,BRA,VNM,0.0062,3,True
2026-02-01,BRA,VNM,0.0062,3,True
2026-03-01,BRA,VNM,0.0041,3,True
2015-01-01,BRA,IDN,0.2631,3,False
2015-02-01,BRA,IDN,0.4857,4,False
2015-03-01,BRA,IDN,0.6153,1,False
2015-04-01,BRA,IDN,0.7279,3,False
2015-05-01,BRA,IDN,0.7125,3,False
2015-06-01,BRA,IDN,0.466,3,False
2015-07-01,BRA,IDN,0.0514,4,False
2015-08-01,BRA,IDN,0.0013,3,True
2015-09-01,BRA,IDN,0.0014,3,True
2015-10-01,BRA,IDN,0.0005,3,True
2015-11-01,BRA,IDN,0.0011,3,True
2015-12-01,BRA,IDN,0.0118,4,True
2016-01-01,BRA,IDN,0.1045,4,False
2016-02-01,BRA,IDN,0.1266,1,False
2016-03-01,BRA,IDN,0.0677,1,False
2016-04-01,BRA,IDN,0.0214,1,True
2016-05-01,BRA,IDN,0.0416,1,True
2016-06-01,BRA,IDN,0.0213,1,True
2016-07-01,BRA,IDN,0.0501,1,False
2016-08-01,BRA,IDN,0.0411,1,True
2016-09-01,BRA,IDN,0.0661,1,False
2016-10-01,BRA,IDN,0.0066,2,True
2016-11-01,BRA,IDN,0.0055,2,True
2016-12-01,BRA,IDN,0.002,2,True
2017-01-01,BRA,IDN,0.0038,2,True
2017-02-01,BRA,IDN,0.0013,2,True
2017-03-01,BRA,IDN,0.0012,2,True
2017-04-01,BRA,IDN,0.0012,2,True
2017-05-01,BRA,IDN,0.0018,2,True
2017-06-01,BRA,IDN,0.003,2,True
2017-07-01,BRA,IDN,0.0024,2,True
2017-08-01,BRA,IDN,0.0032,2,True
2017-09-01,BRA,IDN,0.0019,2,True
2017-10-01,BRA,IDN,0.0122,2,True
2017-11-01,BRA,IDN,0.0242,2,True
2017-12-01,BRA,IDN,0.0244,3,True
2018-01-01,BRA,IDN,0.0201,2,True
2018-02-01,BRA,IDN,0.0193,3,True
2018-03-01,BRA,IDN,0.0231,4,True
2018-04-01,BRA,IDN,0.0094,3,True
2018-05-01,BRA,IDN,0.0276,3,True
2018-06-01,BRA,IDN,0.0271,3,True
2018-07-01,BRA,IDN,0.0042,4,True
2018-08-01,BRA,IDN,0.0057,4,True
2018-09-01,BRA,IDN,0.0077,4,True
2018-10-01,BRA,IDN,0.0062,4,True
2018-11-01,BRA,IDN,0.0194,3,True
2018-12-01,BRA,IDN,0.018,3,True
2019-01-01,BRA,IDN,0.0167,3,True
2019-02-01,BRA,IDN,0.0153,3,True
2019-03-01,BRA,IDN,0.0105,3,True
2019-04-01,BRA,IDN,0.0239,3,True
2019-05-01,BRA,IDN,0.0133,3,True
2019-06-01,BRA,IDN,0.0165,3,True
2019-07-01,BRA,IDN,0.0147,3,True
2019-08-01,BRA,IDN,0.0269,3,True
2019-09-01,BRA,IDN,0.0376,3,True
2019-10-01,BRA,IDN,0.0508,3,False
2019-11-01,BRA,IDN,0.0453,3,True
2019-12-01,BRA,IDN,0.0861,4,False
2020-01-01,BRA,IDN,0.0448,3,True
2020-02-01,BRA,IDN,0.0146,2,True
2020-03-01,BRA,IDN,0.0053,1,True
2020-04-01,BRA,IDN,0.0182,1,True
2020-05-01,BRA,IDN,0.0104,1,True
2020-06-01,BRA,IDN,0.022,1,True
2020-07-01,BRA,IDN,0.0381,1,True
2020-08-01,BRA,IDN,0.2106,1,False
2020-09-01,BRA,IDN,0.0754,4,False
2020-10-01,BRA,IDN,0.0739,4,False
2020-11-01,BRA,IDN,0.0895,4,False
2020-12-01,BRA,IDN,0.2415,4,False
2021-01-01,BRA,IDN,0.151,4,False
2021-02-01,BRA,IDN,0.1809,4,False
2021-03-01,BRA,IDN,0.1994,4,False
2021-04-01,BRA,IDN,0.2783,4,False
2021-05-01,BRA,IDN,0.2913,4,False
2021-06-01,BRA,IDN,0.3132,4,False
2021-07-01,BRA,IDN,0.3967,1,False
2021-08-01,BRA,IDN,0.2574,4,False
2021-09-01,BRA,IDN,0.1504,4,False
2021-10-01,BRA,IDN,0.1375,4,False
2021-11-01,BRA,IDN,0.283,4,False
2021-12-01,BRA,IDN,0.2067,4,False
2022-01-01,BRA,IDN,0.2337,4,False
2022-02-01,BRA,IDN,0.1745,2,False
2022-03-01,BRA,IDN,0.3073,2,False
2022-04-01,BRA,IDN,0.053,2,False
2022-05-01,BRA,IDN,0.0188,4,True
2022-06-01,BRA,IDN,0.0076,3,True
2022-07-01,BRA,IDN,0.0038,2,True
2022-08-01,BRA,IDN,0.0051,1,True
2022-09-01,BRA,IDN,0.0096,1,True
2022-10-01,BRA,IDN,0.0216,1,True
2022-11-01,BRA,IDN,0.0226,1,True
2022-12-01,BRA,IDN,0.0181,1,True
2023-01-01,BRA,IDN,0.0249,1,True
2023-02-01,BRA,IDN,0.0113,1,True
2023-03-01,BRA,IDN,0.0426,1,True
2023-04-01,BRA,IDN,0.0294,1,True
2023-05-01,BRA,IDN,0.0396,1,True
2023-06-01,BRA,IDN,0.0382,1,True
2023-07-01,BRA,IDN,0.0094,1,True
2023-08-01,BRA,IDN,0.0188,1,True
2023-09-01,BRA,IDN,0.0509,1,False
2023-10-01,BRA,IDN,0.0704,1,False
2023-11-01,BRA,IDN,0.3714,1,False
2023-12-01,BRA,IDN,0.4237,1,False
2024-01-01,BRA,IDN,0.5463,1,False
2024-02-01,BRA,IDN,0.5018,1,False
2024-03-01,BRA,IDN,0.4092,1,False
2024-04-01,BRA,IDN,0.3162,1,False
2024-05-01,BRA,IDN,0.19,1,False
2024-06-01,BRA,IDN,0.1694,1,False
2024-07-01,BRA,IDN,0.1555,1,False
2024-08-01,BRA,IDN,0.1014,1,False
2024-09-01,BRA,IDN,0.0859,1,False
2024-10-01,BRA,IDN,0.0783,1,False
2024-11-01,BRA,IDN,0.0594,1,False
2024-12-01,BRA,IDN,0.0668,1,False
2025-01-01,BRA,IDN,0.0905,2,False
2025-02-01,BRA,IDN,0.0199,1,True
2025-03-01,BRA,IDN,0.0501,1,False
2025-04-01,BRA,IDN,0.0837,1,False
2025-05-01,BRA,IDN,0.1005,1,False
2025-06-01,BRA,IDN,0.0899,4,False
2025-07-01,BRA,IDN,0.1004,4,False
2025-08-01,BRA,IDN,0.1018,4,False
2025-09-01,BRA,IDN,0.0379,4,True
2025-10-01,BRA,IDN,0.0333,4,True
2025-11-01,BRA,IDN,0.06,4,False
2025-12-01,BRA,IDN,0.0657,4,False
2026-01-01,BRA,IDN,0.035,4,True
2026-02-01,BRA,IDN,0.0712,4,False
2026-03-01,BRA,IDN,0.0083,4,True
2015-01-01,BRA,THA,0.7839,1,False
2015-02-01,BRA,THA,0.0848,1,False
2015-03-01,BRA,THA,0.0496,1,True
2015-04-01,BRA,THA,0.0265,1,True
2015-05-01,BRA,THA,0.0193,1,True
2015-06-01,BRA,THA,0.0088,1,True
2015-07-01,BRA,THA,0.02,1,True
2015-08-01,BRA,THA,0.015,1,True
2015-09-01,BRA,THA,0.0351,1,True
2015-10-01,BRA,THA,0.0325,1,True
2015-11-01,BRA,THA,0.1196,1,False
2015-12-01,BRA,THA,0.3999,1,False
2016-01-01,BRA,THA,0.144,2,False
2016-02-01,BRA,THA,0.1784,2,False
2016-03-01,BRA,THA,0.2581,2,False
2016-04-01,BRA,THA,0.4206,2,False
2016-05-01,BRA,THA,0.3291,2,False
2016-06-01,BRA,THA,0.3801,2,False
2016-07-01,BRA,THA,0.269,2,False
2016-08-01,BRA,THA,0.2076,2,False
2016-09-01,BRA,THA,0.2995,2,False
2016-10-01,BRA,THA,0.3279,2,False
2016-11-01,BRA,THA,0.3808,2,False
2016-12-01,BRA,THA,0.4246,2,False
2017-01-01,BRA,THA,0.5637,2,False
2017-02-01,BRA,THA,0.5846,2,False
2017-03-01,BRA,THA,0.2758,2,False
2017-04-01,BRA,THA,0.7431,1,False
2017-05-01,BRA,THA,0.5397,1,False
2017-06-01,BRA,THA,0.8025,1,False
2017-07-01,BRA,THA,0.4927,1,False
2017-08-01,BRA,THA,0.2365,1,False
2017-09-01,BRA,THA,0.1018,4,False
2017-10-01,BRA,THA,0.0465,3,True
2017-11-01,BRA,THA,0.082,2,False
2017-12-01,BRA,THA,0.0904,1,False
2018-01-01,BRA,THA,0.076,1,False
2018-02-01,BRA,THA,0.0332,1,True
2018-03-01,BRA,THA,0.0224,1,True
2018-04-01,BRA,THA,0.0203,1,True
2018-05-01,BRA,THA,0.0183,1,True
2018-06-01,BRA,THA,0.0157,4,True
2018-07-01,BRA,THA,0.0104,1,True
2018-08-01,BRA,THA,0.0114,2,True
2018-09-01,BRA,THA,0.0059,1,True
2018-10-01,BRA,THA,0.0059,1,True
2018-11-01,BRA,THA,0.0071,1,True
2018-12-01,BRA,THA,0.018,3,True
2019-01-01,BRA,THA,0.0481,4,True
2019-02-01,BRA,THA,0.0262,4,True
2019-03-01,BRA,THA,0.0141,3,True
2019-04-01,BRA,THA,0.0216,1,True
2019-05-01,BRA,THA,0.0235,1,True
2019-06-01,BRA,THA,0.0288,1,True
2019-07-01,BRA,THA,0.0491,1,True
2019-08-01,BRA,THA,0.0435,1,True
2019-09-01,BRA,THA,0.0419,1,True
2019-10-01,BRA,THA,0.0358,1,True
2019-11-01,BRA,THA,0.0479,1,True
2019-12-01,BRA,THA,0.1661,3,False
2020-01-01,BRA,THA,0.1652,4,False
2020-02-01,BRA,THA,0.2991,4,False
2020-03-01,BRA,THA,0.554,4,False
2020-04-01,BRA,THA,0.5583,4,False
2020-05-01,BRA,THA,0.4421,1,False
2020-06-01,BRA,THA,0.6523,1,False
2020-07-01,BRA,THA,0.3759,4,False
2020-08-01,BRA,THA,0.394,4,False
2020-09-01,BRA,THA,0.1106,4,False
2020-10-01,BRA,THA,0.2777,2,False
2020-11-01,BRA,THA,0.1052,1,False
2020-12-01,BRA,THA,0.0676,1,False
2021-01-01,BRA,THA,0.2169,1,False
2021-02-01,BRA,THA,0.2012,1,False
2021-03-01,BRA,THA,0.3975,1,False
2021-04-01,BRA,THA,0.3443,1,False
2021-05-01,BRA,THA,0.0469,1,True
2021-06-01,BRA,THA,0.0417,1,True
2021-07-01,BRA,THA,0.0577,1,False
2021-08-01,BRA,THA,0.0522,1,False
2021-09-01,BRA,THA,0.0462,1,True
2021-10-01,BRA,THA,0.0255,1,True
2021-11-01,BRA,THA,0.0089,1,True
2021-12-01,BRA,THA,0.0414,1,True
2022-01-01,BRA,THA,0.0684,1,False
2022-02-01,BRA,THA,0.007,1,True
2022-03-01,BRA,THA,0.0014,1,True
2022-04-01,BRA,THA,0.0028,1,True
2022-05-01,BRA,THA,0.0013,1,True
2022-06-01,BRA,THA,0.0013,1,True
2022-07-01,BRA,THA,0.0012,1,True
2022-08-01,BRA,THA,0.0008,1,True
2022-09-01,BRA,THA,0.0008,1,True
2022-10-01,BRA,THA,0.0008,1,True
2022-11-01,BRA,THA,0.0006,1,True
2022-12-01,BRA,THA,0.0007,1,True
2023-01-01,BRA,THA,0.0013,1,True
2023-02-01,BRA,THA,0.0051,1,True
2023-03-01,BRA,THA,0.0072,1,True
2023-04-01,BRA,THA,0.0136,1,True
2023-05-01,BRA,THA,0.018,1,True
2023-06-01,BRA,THA,0.0112,1,True
2023-07-01,BRA,THA,0.018,1,True
2023-08-01,BRA,THA,0.0091,1,True
2023-09-01,BRA,THA,0.0066,1,True
2023-10-01,BRA,THA,0.0036,1,True
2023-11-01,BRA,THA,0.0027,1,True
2023-12-01,BRA,THA,0.0153,1,True
2024-01-01,BRA,THA,0.0112,1,True
2024-02-01,BRA,THA,0.012,1,True
2024-03-01,BRA,THA,0.0224,1,True
2024-04-01,BRA,THA,0.0118,1,True
2024-05-01,BRA,THA,0.0034,1,True
2024-06-01,BRA,THA,0.0039,1,True
2024-07-01,BRA,THA,0.0034,1,True
2024-08-01,BRA,THA,0.0044,1,True
2024-09-01,BRA,THA,0.005,1,True
2024-10-01,BRA,THA,0.0052,1,True
2024-11-01,BRA,THA,0.0007,2,True
2024-12-01,BRA,THA,0.0002,1,True
2025-01-01,BRA,THA,0.0001,1,True
2025-02-01,BRA,THA,0.0035,1,True
2025-03-01,BRA,THA,0.0128,2,True
2025-04-01,BRA,THA,0.016,2,True
2025-05-01,BRA,THA,0.0171,2,True
2025-06-01,BRA,THA,0.0202,2,True
2025-07-01,BRA,THA,0.0518,2,False
2025-08-01,BRA,THA,0.0613,3,False
2025-09-01,BRA,THA,0.0421,2,True
2025-10-01,BRA,THA,0.1021,2,False
2025-11-01,BRA,THA,0.2484,2,False
2025-12-01,BRA,THA,0.3449,1,False
2026-01-01,BRA,THA,0.2959,1,False
2026-02-01,BRA,THA,0.3024,1,False
2026-03-01,BRA,THA,0.3224,1,False
2015-01-01,BRA,ZAF,0.0084,2,True
2015-02-01,BRA,ZAF,0.008,1,True
2015-03-01,BRA,ZAF,0.396,1,False
2015-04-01,BRA,ZAF,0.7832,2,False
2015-05-01,BRA,ZAF,0.8394,2,False
2015-06-01,BRA,ZAF,0.3072,1,False
2015-07-01,BRA,ZAF,0.3755,1,False
2015-08-01,BRA,ZAF,0.4502,1,False
2015-09-01,BRA,ZAF,0.8692,1,False
2015-10-01,BRA,ZAF,0.0644,1,False
2015-11-01,BRA,ZAF,0.013,1,True
2015-12-01,BRA,ZAF,0.0213,1,True
2016-01-01,BRA,ZAF,0.0069,1,True
2016-02-01,BRA,ZAF,0.0026,1,True
2016-03-01,BRA,ZAF,0.0037,1,True
2016-04-01,BRA,ZAF,0.0113,1,True
2016-05-01,BRA,ZAF,0.0097,1,True
2016-06-01,BRA,ZAF,0.0126,1,True
2016-07-01,BRA,ZAF,0.0158,1,True
2016-08-01,BRA,ZAF,0.0112,1,True
2016-09-01,BRA,ZAF,0.002,4,True
2016-10-01,BRA,ZAF,0.0012,3,True
2016-11-01,BRA,ZAF,0.0003,2,True
2016-12-01,BRA,ZAF,0.0138,1,True
2017-01-01,BRA,ZAF,0.0482,1,True
2017-02-01,BRA,ZAF,0.1203,2,False
2017-03-01,BRA,ZAF,0.1358,2,False
2017-04-01,BRA,ZAF,0.1706,3,False
2017-05-01,BRA,ZAF,0.1614,3,False
2017-06-01,BRA,ZAF,0.1528,3,False
2017-07-01,BRA,ZAF,0.1317,3,False
2017-08-01,BRA,ZAF,0.3759,1,False
2017-09-01,BRA,ZAF,0.287,1,False
2017-10-01,BRA,ZAF,0.4735,4,False
2017-11-01,BRA,ZAF,0.4197,4,False
2017-12-01,BRA,ZAF,0.4493,2,False
2018-01-01,BRA,ZAF,0.4805,2,False
2018-02-01,BRA,ZAF,0.1053,4,False
2018-03-01,BRA,ZAF,0.0944,4,False
2018-04-01,BRA,ZAF,0.0454,4,True
2018-05-01,BRA,ZAF,0.0507,4,False
2018-06-01,BRA,ZAF,0.0962,2,False
2018-07-01,BRA,ZAF,0.1479,2,False
2018-08-01,BRA,ZAF,0.1628,4,False
2018-09-01,BRA,ZAF,0.1608,4,False
2018-10-01,BRA,ZAF,0.1341,4,False
2018-11-01,BRA,ZAF,0.4464,4,False
2018-12-01,BRA,ZAF,0.3123,1,False
2019-01-01,BRA,ZAF,0.1965,1,False
2019-02-01,BRA,ZAF,0.1391,1,False
2019-03-01,BRA,ZAF,0.1075,1,False
2019-04-01,BRA,ZAF,0.0686,4,False
2019-05-01,BRA,ZAF,0.0594,4,False
2019-06-01,BRA,ZAF,0.0336,4,True
2019-07-01,BRA,ZAF,0.0265,4,True
2019-08-01,BRA,ZAF,0.0243,1,True
2019-09-01,BRA,ZAF,0.0265,1,True
2019-10-01,BRA,ZAF,0.0206,1,True
2019-11-01,BRA,ZAF,0.4433,4,False
2019-12-01,BRA,ZAF,0.8722,4,False
2020-01-01,BRA,ZAF,0.5961,1,False
2020-02-01,BRA,ZAF,0.8034,2,False
2020-03-01,BRA,ZAF,0.5025,2,False
2020-04-01,BRA,ZAF,0.311,1,False
2020-05-01,BRA,ZAF,0.6195,1,False
2020-06-01,BRA,ZAF,0.8433,3,False
2020-07-01,BRA,ZAF,0.7436,3,False
2020-08-01,BRA,ZAF,0.8102,1,False
2020-09-01,BRA,ZAF,0.6106,1,False
2020-10-01,BRA,ZAF,0.7353,1,False
2020-11-01,BRA,ZAF,0.8951,1,False
2020-12-01,BRA,ZAF,0.6154,3,False
2021-01-01,BRA,ZAF,0.4479,4,False
2021-02-01,BRA,ZAF,0.4715,3,False
2021-03-01,BRA,ZAF,0.4199,3,False
2021-04-01,BRA,ZAF,0.1273,1,False
2021-05-01,BRA,ZAF,0.0403,1,True
2021-06-01,BRA,ZAF,0.1098,1,False
2021-07-01,BRA,ZAF,0.0778,4,False
2021-08-01,BRA,ZAF,0.0335,3,True
2021-09-01,BRA,ZAF,0.0267,3,True
2021-10-01,BRA,ZAF,0.0265,3,True
2021-11-01,BRA,ZAF,0.0449,3,True
2021-12-01,BRA,ZAF,0.0221,3,True
2022-01-01,BRA,ZAF,0.0091,3,True
2022-02-01,BRA,ZAF,0.0007,1,True
2022-03-01,BRA,ZAF,0.0001,1,True
2022-04-01,BRA,ZAF,0.0,1,True
2022-05-01,BRA,ZAF,0.0004,1,True
2022-06-01,BRA,ZAF,0.0001,1,True
2022-07-01,BRA,ZAF,0.0,1,True
2022-08-01,BRA,ZAF,0.0001,1,True
2022-09-01,BRA,ZAF,0.0001,1,True
2022-10-01,BRA,ZAF,0.0006,1,True
2022-11-01,BRA,ZAF,0.0013,1,True
2022-12-01,BRA,ZAF,0.0008,1,True
2023-01-01,BRA,ZAF,0.0018,1,True
2023-02-01,BRA,ZAF,0.0119,1,True
2023-03-01,BRA,ZAF,0.0298,1,True
2023-04-01,BRA,ZAF,0.04,1,True
2023-05-01,BRA,ZAF,0.0221,1,True
2023-06-01,BRA,ZAF,0.0249,1,True
2023-07-01,BRA,ZAF,0.0239,1,True
2023-08-01,BRA,ZAF,0.0451,1,True
2023-09-01,BRA,ZAF,0.107,1,False
2023-10-01,BRA,ZAF,0.1374,1,False
2023-11-01,BRA,ZAF,0.0389,1,True
2023-12-01,BRA,ZAF,0.0238,2,True
2024-01-01,BRA,ZAF,0.0226,1,True
2024-02-01,BRA,ZAF,0.0094,1,True
2024-03-01,BRA,ZAF,0.0111,1,True
2024-04-01,BRA,ZAF,0.0177,1,True
2024-05-01,BRA,ZAF,0.0302,1,True
2024-06-01,BRA,ZAF,0.0252,1,True
2024-07-01,BRA,ZAF,0.014,1,True
2024-08-01,BRA,ZAF,0.0109,1,True
2024-09-01,BRA,ZAF,0.0044,1,True
2024-10-01,BRA,ZAF,0.0006,1,True
2024-11-01,BRA,ZAF,0.0003,1,True
2024-12-01,BRA,ZAF,0.0001,1,True
2025-01-01,BRA,ZAF,0.0017,1,True
2025-02-01,BRA,ZAF,0.0137,2,True
2025-03-01,BRA,ZAF,0.022,2,True
2025-04-01,BRA,ZAF,0.0214,2,True
2025-05-01,BRA,ZAF,0.0334,2,True
2025-06-01,BRA,ZAF,0.0543,2,False
2025-07-01,BRA,ZAF,0.041,2,True
2025-08-01,BRA,ZAF,0.0441,2,True
2025-09-01,BRA,ZAF,0.0502,4,False
2025-10-01,BRA,ZAF,0.0718,2,False
2025-11-01,BRA,ZAF,0.2246,2,False
2025-12-01,BRA,ZAF,0.1233,2,False
2026-01-01,BRA,ZAF,0.0722,1,False
2026-02-01,BRA,ZAF,0.0383,1,True
2026-03-01,BRA,ZAF,0.0927,2,False
2015-01-01,BRA,MEX,0.1026,1,False
2015-02-01,BRA,MEX,0.2931,3,False
2015-03-01,BRA,MEX,0.1735,3,False
2015-04-01,BRA,MEX,0.0966,1,False
2015-05-01,BRA,MEX,0.1101,1,False
2015-06-01,BRA,MEX,0.052,1,False
2015-07-01,BRA,MEX,0.0993,3,False
2015-08-01,BRA,MEX,0.0958,1,False
2015-09-01,BRA,MEX,0.0416,1,True
2015-10-01,BRA,MEX,0.2435,3,False
2015-11-01,BRA,MEX,0.2067,3,False
2015-12-01,BRA,MEX,0.1069,3,False
2016-01-01,BRA,MEX,0.0491,3,True
2016-02-01,BRA,MEX,0.0517,3,False
2016-03-01,BRA,MEX,0.0442,3,True
2016-04-01,BRA,MEX,0.0229,3,True
2016-05-01,BRA,MEX,0.0114,3,True
2016-06-01,BRA,MEX,0.0147,3,True
2016-07-01,BRA,MEX,0.0104,3,True
2016-08-01,BRA,MEX,0.0045,3,True
2016-09-01,BRA,MEX,0.0057,3,True
2016-10-01,BRA,MEX,0.0039,3,True
2016-11-01,BRA,MEX,0.0295,3,True
2016-12-01,BRA,MEX,0.0393,2,True
2017-01-01,BRA,MEX,0.0191,3,True
2017-02-01,BRA,MEX,0.0134,2,True
2017-03-01,BRA,MEX,0.0196,2,True
2017-04-01,BRA,MEX,0.0124,3,True
2017-05-01,BRA,MEX,0.0104,3,True
2017-06-01,BRA,MEX,0.0024,2,True
2017-07-01,BRA,MEX,0.0021,1,True
2017-08-01,BRA,MEX,0.0017,1,True
2017-09-01,BRA,MEX,0.0006,1,True
2017-10-01,BRA,MEX,0.0002,1,True
2017-11-01,BRA,MEX,0.0003,1,True
2017-12-01,BRA,MEX,0.0005,1,True
2018-01-01,BRA,MEX,0.0009,1,True
2018-02-01,BRA,MEX,0.0009,1,True
2018-03-01,BRA,MEX,0.0013,1,True
2018-04-01,BRA,MEX,0.0011,1,True
2018-05-01,BRA,MEX,0.0017,1,True
2018-06-01,BRA,MEX,0.002,1,True
2018-07-01,BRA,MEX,0.0032,1,True
2018-08-01,BRA,MEX,0.0036,2,True
2018-09-01,BRA,MEX,0.0112,1,True
2018-10-01,BRA,MEX,0.0035,1,True
2018-11-01,BRA,MEX,0.0061,1,True
2018-12-01,BRA,MEX,0.0136,1,True
2019-01-01,BRA,MEX,0.0188,1,True
2019-02-01,BRA,MEX,0.0287,1,True
2019-03-01,BRA,MEX,0.0914,1,False
2019-04-01,BRA,MEX,0.2466,2,False
2019-05-01,BRA,MEX,0.2766,2,False
2019-06-01,BRA,MEX,0.3575,2,False
2019-07-01,BRA,MEX,0.2492,4,False
2019-08-01,BRA,MEX,0.1474,4,False
2019-09-01,BRA,MEX,0.069,4,False
2019-10-01,BRA,MEX,0.0372,4,True
2019-11-01,BRA,MEX,0.0249,2,True
2019-12-01,BRA,MEX,0.0155,2,True
2020-01-01,BRA,MEX,0.0048,1,True
2020-02-01,BRA,MEX,0.0206,3,True
2020-03-01,BRA,MEX,0.0129,2,True
2020-04-01,BRA,MEX,0.0261,1,True
2020-05-01,BRA,MEX,0.0462,2,True
2020-06-01,BRA,MEX,0.0783,3,False
2020-07-01,BRA,MEX,0.0756,3,False
2020-08-01,BRA,MEX,0.0754,2,False
2020-09-01,BRA,MEX,0.0815,1,False
2020-10-01,BRA,MEX,0.2404,1,False
2020-11-01,BRA,MEX,0.2766,3,False
2020-12-01,BRA,MEX,0.3326,2,False
2021-01-01,BRA,MEX,0.3134,2,False
2021-02-01,BRA,MEX,0.4094,4,False
2021-03-01,BRA,MEX,0.6915,4,False
2021-04-01,BRA,MEX,0.5774,2,False
2021-05-01,BRA,MEX,0.3554,1,False
2021-06-01,BRA,MEX,0.0698,1,False
2021-07-01,BRA,MEX,0.0208,1,True
2021-08-01,BRA,MEX,0.0082,4,True
2021-09-01,BRA,MEX,0.0039,3,True
2021-10-01,BRA,MEX,0.0042,2,True
2021-11-01,BRA,MEX,0.0008,1,True
2021-12-01,BRA,MEX,0.0064,1,True
2022-01-01,BRA,MEX,0.0021,4,True
2022-02-01,BRA,MEX,0.0004,3,True
2022-03-01,BRA,MEX,0.0008,3,True
2022-04-01,BRA,MEX,0.0011,3,True
2022-05-01,BRA,MEX,0.0011,3,True
2022-06-01,BRA,MEX,0.0011,3,True
2022-07-01,BRA,MEX,0.001,3,True
2022-08-01,BRA,MEX,0.0013,3,True
2022-09-01,BRA,MEX,0.0004,3,True
2022-10-01,BRA,MEX,0.0003,3,True
2022-11-01,BRA,MEX,0.0002,3,True
2022-12-01,BRA,MEX,0.0001,3,True
2023-01-01,BRA,MEX,0.0003,2,True
2023-02-01,BRA,MEX,0.0013,1,True
2023-03-01,BRA,MEX,0.0037,1,True
2023-04-01,BRA,MEX,0.0155,1,True
2023-05-01,BRA,MEX,0.0053,1,True
2023-06-01,BRA,MEX,0.0052,1,True
2023-07-01,BRA,MEX,0.0054,1,True
2023-08-01,BRA,MEX,0.0099,1,True
2023-09-01,BRA,MEX,0.0146,1,True
2023-10-01,BRA,MEX,0.0486,1,True
2023-11-01,BRA,MEX,0.0147,1,True
2023-12-01,BRA,MEX,0.0074,1,True
2024-01-01,BRA,MEX,0.0035,1,True
2024-02-01,BRA,MEX,0.0012,1,True
2024-03-01,BRA,MEX,0.0006,1,True
2024-04-01,BRA,MEX,0.0002,1,True
2024-05-01,BRA,MEX,0.0001,1,True
2024-06-01,BRA,MEX,0.0002,1,True
2024-07-01,BRA,MEX,0.0004,1,True
2024-08-01,BRA,MEX,0.0004,1,True
2024-09-01,BRA,MEX,0.0005,1,True
2024-10-01,BRA,MEX,0.0004,1,True
2024-11-01,BRA,MEX,0.0002,1,True
2024-12-01,BRA,MEX,0.001,1,True
2025-01-01,BRA,MEX,0.008,1,True
2025-02-01,BRA,MEX,0.086,1,False
2025-03-01,BRA,MEX,0.4089,2,False
2025-04-01,BRA,MEX,0.1098,1,False
2025-05-01,BRA,MEX,0.1583,1,False
2025-06-01,BRA,MEX,0.3548,1,False
2025-07-01,BRA,MEX,0.2166,1,False
2025-08-01,BRA,MEX,0.2334,1,False
2025-09-01,BRA,MEX,0.2219,1,False
2025-10-01,BRA,MEX,0.2249,1,False
2025-11-01,BRA,MEX,0.2439,1,False
2025-12-01,BRA,MEX,0.1889,3,False
2026-01-01,BRA,MEX,0.1771,3,False
2026-02-01,BRA,MEX,0.0894,3,False
2026-03-01,BRA,MEX,0.0402,3,True
2015-01-01,BRA,SGP,0.3433,3,False
2015-02-01,BRA,SGP,0.3276,3,False
2015-03-01,BRA,SGP,0.1639,1,False
2015-04-01,BRA,SGP,0.2096,1,False
2015-05-01,BRA,SGP,0.3682,1,False
2015-06-01,BRA,SGP,0.4066,4,False
2015-07-01,BRA,SGP,0.343,4,False
2015-08-01,BRA,SGP,0.2818,4,False
2015-09-01,BRA,SGP,0.3943,2,False
2015-10-01,BRA,SGP,0.3793,2,False
2015-11-01,BRA,SGP,0.3786,4,False
2015-12-01,BRA,SGP,0.2135,4,False
2016-01-01,BRA,SGP,0.3403,4,False
2016-02-01,BRA,SGP,0.3848,1,False
2016-03-01,BRA,SGP,0.3089,2,False
2016-04-01,BRA,SGP,0.386,1,False
2016-05-01,BRA,SGP,0.5039,2,False
2016-06-01,BRA,SGP,0.44,3,False
2016-07-01,BRA,SGP,0.5329,2,False
2016-08-01,BRA,SGP,0.521,4,False
2016-09-01,BRA,SGP,0.47,4,False
2016-10-01,BRA,SGP,0.3478,4,False
2016-11-01,BRA,SGP,0.368,4,False
2016-12-01,BRA,SGP,0.1463,1,False
2017-01-01,BRA,SGP,0.1359,1,False
2017-02-01,BRA,SGP,0.1485,1,False
2017-03-01,BRA,SGP,0.3572,2,False
2017-04-01,BRA,SGP,0.2553,2,False
2017-05-01,BRA,SGP,0.0629,2,False
2017-06-01,BRA,SGP,0.1849,2,False
2017-07-01,BRA,SGP,0.0492,3,True
2017-08-01,BRA,SGP,0.0197,4,True
2017-09-01,BRA,SGP,0.0103,4,True
2017-10-01,BRA,SGP,0.0186,4,True
2017-11-01,BRA,SGP,0.0135,4,True
2017-12-01,BRA,SGP,0.092,4,False
2018-01-01,BRA,SGP,0.1948,4,False
2018-02-01,BRA,SGP,0.1849,4,False
2018-03-01,BRA,SGP,0.151,4,False
2018-04-01,BRA,SGP,0.132,4,False
2018-05-01,BRA,SGP,0.0744,4,False
2018-06-01,BRA,SGP,0.0332,4,True
2018-07-01,BRA,SGP,0.0252,4,True
2018-08-01,BRA,SGP,0.0092,4,True
2018-09-01,BRA,SGP,0.0076,3,True
2018-10-01,BRA,SGP,0.0044,2,True
2018-11-01,BRA,SGP,0.0047,1,True
2018-12-01,BRA,SGP,0.0092,2,True
2019-01-01,BRA,SGP,0.0058,4,True
2019-02-01,BRA,SGP,0.0024,3,True
2019-03-01,BRA,SGP,0.001,2,True
2019-04-01,BRA,SGP,0.001,2,True
2019-05-01,BRA,SGP,0.0018,2,True
2019-06-01,BRA,SGP,0.0015,2,True
2019-07-01,BRA,SGP,0.0006,2,True
2019-08-01,BRA,SGP,0.0006,2,True
2019-09-01,BRA,SGP,0.0011,2,True
2019-10-01,BRA,SGP,0.0072,2,True
2019-11-01,BRA,SGP,0.0151,2,True
2019-12-01,BRA,SGP,0.0067,2,True
2020-01-01,BRA,SGP,0.0017,1,True
2020-02-01,BRA,SGP,0.032,1,True
2020-03-01,BRA,SGP,0.2331,1,False
2020-04-01,BRA,SGP,0.1003,1,False
2020-05-01,BRA,SGP,0.162,2,False
2020-06-01,BRA,SGP,0.1124,1,False
2020-07-01,BRA,SGP,0.1293,1,False
2020-08-01,BRA,SGP,0.0514,1,False
2020-09-01,BRA,SGP,0.1585,1,False
2020-10-01,BRA,SGP,0.1894,1,False
2020-11-01,BRA,SGP,0.3748,4,False
2020-12-01,BRA,SGP,0.4068,4,False
2021-01-01,BRA,SGP,0.3436,3,False
2021-02-01,BRA,SGP,0.3074,3,False
2021-03-01,BRA,SGP,0.3106,4,False
2021-04-01,BRA,SGP,0.0807,1,False
2021-05-01,BRA,SGP,0.0088,1,True
2021-06-01,BRA,SGP,0.0221,1,True
2021-07-01,BRA,SGP,0.0197,1,True
2021-08-01,BRA,SGP,0.012,1,True
2021-09-01,BRA,SGP,0.0337,1,True
2021-10-01,BRA,SGP,0.0082,1,True
2021-11-01,BRA,SGP,0.0293,1,True
2021-12-01,BRA,SGP,0.0203,1,True
2022-01-01,BRA,SGP,0.0079,1,True
2022-02-01,BRA,SGP,0.0034,1,True
2022-03-01,BRA,SGP,0.0098,1,True
2022-04-01,BRA,SGP,0.0071,1,True
2022-05-01,BRA,SGP,0.0154,1,True
2022-06-01,BRA,SGP,0.0126,1,True
2022-07-01,BRA,SGP,0.0089,1,True
2022-08-01,BRA,SGP,0.0076,1,True
2022-09-01,BRA,SGP,0.0051,1,True
2022-10-01,BRA,SGP,0.0044,1,True
2022-11-01,BRA,SGP,0.0028,1,True
2022-12-01,BRA,SGP,0.0036,1,True
2023-01-01,BRA,SGP,0.0013,1,True
2023-02-01,BRA,SGP,0.002,1,True
2023-03-01,BRA,SGP,0.0031,1,True
2023-04-01,BRA,SGP,0.0023,1,True
2023-05-01,BRA,SGP,0.0108,1,True
2023-06-01,BRA,SGP,0.0103,1,True
2023-07-01,BRA,SGP,0.002,1,True
2023-08-01,BRA,SGP,0.0026,1,True
2023-09-01,BRA,SGP,0.003,1,True
2023-10-01,BRA,SGP,0.0005,1,True
2023-11-01,BRA,SGP,0.0004,1,True
2023-12-01,BRA,SGP,0.0043,1,True
2024-01-01,BRA,SGP,0.0089,1,True
2024-02-01,BRA,SGP,0.0016,1,True
2024-03-01,BRA,SGP,0.0004,1,True
2024-04-01,BRA,SGP,0.0001,1,True
2024-05-01,BRA,SGP,0.0001,1,True
2024-06-01,BRA,SGP,0.0001,1,True
2024-07-01,BRA,SGP,0.0001,1,True
2024-08-01,BRA,SGP,0.0,1,True
2024-09-01,BRA,SGP,0.0,1,True
2024-10-01,BRA,SGP,0.0,1,True
2024-11-01,BRA,SGP,0.0,1,True
2024-12-01,BRA,SGP,0.0,1,True
2025-01-01,BRA,SGP,0.0,1,True
2025-02-01,BRA,SGP,0.0,1,True
2025-03-01,BRA,SGP,0.0,1,True
2025-04-01,BRA,SGP,0.0001,1,True
2025-05-01,BRA,SGP,0.0002,1,True
2025-06-01,BRA,SGP,0.0004,1,True
2025-07-01,BRA,SGP,0.0008,1,True
2025-08-01,BRA,SGP,0.0014,1,True
2025-09-01,BRA,SGP,0.0019,1,True
2025-10-01,BRA,SGP,0.0012,1,True
2025-11-01,BRA,SGP,0.0108,1,True
2025-12-01,BRA,SGP,0.0124,2,True
2026-01-01,BRA,SGP,0.016,1,True
2026-02-01,BRA,SGP,0.051,2,False
2026-03-01,BRA,SGP,0.092,2,False
2015-01-01,BRA,KOR,0.6877,1,False
2015-02-01,BRA,KOR,0.5555,2,False
2015-03-01,BRA,KOR,0.1673,1,False
2015-04-01,BRA,KOR,0.0938,1,False
2015-05-01,BRA,KOR,0.0741,1,False
2015-06-01,BRA,KOR,0.1551,1,False
2015-07-01,BRA,KOR,0.4364,3,False
2015-08-01,BRA,KOR,0.3351,2,False
2015-09-01,BRA,KOR,0.1839,2,False
2015-10-01,BRA,KOR,0.2038,2,False
2015-11-01,BRA,KOR,0.3533,2,False
2015-12-01,BRA,KOR,0.2514,2,False
2016-01-01,BRA,KOR,0.1609,1,False
2016-02-01,BRA,KOR,0.1197,1,False
2016-03-01,BRA,KOR,0.4281,1,False
2016-04-01,BRA,KOR,0.3473,3,False
2016-05-01,BRA,KOR,0.4311,3,False
2016-06-01,BRA,KOR,0.2206,3,False
2016-07-01,BRA,KOR,0.1964,3,False
2016-08-01,BRA,KOR,0.2088,1,False
2016-09-01,BRA,KOR,0.1026,1,False
2016-10-01,BRA,KOR,0.1256,1,False
2016-11-01,BRA,KOR,0.1952,1,False
2016-12-01,BRA,KOR,0.1727,2,False
2017-01-01,BRA,KOR,0.2786,1,False
2017-02-01,BRA,KOR,0.2846,4,False
2017-03-01,BRA,KOR,0.3224,1,False
2017-04-01,BRA,KOR,0.2392,3,False
2017-05-01,BRA,KOR,0.1856,3,False
2017-06-01,BRA,KOR,0.1591,3,False
2017-07-01,BRA,KOR,0.1139,3,False
2017-08-01,BRA,KOR,0.1674,3,False
2017-09-01,BRA,KOR,0.3104,3,False
2017-10-01,BRA,KOR,0.5406,3,False
2017-11-01,BRA,KOR,0.6265,2,False
2017-12-01,BRA,KOR,0.6288,3,False
2018-01-01,BRA,KOR,0.586,3,False
2018-02-01,BRA,KOR,0.5955,3,False
2018-03-01,BRA,KOR,0.6722,3,False
2018-04-01,BRA,KOR,0.5326,1,False
2018-05-01,BRA,KOR,0.59,3,False
2018-06-01,BRA,KOR,0.4631,1,False
2018-07-01,BRA,KOR,0.5931,1,False
2018-08-01,BRA,KOR,0.6439,1,False
2018-09-01,BRA,KOR,0.7551,1,False
2018-10-01,BRA,KOR,0.6332,1,False
2018-11-01,BRA,KOR,0.6551,1,False
2018-12-01,BRA,KOR,0.4219,1,False
2019-01-01,BRA,KOR,0.35,1,False
2019-02-01,BRA,KOR,0.5048,1,False
2019-03-01,BRA,KOR,0.7718,3,False
2019-04-01,BRA,KOR,0.742,1,False
2019-05-01,BRA,KOR,0.7194,4,False
2019-06-01,BRA,KOR,0.6611,4,False
2019-07-01,BRA,KOR,0.5349,4,False
2019-08-01,BRA,KOR,0.3528,3,False
2019-09-01,BRA,KOR,0.3285,3,False
2019-10-01,BRA,KOR,0.2479,1,False
2019-11-01,BRA,KOR,0.222,2,False
2019-12-01,BRA,KOR,0.1402,1,False
2020-01-01,BRA,KOR,0.0905,2,False
2020-02-01,BRA,KOR,0.0307,1,True
2020-03-01,BRA,KOR,0.1361,1,False
2020-04-01,BRA,KOR,0.2098,1,False
2020-05-01,BRA,KOR,0.1148,1,False
2020-06-01,BRA,KOR,0.1138,1,False
2020-07-01,BRA,KOR,0.1469,1,False
2020-08-01,BRA,KOR,0.1591,1,False
2020-09-01,BRA,KOR,0.1743,1,False
2020-10-01,BRA,KOR,0.1831,1,False
2020-11-01,BRA,KOR,0.2287,1,False
2020-12-01,BRA,KOR,0.3482,1,False
2021-01-01,BRA,KOR,0.2099,1,False
2021-02-01,BRA,KOR,0.2048,1,False
2021-03-01,BRA,KOR,0.0181,1,True
2021-04-01,BRA,KOR,0.0033,1,True
2021-05-01,BRA,KOR,0.0073,1,True
2021-06-01,BRA,KOR,0.0088,1,True
2021-07-01,BRA,KOR,0.0029,1,True
2021-08-01,BRA,KOR,0.0056,1,True
2021-09-01,BRA,KOR,0.0024,3,True
2021-10-01,BRA,KOR,0.0017,2,True
2021-11-01,BRA,KOR,0.0006,1,True
2021-12-01,BRA,KOR,0.0002,1,True
2022-01-01,BRA,KOR,0.0012,1,True
2022-02-01,BRA,KOR,0.0006,1,True
2022-03-01,BRA,KOR,0.0005,1,True
2022-04-01,BRA,KOR,0.0004,1,True
2022-05-01,BRA,KOR,0.0006,1,True
2022-06-01,BRA,KOR,0.0019,1,True
2022-07-01,BRA,KOR,0.002,1,True
2022-08-01,BRA,KOR,0.0013,1,True
2022-09-01,BRA,KOR,0.0013,1,True
2022-10-01,BRA,KOR,0.0022,1,True
2022-11-01,BRA,KOR,0.0021,1,True
2022-12-01,BRA,KOR,0.003,1,True
2023-01-01,BRA,KOR,0.0023,1,True
2023-02-01,BRA,KOR,0.0022,1,True
2023-03-01,BRA,KOR,0.0005,1,True
2023-04-01,BRA,KOR,0.0027,1,True
2023-05-01,BRA,KOR,0.0014,1,True
2023-06-01,BRA,KOR,0.0011,1,True
2023-07-01,BRA,KOR,0.0004,1,True
2023-08-01,BRA,KOR,0.0009,1,True
2023-09-01,BRA,KOR,0.0037,1,True
2023-10-01,BRA,KOR,0.0031,1,True
2023-11-01,BRA,KOR,0.0127,1,True
2023-12-01,BRA,KOR,0.0257,1,True
2024-01-01,BRA,KOR,0.0397,1,True
2024-02-01,BRA,KOR,0.0089,1,True
2024-03-01,BRA,KOR,0.0014,1,True
2024-04-01,BRA,KOR,0.0233,1,True
2024-05-01,BRA,KOR,0.0513,2,False
2024-06-01,BRA,KOR,0.0247,1,True
2024-07-01,BRA,KOR,0.0098,1,True
2024-08-01,BRA,KOR,0.0122,1,True
2024-09-01,BRA,KOR,0.0052,1,True
2024-10-01,BRA,KOR,0.0012,1,True
2024-11-01,BRA,KOR,0.0011,1,True
2024-12-01,BRA,KOR,0.0002,1,True
2025-01-01,BRA,KOR,0.0003,1,True
2025-02-01,BRA,KOR,0.0011,1,True
2025-03-01,BRA,KOR,0.0077,1,True
2025-04-01,BRA,KOR,0.0277,1,True
2025-05-01,BRA,KOR,0.1102,1,False
2025-06-01,BRA,KOR,0.0965,1,False
2025-07-01,BRA,KOR,0.0653,1,False
2025-08-01,BRA,KOR,0.2527,1,False
2025-09-01,BRA,KOR,0.2648,1,False
2025-10-01,BRA,KOR,0.3521,1,False
2025-11-01,BRA,KOR,0.3286,3,False
2025-12-01,BRA,KOR,0.5912,1,False
2026-01-01,BRA,KOR,0.8625,3,False
2026-02-01,BRA,KOR,0.5179,1,False
2026-03-01,BRA,KOR,0.6408,1,False
2015-01-01,BRA,GBR,0.0132,2,True
2015-02-01,BRA,GBR,0.0247,2,True
2015-03-01,BRA,GBR,0.189,2,False
2015-04-01,BRA,GBR,0.172,2,False
2015-05-01,BRA,GBR,0.1643,1,False
2015-06-01,BRA,GBR,0.1539,2,False
2015-07-01,BRA,GBR,0.2238,1,False
2015-08-01,BRA,GBR,0.1742,1,False
2015-09-01,BRA,GBR,0.1634,1,False
2015-10-01,BRA,GBR,0.1225,1,False
2015-11-01,BRA,GBR,0.5901,1,False
2015-12-01,BRA,GBR,0.7867,1,False
2016-01-01,BRA,GBR,0.7085,1,False
2016-02-01,BRA,GBR,0.5852,4,False
2016-03-01,BRA,GBR,0.2213,3,False
2016-04-01,BRA,GBR,0.184,3,False
2016-05-01,BRA,GBR,0.2422,3,False
2016-06-01,BRA,GBR,0.4921,1,False
2016-07-01,BRA,GBR,0.5363,1,False
2016-08-01,BRA,GBR,0.704,1,False
2016-09-01,BRA,GBR,0.6861,1,False
2016-10-01,BRA,GBR,0.7106,1,False
2016-11-01,BRA,GBR,0.6877,1,False
2016-12-01,BRA,GBR,0.7027,1,False
2017-01-01,BRA,GBR,0.6563,4,False
2017-02-01,BRA,GBR,0.3925,1,False
2017-03-01,BRA,GBR,0.5051,1,False
2017-04-01,BRA,GBR,0.4502,3,False
2017-05-01,BRA,GBR,0.0621,3,False
2017-06-01,BRA,GBR,0.0641,3,False
2017-07-01,BRA,GBR,0.0406,3,True
2017-08-01,BRA,GBR,0.0241,3,True
2017-09-01,BRA,GBR,0.0318,4,True
2017-10-01,BRA,GBR,0.0166,3,True
2017-11-01,BRA,GBR,0.0118,2,True
2017-12-01,BRA,GBR,0.042,2,True
2018-01-01,BRA,GBR,0.0425,2,True
2018-02-01,BRA,GBR,0.0356,2,True
2018-03-01,BRA,GBR,0.0475,2,True
2018-04-01,BRA,GBR,0.0535,2,False
2018-05-01,BRA,GBR,0.0435,1,True
2018-06-01,BRA,GBR,0.0233,2,True
2018-07-01,BRA,GBR,0.024,2,True
2018-08-01,BRA,GBR,0.0029,2,True
2018-09-01,BRA,GBR,0.007,1,True
2018-10-01,BRA,GBR,0.0066,1,True
2018-11-01,BRA,GBR,0.0068,1,True
2018-12-01,BRA,GBR,0.0049,1,True
2019-01-01,BRA,GBR,0.0043,1,True
2019-02-01,BRA,GBR,0.0035,1,True
2019-03-01,BRA,GBR,0.0019,1,True
2019-04-01,BRA,GBR,0.0025,1,True
2019-05-01,BRA,GBR,0.0093,1,True
2019-06-01,BRA,GBR,0.0127,1,True
2019-07-01,BRA,GBR,0.0105,1,True
2019-08-01,BRA,GBR,0.0142,1,True
2019-09-01,BRA,GBR,0.013,1,True
2019-10-01,BRA,GBR,0.0196,1,True
2019-11-01,BRA,GBR,0.0226,2,True
2019-12-01,BRA,GBR,0.0263,2,True
2020-01-01,BRA,GBR,0.0215,1,True
2020-02-01,BRA,GBR,0.2494,4,False
2020-03-01,BRA,GBR,0.2585,4,False
2020-04-01,BRA,GBR,0.3962,4,False
2020-05-01,BRA,GBR,0.4437,2,False
2020-06-01,BRA,GBR,0.402,4,False
2020-07-01,BRA,GBR,0.3897,4,False
2020-08-01,BRA,GBR,0.3437,4,False
2020-09-01,BRA,GBR,0.561,3,False
2020-10-01,BRA,GBR,0.2955,2,False
2020-11-01,BRA,GBR,0.1071,1,False
2020-12-01,BRA,GBR,0.367,4,False
2021-01-01,BRA,GBR,0.41,4,False
2021-02-01,BRA,GBR,0.5765,1,False
2021-03-01,BRA,GBR,0.1737,4,False
2021-04-01,BRA,GBR,0.1708,3,False
2021-05-01,BRA,GBR,0.0844,3,False
2021-06-01,BRA,GBR,0.0167,3,True
2021-07-01,BRA,GBR,0.0204,3,True
2021-08-01,BRA,GBR,0.0103,3,True
2021-09-01,BRA,GBR,0.0056,1,True
2021-10-01,BRA,GBR,0.0199,1,True
2021-11-01,BRA,GBR,0.0283,1,True
2021-12-01,BRA,GBR,0.0061,1,True
2022-01-01,BRA,GBR,0.0362,1,True
2022-02-01,BRA,GBR,0.0011,1,True
2022-03-01,BRA,GBR,0.0005,1,True
2022-04-01,BRA,GBR,0.0012,1,True
2022-05-01,BRA,GBR,0.0015,1,True
2022-06-01,BRA,GBR,0.0009,1,True
2022-07-01,BRA,GBR,0.0009,1,True
2022-08-01,BRA,GBR,0.0004,1,True
2022-09-01,BRA,GBR,0.0004,1,True
2022-10-01,BRA,GBR,0.0006,1,True
2022-11-01,BRA,GBR,0.0005,1,True
2022-12-01,BRA,GBR,0.0005,1,True
2023-01-01,BRA,GBR,0.0012,1,True
2023-02-01,BRA,GBR,0.0015,1,True
2023-03-01,BRA,GBR,0.0013,1,True
2023-04-01,BRA,GBR,0.0005,1,True
2023-05-01,BRA,GBR,0.0008,1,True
2023-06-01,BRA,GBR,0.0018,1,True
2023-07-01,BRA,GBR,0.0043,1,True
2023-08-01,BRA,GBR,0.002,1,True
2023-09-01,BRA,GBR,0.0011,1,True
2023-10-01,BRA,GBR,0.0009,1,True
2023-11-01,BRA,GBR,0.0036,1,True
2023-12-01,BRA,GBR,0.0094,1,True
2024-01-01,BRA,GBR,0.008,1,True
2024-02-01,BRA,GBR,0.0015,1,True
2024-03-01,BRA,GBR,0.001,1,True
2024-04-01,BRA,GBR,0.0003,1,True
2024-05-01,BRA,GBR,0.0001,1,True
2024-06-01,BRA,GBR,0.0,1,True
2024-07-01,BRA,GBR,0.0,1,True
2024-08-01,BRA,GBR,0.0,1,True
2024-09-01,BRA,GBR,0.0,1,True
2024-10-01,BRA,GBR,0.0,1,True
2024-11-01,BRA,GBR,0.0,1,True
2024-12-01,BRA,GBR,0.0,1,True
2025-01-01,BRA,GBR,0.0,1,True
2025-02-01,BRA,GBR,0.0,1,True
2025-03-01,BRA,GBR,0.0,1,True
2025-04-01,BRA,GBR,0.0,1,True
2025-05-01,BRA,GBR,0.0001,1,True
2025-06-01,BRA,GBR,0.0002,1,True
2025-07-01,BRA,GBR,0.0004,1,True
2025-08-01,BRA,GBR,0.0007,1,True
2025-09-01,BRA,GBR,0.0032,1,True
2025-10-01,BRA,GBR,0.0089,1,True
2025-11-01,BRA,GBR,0.0068,1,True
2025-12-01,BRA,GBR,0.0443,1,True
2026-01-01,BRA,GBR,0.0374,1,True
2026-02-01,BRA,GBR,0.0091,1,True
2026-03-01,BRA,GBR,0.019,1,True
2015-01-01,BRA,USA,0.2422,1,False
2015-02-01,BRA,USA,0.6208,2,False
2015-03-01,BRA,USA,0.4854,2,False
2015-04-01,BRA,USA,0.4716,2,False
2015-05-01,BRA,USA,0.2196,2,False
2015-06-01,BRA,USA,0.121,1,False
2015-07-01,BRA,USA,0.0427,2,True
2015-08-01,BRA,USA,0.0819,3,False
2015-09-01,BRA,USA,0.0497,2,True
2015-10-01,BRA,USA,0.0298,2,True
2015-11-01,BRA,USA,0.0298,2,True
2015-12-01,BRA,USA,0.0294,2,True
2016-01-01,BRA,USA,0.0489,3,True
2016-02-01,BRA,USA,0.0431,3,True
2016-03-01,BRA,USA,0.0446,3,True
2016-04-01,BRA,USA,0.0145,3,True
2016-05-01,BRA,USA,0.0069,3,True
2016-06-01,BRA,USA,0.0048,3,True
2016-07-01,BRA,USA,0.0188,3,True
2016-08-01,BRA,USA,0.0185,3,True
2016-09-01,BRA,USA,0.0136,3,True
2016-10-01,BRA,USA,0.0978,3,False
2016-11-01,BRA,USA,0.1289,3,False
2016-12-01,BRA,USA,0.3111,3,False
2017-01-01,BRA,USA,0.3189,3,False
2017-02-01,BRA,USA,0.2387,3,False
2017-03-01,BRA,USA,0.4175,3,False
2017-04-01,BRA,USA,0.2025,3,False
2017-05-01,BRA,USA,0.5514,2,False
2017-06-01,BRA,USA,0.2908,4,False
2017-07-01,BRA,USA,0.0954,3,False
2017-08-01,BRA,USA,0.0675,2,False
2017-09-01,BRA,USA,0.1897,1,False
2017-10-01,BRA,USA,0.1423,2,False
2017-11-01,BRA,USA,0.0677,2,False
2017-12-01,BRA,USA,0.0767,2,False
2018-01-01,BRA,USA,0.1275,2,False
2018-02-01,BRA,USA,0.0694,2,False
2018-03-01,BRA,USA,0.0674,2,False
2018-04-01,BRA,USA,0.1017,4,False
2018-05-01,BRA,USA,0.0681,3,False
2018-06-01,BRA,USA,0.106,2,False
2018-07-01,BRA,USA,0.1625,2,False
2018-08-01,BRA,USA,0.1903,2,False
2018-09-01,BRA,USA,0.2313,2,False
2018-10-01,BRA,USA,0.2219,2,False
2018-11-01,BRA,USA,0.2149,1,False
2018-12-01,BRA,USA,0.2121,1,False
2019-01-01,BRA,USA,0.1528,1,False
2019-02-01,BRA,USA,0.144,1,False
2019-03-01,BRA,USA,0.1398,1,False
2019-04-01,BRA,USA,0.0858,3,False
2019-05-01,BRA,USA,0.0339,3,True
2019-06-01,BRA,USA,0.0357,3,True
2019-07-01,BRA,USA,0.0327,3,True
2019-08-01,BRA,USA,0.0265,3,True
2019-09-01,BRA,USA,0.0277,3,True
2019-10-01,BRA,USA,0.0286,3,True
2019-11-01,BRA,USA,0.0473,1,True
2019-12-01,BRA,USA,0.0302,1,True
2020-01-01,BRA,USA,0.0397,1,True
2020-02-01,BRA,USA,0.0411,1,True
2020-03-01,BRA,USA,0.0475,1,True
2020-04-01,BRA,USA,0.0313,3,True
2020-05-01,BRA,USA,0.2582,3,False
2020-06-01,BRA,USA,0.1991,1,False
2020-07-01,BRA,USA,0.3653,1,False
2020-08-01,BRA,USA,0.3888,1,False
2020-09-01,BRA,USA,0.0788,4,False
2020-10-01,BRA,USA,0.0698,4,False
2020-11-01,BRA,USA,0.0767,4,False
2020-12-01,BRA,USA,0.1484,1,False
2021-01-01,BRA,USA,0.1918,4,False
2021-02-01,BRA,USA,0.3929,1,False
2021-03-01,BRA,USA,0.1624,1,False
2021-04-01,BRA,USA,0.0629,1,False
2021-05-01,BRA,USA,0.0964,4,False
2021-06-01,BRA,USA,0.0292,4,True
2021-07-01,BRA,USA,0.0016,4,True
2021-08-01,BRA,USA,0.0028,4,True
2021-09-01,BRA,USA,0.004,4,True
2021-10-01,BRA,USA,0.0016,4,True
2021-11-01,BRA,USA,0.0021,1,True
2021-12-01,BRA,USA,0.0031,1,True
2022-01-01,BRA,USA,0.006,1,True
2022-02-01,BRA,USA,0.0008,4,True
2022-03-01,BRA,USA,0.0007,3,True
2022-04-01,BRA,USA,0.0014,3,True
2022-05-01,BRA,USA,0.0014,3,True
2022-06-01,BRA,USA,0.0008,3,True
2022-07-01,BRA,USA,0.0008,3,True
2022-08-01,BRA,USA,0.001,3,True
2022-09-01,BRA,USA,0.0013,3,True
2022-10-01,BRA,USA,0.0005,3,True
2022-11-01,BRA,USA,0.0005,3,True
2022-12-01,BRA,USA,0.0005,1,True
2023-01-01,BRA,USA,0.0005,1,True
2023-02-01,BRA,USA,0.0016,1,True
2023-03-01,BRA,USA,0.0012,1,True
2023-04-01,BRA,USA,0.002,1,True
2023-05-01,BRA,USA,0.0009,1,True
2023-06-01,BRA,USA,0.0016,1,True
2023-07-01,BRA,USA,0.0025,1,True
2023-08-01,BRA,USA,0.0004,1,True
2023-09-01,BRA,USA,0.0004,1,True
2023-10-01,BRA,USA,0.0009,1,True
2023-11-01,BRA,USA,0.002,1,True
2023-12-01,BRA,USA,0.0052,1,True
2024-01-01,BRA,USA,0.0021,1,True
2024-02-01,BRA,USA,0.0022,1,True
2024-03-01,BRA,USA,0.0012,1,True
2024-04-01,BRA,USA,0.0002,1,True
2024-05-01,BRA,USA,0.0002,1,True
2024-06-01,BRA,USA,0.0001,1,True
2024-07-01,BRA,USA,0.0001,1,True
2024-08-01,BRA,USA,0.0001,1,True
2024-09-01,BRA,USA,0.0001,1,True
2024-10-01,BRA,USA,0.0001,1,True
2024-11-01,BRA,USA,0.0,1,True
2024-12-01,BRA,USA,0.0,1,True
2025-01-01,BRA,USA,0.0,1,True
2025-02-01,BRA,USA,0.0002,1,True
2025-03-01,BRA,USA,0.002,1,True
2025-04-01,BRA,USA,0.0042,1,True
2025-05-01,BRA,USA,0.0035,1,True
2025-06-01,BRA,USA,0.0078,1,True
2025-07-01,BRA,USA,0.0206,1,True
2025-08-01,BRA,USA,0.0868,1,False
2025-09-01,BRA,USA,0.1547,1,False
2025-10-01,BRA,USA,0.1603,1,False
2025-11-01,BRA,USA,0.2133,1,False
2025-12-01,BRA,USA,0.2386,2,False
2026-01-01,BRA,USA,0.1758,2,False
2026-02-01,BRA,USA,0.2542,2,False
2026-03-01,BRA,USA,0.1615,2,False
2015-01-01,BRA,DEU,0.4144,1,False
2015-02-01,BRA,DEU,0.3471,3,False
2015-03-01,BRA,DEU,0.2434,3,False
2015-04-01,BRA,DEU,0.2205,2,False
2015-05-01,BRA,DEU,0.2567,2,False
2015-06-01,BRA,DEU,0.3241,2,False
2015-07-01,BRA,DEU,0.4055,4,False
2015-08-01,BRA,DEU,0.6139,4,False
2015-09-01,BRA,DEU,0.6161,4,False
2015-10-01,BRA,DEU,0.6432,4,False
2015-11-01,BRA,DEU,0.6981,3,False
2015-12-01,BRA,DEU,0.3188,2,False
2016-01-01,BRA,DEU,0.243,1,False
2016-02-01,BRA,DEU,0.5018,1,False
2016-03-01,BRA,DEU,0.5535,1,False
2016-04-01,BRA,DEU,0.373,4,False
2016-05-01,BRA,DEU,0.2034,3,False
2016-06-01,BRA,DEU,0.249,4,False
2016-07-01,BRA,DEU,0.2049,1,False
2016-08-01,BRA,DEU,0.1526,1,False
2016-09-01,BRA,DEU,0.0948,1,False
2016-10-01,BRA,DEU,0.114,1,False
2016-11-01,BRA,DEU,0.1265,1,False
2016-12-01,BRA,DEU,0.1544,1,False
2017-01-01,BRA,DEU,0.1387,1,False
2017-02-01,BRA,DEU,0.1607,1,False
2017-03-01,BRA,DEU,0.1285,4,False
2017-04-01,BRA,DEU,0.0552,3,False
2017-05-01,BRA,DEU,0.0455,4,True
2017-06-01,BRA,DEU,0.0157,3,True
2017-07-01,BRA,DEU,0.0958,3,False
2017-08-01,BRA,DEU,0.2543,3,False
2017-09-01,BRA,DEU,0.365,4,False
2017-10-01,BRA,DEU,0.3855,4,False
2017-11-01,BRA,DEU,0.3093,4,False
2017-12-01,BRA,DEU,0.4108,4,False
2018-01-01,BRA,DEU,0.394,4,False
2018-02-01,BRA,DEU,0.3989,4,False
2018-03-01,BRA,DEU,0.1948,1,False
2018-04-01,BRA,DEU,0.0715,1,False
2018-05-01,BRA,DEU,0.0498,1,True
2018-06-01,BRA,DEU,0.0456,1,True
2018-07-01,BRA,DEU,0.0452,1,True
2018-08-01,BRA,DEU,0.0262,1,True
2018-09-01,BRA,DEU,0.024,1,True
2018-10-01,BRA,DEU,0.0352,1,True
2018-11-01,BRA,DEU,0.0642,1,False
2018-12-01,BRA,DEU,0.0797,1,False
2019-01-01,BRA,DEU,0.0302,1,True
2019-02-01,BRA,DEU,0.0217,1,True
2019-03-01,BRA,DEU,0.0115,1,True
2019-04-01,BRA,DEU,0.0408,1,True
2019-05-01,BRA,DEU,0.0251,1,True
2019-06-01,BRA,DEU,0.0324,1,True
2019-07-01,BRA,DEU,0.0976,1,False
2019-08-01,BRA,DEU,0.0632,1,False
2019-09-01,BRA,DEU,0.0229,1,True
2019-10-01,BRA,DEU,0.0274,1,True
2019-11-01,BRA,DEU,0.0078,1,True
2019-12-01,BRA,DEU,0.0327,1,True
2020-01-01,BRA,DEU,0.0322,4,True
2020-02-01,BRA,DEU,0.1204,4,False
2020-03-01,BRA,DEU,0.0613,2,False
2020-04-01,BRA,DEU,0.1547,1,False
2020-05-01,BRA,DEU,0.0623,1,False
2020-06-01,BRA,DEU,0.0974,1,False
2020-07-01,BRA,DEU,0.1311,1,False
2020-08-01,BRA,DEU,0.3015,1,False
2020-09-01,BRA,DEU,0.4517,3,False
2020-10-01,BRA,DEU,0.3703,2,False
2020-11-01,BRA,DEU,0.1825,1,False
2020-12-01,BRA,DEU,0.2617,2,False
2021-01-01,BRA,DEU,0.4817,1,False
2021-02-01,BRA,DEU,0.5874,1,False
2021-03-01,BRA,DEU,0.1226,1,False
2021-04-01,BRA,DEU,0.2671,1,False
2021-05-01,BRA,DEU,0.4272,1,False
2021-06-01,BRA,DEU,0.2846,4,False
2021-07-01,BRA,DEU,0.3587,4,False
2021-08-01,BRA,DEU,0.2431,1,False
2021-09-01,BRA,DEU,0.304,1,False
2021-10-01,BRA,DEU,0.1813,2,False
2021-11-01,BRA,DEU,0.0168,1,True
2021-12-01,BRA,DEU,0.0024,1,True
2022-01-01,BRA,DEU,0.0081,1,True
2022-02-01,BRA,DEU,0.0025,1,True
2022-03-01,BRA,DEU,0.0055,1,True
2022-04-01,BRA,DEU,0.0061,1,True
2022-05-01,BRA,DEU,0.0068,1,True
2022-06-01,BRA,DEU,0.004,1,True
2022-07-01,BRA,DEU,0.003,1,True
2022-08-01,BRA,DEU,0.0034,1,True
2022-09-01,BRA,DEU,0.0038,1,True
2022-10-01,BRA,DEU,0.0015,1,True
2022-11-01,BRA,DEU,0.0016,1,True
2022-12-01,BRA,DEU,0.0015,1,True
2023-01-01,BRA,DEU,0.0049,1,True
2023-02-01,BRA,DEU,0.0037,1,True
2023-03-01,BRA,DEU,0.0035,1,True
2023-04-01,BRA,DEU,0.0005,1,True
2023-05-01,BRA,DEU,0.0004,1,True
2023-06-01,BRA,DEU,0.0001,1,True
2023-07-01,BRA,DEU,0.0001,1,True
2023-08-01,BRA,DEU,0.0002,1,True
2023-09-01,BRA,DEU,0.0005,1,True
2023-10-01,BRA,DEU,0.0003,1,True
2023-11-01,BRA,DEU,0.0003,1,True
2023-12-01,BRA,DEU,0.0033,1,True
2024-01-01,BRA,DEU,0.0056,1,True
2024-02-01,BRA,DEU,0.0009,1,True
2024-03-01,BRA,DEU,0.0011,1,True
2024-04-01,BRA,DEU,0.0002,1,True
2024-05-01,BRA,DEU,0.0001,1,True
2024-06-01,BRA,DEU,0.0001,1,True
2024-07-01,BRA,DEU,0.0001,1,True
2024-08-01,BRA,DEU,0.0,1,True
2024-09-01,BRA,DEU,0.0,1,True
2024-10-01,BRA,DEU,0.0,1,True
2024-11-01,BRA,DEU,0.0,1,True
2024-12-01,BRA,DEU,0.0,1,True
2025-01-01,BRA,DEU,0.0,1,True
2025-02-01,BRA,DEU,0.0,1,True
2025-03-01,BRA,DEU,0.0002,1,True
2025-04-01,BRA,DEU,0.0006,1,True
2025-05-01,BRA,DEU,0.0022,1,True
2025-06-01,BRA,DEU,0.0056,1,True
2025-07-01,BRA,DEU,0.0097,1,True
2025-08-01,BRA,DEU,0.0253,1,True
2025-09-01,BRA,DEU,0.0378,1,True
2025-10-01,BRA,DEU,0.0876,1,False
2025-11-01,BRA,DEU,0.1152,1,False
2025-12-01,BRA,DEU,0.1943,2,False
2026-01-01,BRA,DEU,0.2117,2,False
2026-02-01,BRA,DEU,0.1469,2,False
2026-03-01,BRA,DEU,0.159,2,False
2015-01-01,BRA,FRA,0.0421,3,True
2015-02-01,BRA,FRA,0.0705,3,False
2015-03-01,BRA,FRA,0.3761,3,False
2015-04-01,BRA,FRA,0.3629,3,False
2015-05-01,BRA,FRA,0.3067,1,False
2015-06-01,BRA,FRA,0.2553,1,False
2015-07-01,BRA,FRA,0.2646,3,False
2015-08-01,BRA,FRA,0.2665,4,False
2015-09-01,BRA,FRA,0.1303,4,False
2015-10-01,BRA,FRA,0.0231,3,True
2015-11-01,BRA,FRA,0.0015,2,True
2015-12-01,BRA,FRA,0.0001,1,True
2016-01-01,BRA,FRA,0.0001,1,True
2016-02-01,BRA,FRA,0.0004,1,True
2016-03-01,BRA,FRA,0.0001,1,True
2016-04-01,BRA,FRA,0.0007,1,True
2016-05-01,BRA,FRA,0.0009,3,True
2016-06-01,BRA,FRA,0.0005,3,True
2016-07-01,BRA,FRA,0.0054,2,True
2016-08-01,BRA,FRA,0.01,2,True
2016-09-01,BRA,FRA,0.0158,2,True
2016-10-01,BRA,FRA,0.0152,2,True
2016-11-01,BRA,FRA,0.0247,1,True
2016-12-01,BRA,FRA,0.0158,1,True
2017-01-01,BRA,FRA,0.0268,1,True
2017-02-01,BRA,FRA,0.0225,1,True
2017-03-01,BRA,FRA,0.0599,1,False
2017-04-01,BRA,FRA,0.0938,1,False
2017-05-01,BRA,FRA,0.0062,1,True
2017-06-01,BRA,FRA,0.0068,1,True
2017-07-01,BRA,FRA,0.0007,1,True
2017-08-01,BRA,FRA,0.0193,1,True
2017-09-01,BRA,FRA,0.0152,1,True
2017-10-01,BRA,FRA,0.0079,1,True
2017-11-01,BRA,FRA,0.0081,1,True
2017-12-01,BRA,FRA,0.0102,1,True
2018-01-01,BRA,FRA,0.0364,1,True
2018-02-01,BRA,FRA,0.031,1,True
2018-03-01,BRA,FRA,0.1781,1,False
2018-04-01,BRA,FRA,0.2362,1,False
2018-05-01,BRA,FRA,0.1987,3,False
2018-06-01,BRA,FRA,0.1343,1,False
2018-07-01,BRA,FRA,0.1102,1,False
2018-08-01,BRA,FRA,0.0687,1,False
2018-09-01,BRA,FRA,0.0787,1,False
2018-10-01,BRA,FRA,0.1014,1,False
2018-11-01,BRA,FRA,0.1085,1,False
2018-12-01,BRA,FRA,0.1083,1,False
2019-01-01,BRA,FRA,0.1424,1,False
2019-02-01,BRA,FRA,0.1548,1,False
2019-03-01,BRA,FRA,0.1037,1,False
2019-04-01,BRA,FRA,0.1911,1,False
2019-05-01,BRA,FRA,0.1919,1,False
2019-06-01,BRA,FRA,0.107,1,False
2019-07-01,BRA,FRA,0.1361,1,False
2019-08-01,BRA,FRA,0.1688,1,False
2019-09-01,BRA,FRA,0.2365,1,False
2019-10-01,BRA,FRA,0.1976,1,False
2019-11-01,BRA,FRA,0.3458,3,False
2019-12-01,BRA,FRA,0.2076,2,False
2020-01-01,BRA,FRA,0.159,2,False
2020-02-01,BRA,FRA,0.0938,3,False
2020-03-01,BRA,FRA,0.0018,4,True
2020-04-01,BRA,FRA,0.0013,3,True
2020-05-01,BRA,FRA,0.0019,2,True
2020-06-01,BRA,FRA,0.0501,2,False
2020-07-01,BRA,FRA,0.06,2,False
2020-08-01,BRA,FRA,0.0339,2,True
2020-09-01,BRA,FRA,0.0269,2,True
2020-10-01,BRA,FRA,0.0211,3,True
2020-11-01,BRA,FRA,0.0116,2,True
2020-12-01,BRA,FRA,0.0294,3,True
2021-01-01,BRA,FRA,0.0212,4,True
2021-02-01,BRA,FRA,0.0095,3,True
2021-03-01,BRA,FRA,0.0595,3,False
2021-04-01,BRA,FRA,0.0763,3,False
2021-05-01,BRA,FRA,0.0367,3,True
2021-06-01,BRA,FRA,0.0023,3,True
2021-07-01,BRA,FRA,0.0041,1,True
2021-08-01,BRA,FRA,0.0005,1,True
2021-09-01,BRA,FRA,0.0002,1,True
2021-10-01,BRA,FRA,0.0013,1,True
2021-11-01,BRA,FRA,0.0068,1,True
2021-12-01,BRA,FRA,0.0133,1,True
2022-01-01,BRA,FRA,0.0378,1,True
2022-02-01,BRA,FRA,0.0096,1,True
2022-03-01,BRA,FRA,0.0004,1,True
2022-04-01,BRA,FRA,0.0001,1,True
2022-05-01,BRA,FRA,0.0002,1,True
2022-06-01,BRA,FRA,0.0001,1,True
2022-07-01,BRA,FRA,0.0001,1,True
2022-08-01,BRA,FRA,0.0001,1,True
2022-09-01,BRA,FRA,0.0002,1,True
2022-10-01,BRA,FRA,0.0003,1,True
2022-11-01,BRA,FRA,0.0001,1,True
2022-12-01,BRA,FRA,0.0003,1,True
2023-01-01,BRA,FRA,0.0002,1,True
2023-02-01,BRA,FRA,0.0001,1,True
2023-03-01,BRA,FRA,0.0,1,True
2023-04-01,BRA,FRA,0.0001,1,True
2023-05-01,BRA,FRA,0.0002,1,True
2023-06-01,BRA,FRA,0.0004,1,True
2023-07-01,BRA,FRA,0.0046,1,True
2023-08-01,BRA,FRA,0.003,1,True
2023-09-01,BRA,FRA,0.0269,1,True
2023-10-01,BRA,FRA,0.1158,1,False
2023-11-01,BRA,FRA,0.158,1,False
2023-12-01,BRA,FRA,0.258,1,False
2024-01-01,BRA,FRA,0.1891,1,False
2024-02-01,BRA,FRA,0.1792,1,False
2024-03-01,BRA,FRA,0.1155,1,False
2024-04-01,BRA,FRA,0.0251,1,True
2024-05-01,BRA,FRA,0.0061,1,True
2024-06-01,BRA,FRA,0.0073,1,True
2024-07-01,BRA,FRA,0.0042,1,True
2024-08-01,BRA,FRA,0.0027,1,True
2024-09-01,BRA,FRA,0.0055,1,True
2024-10-01,BRA,FRA,0.0047,1,True
2024-11-01,BRA,FRA,0.0011,1,True
2024-12-01,BRA,FRA,0.0002,1,True
2025-01-01,BRA,FRA,0.0001,1,True
2025-02-01,BRA,FRA,0.0002,1,True
2025-03-01,BRA,FRA,0.0009,1,True
2025-04-01,BRA,FRA,0.0008,1,True
2025-05-01,BRA,FRA,0.0018,1,True
2025-06-01,BRA,FRA,0.0042,1,True
2025-07-01,BRA,FRA,0.0124,1,True
2025-08-01,BRA,FRA,0.0162,1,True
2025-09-01,BRA,FRA,0.0143,1,True
2025-10-01,BRA,FRA,0.0223,1,True
2025-11-01,BRA,FRA,0.0165,1,True
2025-12-01,BRA,FRA,0.0338,1,True
2026-01-01,BRA,FRA,0.0232,3,True
2026-02-01,BRA,FRA,0.0152,2,True
2026-03-01,BRA,FRA,0.0138,3,True
2015-01-01,BRA,JPN,0.7443,1,False
2015-02-01,BRA,JPN,0.6913,2,False
2015-03-01,BRA,JPN,0.2212,1,False
2015-04-01,BRA,JPN,0.0686,1,False
2015-05-01,BRA,JPN,0.4054,3,False
2015-06-01,BRA,JPN,0.1453,3,False
2015-07-01,BRA,JPN,0.2864,1,False
2015-08-01,BRA,JPN,0.1023,1,False
2015-09-01,BRA,JPN,0.2053,1,False
2015-10-01,BRA,JPN,0.5202,1,False
2015-11-01,BRA,JPN,0.5666,4,False
2015-12-01,BRA,JPN,0.4097,4,False
2016-01-01,BRA,JPN,0.425,4,False
2016-02-01,BRA,JPN,0.4052,4,False
2016-03-01,BRA,JPN,0.3378,4,False
2016-04-01,BRA,JPN,0.1433,3,False
2016-05-01,BRA,JPN,0.3105,3,False
2016-06-01,BRA,JPN,0.3488,1,False
2016-07-01,BRA,JPN,0.1908,1,False
2016-08-01,BRA,JPN,0.1018,1,False
2016-09-01,BRA,JPN,0.1054,1,False
2016-10-01,BRA,JPN,0.0713,1,False
2016-11-01,BRA,JPN,0.0494,1,True
2016-12-01,BRA,JPN,0.0209,1,True
2017-01-01,BRA,JPN,0.0204,1,True
2017-02-01,BRA,JPN,0.0174,1,True
2017-03-01,BRA,JPN,0.0285,1,True
2017-04-01,BRA,JPN,0.023,2,True
2017-05-01,BRA,JPN,0.1041,1,False
2017-06-01,BRA,JPN,0.1408,1,False
2017-07-01,BRA,JPN,0.4587,3,False
2017-08-01,BRA,JPN,0.6992,3,False
2017-09-01,BRA,JPN,0.6907,3,False
2017-10-01,BRA,JPN,0.6364,3,False
2017-11-01,BRA,JPN,0.5335,1,False
2017-12-01,BRA,JPN,0.4616,1,False
2018-01-01,BRA,JPN,0.3548,1,False
2018-02-01,BRA,JPN,0.6787,1,False
2018-03-01,BRA,JPN,0.6086,2,False
2018-04-01,BRA,JPN,0.4572,2,False
2018-05-01,BRA,JPN,0.34,2,False
2018-06-01,BRA,JPN,0.158,2,False
2018-07-01,BRA,JPN,0.1893,2,False
2018-08-01,BRA,JPN,0.2221,2,False
2018-09-01,BRA,JPN,0.334,3,False
2018-10-01,BRA,JPN,0.3156,2,False
2018-11-01,BRA,JPN,0.263,3,False
2018-12-01,BRA,JPN,0.2296,3,False
2019-01-01,BRA,JPN,0.1726,2,False
2019-02-01,BRA,JPN,0.0806,1,False
2019-03-01,BRA,JPN,0.0599,2,False
2019-04-01,BRA,JPN,0.0499,2,True
2019-05-01,BRA,JPN,0.062,2,False
2019-06-01,BRA,JPN,0.0907,2,False
2019-07-01,BRA,JPN,0.0984,3,False
2019-08-01,BRA,JPN,0.0798,2,False
2019-09-01,BRA,JPN,0.0526,2,False
2019-10-01,BRA,JPN,0.0449,1,True
2019-11-01,BRA,JPN,0.267,2,False
2019-12-01,BRA,JPN,0.2353,4,False
2020-01-01,BRA,JPN,0.1657,3,False
2020-02-01,BRA,JPN,0.1638,3,False
2020-03-01,BRA,JPN,0.0756,3,False
2020-04-01,BRA,JPN,0.2931,3,False
2020-05-01,BRA,JPN,0.3065,3,False
2020-06-01,BRA,JPN,0.3079,3,False
2020-07-01,BRA,JPN,0.2594,3,False
2020-08-01,BRA,JPN,0.539,3,False
2020-09-01,BRA,JPN,0.5987,1,False
2020-10-01,BRA,JPN,0.45,1,False
2020-11-01,BRA,JPN,0.6328,2,False
2020-12-01,BRA,JPN,0.6314,3,False
2021-01-01,BRA,JPN,0.7902,3,False
2021-02-01,BRA,JPN,0.7207,1,False
2021-03-01,BRA,JPN,0.7888,2,False
2021-04-01,BRA,JPN,0.7367,1,False
2021-05-01,BRA,JPN,0.7167,4,False
2021-06-01,BRA,JPN,0.6643,1,False
2021-07-01,BRA,JPN,0.6767,3,False
2021-08-01,BRA,JPN,0.6744,3,False
2021-09-01,BRA,JPN,0.6316,1,False
2021-10-01,BRA,JPN,0.2235,1,False
2021-11-01,BRA,JPN,0.3926,1,False
2021-12-01,BRA,JPN,0.4144,3,False
2022-01-01,BRA,JPN,0.587,1,False
2022-02-01,BRA,JPN,0.2554,1,False
2022-03-01,BRA,JPN,0.0318,1,True
2022-04-01,BRA,JPN,0.0101,1,True
2022-05-01,BRA,JPN,0.0105,1,True
2022-06-01,BRA,JPN,0.0162,2,True
2022-07-01,BRA,JPN,0.0039,2,True
2022-08-01,BRA,JPN,0.0022,1,True
2022-09-01,BRA,JPN,0.003,1,True
2022-10-01,BRA,JPN,0.0112,1,True
2022-11-01,BRA,JPN,0.0122,2,True
2022-12-01,BRA,JPN,0.025,1,True
2023-01-01,BRA,JPN,0.0243,1,True
2023-02-01,BRA,JPN,0.0119,1,True
2023-03-01,BRA,JPN,0.0263,1,True
2023-04-01,BRA,JPN,0.0208,2,True
2023-05-01,BRA,JPN,0.0095,2,True
2023-06-01,BRA,JPN,0.0197,1,True
2023-07-01,BRA,JPN,0.1558,1,False
2023-08-01,BRA,JPN,0.2656,2,False
2023-09-01,BRA,JPN,0.2671,2,False
2023-10-01,BRA,JPN,0.1182,1,False
2023-11-01,BRA,JPN,0.2817,1,False
2023-12-01,BRA,JPN,0.3721,1,False
2024-01-01,BRA,JPN,0.4856,1,False
2024-02-01,BRA,JPN,0.2583,1,False
2024-03-01,BRA,JPN,0.3156,1,False
2024-04-01,BRA,JPN,0.5466,1,False
2024-05-01,BRA,JPN,0.6654,2,False
2024-06-01,BRA,JPN,0.7949,2,False
2024-07-01,BRA,JPN,0.7775,2,False
2024-08-01,BRA,JPN,0.7374,2,False
2024-09-01,BRA,JPN,0.8101,4,False
2024-10-01,BRA,JPN,0.892,1,False
2024-11-01,BRA,JPN,0.7312,2,False
2024-12-01,BRA,JPN,0.3937,1,False
2025-01-01,BRA,JPN,0.3296,1,False
2025-02-01,BRA,JPN,0.5539,1,False
2025-03-01,BRA,JPN,0.6074,1,False
2025-04-01,BRA,JPN,0.471,1,False
2025-05-01,BRA,JPN,0.1191,1,False
2025-06-01,BRA,JPN,0.3136,1,False
2025-07-01,BRA,JPN,0.2099,2,False
2025-08-01,BRA,JPN,0.238,1,False
2025-09-01,BRA,JPN,0.3106,2,False
2025-10-01,BRA,JPN,0.2809,2,False
2025-11-01,BRA,JPN,0.3288,4,False
2025-12-01,BRA,JPN,0.269,3,False
2026-01-01,BRA,JPN,0.1836,4,False
2026-02-01,BRA,JPN,0.0651,4,False
2026-03-01,BRA,JPN,0.0697,2,False
2015-01-01,ZAF,IND,0.0851,4,False
2015-02-01,ZAF,IND,0.1255,4,False
2015-03-01,ZAF,IND,0.0878,4,False
2015-04-01,ZAF,IND,0.0784,4,False
2015-05-01,ZAF,IND,0.0676,4,False
2015-06-01,ZAF,IND,0.0866,4,False
2015-07-01,ZAF,IND,0.0831,4,False
2015-08-01,ZAF,IND,0.0615,4,False
2015-09-01,ZAF,IND,0.2376,1,False
2015-10-01,ZAF,IND,0.1704,1,False
2015-11-01,ZAF,IND,0.0858,1,False
2015-12-01,ZAF,IND,0.2848,1,False
2016-01-01,ZAF,IND,0.2848,1,False
2016-02-01,ZAF,IND,0.3932,1,False
2016-03-01,ZAF,IND,0.5414,4,False
2016-04-01,ZAF,IND,0.7336,4,False
2016-05-01,ZAF,IND,0.7121,4,False
2016-06-01,ZAF,IND,0.5248,2,False
2016-07-01,ZAF,IND,0.4993,2,False
2016-08-01,ZAF,IND,0.33,3,False
2016-09-01,ZAF,IND,0.1469,2,False
2016-10-01,ZAF,IND,0.1599,3,False
2016-11-01,ZAF,IND,0.0619,2,False
2016-12-01,ZAF,IND,0.063,2,False
2017-01-01,ZAF,IND,0.1525,1,False
2017-02-01,ZAF,IND,0.3408,4,False
2017-03-01,ZAF,IND,0.2918,4,False
2017-04-01,ZAF,IND,0.4616,1,False
2017-05-01,ZAF,IND,0.481,1,False
2017-06-01,ZAF,IND,0.5056,1,False
2017-07-01,ZAF,IND,0.5798,1,False
2017-08-01,ZAF,IND,0.5045,1,False
2017-09-01,ZAF,IND,0.5498,1,False
2017-10-01,ZAF,IND,0.4918,1,False
2017-11-01,ZAF,IND,0.6622,1,False
2017-12-01,ZAF,IND,0.7439,4,False
2018-01-01,ZAF,IND,0.7277,4,False
2018-02-01,ZAF,IND,0.7156,4,False
2018-03-01,ZAF,IND,0.7207,4,False
2018-04-01,ZAF,IND,0.6794,1,False
2018-05-01,ZAF,IND,0.7121,1,False
2018-06-01,ZAF,IND,0.7335,1,False
2018-07-01,ZAF,IND,0.4058,4,False
2018-08-01,ZAF,IND,0.2222,4,False
2018-09-01,ZAF,IND,0.1949,4,False
2018-10-01,ZAF,IND,0.2335,4,False
2018-11-01,ZAF,IND,0.1105,4,False
2018-12-01,ZAF,IND,0.0628,4,False
2019-01-01,ZAF,IND,0.1021,2,False
2019-02-01,ZAF,IND,0.0634,4,False
2019-03-01,ZAF,IND,0.1192,3,False
2019-04-01,ZAF,IND,0.0044,4,True
2019-05-01,ZAF,IND,0.0029,3,True
2019-06-01,ZAF,IND,0.0032,3,True
2019-07-01,ZAF,IND,0.0041,3,True
2019-08-01,ZAF,IND,0.0019,3,True
2019-09-01,ZAF,IND,0.019,2,True
2019-10-01,ZAF,IND,0.0818,2,False
2019-11-01,ZAF,IND,0.1634,3,False
2019-12-01,ZAF,IND,0.1109,2,False
2020-01-01,ZAF,IND,0.1154,1,False
2020-02-01,ZAF,IND,0.0238,4,True
2020-03-01,ZAF,IND,0.0043,2,True
2020-04-01,ZAF,IND,0.0041,4,True
2020-05-01,ZAF,IND,0.0098,2,True
2020-06-01,ZAF,IND,0.0064,2,True
2020-07-01,ZAF,IND,0.0087,2,True
2020-08-01,ZAF,IND,0.0093,2,True
2020-09-01,ZAF,IND,0.0103,2,True
2020-10-01,ZAF,IND,0.0163,2,True
2020-11-01,ZAF,IND,0.031,2,True
2020-12-01,ZAF,IND,0.0348,2,True
2021-01-01,ZAF,IND,0.0912,2,False
2021-02-01,ZAF,IND,0.0406,1,True
2021-03-01,ZAF,IND,0.0417,2,True
2021-04-01,ZAF,IND,0.0287,1,True
2021-05-01,ZAF,IND,0.0217,2,True
2021-06-01,ZAF,IND,0.0155,1,True
2021-07-01,ZAF,IND,0.0256,1,True
2021-08-01,ZAF,IND,0.0221,1,True
2021-09-01,ZAF,IND,0.0227,1,True
2021-10-01,ZAF,IND,0.0208,1,True
2021-11-01,ZAF,IND,0.0129,1,True
2021-12-01,ZAF,IND,0.0562,1,False
2022-01-01,ZAF,IND,0.0475,1,True
2022-02-01,ZAF,IND,0.1777,1,False
2022-03-01,ZAF,IND,0.4048,2,False
2022-04-01,ZAF,IND,0.4157,2,False
2022-05-01,ZAF,IND,0.6101,2,False
2022-06-01,ZAF,IND,0.5782,3,False
2022-07-01,ZAF,IND,0.5264,3,False
2022-08-01,ZAF,IND,0.4331,3,False
2022-09-01,ZAF,IND,0.1946,4,False
2022-10-01,ZAF,IND,0.1128,1,False
2022-11-01,ZAF,IND,0.054,1,False
2022-12-01,ZAF,IND,0.0124,1,True
2023-01-01,ZAF,IND,0.0233,1,True
2023-02-01,ZAF,IND,0.1782,1,False
2023-03-01,ZAF,IND,0.1457,1,False
2023-04-01,ZAF,IND,0.1512,1,False
2023-05-01,ZAF,IND,0.1181,4,False
2023-06-01,ZAF,IND,0.1115,4,False
2023-07-01,ZAF,IND,0.2079,1,False
2023-08-01,ZAF,IND,0.2482,1,False
2023-09-01,ZAF,IND,0.1692,4,False
2023-10-01,ZAF,IND,0.1577,3,False
2023-11-01,ZAF,IND,0.1713,2,False
2023-12-01,ZAF,IND,0.1271,1,False
2024-01-01,ZAF,IND,0.1899,3,False
2024-02-01,ZAF,IND,0.2078,4,False
2024-03-01,ZAF,IND,0.0876,3,False
2024-04-01,ZAF,IND,0.1344,3,False
2024-05-01,ZAF,IND,0.0833,3,False
2024-06-01,ZAF,IND,0.0384,3,True
2024-07-01,ZAF,IND,0.0114,3,True
2024-08-01,ZAF,IND,0.0146,3,True
2024-09-01,ZAF,IND,0.0094,3,True
2024-10-01,ZAF,IND,0.0079,3,True
2024-11-01,ZAF,IND,0.0205,3,True
2024-12-01,ZAF,IND,0.0277,3,True
2025-01-01,ZAF,IND,0.0096,3,True
2025-02-01,ZAF,IND,0.0107,3,True
2025-03-01,ZAF,IND,0.0183,3,True
2025-04-01,ZAF,IND,0.0216,3,True
2025-05-01,ZAF,IND,0.022,3,True
2025-06-01,ZAF,IND,0.0235,1,True
2025-07-01,ZAF,IND,0.016,4,True
2025-08-01,ZAF,IND,0.029,4,True
2025-09-01,ZAF,IND,0.1444,4,False
2025-10-01,ZAF,IND,0.0731,4,False
2025-11-01,ZAF,IND,0.0454,3,True
2025-12-01,ZAF,IND,0.024,4,True
2026-01-01,ZAF,IND,0.0117,1,True
2026-02-01,ZAF,IND,0.0078,1,True
2026-03-01,ZAF,IND,0.0051,1,True
2015-01-01,ZAF,CHN,0.006,1,True
2015-02-01,ZAF,CHN,0.0227,1,True
2015-03-01,ZAF,CHN,0.155,1,False
2015-04-01,ZAF,CHN,0.2832,4,False
2015-05-01,ZAF,CHN,0.7415,4,False
2015-06-01,ZAF,CHN,0.7534,1,False
2015-07-01,ZAF,CHN,0.5527,3,False
2015-08-01,ZAF,CHN,0.3511,4,False
2015-09-01,ZAF,CHN,0.2637,4,False
2015-10-01,ZAF,CHN,0.2217,2,False
2015-11-01,ZAF,CHN,0.1238,2,False
2015-12-01,ZAF,CHN,0.1222,2,False
2016-01-01,ZAF,CHN,0.1208,2,False
2016-02-01,ZAF,CHN,0.0961,2,False
2016-03-01,ZAF,CHN,0.0721,2,False
2016-04-01,ZAF,CHN,0.1263,2,False
2016-05-01,ZAF,CHN,0.0953,2,False
2016-06-01,ZAF,CHN,0.1033,2,False
2016-07-01,ZAF,CHN,0.0797,2,False
2016-08-01,ZAF,CHN,0.0971,2,False
2016-09-01,ZAF,CHN,0.1139,2,False
2016-10-01,ZAF,CHN,0.1044,2,False
2016-11-01,ZAF,CHN,0.0854,2,False
2016-12-01,ZAF,CHN,0.0818,2,False
2017-01-01,ZAF,CHN,0.0765,2,False
2017-02-01,ZAF,CHN,0.0838,2,False
2017-03-01,ZAF,CHN,0.1056,2,False
2017-04-01,ZAF,CHN,0.1312,2,False
2017-05-01,ZAF,CHN,0.1018,2,False
2017-06-01,ZAF,CHN,0.0899,2,False
2017-07-01,ZAF,CHN,0.0859,2,False
2017-08-01,ZAF,CHN,0.0742,2,False
2017-09-01,ZAF,CHN,0.0673,2,False
2017-10-01,ZAF,CHN,0.0532,2,False
2017-11-01,ZAF,CHN,0.0734,2,False
2017-12-01,ZAF,CHN,0.034,4,True
2018-01-01,ZAF,CHN,0.0254,4,True
2018-02-01,ZAF,CHN,0.0397,4,True
2018-03-01,ZAF,CHN,0.0398,2,True
2018-04-01,ZAF,CHN,0.0241,2,True
2018-05-01,ZAF,CHN,0.0495,2,True
2018-06-01,ZAF,CHN,0.1519,2,False
2018-07-01,ZAF,CHN,0.1288,2,False
2018-08-01,ZAF,CHN,0.2988,2,False
2018-09-01,ZAF,CHN,0.0287,4,True
2018-10-01,ZAF,CHN,0.1326,4,False
2018-11-01,ZAF,CHN,0.1316,3,False
2018-12-01,ZAF,CHN,0.0466,3,True
2019-01-01,ZAF,CHN,0.0235,3,True
2019-02-01,ZAF,CHN,0.0221,3,True
2019-03-01,ZAF,CHN,0.0165,3,True
2019-04-01,ZAF,CHN,0.0158,3,True
2019-05-01,ZAF,CHN,0.0103,3,True
2019-06-01,ZAF,CHN,0.0107,3,True
2019-07-01,ZAF,CHN,0.0148,2,True
2019-08-01,ZAF,CHN,0.0398,2,True
2019-09-01,ZAF,CHN,0.0459,1,True
2019-10-01,ZAF,CHN,0.0684,1,False
2019-11-01,ZAF,CHN,0.0484,1,True
2019-12-01,ZAF,CHN,0.0439,1,True
2020-01-01,ZAF,CHN,0.6136,1,False
2020-02-01,ZAF,CHN,0.3716,1,False
2020-03-01,ZAF,CHN,0.7394,1,False
2020-04-01,ZAF,CHN,0.7739,3,False
2020-05-01,ZAF,CHN,0.7094,3,False
2020-06-01,ZAF,CHN,0.8627,3,False
2020-07-01,ZAF,CHN,0.4252,2,False
2020-08-01,ZAF,CHN,0.1467,1,False
2020-09-01,ZAF,CHN,0.5805,3,False
2020-10-01,ZAF,CHN,0.8557,3,False
2020-11-01,ZAF,CHN,0.8354,1,False
2020-12-01,ZAF,CHN,0.8318,4,False
2021-01-01,ZAF,CHN,0.7484,4,False
2021-02-01,ZAF,CHN,0.2223,4,False
2021-03-01,ZAF,CHN,0.4074,4,False
2021-04-01,ZAF,CHN,0.29,1,False
2021-05-01,ZAF,CHN,0.0873,1,False
2021-06-01,ZAF,CHN,0.0509,1,False
2021-07-01,ZAF,CHN,0.0787,1,False
2021-08-01,ZAF,CHN,0.0723,1,False
2021-09-01,ZAF,CHN,0.1267,1,False
2021-10-01,ZAF,CHN,0.1613,1,False
2021-11-01,ZAF,CHN,0.2271,1,False
2021-12-01,ZAF,CHN,0.1198,1,False
2022-01-01,ZAF,CHN,0.2748,1,False
2022-02-01,ZAF,CHN,0.2431,1,False
2022-03-01,ZAF,CHN,0.1975,1,False
2022-04-01,ZAF,CHN,0.3475,4,False
2022-05-01,ZAF,CHN,0.3226,3,False
2022-06-01,ZAF,CHN,0.368,3,False
2022-07-01,ZAF,CHN,0.3666,4,False
2022-08-01,ZAF,CHN,0.3048,4,False
2022-09-01,ZAF,CHN,0.4089,4,False
2022-10-01,ZAF,CHN,0.3109,3,False
2022-11-01,ZAF,CHN,0.3142,4,False
2022-12-01,ZAF,CHN,0.3379,4,False
2023-01-01,ZAF,CHN,0.5045,4,False
2023-02-01,ZAF,CHN,0.6568,4,False
2023-03-01,ZAF,CHN,0.6715,4,False
2023-04-01,ZAF,CHN,0.7782,4,False
2023-05-01,ZAF,CHN,0.7869,2,False
2023-06-01,ZAF,CHN,0.8552,2,False
2023-07-01,ZAF,CHN,0.9143,1,False
2023-08-01,ZAF,CHN,0.819,1,False
2023-09-01,ZAF,CHN,0.7359,1,False
2023-10-01,ZAF,CHN,0.5905,1,False
2023-11-01,ZAF,CHN,0.4627,2,False
2023-12-01,ZAF,CHN,0.3531,1,False
2024-01-01,ZAF,CHN,0.3299,1,False
2024-02-01,ZAF,CHN,0.348,1,False
2024-03-01,ZAF,CHN,0.4837,2,False
2024-04-01,ZAF,CHN,0.4947,2,False
2024-05-01,ZAF,CHN,0.5264,3,False
2024-06-01,ZAF,CHN,0.372,4,False
2024-07-01,ZAF,CHN,0.1132,3,False
2024-08-01,ZAF,CHN,0.164,3,False
2024-09-01,ZAF,CHN,0.0823,3,False
2024-10-01,ZAF,CHN,0.0595,3,False
2024-11-01,ZAF,CHN,0.0381,1,True
2024-12-01,ZAF,CHN,0.0192,1,True
2025-01-01,ZAF,CHN,0.2796,1,False
2025-02-01,ZAF,CHN,0.8722,1,False
2025-03-01,ZAF,CHN,0.8227,1,False
2025-04-01,ZAF,CHN,0.8448,2,False
2025-05-01,ZAF,CHN,0.8491,2,False
2025-06-01,ZAF,CHN,0.8912,2,False
2025-07-01,ZAF,CHN,0.9374,2,False
2025-08-01,ZAF,CHN,0.8261,1,False
2025-09-01,ZAF,CHN,0.8979,1,False
2025-10-01,ZAF,CHN,0.8268,1,False
2025-11-01,ZAF,CHN,0.3254,1,False
2025-12-01,ZAF,CHN,0.1401,1,False
2026-01-01,ZAF,CHN,0.1065,1,False
2026-02-01,ZAF,CHN,0.1845,1,False
2026-03-01,ZAF,CHN,0.2112,1,False
2015-01-01,ZAF,VNM,0.1211,1,False
2015-02-01,ZAF,VNM,0.0439,1,True
2015-03-01,ZAF,VNM,0.1066,1,False
2015-04-01,ZAF,VNM,0.1737,2,False
2015-05-01,ZAF,VNM,0.4254,3,False
2015-06-01,ZAF,VNM,0.3051,2,False
2015-07-01,ZAF,VNM,0.3365,2,False
2015-08-01,ZAF,VNM,0.4488,3,False
2015-09-01,ZAF,VNM,0.51,3,False
2015-10-01,ZAF,VNM,0.314,2,False
2015-11-01,ZAF,VNM,0.1589,1,False
2015-12-01,ZAF,VNM,0.3905,2,False
2016-01-01,ZAF,VNM,0.4819,4,False
2016-02-01,ZAF,VNM,0.3667,3,False
2016-03-01,ZAF,VNM,0.2553,2,False
2016-04-01,ZAF,VNM,0.0915,1,False
2016-05-01,ZAF,VNM,0.0773,1,False
2016-06-01,ZAF,VNM,0.059,1,False
2016-07-01,ZAF,VNM,0.0414,1,True
2016-08-01,ZAF,VNM,0.0426,1,True
2016-09-01,ZAF,VNM,0.0379,1,True
2016-10-01,ZAF,VNM,0.0405,1,True
2016-11-01,ZAF,VNM,0.0749,1,False
2016-12-01,ZAF,VNM,0.1475,1,False
2017-01-01,ZAF,VNM,0.0283,2,True
2017-02-01,ZAF,VNM,0.0217,2,True
2017-03-01,ZAF,VNM,0.0713,2,False
2017-04-01,ZAF,VNM,0.0786,2,False
2017-05-01,ZAF,VNM,0.0916,2,False
2017-06-01,ZAF,VNM,0.0917,2,False
2017-07-01,ZAF,VNM,0.1312,2,False
2017-08-01,ZAF,VNM,0.209,2,False
2017-09-01,ZAF,VNM,0.1303,4,False
2017-10-01,ZAF,VNM,0.096,4,False
2017-11-01,ZAF,VNM,0.209,4,False
2017-12-01,ZAF,VNM,0.2198,4,False
2018-01-01,ZAF,VNM,0.2299,4,False
2018-02-01,ZAF,VNM,0.2464,4,False
2018-03-01,ZAF,VNM,0.1728,4,False
2018-04-01,ZAF,VNM,0.2484,4,False
2018-05-01,ZAF,VNM,0.2093,4,False
2018-06-01,ZAF,VNM,0.4772,2,False
2018-07-01,ZAF,VNM,0.51,2,False
2018-08-01,ZAF,VNM,0.4865,4,False
2018-09-01,ZAF,VNM,0.1816,1,False
2018-10-01,ZAF,VNM,0.0977,1,False
2018-11-01,ZAF,VNM,0.0425,1,True
2018-12-01,ZAF,VNM,0.0501,1,False
2019-01-01,ZAF,VNM,0.0712,1,False
2019-02-01,ZAF,VNM,0.1339,1,False
2019-03-01,ZAF,VNM,0.1468,1,False
2019-04-01,ZAF,VNM,0.411,1,False
2019-05-01,ZAF,VNM,0.4414,1,False
2019-06-01,ZAF,VNM,0.5373,4,False
2019-07-01,ZAF,VNM,0.5805,4,False
2019-08-01,ZAF,VNM,0.5754,4,False
2019-09-01,ZAF,VNM,0.3753,4,False
2019-10-01,ZAF,VNM,0.3446,4,False
2019-11-01,ZAF,VNM,0.3562,2,False
2019-12-01,ZAF,VNM,0.3653,1,False
2020-01-01,ZAF,VNM,0.3947,1,False
2020-02-01,ZAF,VNM,0.2422,2,False
2020-03-01,ZAF,VNM,0.1857,1,False
2020-04-01,ZAF,VNM,0.2718,4,False
2020-05-01,ZAF,VNM,0.1217,4,False
2020-06-01,ZAF,VNM,0.0283,3,True
2020-07-01,ZAF,VNM,0.0047,2,True
2020-08-01,ZAF,VNM,0.0008,1,True
2020-09-01,ZAF,VNM,0.0074,1,True
2020-10-01,ZAF,VNM,0.0088,2,True
2020-11-01,ZAF,VNM,0.0241,1,True
2020-12-01,ZAF,VNM,0.0284,2,True
2021-01-01,ZAF,VNM,0.0471,1,True
2021-02-01,ZAF,VNM,0.0778,2,False
2021-03-01,ZAF,VNM,0.0494,1,True
2021-04-01,ZAF,VNM,0.062,1,False
2021-05-01,ZAF,VNM,0.0214,1,True
2021-06-01,ZAF,VNM,0.0223,1,True
2021-07-01,ZAF,VNM,0.0421,1,True
2021-08-01,ZAF,VNM,0.0233,1,True
2021-09-01,ZAF,VNM,0.0137,1,True
2021-10-01,ZAF,VNM,0.0292,1,True
2021-11-01,ZAF,VNM,0.0788,1,False
2021-12-01,ZAF,VNM,0.169,1,False
2022-01-01,ZAF,VNM,0.2997,1,False
2022-02-01,ZAF,VNM,0.1688,1,False
2022-03-01,ZAF,VNM,0.079,1,False
2022-04-01,ZAF,VNM,0.0543,1,False
2022-05-01,ZAF,VNM,0.0992,1,False
2022-06-01,ZAF,VNM,0.0383,1,True
2022-07-01,ZAF,VNM,0.0515,1,False
2022-08-01,ZAF,VNM,0.0246,1,True
2022-09-01,ZAF,VNM,0.0297,1,True
2022-10-01,ZAF,VNM,0.0108,1,True
2022-11-01,ZAF,VNM,0.0128,1,True
2022-12-01,ZAF,VNM,0.0175,1,True
2023-01-01,ZAF,VNM,0.0371,4,True
2023-02-01,ZAF,VNM,0.0082,3,True
2023-03-01,ZAF,VNM,0.0018,2,True
2023-04-01,ZAF,VNM,0.0003,1,True
2023-05-01,ZAF,VNM,0.0003,1,True
2023-06-01,ZAF,VNM,0.0008,1,True
2023-07-01,ZAF,VNM,0.0049,1,True
2023-08-01,ZAF,VNM,0.0045,1,True
2023-09-01,ZAF,VNM,0.0016,1,True
2023-10-01,ZAF,VNM,0.0083,1,True
2023-11-01,ZAF,VNM,0.0125,1,True
2023-12-01,ZAF,VNM,0.0074,3,True
2024-01-01,ZAF,VNM,0.0027,3,True
2024-02-01,ZAF,VNM,0.0011,3,True
2024-03-01,ZAF,VNM,0.0018,3,True
2024-04-01,ZAF,VNM,0.0027,4,True
2024-05-01,ZAF,VNM,0.0106,3,True
2024-06-01,ZAF,VNM,0.0505,3,False
2024-07-01,ZAF,VNM,0.0797,3,False
2024-08-01,ZAF,VNM,0.1293,4,False
2024-09-01,ZAF,VNM,0.1336,3,False
2024-10-01,ZAF,VNM,0.0152,3,True
2024-11-01,ZAF,VNM,0.0082,3,True
2024-12-01,ZAF,VNM,0.0183,3,True
2025-01-01,ZAF,VNM,0.023,3,True
2025-02-01,ZAF,VNM,0.0295,3,True
2025-03-01,ZAF,VNM,0.0232,3,True
2025-04-01,ZAF,VNM,0.0364,1,True
2025-05-01,ZAF,VNM,0.0179,1,True
2025-06-01,ZAF,VNM,0.0288,1,True
2025-07-01,ZAF,VNM,0.012,1,True
2025-08-01,ZAF,VNM,0.0119,3,True
2025-09-01,ZAF,VNM,0.0033,1,True
2025-10-01,ZAF,VNM,0.0023,1,True
2025-11-01,ZAF,VNM,0.0033,1,True
2025-12-01,ZAF,VNM,0.0088,1,True
2026-01-01,ZAF,VNM,0.0083,1,True
2026-02-01,ZAF,VNM,0.0083,4,True
2026-03-01,ZAF,VNM,0.0072,4,True
2015-01-01,ZAF,IDN,0.0088,3,True
2015-02-01,ZAF,IDN,0.0129,3,True
2015-03-01,ZAF,IDN,0.0088,3,True
2015-04-01,ZAF,IDN,0.0273,3,True
2015-05-01,ZAF,IDN,0.046,3,True
2015-06-01,ZAF,IDN,0.084,3,False
2015-07-01,ZAF,IDN,0.0653,3,False
2015-08-01,ZAF,IDN,0.3188,2,False
2015-09-01,ZAF,IDN,0.3975,1,False
2015-10-01,ZAF,IDN,0.7228,1,False
2015-11-01,ZAF,IDN,0.3871,1,False
2015-12-01,ZAF,IDN,0.781,3,False
2016-01-01,ZAF,IDN,0.222,1,False
2016-02-01,ZAF,IDN,0.0073,1,True
2016-03-01,ZAF,IDN,0.0018,1,True
2016-04-01,ZAF,IDN,0.0004,1,True
2016-05-01,ZAF,IDN,0.0008,1,True
2016-06-01,ZAF,IDN,0.0004,1,True
2016-07-01,ZAF,IDN,0.0009,1,True
2016-08-01,ZAF,IDN,0.0007,1,True
2016-09-01,ZAF,IDN,0.0014,1,True
2016-10-01,ZAF,IDN,0.001,1,True
2016-11-01,ZAF,IDN,0.001,1,True
2016-12-01,ZAF,IDN,0.001,1,True
2017-01-01,ZAF,IDN,0.0013,1,True
2017-02-01,ZAF,IDN,0.0013,1,True
2017-03-01,ZAF,IDN,0.0014,1,True
2017-04-01,ZAF,IDN,0.002,1,True
2017-05-01,ZAF,IDN,0.0027,1,True
2017-06-01,ZAF,IDN,0.0028,1,True
2017-07-01,ZAF,IDN,0.0034,1,True
2017-08-01,ZAF,IDN,0.003,1,True
2017-09-01,ZAF,IDN,0.0031,1,True
2017-10-01,ZAF,IDN,0.0036,1,True
2017-11-01,ZAF,IDN,0.0032,1,True
2017-12-01,ZAF,IDN,0.0045,1,True
2018-01-01,ZAF,IDN,0.0038,1,True
2018-02-01,ZAF,IDN,0.0009,1,True
2018-03-01,ZAF,IDN,0.0009,1,True
2018-04-01,ZAF,IDN,0.0013,1,True
2018-05-01,ZAF,IDN,0.0018,1,True
2018-06-01,ZAF,IDN,0.0057,1,True
2018-07-01,ZAF,IDN,0.0359,1,True
2018-08-01,ZAF,IDN,0.05,1,False
2018-09-01,ZAF,IDN,0.1491,1,False
2018-10-01,ZAF,IDN,0.2003,1,False
2018-11-01,ZAF,IDN,0.2967,3,False
2018-12-01,ZAF,IDN,0.2698,3,False
2019-01-01,ZAF,IDN,0.539,3,False
2019-02-01,ZAF,IDN,0.5586,1,False
2019-03-01,ZAF,IDN,0.4879,3,False
2019-04-01,ZAF,IDN,0.3235,1,False
2019-05-01,ZAF,IDN,0.1584,4,False
2019-06-01,ZAF,IDN,0.1924,1,False
2019-07-01,ZAF,IDN,0.0593,2,False
2019-08-01,ZAF,IDN,0.0227,1,True
2019-09-01,ZAF,IDN,0.1252,1,False
2019-10-01,ZAF,IDN,0.0696,1,False
2019-11-01,ZAF,IDN,0.0495,1,True
2019-12-01,ZAF,IDN,0.0136,4,True
2020-01-01,ZAF,IDN,0.0543,1,False
2020-02-01,ZAF,IDN,0.0252,2,True
2020-03-01,ZAF,IDN,0.0208,1,True
2020-04-01,ZAF,IDN,0.0091,1,True
2020-05-01,ZAF,IDN,0.0281,1,True
2020-06-01,ZAF,IDN,0.0332,1,True
2020-07-01,ZAF,IDN,0.0388,4,True
2020-08-01,ZAF,IDN,0.1022,4,False
2020-09-01,ZAF,IDN,0.0485,4,True
2020-10-01,ZAF,IDN,0.0334,4,True
2020-11-01,ZAF,IDN,0.0273,4,True
2020-12-01,ZAF,IDN,0.0174,4,True
2021-01-01,ZAF,IDN,0.0228,4,True
2021-02-01,ZAF,IDN,0.015,2,True
2021-03-01,ZAF,IDN,0.0156,2,True
2021-04-01,ZAF,IDN,0.0058,2,True
2021-05-01,ZAF,IDN,0.0031,2,True
2021-06-01,ZAF,IDN,0.0022,1,True
2021-07-01,ZAF,IDN,0.0024,2,True
2021-08-01,ZAF,IDN,0.0028,1,True
2021-09-01,ZAF,IDN,0.0012,2,True
2021-10-01,ZAF,IDN,0.0041,1,True
2021-11-01,ZAF,IDN,0.0038,2,True
2021-12-01,ZAF,IDN,0.0007,4,True
2022-01-01,ZAF,IDN,0.0034,2,True
2022-02-01,ZAF,IDN,0.0001,2,True
2022-03-01,ZAF,IDN,0.001,1,True
2022-04-01,ZAF,IDN,0.0,1,True
2022-05-01,ZAF,IDN,0.0,1,True
2022-06-01,ZAF,IDN,0.0,1,True
2022-07-01,ZAF,IDN,0.0,1,True
2022-08-01,ZAF,IDN,0.0,1,True
2022-09-01,ZAF,IDN,0.0001,1,True
2022-10-01,ZAF,IDN,0.0003,1,True
2022-11-01,ZAF,IDN,0.0001,1,True
2022-12-01,ZAF,IDN,0.0001,1,True
2023-01-01,ZAF,IDN,0.0004,1,True
2023-02-01,ZAF,IDN,0.0002,1,True
2023-03-01,ZAF,IDN,0.0005,1,True
2023-04-01,ZAF,IDN,0.0004,1,True
2023-05-01,ZAF,IDN,0.0007,1,True
2023-06-01,ZAF,IDN,0.0006,1,True
2023-07-01,ZAF,IDN,0.0001,1,True
2023-08-01,ZAF,IDN,0.0002,1,True
2023-09-01,ZAF,IDN,0.0002,1,True
2023-10-01,ZAF,IDN,0.0003,1,True
2023-11-01,ZAF,IDN,0.0008,1,True
2023-12-01,ZAF,IDN,0.0023,1,True
2024-01-01,ZAF,IDN,0.0053,1,True
2024-02-01,ZAF,IDN,0.0054,1,True
2024-03-01,ZAF,IDN,0.0045,1,True
2024-04-01,ZAF,IDN,0.0032,1,True
2024-05-01,ZAF,IDN,0.0017,1,True
2024-06-01,ZAF,IDN,0.0022,1,True
2024-07-01,ZAF,IDN,0.0024,1,True
2024-08-01,ZAF,IDN,0.0013,1,True
2024-09-01,ZAF,IDN,0.0017,1,True
2024-10-01,ZAF,IDN,0.0055,1,True
2024-11-01,ZAF,IDN,0.0032,1,True
2024-12-01,ZAF,IDN,0.0077,2,True
2025-01-01,ZAF,IDN,0.0025,1,True
2025-02-01,ZAF,IDN,0.0012,1,True
2025-03-01,ZAF,IDN,0.0025,1,True
2025-04-01,ZAF,IDN,0.0031,1,True
2025-05-01,ZAF,IDN,0.0038,1,True
2025-06-01,ZAF,IDN,0.0071,1,True
2025-07-01,ZAF,IDN,0.0136,1,True
2025-08-01,ZAF,IDN,0.0204,1,True
2025-09-01,ZAF,IDN,0.0144,1,True
2025-10-01,ZAF,IDN,0.014,1,True
2025-11-01,ZAF,IDN,0.0071,2,True
2025-12-01,ZAF,IDN,0.0009,1,True
2026-01-01,ZAF,IDN,0.0044,1,True
2026-02-01,ZAF,IDN,0.0032,1,True
2026-03-01,ZAF,IDN,0.0018,1,True
2015-01-01,ZAF,THA,0.3285,1,False
2015-02-01,ZAF,THA,0.0835,1,False
2015-03-01,ZAF,THA,0.139,2,False
2015-04-01,ZAF,THA,0.1922,3,False
2015-05-01,ZAF,THA,0.3123,4,False
2015-06-01,ZAF,THA,0.5473,4,False
2015-07-01,ZAF,THA,0.6,2,False
2015-08-01,ZAF,THA,0.6193,2,False
2015-09-01,ZAF,THA,0.7515,2,False
2015-10-01,ZAF,THA,0.7182,4,False
2015-11-01,ZAF,THA,0.5601,1,False
2015-12-01,ZAF,THA,0.1491,1,False
2016-01-01,ZAF,THA,0.378,1,False
2016-02-01,ZAF,THA,0.5013,2,False
2016-03-01,ZAF,THA,0.3719,1,False
2016-04-01,ZAF,THA,0.3212,1,False
2016-05-01,ZAF,THA,0.21,1,False
2016-06-01,ZAF,THA,0.1876,1,False
2016-07-01,ZAF,THA,0.2604,1,False
2016-08-01,ZAF,THA,0.2769,1,False
2016-09-01,ZAF,THA,0.2315,1,False
2016-10-01,ZAF,THA,0.2244,1,False
2016-11-01,ZAF,THA,0.2345,1,False
2016-12-01,ZAF,THA,0.248,1,False
2017-01-01,ZAF,THA,0.1842,1,False
2017-02-01,ZAF,THA,0.257,1,False
2017-03-01,ZAF,THA,0.201,2,False
2017-04-01,ZAF,THA,0.1312,2,False
2017-05-01,ZAF,THA,0.1075,2,False
2017-06-01,ZAF,THA,0.089,4,False
2017-07-01,ZAF,THA,0.2017,2,False
2017-08-01,ZAF,THA,0.227,2,False
2017-09-01,ZAF,THA,0.3385,2,False
2017-10-01,ZAF,THA,0.3607,1,False
2017-11-01,ZAF,THA,0.3888,1,False
2017-12-01,ZAF,THA,0.4406,1,False
2018-01-01,ZAF,THA,0.4497,1,False
2018-02-01,ZAF,THA,0.4604,1,False
2018-03-01,ZAF,THA,0.4206,1,False
2018-04-01,ZAF,THA,0.3943,1,False
2018-05-01,ZAF,THA,0.3734,1,False
2018-06-01,ZAF,THA,0.4945,1,False
2018-07-01,ZAF,THA,0.5084,3,False
2018-08-01,ZAF,THA,0.1926,2,False
2018-09-01,ZAF,THA,0.2214,2,False
2018-10-01,ZAF,THA,0.2698,2,False
2018-11-01,ZAF,THA,0.3869,2,False
2018-12-01,ZAF,THA,0.4007,2,False
2019-01-01,ZAF,THA,0.483,3,False
2019-02-01,ZAF,THA,0.4032,2,False
2019-03-01,ZAF,THA,0.3148,3,False
2019-04-01,ZAF,THA,0.289,2,False
2019-05-01,ZAF,THA,0.3348,2,False
2019-06-01,ZAF,THA,0.4406,2,False
2019-07-01,ZAF,THA,0.5397,2,False
2019-08-01,ZAF,THA,0.5732,2,False
2019-09-01,ZAF,THA,0.5288,1,False
2019-10-01,ZAF,THA,0.5036,1,False
2019-11-01,ZAF,THA,0.4725,1,False
2019-12-01,ZAF,THA,0.5967,1,False
2020-01-01,ZAF,THA,0.7424,1,False
2020-02-01,ZAF,THA,0.2953,4,False
2020-03-01,ZAF,THA,0.0992,4,False
2020-04-01,ZAF,THA,0.0841,1,False
2020-05-01,ZAF,THA,0.0196,1,True
2020-06-01,ZAF,THA,0.0212,1,True
2020-07-01,ZAF,THA,0.0019,4,True
2020-08-01,ZAF,THA,0.0024,4,True
2020-09-01,ZAF,THA,0.0025,4,True
2020-10-01,ZAF,THA,0.0081,4,True
2020-11-01,ZAF,THA,0.0084,1,True
2020-12-01,ZAF,THA,0.0051,1,True
2021-01-01,ZAF,THA,0.005,1,True
2021-02-01,ZAF,THA,0.006,1,True
2021-03-01,ZAF,THA,0.0076,1,True
2021-04-01,ZAF,THA,0.0113,1,True
2021-05-01,ZAF,THA,0.0127,1,True
2021-06-01,ZAF,THA,0.02,1,True
2021-07-01,ZAF,THA,0.0226,1,True
2021-08-01,ZAF,THA,0.0212,1,True
2021-09-01,ZAF,THA,0.0214,1,True
2021-10-01,ZAF,THA,0.0062,3,True
2021-11-01,ZAF,THA,0.0072,2,True
2021-12-01,ZAF,THA,0.0012,1,True
2022-01-01,ZAF,THA,0.0008,1,True
2022-02-01,ZAF,THA,0.0003,3,True
2022-03-01,ZAF,THA,0.0,2,True
2022-04-01,ZAF,THA,0.0,1,True
2022-05-01,ZAF,THA,0.0,1,True
2022-06-01,ZAF,THA,0.0,1,True
2022-07-01,ZAF,THA,0.0,1,True
2022-08-01,ZAF,THA,0.0,1,True
2022-09-01,ZAF,THA,0.0,1,True
2022-10-01,ZAF,THA,0.0,1,True
2022-11-01,ZAF,THA,0.0,1,True
2022-12-01,ZAF,THA,0.0,1,True
2023-01-01,ZAF,THA,0.0,1,True
2023-02-01,ZAF,THA,0.0,1,True
2023-03-01,ZAF,THA,0.0,1,True
2023-04-01,ZAF,THA,0.0,1,True
2023-05-01,ZAF,THA,0.0,1,True
2023-06-01,ZAF,THA,0.0001,1,True
2023-07-01,ZAF,THA,0.002,2,True
2023-08-01,ZAF,THA,0.0046,2,True
2023-09-01,ZAF,THA,0.0058,2,True
2023-10-01,ZAF,THA,0.0055,2,True
2023-11-01,ZAF,THA,0.0053,2,True
2023-12-01,ZAF,THA,0.0122,2,True
2024-01-01,ZAF,THA,0.011,2,True
2024-02-01,ZAF,THA,0.0127,2,True
2024-03-01,ZAF,THA,0.0198,2,True
2024-04-01,ZAF,THA,0.0181,2,True
2024-05-01,ZAF,THA,0.0658,2,False
2024-06-01,ZAF,THA,0.0417,2,True
2024-07-01,ZAF,THA,0.0423,2,True
2024-08-01,ZAF,THA,0.0789,2,False
2024-09-01,ZAF,THA,0.0503,2,False
2024-10-01,ZAF,THA,0.1045,2,False
2024-11-01,ZAF,THA,0.0787,2,False
2024-12-01,ZAF,THA,0.0795,2,False
2025-01-01,ZAF,THA,0.1625,2,False
2025-02-01,ZAF,THA,0.279,3,False
2025-03-01,ZAF,THA,0.1823,2,False
2025-04-01,ZAF,THA,0.1769,3,False
2025-05-01,ZAF,THA,0.2901,2,False
2025-06-01,ZAF,THA,0.2888,3,False
2025-07-01,ZAF,THA,0.355,2,False
2025-08-01,ZAF,THA,0.3793,2,False
2025-09-01,ZAF,THA,0.3358,2,False
2025-10-01,ZAF,THA,0.6509,2,False
2025-11-01,ZAF,THA,0.5808,3,False
2025-12-01,ZAF,THA,0.5425,3,False
2026-01-01,ZAF,THA,0.4918,4,False
2026-02-01,ZAF,THA,0.3437,3,False
2026-03-01,ZAF,THA,0.3055,3,False
2015-01-01,ZAF,BRA,0.0868,2,False
2015-02-01,ZAF,BRA,0.0187,1,True
2015-03-01,ZAF,BRA,0.3667,1,False
2015-04-01,ZAF,BRA,0.5752,1,False
2015-05-01,ZAF,BRA,0.8302,2,False
2015-06-01,ZAF,BRA,0.8218,4,False
2015-07-01,ZAF,BRA,0.9248,4,False
2015-08-01,ZAF,BRA,0.7492,1,False
2015-09-01,ZAF,BRA,0.9153,1,False
2015-10-01,ZAF,BRA,0.7636,1,False
2015-11-01,ZAF,BRA,0.7691,1,False
2015-12-01,ZAF,BRA,0.8165,2,False
2016-01-01,ZAF,BRA,0.4827,4,False
2016-02-01,ZAF,BRA,0.1659,4,False
2016-03-01,ZAF,BRA,0.0666,3,False
2016-04-01,ZAF,BRA,0.0894,2,False
2016-05-01,ZAF,BRA,0.0964,2,False
2016-06-01,ZAF,BRA,0.0868,2,False
2016-07-01,ZAF,BRA,0.1256,1,False
2016-08-01,ZAF,BRA,0.125,1,False
2016-09-01,ZAF,BRA,0.1394,4,False
2016-10-01,ZAF,BRA,0.2055,4,False
2016-11-01,ZAF,BRA,0.0561,4,False
2016-12-01,ZAF,BRA,0.4078,4,False
2017-01-01,ZAF,BRA,0.2379,2,False
2017-02-01,ZAF,BRA,0.3653,1,False
2017-03-01,ZAF,BRA,0.2126,3,False
2017-04-01,ZAF,BRA,0.1525,3,False
2017-05-01,ZAF,BRA,0.1591,2,False
2017-06-01,ZAF,BRA,0.2449,3,False
2017-07-01,ZAF,BRA,0.2061,3,False
2017-08-01,ZAF,BRA,0.1554,3,False
2017-09-01,ZAF,BRA,0.1718,3,False
2017-10-01,ZAF,BRA,0.5004,2,False
2017-11-01,ZAF,BRA,0.4971,4,False
2017-12-01,ZAF,BRA,0.468,4,False
2018-01-01,ZAF,BRA,0.5354,2,False
2018-02-01,ZAF,BRA,0.5312,2,False
2018-03-01,ZAF,BRA,0.4202,2,False
2018-04-01,ZAF,BRA,0.4658,2,False
2018-05-01,ZAF,BRA,0.3687,4,False
2018-06-01,ZAF,BRA,0.2278,4,False
2018-07-01,ZAF,BRA,0.1214,1,False
2018-08-01,ZAF,BRA,0.0142,1,True
2018-09-01,ZAF,BRA,0.0065,1,True
2018-10-01,ZAF,BRA,0.0064,1,True
2018-11-01,ZAF,BRA,0.0105,1,True
2018-12-01,ZAF,BRA,0.0145,1,True
2019-01-01,ZAF,BRA,0.0218,1,True
2019-02-01,ZAF,BRA,0.018,1,True
2019-03-01,ZAF,BRA,0.0084,1,True
2019-04-01,ZAF,BRA,0.016,1,True
2019-05-01,ZAF,BRA,0.0217,1,True
2019-06-01,ZAF,BRA,0.037,1,True
2019-07-01,ZAF,BRA,0.0484,1,True
2019-08-01,ZAF,BRA,0.0453,1,True
2019-09-01,ZAF,BRA,0.1923,1,False
2019-10-01,ZAF,BRA,0.4307,2,False
2019-11-01,ZAF,BRA,0.6399,1,False
2019-12-01,ZAF,BRA,0.7313,3,False
2020-01-01,ZAF,BRA,0.4088,1,False
2020-02-01,ZAF,BRA,0.2772,1,False
2020-03-01,ZAF,BRA,0.3638,1,False
2020-04-01,ZAF,BRA,0.2632,1,False
2020-05-01,ZAF,BRA,0.4864,3,False
2020-06-01,ZAF,BRA,0.31,2,False
2020-07-01,ZAF,BRA,0.3279,2,False
2020-08-01,ZAF,BRA,0.227,4,False
2020-09-01,ZAF,BRA,0.2967,4,False
2020-10-01,ZAF,BRA,0.314,2,False
2020-11-01,ZAF,BRA,0.4591,1,False
2020-12-01,ZAF,BRA,0.4015,1,False
2021-01-01,ZAF,BRA,0.383,1,False
2021-02-01,ZAF,BRA,0.9081,2,False
2021-03-01,ZAF,BRA,0.3294,1,False
2021-04-01,ZAF,BRA,0.1453,1,False
2021-05-01,ZAF,BRA,0.224,1,False
2021-06-01,ZAF,BRA,0.2683,1,False
2021-07-01,ZAF,BRA,0.1394,1,False
2021-08-01,ZAF,BRA,0.1756,1,False
2021-09-01,ZAF,BRA,0.1685,1,False
2021-10-01,ZAF,BRA,0.166,1,False
2021-11-01,ZAF,BRA,0.1593,1,False
2021-12-01,ZAF,BRA,0.1306,1,False
2022-01-01,ZAF,BRA,0.1422,2,False
2022-02-01,ZAF,BRA,0.0667,1,False
2022-03-01,ZAF,BRA,0.0724,1,False
2022-04-01,ZAF,BRA,0.0711,1,False
2022-05-01,ZAF,BRA,0.0408,3,True
2022-06-01,ZAF,BRA,0.0522,3,False
2022-07-01,ZAF,BRA,0.1172,1,False
2022-08-01,ZAF,BRA,0.1686,1,False
2022-09-01,ZAF,BRA,0.2084,3,False
2022-10-01,ZAF,BRA,0.1063,1,False
2022-11-01,ZAF,BRA,0.1861,1,False
2022-12-01,ZAF,BRA,0.2526,4,False
2023-01-01,ZAF,BRA,0.2466,4,False
2023-02-01,ZAF,BRA,0.2207,4,False
2023-03-01,ZAF,BRA,0.1896,4,False
2023-04-01,ZAF,BRA,0.1492,4,False
2023-05-01,ZAF,BRA,0.2313,1,False
2023-06-01,ZAF,BRA,0.1786,1,False
2023-07-01,ZAF,BRA,0.1192,1,False
2023-08-01,ZAF,BRA,0.0566,1,False
2023-09-01,ZAF,BRA,0.0196,1,True
2023-10-01,ZAF,BRA,0.025,1,True
2023-11-01,ZAF,BRA,0.0173,1,True
2023-12-01,ZAF,BRA,0.0076,1,True
2024-01-01,ZAF,BRA,0.0047,1,True
2024-02-01,ZAF,BRA,0.003,1,True
2024-03-01,ZAF,BRA,0.004,1,True
2024-04-01,ZAF,BRA,0.0041,1,True
2024-05-01,ZAF,BRA,0.004,1,True
2024-06-01,ZAF,BRA,0.0144,1,True
2024-07-01,ZAF,BRA,0.0087,1,True
2024-08-01,ZAF,BRA,0.0172,1,True
2024-09-01,ZAF,BRA,0.0647,1,False
2024-10-01,ZAF,BRA,0.1142,1,False
2024-11-01,ZAF,BRA,0.1038,1,False
2024-12-01,ZAF,BRA,0.0856,3,False
2025-01-01,ZAF,BRA,0.1093,3,False
2025-02-01,ZAF,BRA,0.1788,3,False
2025-03-01,ZAF,BRA,0.1772,3,False
2025-04-01,ZAF,BRA,0.2557,3,False
2025-05-01,ZAF,BRA,0.2875,3,False
2025-06-01,ZAF,BRA,0.4322,3,False
2025-07-01,ZAF,BRA,0.4942,3,False
2025-08-01,ZAF,BRA,0.4145,3,False
2025-09-01,ZAF,BRA,0.3033,3,False
2025-10-01,ZAF,BRA,0.3407,4,False
2025-11-01,ZAF,BRA,0.3166,4,False
2025-12-01,ZAF,BRA,0.3277,4,False
2026-01-01,ZAF,BRA,0.0886,4,False
2026-02-01,ZAF,BRA,0.1349,4,False
2026-03-01,ZAF,BRA,0.0515,4,False
2015-01-01,ZAF,MEX,0.3175,2,False
2015-02-01,ZAF,MEX,0.3462,2,False
2015-03-01,ZAF,MEX,0.2982,2,False
2015-04-01,ZAF,MEX,0.2834,1,False
2015-05-01,ZAF,MEX,0.3629,2,False
2015-06-01,ZAF,MEX,0.6073,1,False
2015-07-01,ZAF,MEX,0.7333,2,False
2015-08-01,ZAF,MEX,0.6788,3,False
2015-09-01,ZAF,MEX,0.5481,2,False
2015-10-01,ZAF,MEX,0.6285,2,False
2015-11-01,ZAF,MEX,0.6104,4,False
2015-12-01,ZAF,MEX,0.5019,4,False
2016-01-01,ZAF,MEX,0.1977,1,False
2016-02-01,ZAF,MEX,0.1559,1,False
2016-03-01,ZAF,MEX,0.0773,1,False
2016-04-01,ZAF,MEX,0.0464,1,True
2016-05-01,ZAF,MEX,0.0375,1,True
2016-06-01,ZAF,MEX,0.0465,1,True
2016-07-01,ZAF,MEX,0.0477,1,True
2016-08-01,ZAF,MEX,0.038,1,True
2016-09-01,ZAF,MEX,0.0362,1,True
2016-10-01,ZAF,MEX,0.0492,1,True
2016-11-01,ZAF,MEX,0.0566,1,False
2016-12-01,ZAF,MEX,0.0465,1,True
2017-01-01,ZAF,MEX,0.1066,2,False
2017-02-01,ZAF,MEX,0.0601,2,False
2017-03-01,ZAF,MEX,0.0193,2,True
2017-04-01,ZAF,MEX,0.0195,2,True
2017-05-01,ZAF,MEX,0.0182,2,True
2017-06-01,ZAF,MEX,0.0472,2,True
2017-07-01,ZAF,MEX,0.072,2,False
2017-08-01,ZAF,MEX,0.1212,2,False
2017-09-01,ZAF,MEX,0.1434,2,False
2017-10-01,ZAF,MEX,0.1469,2,False
2017-11-01,ZAF,MEX,0.1806,2,False
2017-12-01,ZAF,MEX,0.2313,4,False
2018-01-01,ZAF,MEX,0.2789,2,False
2018-02-01,ZAF,MEX,0.0979,2,False
2018-03-01,ZAF,MEX,0.0961,2,False
2018-04-01,ZAF,MEX,0.0994,2,False
2018-05-01,ZAF,MEX,0.0167,4,True
2018-06-01,ZAF,MEX,0.0038,3,True
2018-07-01,ZAF,MEX,0.0073,4,True
2018-08-01,ZAF,MEX,0.0019,3,True
2018-09-01,ZAF,MEX,0.0018,3,True
2018-10-01,ZAF,MEX,0.008,3,True
2018-11-01,ZAF,MEX,0.005,3,True
2018-12-01,ZAF,MEX,0.0403,3,True
2019-01-01,ZAF,MEX,0.0247,3,True
2019-02-01,ZAF,MEX,0.049,3,True
2019-03-01,ZAF,MEX,0.0646,3,False
2019-04-01,ZAF,MEX,0.059,1,False
2019-05-01,ZAF,MEX,0.048,3,True
2019-06-01,ZAF,MEX,0.0412,3,True
2019-07-01,ZAF,MEX,0.0289,3,True
2019-08-01,ZAF,MEX,0.0159,3,True
2019-09-01,ZAF,MEX,0.0146,4,True
2019-10-01,ZAF,MEX,0.0047,3,True
2019-11-01,ZAF,MEX,0.0058,3,True
2019-12-01,ZAF,MEX,0.0027,1,True
2020-01-01,ZAF,MEX,0.0006,1,True
2020-02-01,ZAF,MEX,0.012,2,True
2020-03-01,ZAF,MEX,0.0401,1,True
2020-04-01,ZAF,MEX,0.0071,1,True
2020-05-01,ZAF,MEX,0.0055,1,True
2020-06-01,ZAF,MEX,0.0116,1,True
2020-07-01,ZAF,MEX,0.0141,1,True
2020-08-01,ZAF,MEX,0.0168,2,True
2020-09-01,ZAF,MEX,0.0095,1,True
2020-10-01,ZAF,MEX,0.0258,1,True
2020-11-01,ZAF,MEX,0.0359,2,True
2020-12-01,ZAF,MEX,0.0678,2,False
2021-01-01,ZAF,MEX,0.0561,2,False
2021-02-01,ZAF,MEX,0.1454,2,False
2021-03-01,ZAF,MEX,0.0922,2,False
2021-04-01,ZAF,MEX,0.0974,2,False
2021-05-01,ZAF,MEX,0.0698,2,False
2021-06-01,ZAF,MEX,0.0255,2,True
2021-07-01,ZAF,MEX,0.0346,2,True
2021-08-01,ZAF,MEX,0.0176,2,True
2021-09-01,ZAF,MEX,0.0312,2,True
2021-10-01,ZAF,MEX,0.0419,2,True
2021-11-01,ZAF,MEX,0.0302,1,True
2021-12-01,ZAF,MEX,0.0766,1,False
2022-01-01,ZAF,MEX,0.0856,1,False
2022-02-01,ZAF,MEX,0.124,2,False
2022-03-01,ZAF,MEX,0.1185,2,False
2022-04-01,ZAF,MEX,0.1602,2,False
2022-05-01,ZAF,MEX,0.2377,2,False
2022-06-01,ZAF,MEX,0.205,2,False
2022-07-01,ZAF,MEX,0.1759,2,False
2022-08-01,ZAF,MEX,0.1961,2,False
2022-09-01,ZAF,MEX,0.177,2,False
2022-10-01,ZAF,MEX,0.1249,2,False
2022-11-01,ZAF,MEX,0.1399,2,False
2022-12-01,ZAF,MEX,0.1293,3,False
2023-01-01,ZAF,MEX,0.1433,2,False
2023-02-01,ZAF,MEX,0.1956,2,False
2023-03-01,ZAF,MEX,0.1035,4,False
2023-04-01,ZAF,MEX,0.0367,4,True
2023-05-01,ZAF,MEX,0.1519,3,False
2023-06-01,ZAF,MEX,0.2216,1,False
2023-07-01,ZAF,MEX,0.2108,4,False
2023-08-01,ZAF,MEX,0.1422,3,False
2023-09-01,ZAF,MEX,0.1504,3,False
2023-10-01,ZAF,MEX,0.128,4,False
2023-11-01,ZAF,MEX,0.0935,3,False
2023-12-01,ZAF,MEX,0.1724,3,False
2024-01-01,ZAF,MEX,0.207,3,False
2024-02-01,ZAF,MEX,0.1217,3,False
2024-03-01,ZAF,MEX,0.1428,3,False
2024-04-01,ZAF,MEX,0.1078,4,False
2024-05-01,ZAF,MEX,0.0904,1,False
2024-06-01,ZAF,MEX,0.0997,3,False
2024-07-01,ZAF,MEX,0.1588,3,False
2024-08-01,ZAF,MEX,0.1594,1,False
2024-09-01,ZAF,MEX,0.1364,1,False
2024-10-01,ZAF,MEX,0.1496,1,False
2024-11-01,ZAF,MEX,0.1068,1,False
2024-12-01,ZAF,MEX,0.2057,3,False
2025-01-01,ZAF,MEX,0.1509,3,False
2025-02-01,ZAF,MEX,0.1989,3,False
2025-03-01,ZAF,MEX,0.3973,1,False
2025-04-01,ZAF,MEX,0.1926,1,False
2025-05-01,ZAF,MEX,0.1784,1,False
2025-06-01,ZAF,MEX,0.1992,1,False
2025-07-01,ZAF,MEX,0.2872,1,False
2025-08-01,ZAF,MEX,0.2976,1,False
2025-09-01,ZAF,MEX,0.2824,1,False
2025-10-01,ZAF,MEX,0.2388,1,False
2025-11-01,ZAF,MEX,0.3719,1,False
2025-12-01,ZAF,MEX,0.2209,2,False
2026-01-01,ZAF,MEX,0.2145,2,False
2026-02-01,ZAF,MEX,0.254,2,False
2026-03-01,ZAF,MEX,0.4163,2,False
2015-01-01,ZAF,SGP,0.0886,1,False
2015-02-01,ZAF,SGP,0.054,1,False
2015-03-01,ZAF,SGP,0.1327,1,False
2015-04-01,ZAF,SGP,0.1391,1,False
2015-05-01,ZAF,SGP,0.2749,1,False
2015-06-01,ZAF,SGP,0.316,1,False
2015-07-01,ZAF,SGP,0.3062,1,False
2015-08-01,ZAF,SGP,0.3981,1,False
2015-09-01,ZAF,SGP,0.4522,1,False
2015-10-01,ZAF,SGP,0.5228,2,False
2015-11-01,ZAF,SGP,0.4719,1,False
2015-12-01,ZAF,SGP,0.3933,1,False
2016-01-01,ZAF,SGP,0.5814,3,False
2016-02-01,ZAF,SGP,0.5639,3,False
2016-03-01,ZAF,SGP,0.6404,2,False
2016-04-01,ZAF,SGP,0.7561,3,False
2016-05-01,ZAF,SGP,0.7687,3,False
2016-06-01,ZAF,SGP,0.6818,4,False
2016-07-01,ZAF,SGP,0.5016,3,False
2016-08-01,ZAF,SGP,0.4464,3,False
2016-09-01,ZAF,SGP,0.2008,4,False
2016-10-01,ZAF,SGP,0.1578,4,False
2016-11-01,ZAF,SGP,0.1616,4,False
2016-12-01,ZAF,SGP,0.1018,4,False
2017-01-01,ZAF,SGP,0.1656,4,False
2017-02-01,ZAF,SGP,0.1741,2,False
2017-03-01,ZAF,SGP,0.3232,4,False
2017-04-01,ZAF,SGP,0.4021,4,False
2017-05-01,ZAF,SGP,0.1312,4,False
2017-06-01,ZAF,SGP,0.0684,4,False
2017-07-01,ZAF,SGP,0.0722,4,False
2017-08-01,ZAF,SGP,0.0481,4,True
2017-09-01,ZAF,SGP,0.0676,4,False
2017-10-01,ZAF,SGP,0.0788,4,False
2017-11-01,ZAF,SGP,0.0274,4,True
2017-12-01,ZAF,SGP,0.02,4,True
2018-01-01,ZAF,SGP,0.0188,4,True
2018-02-01,ZAF,SGP,0.0177,4,True
2018-03-01,ZAF,SGP,0.0147,4,True
2018-04-01,ZAF,SGP,0.0204,4,True
2018-05-01,ZAF,SGP,0.0158,4,True
2018-06-01,ZAF,SGP,0.1266,4,False
2018-07-01,ZAF,SGP,0.1005,4,False
2018-08-01,ZAF,SGP,0.0912,4,False
2018-09-01,ZAF,SGP,0.0447,4,True
2018-10-01,ZAF,SGP,0.0339,4,True
2018-11-01,ZAF,SGP,0.0318,4,True
2018-12-01,ZAF,SGP,0.0323,4,True
2019-01-01,ZAF,SGP,0.0536,4,False
2019-02-01,ZAF,SGP,0.0728,4,False
2019-03-01,ZAF,SGP,0.1188,4,False
2019-04-01,ZAF,SGP,0.1551,4,False
2019-05-01,ZAF,SGP,0.1523,4,False
2019-06-01,ZAF,SGP,0.2153,4,False
2019-07-01,ZAF,SGP,0.061,4,False
2019-08-01,ZAF,SGP,0.0283,4,True
2019-09-01,ZAF,SGP,0.0796,3,False
2019-10-01,ZAF,SGP,0.0354,3,True
2019-11-01,ZAF,SGP,0.0438,3,True
2019-12-01,ZAF,SGP,0.0378,3,True
2020-01-01,ZAF,SGP,0.0561,3,False
2020-02-01,ZAF,SGP,0.0419,3,True
2020-03-01,ZAF,SGP,0.0545,1,False
2020-04-01,ZAF,SGP,0.1024,1,False
2020-05-01,ZAF,SGP,0.0429,1,True
2020-06-01,ZAF,SGP,0.2533,1,False
2020-07-01,ZAF,SGP,0.4202,1,False
2020-08-01,ZAF,SGP,0.1725,1,False
2020-09-01,ZAF,SGP,0.5863,1,False
2020-10-01,ZAF,SGP,0.5681,2,False
2020-11-01,ZAF,SGP,0.5691,2,False
2020-12-01,ZAF,SGP,0.5768,2,False
2021-01-01,ZAF,SGP,0.5948,2,False
2021-02-01,ZAF,SGP,0.6765,2,False
2021-03-01,ZAF,SGP,0.783,3,False
2021-04-01,ZAF,SGP,0.6468,2,False
2021-05-01,ZAF,SGP,0.4264,1,False
2021-06-01,ZAF,SGP,0.3759,1,False
2021-07-01,ZAF,SGP,0.5112,1,False
2021-08-01,ZAF,SGP,0.5632,1,False
2021-09-01,ZAF,SGP,0.641,1,False
2021-10-01,ZAF,SGP,0.3773,4,False
2021-11-01,ZAF,SGP,0.3106,4,False
2021-12-01,ZAF,SGP,0.2703,4,False
2022-01-01,ZAF,SGP,0.5642,4,False
2022-02-01,ZAF,SGP,0.22,1,False
2022-03-01,ZAF,SGP,0.2054,2,False
2022-04-01,ZAF,SGP,0.1005,1,False
2022-05-01,ZAF,SGP,0.116,1,False
2022-06-01,ZAF,SGP,0.1629,3,False
2022-07-01,ZAF,SGP,0.0572,2,False
2022-08-01,ZAF,SGP,0.062,1,False
2022-09-01,ZAF,SGP,0.052,2,False
2022-10-01,ZAF,SGP,0.0304,1,True
2022-11-01,ZAF,SGP,0.0124,1,True
2022-12-01,ZAF,SGP,0.0096,1,True
2023-01-01,ZAF,SGP,0.0108,1,True
2023-02-01,ZAF,SGP,0.0118,1,True
2023-03-01,ZAF,SGP,0.0464,1,True
2023-04-01,ZAF,SGP,0.0574,1,False
2023-05-01,ZAF,SGP,0.1544,1,False
2023-06-01,ZAF,SGP,0.11,1,False
2023-07-01,ZAF,SGP,0.0439,1,True
2023-08-01,ZAF,SGP,0.0263,1,True
2023-09-01,ZAF,SGP,0.0119,1,True
2023-10-01,ZAF,SGP,0.0101,1,True
2023-11-01,ZAF,SGP,0.0106,1,True
2023-12-01,ZAF,SGP,0.0313,1,True
2024-01-01,ZAF,SGP,0.0644,1,False
2024-02-01,ZAF,SGP,0.0168,1,True
2024-03-01,ZAF,SGP,0.0052,1,True
2024-04-01,ZAF,SGP,0.0012,1,True
2024-05-01,ZAF,SGP,0.0013,1,True
2024-06-01,ZAF,SGP,0.0013,1,True
2024-07-01,ZAF,SGP,0.0011,1,True
2024-08-01,ZAF,SGP,0.0006,1,True
2024-09-01,ZAF,SGP,0.0005,1,True
2024-10-01,ZAF,SGP,0.0006,1,True
2024-11-01,ZAF,SGP,0.0006,1,True
2024-12-01,ZAF,SGP,0.0005,1,True
2025-01-01,ZAF,SGP,0.0,1,True
2025-02-01,ZAF,SGP,0.0001,1,True
2025-03-01,ZAF,SGP,0.0003,1,True
2025-04-01,ZAF,SGP,0.0008,1,True
2025-05-01,ZAF,SGP,0.0015,1,True
2025-06-01,ZAF,SGP,0.0027,1,True
2025-07-01,ZAF,SGP,0.0066,1,True
2025-08-01,ZAF,SGP,0.0118,1,True
2025-09-01,ZAF,SGP,0.0158,1,True
2025-10-01,ZAF,SGP,0.0131,1,True
2025-11-01,ZAF,SGP,0.0268,1,True
2025-12-01,ZAF,SGP,0.0327,1,True
2026-01-01,ZAF,SGP,0.0456,1,True
2026-02-01,ZAF,SGP,0.089,1,False
2026-03-01,ZAF,SGP,0.1227,1,False
2015-01-01,ZAF,KOR,0.0871,4,False
2015-02-01,ZAF,KOR,0.0763,3,False
2015-03-01,ZAF,KOR,0.0561,4,False
2015-04-01,ZAF,KOR,0.0448,3,True
2015-05-01,ZAF,KOR,0.0695,3,False
2015-06-01,ZAF,KOR,0.0677,3,False
2015-07-01,ZAF,KOR,0.166,3,False
2015-08-01,ZAF,KOR,0.2246,3,False
2015-09-01,ZAF,KOR,0.1866,3,False
2015-10-01,ZAF,KOR,0.2046,3,False
2015-11-01,ZAF,KOR,0.6142,4,False
2015-12-01,ZAF,KOR,0.2649,1,False
2016-01-01,ZAF,KOR,0.1177,1,False
2016-02-01,ZAF,KOR,0.0875,1,False
2016-03-01,ZAF,KOR,0.3722,1,False
2016-04-01,ZAF,KOR,0.4097,3,False
2016-05-01,ZAF,KOR,0.2911,3,False
2016-06-01,ZAF,KOR,0.1858,3,False
2016-07-01,ZAF,KOR,0.174,3,False
2016-08-01,ZAF,KOR,0.1481,3,False
2016-09-01,ZAF,KOR,0.1008,3,False
2016-10-01,ZAF,KOR,0.1639,3,False
2016-11-01,ZAF,KOR,0.214,3,False
2016-12-01,ZAF,KOR,0.1576,3,False
2017-01-01,ZAF,KOR,0.1564,3,False
2017-02-01,ZAF,KOR,0.0427,3,True
2017-03-01,ZAF,KOR,0.0144,3,True
2017-04-01,ZAF,KOR,0.0575,3,False
2017-05-01,ZAF,KOR,0.0554,3,False
2017-06-01,ZAF,KOR,0.0724,3,False
2017-07-01,ZAF,KOR,0.0708,3,False
2017-08-01,ZAF,KOR,0.0664,3,False
2017-09-01,ZAF,KOR,0.0885,3,False
2017-10-01,ZAF,KOR,0.1048,3,False
2017-11-01,ZAF,KOR,0.1283,3,False
2017-12-01,ZAF,KOR,0.1739,3,False
2018-01-01,ZAF,KOR,0.24,3,False
2018-02-01,ZAF,KOR,0.2616,3,False
2018-03-01,ZAF,KOR,0.2415,3,False
2018-04-01,ZAF,KOR,0.213,3,False
2018-05-01,ZAF,KOR,0.2641,3,False
2018-06-01,ZAF,KOR,0.2329,4,False
2018-07-01,ZAF,KOR,0.1836,3,False
2018-08-01,ZAF,KOR,0.1283,1,False
2018-09-01,ZAF,KOR,0.0296,1,True
2018-10-01,ZAF,KOR,0.0463,1,True
2018-11-01,ZAF,KOR,0.1099,1,False
2018-12-01,ZAF,KOR,0.1419,1,False
2019-01-01,ZAF,KOR,0.1598,1,False
2019-02-01,ZAF,KOR,0.1156,1,False
2019-03-01,ZAF,KOR,0.0714,1,False
2019-04-01,ZAF,KOR,0.0427,1,True
2019-05-01,ZAF,KOR,0.0228,1,True
2019-06-01,ZAF,KOR,0.0183,1,True
2019-07-01,ZAF,KOR,0.0035,4,True
2019-08-01,ZAF,KOR,0.0009,1,True
2019-09-01,ZAF,KOR,0.001,1,True
2019-10-01,ZAF,KOR,0.0013,1,True
2019-11-01,ZAF,KOR,0.0003,2,True
2019-12-01,ZAF,KOR,0.0002,1,True
2020-01-01,ZAF,KOR,0.0003,2,True
2020-02-01,ZAF,KOR,0.0,1,True
2020-03-01,ZAF,KOR,0.0001,1,True
2020-04-01,ZAF,KOR,0.0002,1,True
2020-05-01,ZAF,KOR,0.0,1,True
2020-06-01,ZAF,KOR,0.0,1,True
2020-07-01,ZAF,KOR,0.0,1,True
2020-08-01,ZAF,KOR,0.0,1,True
2020-09-01,ZAF,KOR,0.0,1,True
2020-10-01,ZAF,KOR,0.0,1,True
2020-11-01,ZAF,KOR,0.0,1,True
2020-12-01,ZAF,KOR,0.0001,1,True
2021-01-01,ZAF,KOR,0.0003,1,True
2021-02-01,ZAF,KOR,0.0017,1,True
2021-03-01,ZAF,KOR,0.0113,2,True
2021-04-01,ZAF,KOR,0.0191,2,True
2021-05-01,ZAF,KOR,0.0253,2,True
2021-06-01,ZAF,KOR,0.018,2,True
2021-07-01,ZAF,KOR,0.0184,3,True
2021-08-01,ZAF,KOR,0.0159,3,True
2021-09-01,ZAF,KOR,0.0175,2,True
2021-10-01,ZAF,KOR,0.0301,3,True
2021-11-01,ZAF,KOR,0.0476,3,True
2021-12-01,ZAF,KOR,0.0889,2,False
2022-01-01,ZAF,KOR,0.0999,3,False
2022-02-01,ZAF,KOR,0.0675,3,False
2022-03-01,ZAF,KOR,0.0443,3,True
2022-04-01,ZAF,KOR,0.0642,2,False
2022-05-01,ZAF,KOR,0.128,3,False
2022-06-01,ZAF,KOR,0.0662,3,False
2022-07-01,ZAF,KOR,0.0593,2,False
2022-08-01,ZAF,KOR,0.0653,2,False
2022-09-01,ZAF,KOR,0.0807,3,False
2022-10-01,ZAF,KOR,0.0947,3,False
2022-11-01,ZAF,KOR,0.1053,3,False
2022-12-01,ZAF,KOR,0.0992,3,False
2023-01-01,ZAF,KOR,0.1171,3,False
2023-02-01,ZAF,KOR,0.1964,2,False
2023-03-01,ZAF,KOR,0.051,2,False
2023-04-01,ZAF,KOR,0.0265,2,True
2023-05-01,ZAF,KOR,0.0531,2,False
2023-06-01,ZAF,KOR,0.0384,2,True
2023-07-01,ZAF,KOR,0.0564,2,False
2023-08-01,ZAF,KOR,0.028,3,True
2023-09-01,ZAF,KOR,0.0153,2,True
2023-10-01,ZAF,KOR,0.0459,1,True
2023-11-01,ZAF,KOR,0.0282,2,True
2023-12-01,ZAF,KOR,0.0118,1,True
2024-01-01,ZAF,KOR,0.0058,1,True
2024-02-01,ZAF,KOR,0.0063,1,True
2024-03-01,ZAF,KOR,0.0023,1,True
2024-04-01,ZAF,KOR,0.0049,1,True
2024-05-01,ZAF,KOR,0.009,1,True
2024-06-01,ZAF,KOR,0.0041,1,True
2024-07-01,ZAF,KOR,0.0052,1,True
2024-08-01,ZAF,KOR,0.0053,1,True
2024-09-01,ZAF,KOR,0.0051,1,True
2024-10-01,ZAF,KOR,0.0055,1,True
2024-11-01,ZAF,KOR,0.004,1,True
2024-12-01,ZAF,KOR,0.0069,1,True
2025-01-01,ZAF,KOR,0.0037,1,True
2025-02-01,ZAF,KOR,0.0051,1,True
2025-03-01,ZAF,KOR,0.014,1,True
2025-04-01,ZAF,KOR,0.0259,1,True
2025-05-01,ZAF,KOR,0.0439,1,True
2025-06-01,ZAF,KOR,0.0413,1,True
2025-07-01,ZAF,KOR,0.0243,1,True
2025-08-01,ZAF,KOR,0.0797,1,False
2025-09-01,ZAF,KOR,0.082,1,False
2025-10-01,ZAF,KOR,0.0843,1,False
2025-11-01,ZAF,KOR,0.1036,1,False
2025-12-01,ZAF,KOR,0.1095,1,False
2026-01-01,ZAF,KOR,0.1513,1,False
2026-02-01,ZAF,KOR,0.2217,1,False
2026-03-01,ZAF,KOR,0.2279,1,False
2015-01-01,ZAF,GBR,0.423,1,False
2015-02-01,ZAF,GBR,0.2931,2,False
2015-03-01,ZAF,GBR,0.544,1,False
2015-04-01,ZAF,GBR,0.7597,1,False
2015-05-01,ZAF,GBR,0.5965,1,False
2015-06-01,ZAF,GBR,0.728,1,False
2015-07-01,ZAF,GBR,0.6187,1,False
2015-08-01,ZAF,GBR,0.6251,1,False
2015-09-01,ZAF,GBR,0.6915,1,False
2015-10-01,ZAF,GBR,0.7101,3,False
2015-11-01,ZAF,GBR,0.1856,1,False
2015-12-01,ZAF,GBR,0.1345,1,False
2016-01-01,ZAF,GBR,0.3819,1,False
2016-02-01,ZAF,GBR,0.1064,1,False
2016-03-01,ZAF,GBR,0.0786,1,False
2016-04-01,ZAF,GBR,0.0865,1,False
2016-05-01,ZAF,GBR,0.1261,4,False
2016-06-01,ZAF,GBR,0.137,1,False
2016-07-01,ZAF,GBR,0.1468,1,False
2016-08-01,ZAF,GBR,0.1708,1,False
2016-09-01,ZAF,GBR,0.1695,1,False
2016-10-01,ZAF,GBR,0.178,1,False
2016-11-01,ZAF,GBR,0.1598,1,False
2016-12-01,ZAF,GBR,0.2339,1,False
2017-01-01,ZAF,GBR,0.5178,1,False
2017-02-01,ZAF,GBR,0.7816,3,False
2017-03-01,ZAF,GBR,0.5519,3,False
2017-04-01,ZAF,GBR,0.6976,4,False
2017-05-01,ZAF,GBR,0.5587,4,False
2017-06-01,ZAF,GBR,0.6588,4,False
2017-07-01,ZAF,GBR,0.5225,4,False
2017-08-01,ZAF,GBR,0.4849,4,False
2017-09-01,ZAF,GBR,0.3985,1,False
2017-10-01,ZAF,GBR,0.4286,1,False
2017-11-01,ZAF,GBR,0.4806,1,False
2017-12-01,ZAF,GBR,0.3898,4,False
2018-01-01,ZAF,GBR,0.3216,4,False
2018-02-01,ZAF,GBR,0.2904,4,False
2018-03-01,ZAF,GBR,0.3322,4,False
2018-04-01,ZAF,GBR,0.0569,4,False
2018-05-01,ZAF,GBR,0.0614,4,False
2018-06-01,ZAF,GBR,0.0373,4,True
2018-07-01,ZAF,GBR,0.0176,4,True
2018-08-01,ZAF,GBR,0.0078,4,True
2018-09-01,ZAF,GBR,0.0079,4,True
2018-10-01,ZAF,GBR,0.0147,4,True
2018-11-01,ZAF,GBR,0.0022,4,True
2018-12-01,ZAF,GBR,0.0019,4,True
2019-01-01,ZAF,GBR,0.0052,4,True
2019-02-01,ZAF,GBR,0.0075,4,True
2019-03-01,ZAF,GBR,0.0148,4,True
2019-04-01,ZAF,GBR,0.0166,4,True
2019-05-01,ZAF,GBR,0.0383,4,True
2019-06-01,ZAF,GBR,0.0593,4,False
2019-07-01,ZAF,GBR,0.0967,4,False
2019-08-01,ZAF,GBR,0.1011,4,False
2019-09-01,ZAF,GBR,0.0739,4,False
2019-10-01,ZAF,GBR,0.0714,4,False
2019-11-01,ZAF,GBR,0.1853,4,False
2019-12-01,ZAF,GBR,0.2261,4,False
2020-01-01,ZAF,GBR,0.2072,4,False
2020-02-01,ZAF,GBR,0.2239,4,False
2020-03-01,ZAF,GBR,0.1473,1,False
2020-04-01,ZAF,GBR,0.0925,1,False
2020-05-01,ZAF,GBR,0.09,1,False
2020-06-01,ZAF,GBR,0.0473,1,True
2020-07-01,ZAF,GBR,0.0337,1,True
2020-08-01,ZAF,GBR,0.0101,4,True
2020-09-01,ZAF,GBR,0.015,3,True
2020-10-01,ZAF,GBR,0.003,2,True
2020-11-01,ZAF,GBR,0.003,1,True
2020-12-01,ZAF,GBR,0.0033,4,True
2021-01-01,ZAF,GBR,0.0025,4,True
2021-02-01,ZAF,GBR,0.0018,4,True
2021-03-01,ZAF,GBR,0.0048,1,True
2021-04-01,ZAF,GBR,0.0075,1,True
2021-05-01,ZAF,GBR,0.0395,1,True
2021-06-01,ZAF,GBR,0.0813,4,False
2021-07-01,ZAF,GBR,0.0422,4,True
2021-08-01,ZAF,GBR,0.082,4,False
2021-09-01,ZAF,GBR,0.0635,4,False
2021-10-01,ZAF,GBR,0.0605,4,False
2021-11-01,ZAF,GBR,0.0366,3,True
2021-12-01,ZAF,GBR,0.086,2,False
2022-01-01,ZAF,GBR,0.0426,1,True
2022-02-01,ZAF,GBR,0.0684,1,False
2022-03-01,ZAF,GBR,0.011,3,True
2022-04-01,ZAF,GBR,0.0016,2,True
2022-05-01,ZAF,GBR,0.0003,1,True
2022-06-01,ZAF,GBR,0.0007,1,True
2022-07-01,ZAF,GBR,0.0001,1,True
2022-08-01,ZAF,GBR,0.0,1,True
2022-09-01,ZAF,GBR,0.0,1,True
2022-10-01,ZAF,GBR,0.0,1,True
2022-11-01,ZAF,GBR,0.0,1,True
2022-12-01,ZAF,GBR,0.0,1,True
2023-01-01,ZAF,GBR,0.0,1,True
2023-02-01,ZAF,GBR,0.0,1,True
2023-03-01,ZAF,GBR,0.0,1,True
2023-04-01,ZAF,GBR,0.0,1,True
2023-05-01,ZAF,GBR,0.0,1,True
2023-06-01,ZAF,GBR,0.0,1,True
2023-07-01,ZAF,GBR,0.0,1,True
2023-08-01,ZAF,GBR,0.0,1,True
2023-09-01,ZAF,GBR,0.0,1,True
2023-10-01,ZAF,GBR,0.0,1,True
2023-11-01,ZAF,GBR,0.0,1,True
2023-12-01,ZAF,GBR,0.0,1,True
2024-01-01,ZAF,GBR,0.0,1,True
2024-02-01,ZAF,GBR,0.0,1,True
2024-03-01,ZAF,GBR,0.0,1,True
2024-04-01,ZAF,GBR,0.0,1,True
2024-05-01,ZAF,GBR,0.0,1,True
2024-06-01,ZAF,GBR,0.0,1,True
2024-07-01,ZAF,GBR,0.0,1,True
2024-08-01,ZAF,GBR,0.0,1,True
2024-09-01,ZAF,GBR,0.0,1,True
2024-10-01,ZAF,GBR,0.0,1,True
2024-11-01,ZAF,GBR,0.0,1,True
2024-12-01,ZAF,GBR,0.0,1,True
2025-01-01,ZAF,GBR,0.0,1,True
2025-02-01,ZAF,GBR,0.0,1,True
2025-03-01,ZAF,GBR,0.0,1,True
2025-04-01,ZAF,GBR,0.0001,1,True
2025-05-01,ZAF,GBR,0.0003,1,True
2025-06-01,ZAF,GBR,0.001,3,True
2025-07-01,ZAF,GBR,0.0018,2,True
2025-08-01,ZAF,GBR,0.005,3,True
2025-09-01,ZAF,GBR,0.0189,2,True
2025-10-01,ZAF,GBR,0.0182,2,True
2025-11-01,ZAF,GBR,0.0032,4,True
2025-12-01,ZAF,GBR,0.0091,3,True
2026-01-01,ZAF,GBR,0.0012,4,True
2026-02-01,ZAF,GBR,0.0005,4,True
2026-03-01,ZAF,GBR,0.0014,4,True
2015-01-01,ZAF,USA,0.3649,3,False
2015-02-01,ZAF,USA,0.2796,1,False
2015-03-01,ZAF,USA,0.245,1,False
2015-04-01,ZAF,USA,0.2871,1,False
2015-05-01,ZAF,USA,0.5029,2,False
2015-06-01,ZAF,USA,0.7266,1,False
2015-07-01,ZAF,USA,0.6257,1,False
2015-08-01,ZAF,USA,0.8662,2,False
2015-09-01,ZAF,USA,0.7446,2,False
2015-10-01,ZAF,USA,0.3819,1,False
2015-11-01,ZAF,USA,0.2639,1,False
2015-12-01,ZAF,USA,0.2584,1,False
2016-01-01,ZAF,USA,0.4203,1,False
2016-02-01,ZAF,USA,0.2461,1,False
2016-03-01,ZAF,USA,0.3272,1,False
2016-04-01,ZAF,USA,0.2508,1,False
2016-05-01,ZAF,USA,0.3226,1,False
2016-06-01,ZAF,USA,0.2944,1,False
2016-07-01,ZAF,USA,0.2782,1,False
2016-08-01,ZAF,USA,0.2686,1,False
2016-09-01,ZAF,USA,0.2455,1,False
2016-10-01,ZAF,USA,0.2852,1,False
2016-11-01,ZAF,USA,0.38,1,False
2016-12-01,ZAF,USA,0.5226,2,False
2017-01-01,ZAF,USA,0.4397,2,False
2017-02-01,ZAF,USA,0.4745,2,False
2017-03-01,ZAF,USA,0.4634,2,False
2017-04-01,ZAF,USA,0.4139,1,False
2017-05-01,ZAF,USA,0.4872,2,False
2017-06-01,ZAF,USA,0.6146,2,False
2017-07-01,ZAF,USA,0.4309,2,False
2017-08-01,ZAF,USA,0.5242,2,False
2017-09-01,ZAF,USA,0.4436,1,False
2017-10-01,ZAF,USA,0.5533,1,False
2017-11-01,ZAF,USA,0.477,1,False
2017-12-01,ZAF,USA,0.7037,1,False
2018-01-01,ZAF,USA,0.7887,1,False
2018-02-01,ZAF,USA,0.761,1,False
2018-03-01,ZAF,USA,0.4894,1,False
2018-04-01,ZAF,USA,0.4759,1,False
2018-05-01,ZAF,USA,0.5391,1,False
2018-06-01,ZAF,USA,0.4491,2,False
2018-07-01,ZAF,USA,0.4925,1,False
2018-08-01,ZAF,USA,0.837,2,False
2018-09-01,ZAF,USA,0.5146,1,False
2018-10-01,ZAF,USA,0.4874,1,False
2018-11-01,ZAF,USA,0.6478,1,False
2018-12-01,ZAF,USA,0.6235,1,False
2019-01-01,ZAF,USA,0.712,1,False
2019-02-01,ZAF,USA,0.7945,1,False
2019-03-01,ZAF,USA,0.7594,1,False
2019-04-01,ZAF,USA,0.4162,1,False
2019-05-01,ZAF,USA,0.6582,1,False
2019-06-01,ZAF,USA,0.7164,1,False
2019-07-01,ZAF,USA,0.766,1,False
2019-08-01,ZAF,USA,0.5858,1,False
2019-09-01,ZAF,USA,0.6059,1,False
2019-10-01,ZAF,USA,0.5619,1,False
2019-11-01,ZAF,USA,0.9118,3,False
2019-12-01,ZAF,USA,0.4818,1,False
2020-01-01,ZAF,USA,0.447,1,False
2020-02-01,ZAF,USA,0.5458,1,False
2020-03-01,ZAF,USA,0.932,1,False
2020-04-01,ZAF,USA,0.9366,2,False
2020-05-01,ZAF,USA,0.5651,1,False
2020-06-01,ZAF,USA,0.6747,1,False
2020-07-01,ZAF,USA,0.3988,1,False
2020-08-01,ZAF,USA,0.2442,1,False
2020-09-01,ZAF,USA,0.0963,4,False
2020-10-01,ZAF,USA,0.0239,3,True
2020-11-01,ZAF,USA,0.0123,2,True
2020-12-01,ZAF,USA,0.0015,1,True
2021-01-01,ZAF,USA,0.0047,1,True
2021-02-01,ZAF,USA,0.02,1,True
2021-03-01,ZAF,USA,0.0284,1,True
2021-04-01,ZAF,USA,0.0449,1,True
2021-05-01,ZAF,USA,0.0877,1,False
2021-06-01,ZAF,USA,0.055,1,False
2021-07-01,ZAF,USA,0.076,1,False
2021-08-01,ZAF,USA,0.1277,1,False
2021-09-01,ZAF,USA,0.1899,1,False
2021-10-01,ZAF,USA,0.3758,1,False
2021-11-01,ZAF,USA,0.4924,2,False
2021-12-01,ZAF,USA,0.4698,2,False
2022-01-01,ZAF,USA,0.3757,1,False
2022-02-01,ZAF,USA,0.0515,4,False
2022-03-01,ZAF,USA,0.0223,3,True
2022-04-01,ZAF,USA,0.0128,2,True
2022-05-01,ZAF,USA,0.0084,1,True
2022-06-01,ZAF,USA,0.0042,4,True
2022-07-01,ZAF,USA,0.0009,4,True
2022-08-01,ZAF,USA,0.0013,3,True
2022-09-01,ZAF,USA,0.0004,2,True
2022-10-01,ZAF,USA,0.0,1,True
2022-11-01,ZAF,USA,0.0,1,True
2022-12-01,ZAF,USA,0.0,1,True
2023-01-01,ZAF,USA,0.0,1,True
2023-02-01,ZAF,USA,0.0,1,True
2023-03-01,ZAF,USA,0.0,1,True
2023-04-01,ZAF,USA,0.0,1,True
2023-05-01,ZAF,USA,0.0001,1,True
2023-06-01,ZAF,USA,0.0001,1,True
2023-07-01,ZAF,USA,0.0003,1,True
2023-08-01,ZAF,USA,0.0012,1,True
2023-09-01,ZAF,USA,0.0209,1,True
2023-10-01,ZAF,USA,0.0699,1,False
2023-11-01,ZAF,USA,0.0981,3,False
2023-12-01,ZAF,USA,0.0889,3,False
2024-01-01,ZAF,USA,0.0965,3,False
2024-02-01,ZAF,USA,0.0558,3,False
2024-03-01,ZAF,USA,0.0826,3,False
2024-04-01,ZAF,USA,0.0762,3,False
2024-05-01,ZAF,USA,0.0862,3,False
2024-06-01,ZAF,USA,0.1842,3,False
2024-07-01,ZAF,USA,0.1999,3,False
2024-08-01,ZAF,USA,0.2372,3,False
2024-09-01,ZAF,USA,0.2341,3,False
2024-10-01,ZAF,USA,0.2489,3,False
2024-11-01,ZAF,USA,0.2724,2,False
2024-12-01,ZAF,USA,0.1873,4,False
2025-01-01,ZAF,USA,0.2213,2,False
2025-02-01,ZAF,USA,0.1341,1,False
2025-03-01,ZAF,USA,0.1678,1,False
2025-04-01,ZAF,USA,0.2542,1,False
2025-05-01,ZAF,USA,0.3227,1,False
2025-06-01,ZAF,USA,0.4897,1,False
2025-07-01,ZAF,USA,0.7715,4,False
2025-08-01,ZAF,USA,0.5132,1,False
2025-09-01,ZAF,USA,0.5748,1,False
2025-10-01,ZAF,USA,0.6869,3,False
2025-11-01,ZAF,USA,0.7169,2,False
2025-12-01,ZAF,USA,0.6832,3,False
2026-01-01,ZAF,USA,0.6801,2,False
2026-02-01,ZAF,USA,0.6181,1,False
2026-03-01,ZAF,USA,0.7338,1,False
2015-01-01,ZAF,DEU,0.1132,2,False
2015-02-01,ZAF,DEU,0.0224,1,True
2015-03-01,ZAF,DEU,0.0508,1,False
2015-04-01,ZAF,DEU,0.0514,1,False
2015-05-01,ZAF,DEU,0.066,1,False
2015-06-01,ZAF,DEU,0.0378,1,True
2015-07-01,ZAF,DEU,0.0917,1,False
2015-08-01,ZAF,DEU,0.0498,1,True
2015-09-01,ZAF,DEU,0.0584,1,False
2015-10-01,ZAF,DEU,0.076,1,False
2015-11-01,ZAF,DEU,0.4516,1,False
2015-12-01,ZAF,DEU,0.5133,1,False
2016-01-01,ZAF,DEU,0.3876,1,False
2016-02-01,ZAF,DEU,0.4606,1,False
2016-03-01,ZAF,DEU,0.406,1,False
2016-04-01,ZAF,DEU,0.3985,1,False
2016-05-01,ZAF,DEU,0.1801,1,False
2016-06-01,ZAF,DEU,0.1819,1,False
2016-07-01,ZAF,DEU,0.1418,1,False
2016-08-01,ZAF,DEU,0.1685,1,False
2016-09-01,ZAF,DEU,0.1506,1,False
2016-10-01,ZAF,DEU,0.1699,1,False
2016-11-01,ZAF,DEU,0.1617,1,False
2016-12-01,ZAF,DEU,0.1535,1,False
2017-01-01,ZAF,DEU,0.2983,1,False
2017-02-01,ZAF,DEU,0.4712,1,False
2017-03-01,ZAF,DEU,0.5482,1,False
2017-04-01,ZAF,DEU,0.6534,1,False
2017-05-01,ZAF,DEU,0.4488,1,False
2017-06-01,ZAF,DEU,0.3039,1,False
2017-07-01,ZAF,DEU,0.4012,1,False
2017-08-01,ZAF,DEU,0.3849,1,False
2017-09-01,ZAF,DEU,0.5943,1,False
2017-10-01,ZAF,DEU,0.6229,1,False
2017-11-01,ZAF,DEU,0.8328,3,False
2017-12-01,ZAF,DEU,0.8609,2,False
2018-01-01,ZAF,DEU,0.8688,2,False
2018-02-01,ZAF,DEU,0.8803,2,False
2018-03-01,ZAF,DEU,0.634,4,False
2018-04-01,ZAF,DEU,0.5729,3,False
2018-05-01,ZAF,DEU,0.2719,4,False
2018-06-01,ZAF,DEU,0.3477,4,False
2018-07-01,ZAF,DEU,0.2886,4,False
2018-08-01,ZAF,DEU,0.0288,4,True
2018-09-01,ZAF,DEU,0.0197,4,True
2018-10-01,ZAF,DEU,0.0261,4,True
2018-11-01,ZAF,DEU,0.0266,2,True
2018-12-01,ZAF,DEU,0.153,2,False
2019-01-01,ZAF,DEU,0.1078,4,False
2019-02-01,ZAF,DEU,0.1037,4,False
2019-03-01,ZAF,DEU,0.1093,2,False
2019-04-01,ZAF,DEU,0.0548,1,False
2019-05-01,ZAF,DEU,0.0777,1,False
2019-06-01,ZAF,DEU,0.0378,2,True
2019-07-01,ZAF,DEU,0.0059,1,True
2019-08-01,ZAF,DEU,0.0107,1,True
2019-09-01,ZAF,DEU,0.0358,1,True
2019-10-01,ZAF,DEU,0.0457,1,True
2019-11-01,ZAF,DEU,0.0266,1,True
2019-12-01,ZAF,DEU,0.1256,1,False
2020-01-01,ZAF,DEU,0.3113,1,False
2020-02-01,ZAF,DEU,0.5291,2,False
2020-03-01,ZAF,DEU,0.7579,2,False
2020-04-01,ZAF,DEU,0.5796,1,False
2020-05-01,ZAF,DEU,0.758,2,False
2020-06-01,ZAF,DEU,0.8792,2,False
2020-07-01,ZAF,DEU,0.7163,4,False
2020-08-01,ZAF,DEU,0.3496,4,False
2020-09-01,ZAF,DEU,0.1989,2,False
2020-10-01,ZAF,DEU,0.0453,1,True
2020-11-01,ZAF,DEU,0.0176,1,True
2020-12-01,ZAF,DEU,0.0171,1,True
2021-01-01,ZAF,DEU,0.0153,1,True
2021-02-01,ZAF,DEU,0.0457,1,True
2021-03-01,ZAF,DEU,0.0764,3,False
2021-04-01,ZAF,DEU,0.0446,2,True
2021-05-01,ZAF,DEU,0.0199,3,True
2021-06-01,ZAF,DEU,0.0084,3,True
2021-07-01,ZAF,DEU,0.0166,2,True
2021-08-01,ZAF,DEU,0.038,1,True
2021-09-01,ZAF,DEU,0.0957,2,False
2021-10-01,ZAF,DEU,0.1221,3,False
2021-11-01,ZAF,DEU,0.1116,3,False
2021-12-01,ZAF,DEU,0.3017,2,False
2022-01-01,ZAF,DEU,0.2041,2,False
2022-02-01,ZAF,DEU,0.544,4,False
2022-03-01,ZAF,DEU,0.3926,4,False
2022-04-01,ZAF,DEU,0.6469,4,False
2022-05-01,ZAF,DEU,0.6191,1,False
2022-06-01,ZAF,DEU,0.5851,3,False
2022-07-01,ZAF,DEU,0.2443,2,False
2022-08-01,ZAF,DEU,0.1205,2,False
2022-09-01,ZAF,DEU,0.0584,1,False
2022-10-01,ZAF,DEU,0.0179,1,True
2022-11-01,ZAF,DEU,0.0151,1,True
2022-12-01,ZAF,DEU,0.0092,1,True
2023-01-01,ZAF,DEU,0.0057,1,True
2023-02-01,ZAF,DEU,0.0024,1,True
2023-03-01,ZAF,DEU,0.0011,1,True
2023-04-01,ZAF,DEU,0.0001,1,True
2023-05-01,ZAF,DEU,0.0001,1,True
2023-06-01,ZAF,DEU,0.0,1,True
2023-07-01,ZAF,DEU,0.0001,1,True
2023-08-01,ZAF,DEU,0.0001,1,True
2023-09-01,ZAF,DEU,0.0001,1,True
2023-10-01,ZAF,DEU,0.0003,1,True
2023-11-01,ZAF,DEU,0.0007,1,True
2023-12-01,ZAF,DEU,0.002,1,True
2024-01-01,ZAF,DEU,0.0045,1,True
2024-02-01,ZAF,DEU,0.0008,1,True
2024-03-01,ZAF,DEU,0.0012,1,True
2024-04-01,ZAF,DEU,0.0002,1,True
2024-05-01,ZAF,DEU,0.0002,1,True
2024-06-01,ZAF,DEU,0.0003,1,True
2024-07-01,ZAF,DEU,0.0004,1,True
2024-08-01,ZAF,DEU,0.0002,1,True
2024-09-01,ZAF,DEU,0.0001,1,True
2024-10-01,ZAF,DEU,0.0002,1,True
2024-11-01,ZAF,DEU,0.0001,1,True
2024-12-01,ZAF,DEU,0.0002,1,True
2025-01-01,ZAF,DEU,0.0,1,True
2025-02-01,ZAF,DEU,0.0,1,True
2025-03-01,ZAF,DEU,0.0001,1,True
2025-04-01,ZAF,DEU,0.0002,1,True
2025-05-01,ZAF,DEU,0.0005,1,True
2025-06-01,ZAF,DEU,0.0009,1,True
2025-07-01,ZAF,DEU,0.0064,1,True
2025-08-01,ZAF,DEU,0.0161,1,True
2025-09-01,ZAF,DEU,0.0549,1,False
2025-10-01,ZAF,DEU,0.1205,1,False
2025-11-01,ZAF,DEU,0.1295,1,False
2025-12-01,ZAF,DEU,0.2898,1,False
2026-01-01,ZAF,DEU,0.2389,3,False
2026-02-01,ZAF,DEU,0.2344,3,False
2026-03-01,ZAF,DEU,0.253,3,False
2015-01-01,ZAF,FRA,0.3941,1,False
2015-02-01,ZAF,FRA,0.2475,2,False
2015-03-01,ZAF,FRA,0.0869,1,False
2015-04-01,ZAF,FRA,0.1122,1,False
2015-05-01,ZAF,FRA,0.2128,1,False
2015-06-01,ZAF,FRA,0.2806,1,False
2015-07-01,ZAF,FRA,0.2396,1,False
2015-08-01,ZAF,FRA,0.0711,4,False
2015-09-01,ZAF,FRA,0.0544,4,False
2015-10-01,ZAF,FRA,0.0261,4,True
2015-11-01,ZAF,FRA,0.0095,3,True
2015-12-01,ZAF,FRA,0.0019,4,True
2016-01-01,ZAF,FRA,0.0014,3,True
2016-02-01,ZAF,FRA,0.0004,4,True
2016-03-01,ZAF,FRA,0.001,4,True
2016-04-01,ZAF,FRA,0.0006,3,True
2016-05-01,ZAF,FRA,0.0005,3,True
2016-06-01,ZAF,FRA,0.0009,3,True
2016-07-01,ZAF,FRA,0.0006,3,True
2016-08-01,ZAF,FRA,0.0007,3,True
2016-09-01,ZAF,FRA,0.0007,3,True
2016-10-01,ZAF,FRA,0.0006,3,True
2016-11-01,ZAF,FRA,0.0003,3,True
2016-12-01,ZAF,FRA,0.0007,3,True
2017-01-01,ZAF,FRA,0.0016,3,True
2017-02-01,ZAF,FRA,0.062,3,False
2017-03-01,ZAF,FRA,0.0301,2,True
2017-04-01,ZAF,FRA,0.0201,2,True
2017-05-01,ZAF,FRA,0.0969,1,False
2017-06-01,ZAF,FRA,0.1421,1,False
2017-07-01,ZAF,FRA,0.1771,4,False
2017-08-01,ZAF,FRA,0.223,1,False
2017-09-01,ZAF,FRA,0.3095,1,False
2017-10-01,ZAF,FRA,0.3072,1,False
2017-11-01,ZAF,FRA,0.3191,1,False
2017-12-01,ZAF,FRA,0.3584,1,False
2018-01-01,ZAF,FRA,0.3097,1,False
2018-02-01,ZAF,FRA,0.3421,1,False
2018-03-01,ZAF,FRA,0.2898,1,False
2018-04-01,ZAF,FRA,0.2758,1,False
2018-05-01,ZAF,FRA,0.2616,1,False
2018-06-01,ZAF,FRA,0.2139,1,False
2018-07-01,ZAF,FRA,0.2363,2,False
2018-08-01,ZAF,FRA,0.4339,3,False
2018-09-01,ZAF,FRA,0.3748,4,False
2018-10-01,ZAF,FRA,0.3013,4,False
2018-11-01,ZAF,FRA,0.2625,4,False
2018-12-01,ZAF,FRA,0.3176,3,False
2019-01-01,ZAF,FRA,0.4168,1,False
2019-02-01,ZAF,FRA,0.3239,1,False
2019-03-01,ZAF,FRA,0.5432,1,False
2019-04-01,ZAF,FRA,0.2827,1,False
2019-05-01,ZAF,FRA,0.2242,1,False
2019-06-01,ZAF,FRA,0.2712,1,False
2019-07-01,ZAF,FRA,0.2215,1,False
2019-08-01,ZAF,FRA,0.1683,1,False
2019-09-01,ZAF,FRA,0.0996,1,False
2019-10-01,ZAF,FRA,0.1411,1,False
2019-11-01,ZAF,FRA,0.1163,1,False
2019-12-01,ZAF,FRA,0.0918,1,False
2020-01-01,ZAF,FRA,0.391,1,False
2020-02-01,ZAF,FRA,0.4489,1,False
2020-03-01,ZAF,FRA,0.5735,1,False
2020-04-01,ZAF,FRA,0.7095,1,False
2020-05-01,ZAF,FRA,0.582,3,False
2020-06-01,ZAF,FRA,0.2245,2,False
2020-07-01,ZAF,FRA,0.0393,1,True
2020-08-01,ZAF,FRA,0.0288,1,True
2020-09-01,ZAF,FRA,0.0508,1,False
2020-10-01,ZAF,FRA,0.043,1,True
2020-11-01,ZAF,FRA,0.0273,1,True
2020-12-01,ZAF,FRA,0.0052,1,True
2021-01-01,ZAF,FRA,0.0024,4,True
2021-02-01,ZAF,FRA,0.001,3,True
2021-03-01,ZAF,FRA,0.0021,1,True
2021-04-01,ZAF,FRA,0.0007,1,True
2021-05-01,ZAF,FRA,0.0038,1,True
2021-06-01,ZAF,FRA,0.0012,1,True
2021-07-01,ZAF,FRA,0.0019,1,True
2021-08-01,ZAF,FRA,0.0059,1,True
2021-09-01,ZAF,FRA,0.0062,1,True
2021-10-01,ZAF,FRA,0.0028,1,True
2021-11-01,ZAF,FRA,0.0014,1,True
2021-12-01,ZAF,FRA,0.0025,1,True
2022-01-01,ZAF,FRA,0.0008,1,True
2022-02-01,ZAF,FRA,0.0001,1,True
2022-03-01,ZAF,FRA,0.0001,1,True
2022-04-01,ZAF,FRA,0.0,1,True
2022-05-01,ZAF,FRA,0.0,1,True
2022-06-01,ZAF,FRA,0.0,1,True
2022-07-01,ZAF,FRA,0.0,1,True
2022-08-01,ZAF,FRA,0.0,1,True
2022-09-01,ZAF,FRA,0.0,1,True
2022-10-01,ZAF,FRA,0.0,1,True
2022-11-01,ZAF,FRA,0.0,1,True
2022-12-01,ZAF,FRA,0.0,1,True
2023-01-01,ZAF,FRA,0.0,1,True
2023-02-01,ZAF,FRA,0.0,1,True
2023-03-01,ZAF,FRA,0.0,1,True
2023-04-01,ZAF,FRA,0.0,1,True
2023-05-01,ZAF,FRA,0.0,1,True
2023-06-01,ZAF,FRA,0.0,1,True
2023-07-01,ZAF,FRA,0.0002,1,True
2023-08-01,ZAF,FRA,0.0001,1,True
2023-09-01,ZAF,FRA,0.0004,1,True
2023-10-01,ZAF,FRA,0.0007,1,True
2023-11-01,ZAF,FRA,0.0008,1,True
2023-12-01,ZAF,FRA,0.0009,1,True
2024-01-01,ZAF,FRA,0.0015,1,True
2024-02-01,ZAF,FRA,0.0005,1,True
2024-03-01,ZAF,FRA,0.0003,1,True
2024-04-01,ZAF,FRA,0.0001,1,True
2024-05-01,ZAF,FRA,0.0,1,True
2024-06-01,ZAF,FRA,0.0,1,True
2024-07-01,ZAF,FRA,0.0,1,True
2024-08-01,ZAF,FRA,0.0,1,True
2024-09-01,ZAF,FRA,0.0,1,True
2024-10-01,ZAF,FRA,0.0,1,True
2024-11-01,ZAF,FRA,0.0,1,True
2024-12-01,ZAF,FRA,0.0001,1,True
2025-01-01,ZAF,FRA,0.0001,1,True
2025-02-01,ZAF,FRA,0.0001,1,True
2025-03-01,ZAF,FRA,0.0001,1,True
2025-04-01,ZAF,FRA,0.0001,1,True
2025-05-01,ZAF,FRA,0.0002,1,True
2025-06-01,ZAF,FRA,0.0008,1,True
2025-07-01,ZAF,FRA,0.0048,1,True
2025-08-01,ZAF,FRA,0.006,1,True
2025-09-01,ZAF,FRA,0.0067,1,True
2025-10-01,ZAF,FRA,0.0113,1,True
2025-11-01,ZAF,FRA,0.0078,1,True
2025-12-01,ZAF,FRA,0.0141,1,True
2026-01-01,ZAF,FRA,0.0201,1,True
2026-02-01,ZAF,FRA,0.0247,1,True
2026-03-01,ZAF,FRA,0.0302,1,True
2015-01-01,ZAF,JPN,0.0195,4,True
2015-02-01,ZAF,JPN,0.0172,4,True
2015-03-01,ZAF,JPN,0.059,4,False
2015-04-01,ZAF,JPN,0.0771,4,False
2015-05-01,ZAF,JPN,0.0945,4,False
2015-06-01,ZAF,JPN,0.1407,4,False
2015-07-01,ZAF,JPN,0.3164,4,False
2015-08-01,ZAF,JPN,0.2778,4,False
2015-09-01,ZAF,JPN,0.3979,4,False
2015-10-01,ZAF,JPN,0.3155,4,False
2015-11-01,ZAF,JPN,0.2341,4,False
2015-12-01,ZAF,JPN,0.326,4,False
2016-01-01,ZAF,JPN,0.2504,4,False
2016-02-01,ZAF,JPN,0.499,4,False
2016-03-01,ZAF,JPN,0.5938,2,False
2016-04-01,ZAF,JPN,0.4226,2,False
2016-05-01,ZAF,JPN,0.4592,2,False
2016-06-01,ZAF,JPN,0.4008,2,False
2016-07-01,ZAF,JPN,0.2585,2,False
2016-08-01,ZAF,JPN,0.1681,4,False
2016-09-01,ZAF,JPN,0.1365,4,False
2016-10-01,ZAF,JPN,0.0861,4,False
2016-11-01,ZAF,JPN,0.0782,4,False
2016-12-01,ZAF,JPN,0.0744,4,False
2017-01-01,ZAF,JPN,0.0425,3,True
2017-02-01,ZAF,JPN,0.0179,2,True
2017-03-01,ZAF,JPN,0.0212,2,True
2017-04-01,ZAF,JPN,0.0182,2,True
2017-05-01,ZAF,JPN,0.1078,2,False
2017-06-01,ZAF,JPN,0.078,3,False
2017-07-01,ZAF,JPN,0.0628,3,False
2017-08-01,ZAF,JPN,0.0517,3,False
2017-09-01,ZAF,JPN,0.0438,4,True
2017-10-01,ZAF,JPN,0.0154,4,True
2017-11-01,ZAF,JPN,0.0242,3,True
2017-12-01,ZAF,JPN,0.0102,4,True
2018-01-01,ZAF,JPN,0.0025,3,True
2018-02-01,ZAF,JPN,0.0092,3,True
2018-03-01,ZAF,JPN,0.0132,3,True
2018-04-01,ZAF,JPN,0.0074,3,True
2018-05-01,ZAF,JPN,0.0239,3,True
2018-06-01,ZAF,JPN,0.064,3,False
2018-07-01,ZAF,JPN,0.0735,3,False
2018-08-01,ZAF,JPN,0.0819,2,False
2018-09-01,ZAF,JPN,0.093,1,False
2018-10-01,ZAF,JPN,0.0941,1,False
2018-11-01,ZAF,JPN,0.1736,4,False
2018-12-01,ZAF,JPN,0.1969,1,False
2019-01-01,ZAF,JPN,0.1508,4,False
2019-02-01,ZAF,JPN,0.0691,4,False
2019-03-01,ZAF,JPN,0.1135,4,False
2019-04-01,ZAF,JPN,0.1218,4,False
2019-05-01,ZAF,JPN,0.1276,4,False
2019-06-01,ZAF,JPN,0.1463,4,False
2019-07-01,ZAF,JPN,0.2804,4,False
2019-08-01,ZAF,JPN,0.1547,4,False
2019-09-01,ZAF,JPN,0.0099,4,True
2019-10-01,ZAF,JPN,0.0715,4,False
2019-11-01,ZAF,JPN,0.299,2,False
2019-12-01,ZAF,JPN,0.1083,1,False
2020-01-01,ZAF,JPN,0.0472,1,True
2020-02-01,ZAF,JPN,0.102,1,False
2020-03-01,ZAF,JPN,0.1859,1,False
2020-04-01,ZAF,JPN,0.0448,1,True
2020-05-01,ZAF,JPN,0.122,1,False
2020-06-01,ZAF,JPN,0.0714,2,False
2020-07-01,ZAF,JPN,0.085,2,False
2020-08-01,ZAF,JPN,0.0314,3,True
2020-09-01,ZAF,JPN,0.0084,2,True
2020-10-01,ZAF,JPN,0.0029,1,True
2020-11-01,ZAF,JPN,0.0011,2,True
2020-12-01,ZAF,JPN,0.0001,1,True
2021-01-01,ZAF,JPN,0.0002,1,True
2021-02-01,ZAF,JPN,0.0008,1,True
2021-03-01,ZAF,JPN,0.0011,1,True
2021-04-01,ZAF,JPN,0.0024,1,True
2021-05-01,ZAF,JPN,0.0061,1,True
2021-06-01,ZAF,JPN,0.0044,1,True
2021-07-01,ZAF,JPN,0.0042,1,True
2021-08-01,ZAF,JPN,0.0115,1,True
2021-09-01,ZAF,JPN,0.0041,1,True
2021-10-01,ZAF,JPN,0.0015,2,True
2021-11-01,ZAF,JPN,0.0012,1,True
2021-12-01,ZAF,JPN,0.0037,1,True
2022-01-01,ZAF,JPN,0.0132,1,True
2022-02-01,ZAF,JPN,0.0028,2,True
2022-03-01,ZAF,JPN,0.0001,2,True
2022-04-01,ZAF,JPN,0.0,2,True
2022-05-01,ZAF,JPN,0.0,2,True
2022-06-01,ZAF,JPN,0.0,2,True
2022-07-01,ZAF,JPN,0.0,2,True
2022-08-01,ZAF,JPN,0.0,2,True
2022-09-01,ZAF,JPN,0.0,2,True
2022-10-01,ZAF,JPN,0.0,1,True
2022-11-01,ZAF,JPN,0.0,1,True
2022-12-01,ZAF,JPN,0.0,1,True
2023-01-01,ZAF,JPN,0.0,1,True
2023-02-01,ZAF,JPN,0.0,1,True
2023-03-01,ZAF,JPN,0.0001,1,True
2023-04-01,ZAF,JPN,0.0007,1,True
2023-05-01,ZAF,JPN,0.0002,1,True
2023-06-01,ZAF,JPN,0.0005,1,True
2023-07-01,ZAF,JPN,0.0137,1,True
2023-08-01,ZAF,JPN,0.0369,2,True
2023-09-01,ZAF,JPN,0.0374,2,True
2023-10-01,ZAF,JPN,0.0256,1,True
2023-11-01,ZAF,JPN,0.0655,1,False
2023-12-01,ZAF,JPN,0.115,1,False
2024-01-01,ZAF,JPN,0.2504,1,False
2024-02-01,ZAF,JPN,0.096,1,False
2024-03-01,ZAF,JPN,0.1346,1,False
2024-04-01,ZAF,JPN,0.2644,4,False
2024-05-01,ZAF,JPN,0.2311,4,False
2024-06-01,ZAF,JPN,0.1971,4,False
2024-07-01,ZAF,JPN,0.3102,4,False
2024-08-01,ZAF,JPN,0.3925,4,False
2024-09-01,ZAF,JPN,0.5261,1,False
2024-10-01,ZAF,JPN,0.5893,1,False
2024-11-01,ZAF,JPN,0.648,2,False
2024-12-01,ZAF,JPN,0.4299,1,False
2025-01-01,ZAF,JPN,0.2989,1,False
2025-02-01,ZAF,JPN,0.3383,3,False
2025-03-01,ZAF,JPN,0.4395,3,False
2025-04-01,ZAF,JPN,0.3448,3,False
2025-05-01,ZAF,JPN,0.1204,1,False
2025-06-01,ZAF,JPN,0.2494,1,False
2025-07-01,ZAF,JPN,0.3234,1,False
2025-08-01,ZAF,JPN,0.2835,1,False
2025-09-01,ZAF,JPN,0.3885,3,False
2025-10-01,ZAF,JPN,0.391,4,False
2025-11-01,ZAF,JPN,0.276,4,False
2025-12-01,ZAF,JPN,0.2186,4,False
2026-01-01,ZAF,JPN,0.2726,3,False
2026-02-01,ZAF,JPN,0.0691,3,False
2026-03-01,ZAF,JPN,0.0783,3,False
2015-01-01,MEX,IND,0.0157,2,True
2015-02-01,MEX,IND,0.011,2,True
2015-03-01,MEX,IND,0.0094,2,True
2015-04-01,MEX,IND,0.015,2,True
2015-05-01,MEX,IND,0.0136,2,True
2015-06-01,MEX,IND,0.0208,2,True
2015-07-01,MEX,IND,0.0207,2,True
2015-08-01,MEX,IND,0.0604,1,False
2015-09-01,MEX,IND,0.0613,1,False
2015-10-01,MEX,IND,0.1188,1,False
2015-11-01,MEX,IND,0.149,1,False
2015-12-01,MEX,IND,0.1337,1,False
2016-01-01,MEX,IND,0.1377,1,False
2016-02-01,MEX,IND,0.2686,1,False
2016-03-01,MEX,IND,0.3752,1,False
2016-04-01,MEX,IND,0.4831,1,False
2016-05-01,MEX,IND,0.5082,2,False
2016-06-01,MEX,IND,0.3685,1,False
2016-07-01,MEX,IND,0.6503,1,False
2016-08-01,MEX,IND,0.3955,1,False
2016-09-01,MEX,IND,0.0557,4,False
2016-10-01,MEX,IND,0.0521,4,False
2016-11-01,MEX,IND,0.0653,3,False
2016-12-01,MEX,IND,0.0188,1,True
2017-01-01,MEX,IND,0.0197,4,True
2017-02-01,MEX,IND,0.015,4,True
2017-03-01,MEX,IND,0.0109,4,True
2017-04-01,MEX,IND,0.0203,1,True
2017-05-01,MEX,IND,0.0381,1,True
2017-06-01,MEX,IND,0.2126,1,False
2017-07-01,MEX,IND,0.3231,4,False
2017-08-01,MEX,IND,0.3141,1,False
2017-09-01,MEX,IND,0.4747,1,False
2017-10-01,MEX,IND,0.3779,1,False
2017-11-01,MEX,IND,0.6801,1,False
2017-12-01,MEX,IND,0.869,4,False
2018-01-01,MEX,IND,0.8347,4,False
2018-02-01,MEX,IND,0.6564,1,False
2018-03-01,MEX,IND,0.5803,1,False
2018-04-01,MEX,IND,0.4479,1,False
2018-05-01,MEX,IND,0.3273,1,False
2018-06-01,MEX,IND,0.3564,1,False
2018-07-01,MEX,IND,0.4523,1,False
2018-08-01,MEX,IND,0.3502,1,False
2018-09-01,MEX,IND,0.3646,2,False
2018-10-01,MEX,IND,0.376,2,False
2018-11-01,MEX,IND,0.5104,1,False
2018-12-01,MEX,IND,0.4594,4,False
2019-01-01,MEX,IND,0.2304,4,False
2019-02-01,MEX,IND,0.1809,4,False
2019-03-01,MEX,IND,0.2277,3,False
2019-04-01,MEX,IND,0.1279,2,False
2019-05-01,MEX,IND,0.0455,2,True
2019-06-01,MEX,IND,0.053,2,False
2019-07-01,MEX,IND,0.0532,2,False
2019-08-01,MEX,IND,0.0214,2,True
2019-09-01,MEX,IND,0.01,3,True
2019-10-01,MEX,IND,0.0261,3,True
2019-11-01,MEX,IND,0.0227,3,True
2019-12-01,MEX,IND,0.026,2,True
2020-01-01,MEX,IND,0.0218,3,True
2020-02-01,MEX,IND,0.0682,2,False
2020-03-01,MEX,IND,0.1051,4,False
2020-04-01,MEX,IND,0.1141,4,False
2020-05-01,MEX,IND,0.1213,4,False
2020-06-01,MEX,IND,0.1375,4,False
2020-07-01,MEX,IND,0.1924,4,False
2020-08-01,MEX,IND,0.2592,1,False
2020-09-01,MEX,IND,0.2102,2,False
2020-10-01,MEX,IND,0.2049,1,False
2020-11-01,MEX,IND,0.2583,1,False
2020-12-01,MEX,IND,0.2565,1,False
2021-01-01,MEX,IND,0.4756,1,False
2021-02-01,MEX,IND,0.2238,1,False
2021-03-01,MEX,IND,0.2974,1,False
2021-04-01,MEX,IND,0.1525,1,False
2021-05-01,MEX,IND,0.1164,1,False
2021-06-01,MEX,IND,0.0759,1,False
2021-07-01,MEX,IND,0.1942,1,False
2021-08-01,MEX,IND,0.1583,1,False
2021-09-01,MEX,IND,0.1671,1,False
2021-10-01,MEX,IND,0.15,1,False
2021-11-01,MEX,IND,0.1926,1,False
2021-12-01,MEX,IND,0.3467,3,False
2022-01-01,MEX,IND,0.3265,3,False
2022-02-01,MEX,IND,0.1656,4,False
2022-03-01,MEX,IND,0.0996,3,False
2022-04-01,MEX,IND,0.1097,3,False
2022-05-01,MEX,IND,0.0814,4,False
2022-06-01,MEX,IND,0.032,3,True
2022-07-01,MEX,IND,0.0117,3,True
2022-08-01,MEX,IND,0.0108,4,True
2022-09-01,MEX,IND,0.0047,3,True
2022-10-01,MEX,IND,0.0041,4,True
2022-11-01,MEX,IND,0.0042,3,True
2022-12-01,MEX,IND,0.0113,4,True
2023-01-01,MEX,IND,0.0153,4,True
2023-02-01,MEX,IND,0.0861,4,False
2023-03-01,MEX,IND,0.0821,4,False
2023-04-01,MEX,IND,0.0837,4,False
2023-05-01,MEX,IND,0.0265,4,True
2023-06-01,MEX,IND,0.0228,4,True
2023-07-01,MEX,IND,0.1672,4,False
2023-08-01,MEX,IND,0.1181,4,False
2023-09-01,MEX,IND,0.0312,4,True
2023-10-01,MEX,IND,0.0415,3,True
2023-11-01,MEX,IND,0.0128,2,True
2023-12-01,MEX,IND,0.0108,1,True
2024-01-01,MEX,IND,0.0269,2,True
2024-02-01,MEX,IND,0.0202,1,True
2024-03-01,MEX,IND,0.0434,1,True
2024-04-01,MEX,IND,0.1401,1,False
2024-05-01,MEX,IND,0.1052,2,False
2024-06-01,MEX,IND,0.1278,2,False
2024-07-01,MEX,IND,0.0939,2,False
2024-08-01,MEX,IND,0.1156,2,False
2024-09-01,MEX,IND,0.1297,2,False
2024-10-01,MEX,IND,0.1415,2,False
2024-11-01,MEX,IND,0.1388,2,False
2024-12-01,MEX,IND,0.1928,2,False
2025-01-01,MEX,IND,0.2578,1,False
2025-02-01,MEX,IND,0.4323,1,False
2025-03-01,MEX,IND,0.6654,3,False
2025-04-01,MEX,IND,0.0474,1,True
2025-05-01,MEX,IND,0.0413,1,True
2025-06-01,MEX,IND,0.0232,1,True
2025-07-01,MEX,IND,0.0126,1,True
2025-08-01,MEX,IND,0.0399,2,True
2025-09-01,MEX,IND,0.1909,4,False
2025-10-01,MEX,IND,0.1674,2,False
2025-11-01,MEX,IND,0.1488,2,False
2025-12-01,MEX,IND,0.0887,2,False
2026-01-01,MEX,IND,0.04,1,True
2026-02-01,MEX,IND,0.0682,1,False
2026-03-01,MEX,IND,0.076,1,False
2015-01-01,MEX,CHN,0.4371,4,False
2015-02-01,MEX,CHN,0.7299,4,False
2015-03-01,MEX,CHN,0.5165,2,False
2015-04-01,MEX,CHN,0.5155,1,False
2015-05-01,MEX,CHN,0.4255,1,False
2015-06-01,MEX,CHN,0.4002,1,False
2015-07-01,MEX,CHN,0.3153,1,False
2015-08-01,MEX,CHN,0.465,1,False
2015-09-01,MEX,CHN,0.4868,2,False
2015-10-01,MEX,CHN,0.4626,1,False
2015-11-01,MEX,CHN,0.5719,1,False
2015-12-01,MEX,CHN,0.5612,1,False
2016-01-01,MEX,CHN,0.3861,2,False
2016-02-01,MEX,CHN,0.1707,1,False
2016-03-01,MEX,CHN,0.2537,1,False
2016-04-01,MEX,CHN,0.2633,2,False
2016-05-01,MEX,CHN,0.1955,2,False
2016-06-01,MEX,CHN,0.1527,1,False
2016-07-01,MEX,CHN,0.1005,2,False
2016-08-01,MEX,CHN,0.1566,1,False
2016-09-01,MEX,CHN,0.158,1,False
2016-10-01,MEX,CHN,0.1896,1,False
2016-11-01,MEX,CHN,0.1462,1,False
2016-12-01,MEX,CHN,0.1335,1,False
2017-01-01,MEX,CHN,0.078,1,False
2017-02-01,MEX,CHN,0.2996,4,False
2017-03-01,MEX,CHN,0.2472,1,False
2017-04-01,MEX,CHN,0.2465,1,False
2017-05-01,MEX,CHN,0.2729,1,False
2017-06-01,MEX,CHN,0.3254,1,False
2017-07-01,MEX,CHN,0.4323,1,False
2017-08-01,MEX,CHN,0.4216,3,False
2017-09-01,MEX,CHN,0.3689,4,False
2017-10-01,MEX,CHN,0.402,3,False
2017-11-01,MEX,CHN,0.7329,3,False
2017-12-01,MEX,CHN,0.4941,4,False
2018-01-01,MEX,CHN,0.4911,4,False
2018-02-01,MEX,CHN,0.3942,4,False
2018-03-01,MEX,CHN,0.4463,4,False
2018-04-01,MEX,CHN,0.6453,3,False
2018-05-01,MEX,CHN,0.674,4,False
2018-06-01,MEX,CHN,0.5889,4,False
2018-07-01,MEX,CHN,0.3331,4,False
2018-08-01,MEX,CHN,0.1802,4,False
2018-09-01,MEX,CHN,0.1769,4,False
2018-10-01,MEX,CHN,0.3372,4,False
2018-11-01,MEX,CHN,0.4103,4,False
2018-12-01,MEX,CHN,0.1747,4,False
2019-01-01,MEX,CHN,0.166,4,False
2019-02-01,MEX,CHN,0.0817,4,False
2019-03-01,MEX,CHN,0.0758,4,False
2019-04-01,MEX,CHN,0.0389,4,True
2019-05-01,MEX,CHN,0.034,4,True
2019-06-01,MEX,CHN,0.0478,4,True
2019-07-01,MEX,CHN,0.0204,4,True
2019-08-01,MEX,CHN,0.019,4,True
2019-09-01,MEX,CHN,0.0285,4,True
2019-10-01,MEX,CHN,0.0093,4,True
2019-11-01,MEX,CHN,0.0023,4,True
2019-12-01,MEX,CHN,0.0015,4,True
2020-01-01,MEX,CHN,0.0016,4,True
2020-02-01,MEX,CHN,0.0019,4,True
2020-03-01,MEX,CHN,0.0024,4,True
2020-04-01,MEX,CHN,0.0016,4,True
2020-05-01,MEX,CHN,0.0051,4,True
2020-06-01,MEX,CHN,0.0044,4,True
2020-07-01,MEX,CHN,0.0461,4,True
2020-08-01,MEX,CHN,0.0182,4,True
2020-09-01,MEX,CHN,0.1732,4,False
2020-10-01,MEX,CHN,0.1779,2,False
2020-11-01,MEX,CHN,0.2606,2,False
2020-12-01,MEX,CHN,0.365,1,False
2021-01-01,MEX,CHN,0.4224,2,False
2021-02-01,MEX,CHN,0.3871,2,False
2021-03-01,MEX,CHN,0.1179,2,False
2021-04-01,MEX,CHN,0.0489,2,True
2021-05-01,MEX,CHN,0.0465,2,True
2021-06-01,MEX,CHN,0.0428,3,True
2021-07-01,MEX,CHN,0.0146,2,True
2021-08-01,MEX,CHN,0.0223,3,True
2021-09-01,MEX,CHN,0.0186,2,True
2021-10-01,MEX,CHN,0.0311,2,True
2021-11-01,MEX,CHN,0.0346,2,True
2021-12-01,MEX,CHN,0.0417,3,True
2022-01-01,MEX,CHN,0.0404,3,True
2022-02-01,MEX,CHN,0.1014,3,False
2022-03-01,MEX,CHN,0.0592,4,False
2022-04-01,MEX,CHN,0.0329,4,True
2022-05-01,MEX,CHN,0.042,4,True
2022-06-01,MEX,CHN,0.0331,4,True
2022-07-01,MEX,CHN,0.0166,4,True
2022-08-01,MEX,CHN,0.0199,4,True
2022-09-01,MEX,CHN,0.1123,4,False
2022-10-01,MEX,CHN,0.258,4,False
2022-11-01,MEX,CHN,0.2684,4,False
2022-12-01,MEX,CHN,0.1491,4,False
2023-01-01,MEX,CHN,0.2077,4,False
2023-02-01,MEX,CHN,0.2355,4,False
2023-03-01,MEX,CHN,0.0333,4,True
2023-04-01,MEX,CHN,0.0608,4,False
2023-05-01,MEX,CHN,0.0943,3,False
2023-06-01,MEX,CHN,0.1041,4,False
2023-07-01,MEX,CHN,0.335,4,False
2023-08-01,MEX,CHN,0.2617,4,False
2023-09-01,MEX,CHN,0.4295,4,False
2023-10-01,MEX,CHN,0.4109,4,False
2023-11-01,MEX,CHN,0.2813,1,False
2023-12-01,MEX,CHN,0.0823,1,False
2024-01-01,MEX,CHN,0.0638,1,False
2024-02-01,MEX,CHN,0.0616,1,False
2024-03-01,MEX,CHN,0.1812,1,False
2024-04-01,MEX,CHN,0.1472,1,False
2024-05-01,MEX,CHN,0.1151,1,False
2024-06-01,MEX,CHN,0.5735,2,False
2024-07-01,MEX,CHN,0.3778,2,False
2024-08-01,MEX,CHN,0.3405,2,False
2024-09-01,MEX,CHN,0.3556,2,False
2024-10-01,MEX,CHN,0.4396,2,False
2024-11-01,MEX,CHN,0.4177,1,False
2024-12-01,MEX,CHN,0.2628,1,False
2025-01-01,MEX,CHN,0.7609,2,False
2025-02-01,MEX,CHN,0.4176,1,False
2025-03-01,MEX,CHN,0.4039,1,False
2025-04-01,MEX,CHN,0.3287,1,False
2025-05-01,MEX,CHN,0.3378,1,False
2025-06-01,MEX,CHN,0.3393,1,False
2025-07-01,MEX,CHN,0.3814,1,False
2025-08-01,MEX,CHN,0.2766,2,False
2025-09-01,MEX,CHN,0.3417,2,False
2025-10-01,MEX,CHN,0.4057,2,False
2025-11-01,MEX,CHN,0.3458,2,False
2025-12-01,MEX,CHN,0.4849,2,False
2026-01-01,MEX,CHN,0.4585,2,False
2026-02-01,MEX,CHN,0.3889,2,False
2026-03-01,MEX,CHN,0.4704,2,False
2015-01-01,MEX,VNM,0.6958,1,False
2015-02-01,MEX,VNM,0.6041,1,False
2015-03-01,MEX,VNM,0.8155,1,False
2015-04-01,MEX,VNM,0.7119,3,False
2015-05-01,MEX,VNM,0.5657,3,False
2015-06-01,MEX,VNM,0.6217,1,False
2015-07-01,MEX,VNM,0.6336,3,False
2015-08-01,MEX,VNM,0.6363,3,False
2015-09-01,MEX,VNM,0.5993,3,False
2015-10-01,MEX,VNM,0.6075,1,False
2015-11-01,MEX,VNM,0.7055,1,False
2015-12-01,MEX,VNM,0.5077,3,False
2016-01-01,MEX,VNM,0.4466,3,False
2016-02-01,MEX,VNM,0.4497,3,False
2016-03-01,MEX,VNM,0.4862,3,False
2016-04-01,MEX,VNM,0.4009,3,False
2016-05-01,MEX,VNM,0.4207,3,False
2016-06-01,MEX,VNM,0.3514,3,False
2016-07-01,MEX,VNM,0.316,3,False
2016-08-01,MEX,VNM,0.1441,3,False
2016-09-01,MEX,VNM,0.1005,3,False
2016-10-01,MEX,VNM,0.1775,3,False
2016-11-01,MEX,VNM,0.1643,3,False
2016-12-01,MEX,VNM,0.1928,3,False
2017-01-01,MEX,VNM,0.1327,4,False
2017-02-01,MEX,VNM,0.0771,3,False
2017-03-01,MEX,VNM,0.0763,3,False
2017-04-01,MEX,VNM,0.0956,1,False
2017-05-01,MEX,VNM,0.0669,1,False
2017-06-01,MEX,VNM,0.0706,1,False
2017-07-01,MEX,VNM,0.0665,1,False
2017-08-01,MEX,VNM,0.0463,1,True
2017-09-01,MEX,VNM,0.0844,1,False
2017-10-01,MEX,VNM,0.3666,1,False
2017-11-01,MEX,VNM,0.5284,1,False
2017-12-01,MEX,VNM,0.7265,3,False
2018-01-01,MEX,VNM,0.6299,3,False
2018-02-01,MEX,VNM,0.6584,3,False
2018-03-01,MEX,VNM,0.2621,2,False
2018-04-01,MEX,VNM,0.3003,2,False
2018-05-01,MEX,VNM,0.2578,2,False
2018-06-01,MEX,VNM,0.4774,2,False
2018-07-01,MEX,VNM,0.2941,3,False
2018-08-01,MEX,VNM,0.128,2,False
2018-09-01,MEX,VNM,0.3459,2,False
2018-10-01,MEX,VNM,0.5379,2,False
2018-11-01,MEX,VNM,0.3506,2,False
2018-12-01,MEX,VNM,0.2278,2,False
2019-01-01,MEX,VNM,0.2073,2,False
2019-02-01,MEX,VNM,0.1906,2,False
2019-03-01,MEX,VNM,0.1479,2,False
2019-04-01,MEX,VNM,0.0693,2,False
2019-05-01,MEX,VNM,0.0706,2,False
2019-06-01,MEX,VNM,0.0844,2,False
2019-07-01,MEX,VNM,0.0705,3,False
2019-08-01,MEX,VNM,0.0641,3,False
2019-09-01,MEX,VNM,0.0729,2,False
2019-10-01,MEX,VNM,0.1062,2,False
2019-11-01,MEX,VNM,0.0669,4,False
2019-12-01,MEX,VNM,0.0246,3,True
2020-01-01,MEX,VNM,0.0082,2,True
2020-02-01,MEX,VNM,0.0152,1,True
2020-03-01,MEX,VNM,0.0383,1,True
2020-04-01,MEX,VNM,0.0551,1,False
2020-05-01,MEX,VNM,0.074,1,False
2020-06-01,MEX,VNM,0.0302,1,True
2020-07-01,MEX,VNM,0.0057,1,True
2020-08-01,MEX,VNM,0.0031,1,True
2020-09-01,MEX,VNM,0.0084,1,True
2020-10-01,MEX,VNM,0.0104,1,True
2020-11-01,MEX,VNM,0.0228,1,True
2020-12-01,MEX,VNM,0.0372,1,True
2021-01-01,MEX,VNM,0.0416,1,True
2021-02-01,MEX,VNM,0.0924,1,False
2021-03-01,MEX,VNM,0.0266,3,True
2021-04-01,MEX,VNM,0.0755,1,False
2021-05-01,MEX,VNM,0.0172,1,True
2021-06-01,MEX,VNM,0.0178,1,True
2021-07-01,MEX,VNM,0.0789,1,False
2021-08-01,MEX,VNM,0.0143,3,True
2021-09-01,MEX,VNM,0.0108,2,True
2021-10-01,MEX,VNM,0.1146,1,False
2021-11-01,MEX,VNM,0.2527,1,False
2021-12-01,MEX,VNM,0.1808,4,False
2022-01-01,MEX,VNM,0.2104,4,False
2022-02-01,MEX,VNM,0.3211,4,False
2022-03-01,MEX,VNM,0.1789,2,False
2022-04-01,MEX,VNM,0.1749,1,False
2022-05-01,MEX,VNM,0.2181,1,False
2022-06-01,MEX,VNM,0.101,1,False
2022-07-01,MEX,VNM,0.1141,1,False
2022-08-01,MEX,VNM,0.062,1,False
2022-09-01,MEX,VNM,0.0588,1,False
2022-10-01,MEX,VNM,0.019,1,True
2022-11-01,MEX,VNM,0.0242,1,True
2022-12-01,MEX,VNM,0.0293,1,True
2023-01-01,MEX,VNM,0.0672,1,False
2023-02-01,MEX,VNM,0.0399,1,True
2023-03-01,MEX,VNM,0.0122,2,True
2023-04-01,MEX,VNM,0.0015,1,True
2023-05-01,MEX,VNM,0.0025,1,True
2023-06-01,MEX,VNM,0.0063,1,True
2023-07-01,MEX,VNM,0.0309,1,True
2023-08-01,MEX,VNM,0.0297,1,True
2023-09-01,MEX,VNM,0.0079,1,True
2023-10-01,MEX,VNM,0.018,1,True
2023-11-01,MEX,VNM,0.0134,1,True
2023-12-01,MEX,VNM,0.0322,1,True
2024-01-01,MEX,VNM,0.1375,1,False
2024-02-01,MEX,VNM,0.1051,3,False
2024-03-01,MEX,VNM,0.173,3,False
2024-04-01,MEX,VNM,0.0725,4,False
2024-05-01,MEX,VNM,0.0762,3,False
2024-06-01,MEX,VNM,0.1852,3,False
2024-07-01,MEX,VNM,0.3117,1,False
2024-08-01,MEX,VNM,0.5984,1,False
2024-09-01,MEX,VNM,0.6227,4,False
2024-10-01,MEX,VNM,0.3086,3,False
2024-11-01,MEX,VNM,0.172,2,False
2024-12-01,MEX,VNM,0.1386,2,False
2025-01-01,MEX,VNM,0.1911,2,False
2025-02-01,MEX,VNM,0.1953,3,False
2025-03-01,MEX,VNM,0.0815,2,False
2025-04-01,MEX,VNM,0.2158,3,False
2025-05-01,MEX,VNM,0.1438,3,False
2025-06-01,MEX,VNM,0.2258,1,False
2025-07-01,MEX,VNM,0.1055,3,False
2025-08-01,MEX,VNM,0.0916,3,False
2025-09-01,MEX,VNM,0.0467,1,True
2025-10-01,MEX,VNM,0.0397,1,True
2025-11-01,MEX,VNM,0.0531,1,False
2025-12-01,MEX,VNM,0.1031,1,False
2026-01-01,MEX,VNM,0.1046,1,False
2026-02-01,MEX,VNM,0.1003,3,False
2026-03-01,MEX,VNM,0.0982,3,False
2015-01-01,MEX,IDN,0.5935,1,False
2015-02-01,MEX,IDN,0.626,1,False
2015-03-01,MEX,IDN,0.6037,1,False
2015-04-01,MEX,IDN,0.7393,1,False
2015-05-01,MEX,IDN,0.697,1,False
2015-06-01,MEX,IDN,0.504,1,False
2015-07-01,MEX,IDN,0.2509,1,False
2015-08-01,MEX,IDN,0.1668,1,False
2015-09-01,MEX,IDN,0.1926,1,False
2015-10-01,MEX,IDN,0.1646,1,False
2015-11-01,MEX,IDN,0.1778,1,False
2015-12-01,MEX,IDN,0.1692,4,False
2016-01-01,MEX,IDN,0.2861,1,False
2016-02-01,MEX,IDN,0.7324,3,False
2016-03-01,MEX,IDN,0.7113,1,False
2016-04-01,MEX,IDN,0.4268,1,False
2016-05-01,MEX,IDN,0.3481,1,False
2016-06-01,MEX,IDN,0.1777,1,False
2016-07-01,MEX,IDN,0.29,1,False
2016-08-01,MEX,IDN,0.2438,1,False
2016-09-01,MEX,IDN,0.2681,1,False
2016-10-01,MEX,IDN,0.1176,3,False
2016-11-01,MEX,IDN,0.1009,3,False
2016-12-01,MEX,IDN,0.103,3,False
2017-01-01,MEX,IDN,0.0709,3,False
2017-02-01,MEX,IDN,0.0899,3,False
2017-03-01,MEX,IDN,0.1629,3,False
2017-04-01,MEX,IDN,0.1424,3,False
2017-05-01,MEX,IDN,0.2281,1,False
2017-06-01,MEX,IDN,0.2279,1,False
2017-07-01,MEX,IDN,0.1949,1,False
2017-08-01,MEX,IDN,0.1454,1,False
2017-09-01,MEX,IDN,0.0736,1,False
2017-10-01,MEX,IDN,0.1049,1,False
2017-11-01,MEX,IDN,0.2093,1,False
2017-12-01,MEX,IDN,0.3245,1,False
2018-01-01,MEX,IDN,0.2842,1,False
2018-02-01,MEX,IDN,0.5055,1,False
2018-03-01,MEX,IDN,0.3023,4,False
2018-04-01,MEX,IDN,0.3632,4,False
2018-05-01,MEX,IDN,0.3635,2,False
2018-06-01,MEX,IDN,0.3785,2,False
2018-07-01,MEX,IDN,0.3392,2,False
2018-08-01,MEX,IDN,0.2455,2,False
2018-09-01,MEX,IDN,0.3494,2,False
2018-10-01,MEX,IDN,0.3385,2,False
2018-11-01,MEX,IDN,0.2135,2,False
2018-12-01,MEX,IDN,0.3605,2,False
2019-01-01,MEX,IDN,0.3505,2,False
2019-02-01,MEX,IDN,0.2984,2,False
2019-03-01,MEX,IDN,0.2381,2,False
2019-04-01,MEX,IDN,0.24,2,False
2019-05-01,MEX,IDN,0.1871,2,False
2019-06-01,MEX,IDN,0.2023,4,False
2019-07-01,MEX,IDN,0.2833,3,False
2019-08-01,MEX,IDN,0.283,4,False
2019-09-01,MEX,IDN,0.1824,4,False
2019-10-01,MEX,IDN,0.0907,4,False
2019-11-01,MEX,IDN,0.1596,4,False
2019-12-01,MEX,IDN,0.1686,4,False
2020-01-01,MEX,IDN,0.0703,3,False
2020-02-01,MEX,IDN,0.0583,2,False
2020-03-01,MEX,IDN,0.0696,2,False
2020-04-01,MEX,IDN,0.3631,2,False
2020-05-01,MEX,IDN,0.5506,2,False
2020-06-01,MEX,IDN,0.4255,2,False
2020-07-01,MEX,IDN,0.2858,2,False
2020-08-01,MEX,IDN,0.2831,2,False
2020-09-01,MEX,IDN,0.1702,1,False
2020-10-01,MEX,IDN,0.1625,3,False
2020-11-01,MEX,IDN,0.1173,1,False
2020-12-01,MEX,IDN,0.0702,1,False
2021-01-01,MEX,IDN,0.0621,1,False
2021-02-01,MEX,IDN,0.0781,1,False
2021-03-01,MEX,IDN,0.0606,1,False
2021-04-01,MEX,IDN,0.0536,3,False
2021-05-01,MEX,IDN,0.0602,1,False
2021-06-01,MEX,IDN,0.0208,1,True
2021-07-01,MEX,IDN,0.0563,1,False
2021-08-01,MEX,IDN,0.0871,1,False
2021-09-01,MEX,IDN,0.0535,3,False
2021-10-01,MEX,IDN,0.0923,3,False
2021-11-01,MEX,IDN,0.6147,3,False
2021-12-01,MEX,IDN,0.5606,1,False
2022-01-01,MEX,IDN,0.7067,3,False
2022-02-01,MEX,IDN,0.243,1,False
2022-03-01,MEX,IDN,0.4664,3,False
2022-04-01,MEX,IDN,0.1101,1,False
2022-05-01,MEX,IDN,0.0271,1,True
2022-06-01,MEX,IDN,0.024,1,True
2022-07-01,MEX,IDN,0.0119,2,True
2022-08-01,MEX,IDN,0.0033,1,True
2022-09-01,MEX,IDN,0.0061,1,True
2022-10-01,MEX,IDN,0.0146,1,True
2022-11-01,MEX,IDN,0.0158,1,True
2022-12-01,MEX,IDN,0.0108,1,True
2023-01-01,MEX,IDN,0.0116,1,True
2023-02-01,MEX,IDN,0.006,1,True
2023-03-01,MEX,IDN,0.0125,1,True
2023-04-01,MEX,IDN,0.0127,1,True
2023-05-01,MEX,IDN,0.0178,1,True
2023-06-01,MEX,IDN,0.017,1,True
2023-07-01,MEX,IDN,0.0033,1,True
2023-08-01,MEX,IDN,0.0062,1,True
2023-09-01,MEX,IDN,0.0077,1,True
2023-10-01,MEX,IDN,0.0114,1,True
2023-11-01,MEX,IDN,0.053,1,False
2023-12-01,MEX,IDN,0.0567,1,False
2024-01-01,MEX,IDN,0.0983,1,False
2024-02-01,MEX,IDN,0.0913,1,False
2024-03-01,MEX,IDN,0.0775,1,False
2024-04-01,MEX,IDN,0.0539,1,False
2024-05-01,MEX,IDN,0.0198,1,True
2024-06-01,MEX,IDN,0.0174,1,True
2024-07-01,MEX,IDN,0.0163,1,True
2024-08-01,MEX,IDN,0.0089,1,True
2024-09-01,MEX,IDN,0.0077,1,True
2024-10-01,MEX,IDN,0.0097,1,True
2024-11-01,MEX,IDN,0.0072,1,True
2024-12-01,MEX,IDN,0.0121,1,True
2025-01-01,MEX,IDN,0.0041,2,True
2025-02-01,MEX,IDN,0.0018,1,True
2025-03-01,MEX,IDN,0.0057,1,True
2025-04-01,MEX,IDN,0.0065,1,True
2025-05-01,MEX,IDN,0.0085,1,True
2025-06-01,MEX,IDN,0.0166,1,True
2025-07-01,MEX,IDN,0.0254,1,True
2025-08-01,MEX,IDN,0.0366,1,True
2025-09-01,MEX,IDN,0.0346,4,True
2025-10-01,MEX,IDN,0.0455,1,True
2025-11-01,MEX,IDN,0.0319,2,True
2025-12-01,MEX,IDN,0.0114,1,True
2026-01-01,MEX,IDN,0.0338,4,True
2026-02-01,MEX,IDN,0.0234,2,True
2026-03-01,MEX,IDN,0.0124,1,True
2015-01-01,MEX,THA,0.0019,1,True
2015-02-01,MEX,THA,0.0018,1,True
2015-03-01,MEX,THA,0.0363,1,True
2015-04-01,MEX,THA,0.1084,3,False
2015-05-01,MEX,THA,0.0502,4,False
2015-06-01,MEX,THA,0.0451,3,True
2015-07-01,MEX,THA,0.0367,4,True
2015-08-01,MEX,THA,0.0347,4,True
2015-09-01,MEX,THA,0.0361,4,True
2015-10-01,MEX,THA,0.0124,4,True
2015-11-01,MEX,THA,0.0075,4,True
2015-12-01,MEX,THA,0.0062,4,True
2016-01-01,MEX,THA,0.0042,3,True
2016-02-01,MEX,THA,0.0052,3,True
2016-03-01,MEX,THA,0.01,3,True
2016-04-01,MEX,THA,0.009,3,True
2016-05-01,MEX,THA,0.0046,3,True
2016-06-01,MEX,THA,0.0021,3,True
2016-07-01,MEX,THA,0.0046,3,True
2016-08-01,MEX,THA,0.0067,3,True
2016-09-01,MEX,THA,0.0064,3,True
2016-10-01,MEX,THA,0.0102,3,True
2016-11-01,MEX,THA,0.0095,3,True
2016-12-01,MEX,THA,0.011,3,True
2017-01-01,MEX,THA,0.0122,3,True
2017-02-01,MEX,THA,0.0374,3,True
2017-03-01,MEX,THA,0.0228,3,True
2017-04-01,MEX,THA,0.1193,3,False
2017-05-01,MEX,THA,0.0771,3,False
2017-06-01,MEX,THA,0.0755,3,False
2017-07-01,MEX,THA,0.0751,3,False
2017-08-01,MEX,THA,0.0308,1,True
2017-09-01,MEX,THA,0.0497,4,True
2017-10-01,MEX,THA,0.0407,4,True
2017-11-01,MEX,THA,0.0583,2,False
2017-12-01,MEX,THA,0.0871,3,False
2018-01-01,MEX,THA,0.0507,4,False
2018-02-01,MEX,THA,0.0287,4,True
2018-03-01,MEX,THA,0.0326,4,True
2018-04-01,MEX,THA,0.0497,4,True
2018-05-01,MEX,THA,0.0355,4,True
2018-06-01,MEX,THA,0.0338,2,True
2018-07-01,MEX,THA,0.027,1,True
2018-08-01,MEX,THA,0.03,1,True
2018-09-01,MEX,THA,0.018,1,True
2018-10-01,MEX,THA,0.0156,1,True
2018-11-01,MEX,THA,0.0281,1,True
2018-12-01,MEX,THA,0.0334,1,True
2019-01-01,MEX,THA,0.0318,4,True
2019-02-01,MEX,THA,0.0189,4,True
2019-03-01,MEX,THA,0.0433,4,True
2019-04-01,MEX,THA,0.0422,2,True
2019-05-01,MEX,THA,0.0175,1,True
2019-06-01,MEX,THA,0.0562,1,False
2019-07-01,MEX,THA,0.0656,4,False
2019-08-01,MEX,THA,0.1151,4,False
2019-09-01,MEX,THA,0.1966,1,False
2019-10-01,MEX,THA,0.235,1,False
2019-11-01,MEX,THA,0.2952,1,False
2019-12-01,MEX,THA,0.4493,4,False
2020-01-01,MEX,THA,0.4597,4,False
2020-02-01,MEX,THA,0.5076,1,False
2020-03-01,MEX,THA,0.3582,1,False
2020-04-01,MEX,THA,0.2158,1,False
2020-05-01,MEX,THA,0.1423,1,False
2020-06-01,MEX,THA,0.0831,1,False
2020-07-01,MEX,THA,0.1232,1,False
2020-08-01,MEX,THA,0.09,1,False
2020-09-01,MEX,THA,0.1394,1,False
2020-10-01,MEX,THA,0.1215,1,False
2020-11-01,MEX,THA,0.0903,1,False
2020-12-01,MEX,THA,0.0784,1,False
2021-01-01,MEX,THA,0.1305,1,False
2021-02-01,MEX,THA,0.1339,1,False
2021-03-01,MEX,THA,0.2139,1,False
2021-04-01,MEX,THA,0.2981,1,False
2021-05-01,MEX,THA,0.1706,1,False
2021-06-01,MEX,THA,0.217,1,False
2021-07-01,MEX,THA,0.4017,1,False
2021-08-01,MEX,THA,0.3349,1,False
2021-09-01,MEX,THA,0.2407,1,False
2021-10-01,MEX,THA,0.1116,1,False
2021-11-01,MEX,THA,0.0477,1,True
2021-12-01,MEX,THA,0.041,1,True
2022-01-01,MEX,THA,0.0774,1,False
2022-02-01,MEX,THA,0.0242,1,True
2022-03-01,MEX,THA,0.0035,1,True
2022-04-01,MEX,THA,0.0028,1,True
2022-05-01,MEX,THA,0.0019,1,True
2022-06-01,MEX,THA,0.002,1,True
2022-07-01,MEX,THA,0.0017,1,True
2022-08-01,MEX,THA,0.001,1,True
2022-09-01,MEX,THA,0.001,1,True
2022-10-01,MEX,THA,0.0009,1,True
2022-11-01,MEX,THA,0.0006,1,True
2022-12-01,MEX,THA,0.0007,1,True
2023-01-01,MEX,THA,0.0011,1,True
2023-02-01,MEX,THA,0.0021,1,True
2023-03-01,MEX,THA,0.0035,1,True
2023-04-01,MEX,THA,0.0091,1,True
2023-05-01,MEX,THA,0.0145,1,True
2023-06-01,MEX,THA,0.0095,1,True
2023-07-01,MEX,THA,0.018,1,True
2023-08-01,MEX,THA,0.0138,1,True
2023-09-01,MEX,THA,0.0171,1,True
2023-10-01,MEX,THA,0.0122,1,True
2023-11-01,MEX,THA,0.0132,1,True
2023-12-01,MEX,THA,0.0115,2,True
2024-01-01,MEX,THA,0.0216,1,True
2024-02-01,MEX,THA,0.0053,3,True
2024-03-01,MEX,THA,0.002,2,True
2024-04-01,MEX,THA,0.0017,2,True
2024-05-01,MEX,THA,0.0003,1,True
2024-06-01,MEX,THA,0.0004,1,True
2024-07-01,MEX,THA,0.0004,1,True
2024-08-01,MEX,THA,0.0013,1,True
2024-09-01,MEX,THA,0.0027,1,True
2024-10-01,MEX,THA,0.0036,1,True
2024-11-01,MEX,THA,0.0023,1,True
2024-12-01,MEX,THA,0.004,1,True
2025-01-01,MEX,THA,0.0099,1,True
2025-02-01,MEX,THA,0.2048,1,False
2025-03-01,MEX,THA,0.3026,2,False
2025-04-01,MEX,THA,0.3265,3,False
2025-05-01,MEX,THA,0.5265,2,False
2025-06-01,MEX,THA,0.5119,2,False
2025-07-01,MEX,THA,0.6833,2,False
2025-08-01,MEX,THA,0.6309,2,False
2025-09-01,MEX,THA,0.5972,1,False
2025-10-01,MEX,THA,0.4344,2,False
2025-11-01,MEX,THA,0.3685,2,False
2025-12-01,MEX,THA,0.6018,2,False
2026-01-01,MEX,THA,0.5676,2,False
2026-02-01,MEX,THA,0.5955,2,False
2026-03-01,MEX,THA,0.4547,2,False
2015-01-01,MEX,BRA,0.5725,2,False
2015-02-01,MEX,BRA,0.7359,1,False
2015-03-01,MEX,BRA,0.582,1,False
2015-04-01,MEX,BRA,0.65,1,False
2015-05-01,MEX,BRA,0.4653,1,False
2015-06-01,MEX,BRA,0.5365,1,False
2015-07-01,MEX,BRA,0.3775,1,False
2015-08-01,MEX,BRA,0.2582,1,False
2015-09-01,MEX,BRA,0.2897,1,False
2015-10-01,MEX,BRA,0.2602,1,False
2015-11-01,MEX,BRA,0.2979,1,False
2015-12-01,MEX,BRA,0.3426,1,False
2016-01-01,MEX,BRA,0.2873,1,False
2016-02-01,MEX,BRA,0.3237,1,False
2016-03-01,MEX,BRA,0.3301,3,False
2016-04-01,MEX,BRA,0.3665,1,False
2016-05-01,MEX,BRA,0.594,2,False
2016-06-01,MEX,BRA,0.6561,3,False
2016-07-01,MEX,BRA,0.4827,2,False
2016-08-01,MEX,BRA,0.432,2,False
2016-09-01,MEX,BRA,0.2531,2,False
2016-10-01,MEX,BRA,0.4144,2,False
2016-11-01,MEX,BRA,0.3952,2,False
2016-12-01,MEX,BRA,0.1871,2,False
2017-01-01,MEX,BRA,0.1986,2,False
2017-02-01,MEX,BRA,0.17,4,False
2017-03-01,MEX,BRA,0.0641,3,False
2017-04-01,MEX,BRA,0.053,3,False
2017-05-01,MEX,BRA,0.048,4,True
2017-06-01,MEX,BRA,0.0647,3,False
2017-07-01,MEX,BRA,0.0659,1,False
2017-08-01,MEX,BRA,0.0458,4,True
2017-09-01,MEX,BRA,0.026,4,True
2017-10-01,MEX,BRA,0.0972,1,False
2017-11-01,MEX,BRA,0.0886,4,False
2017-12-01,MEX,BRA,0.0621,3,False
2018-01-01,MEX,BRA,0.0472,3,True
2018-02-01,MEX,BRA,0.0518,3,False
2018-03-01,MEX,BRA,0.0657,3,False
2018-04-01,MEX,BRA,0.1017,3,False
2018-05-01,MEX,BRA,0.0827,3,False
2018-06-01,MEX,BRA,0.1562,3,False
2018-07-01,MEX,BRA,0.171,3,False
2018-08-01,MEX,BRA,0.0934,3,False
2018-09-01,MEX,BRA,0.1258,3,False
2018-10-01,MEX,BRA,0.1232,3,False
2018-11-01,MEX,BRA,0.1646,3,False
2018-12-01,MEX,BRA,0.2188,3,False
2019-01-01,MEX,BRA,0.2339,3,False
2019-02-01,MEX,BRA,0.4072,3,False
2019-03-01,MEX,BRA,0.3168,2,False
2019-04-01,MEX,BRA,0.4595,1,False
2019-05-01,MEX,BRA,0.449,4,False
2019-06-01,MEX,BRA,0.4496,2,False
2019-07-01,MEX,BRA,0.431,2,False
2019-08-01,MEX,BRA,0.4777,2,False
2019-09-01,MEX,BRA,0.3935,2,False
2019-10-01,MEX,BRA,0.3218,2,False
2019-11-01,MEX,BRA,0.3974,1,False
2019-12-01,MEX,BRA,0.4914,1,False
2020-01-01,MEX,BRA,0.8893,1,False
2020-02-01,MEX,BRA,0.8474,1,False
2020-03-01,MEX,BRA,0.9128,1,False
2020-04-01,MEX,BRA,0.7199,4,False
2020-05-01,MEX,BRA,0.7458,3,False
2020-06-01,MEX,BRA,0.4774,3,False
2020-07-01,MEX,BRA,0.5774,3,False
2020-08-01,MEX,BRA,0.5804,3,False
2020-09-01,MEX,BRA,0.5367,3,False
2020-10-01,MEX,BRA,0.6134,3,False
2020-11-01,MEX,BRA,0.7322,1,False
2020-12-01,MEX,BRA,0.6371,1,False
2021-01-01,MEX,BRA,0.5055,3,False
2021-02-01,MEX,BRA,0.77,2,False
2021-03-01,MEX,BRA,0.1823,2,False
2021-04-01,MEX,BRA,0.1879,4,False
2021-05-01,MEX,BRA,0.1674,2,False
2021-06-01,MEX,BRA,0.1698,2,False
2021-07-01,MEX,BRA,0.0931,2,False
2021-08-01,MEX,BRA,0.1038,2,False
2021-09-01,MEX,BRA,0.0599,2,False
2021-10-01,MEX,BRA,0.086,2,False
2021-11-01,MEX,BRA,0.0665,2,False
2021-12-01,MEX,BRA,0.0584,2,False
2022-01-01,MEX,BRA,0.118,1,False
2022-02-01,MEX,BRA,0.1006,2,False
2022-03-01,MEX,BRA,0.1436,1,False
2022-04-01,MEX,BRA,0.1703,1,False
2022-05-01,MEX,BRA,0.119,1,False
2022-06-01,MEX,BRA,0.1626,1,False
2022-07-01,MEX,BRA,0.1494,1,False
2022-08-01,MEX,BRA,0.1731,1,False
2022-09-01,MEX,BRA,0.2743,1,False
2022-10-01,MEX,BRA,0.3451,2,False
2022-11-01,MEX,BRA,0.4655,2,False
2022-12-01,MEX,BRA,0.3614,4,False
2023-01-01,MEX,BRA,0.3544,3,False
2023-02-01,MEX,BRA,0.2138,2,False
2023-03-01,MEX,BRA,0.1675,2,False
2023-04-01,MEX,BRA,0.2757,2,False
2023-05-01,MEX,BRA,0.2913,2,False
2023-06-01,MEX,BRA,0.2349,2,False
2023-07-01,MEX,BRA,0.2247,2,False
2023-08-01,MEX,BRA,0.3735,2,False
2023-09-01,MEX,BRA,0.2219,1,False
2023-10-01,MEX,BRA,0.2167,1,False
2023-11-01,MEX,BRA,0.0885,1,False
2023-12-01,MEX,BRA,0.0261,1,True
2024-01-01,MEX,BRA,0.0186,1,True
2024-02-01,MEX,BRA,0.011,1,True
2024-03-01,MEX,BRA,0.0157,1,True
2024-04-01,MEX,BRA,0.0148,1,True
2024-05-01,MEX,BRA,0.006,1,True
2024-06-01,MEX,BRA,0.0157,1,True
2024-07-01,MEX,BRA,0.0108,1,True
2024-08-01,MEX,BRA,0.0114,1,True
2024-09-01,MEX,BRA,0.0682,1,False
2024-10-01,MEX,BRA,0.0997,3,False
2024-11-01,MEX,BRA,0.1075,3,False
2024-12-01,MEX,BRA,0.1288,3,False
2025-01-01,MEX,BRA,0.0863,3,False
2025-02-01,MEX,BRA,0.0902,3,False
2025-03-01,MEX,BRA,0.0922,3,False
2025-04-01,MEX,BRA,0.055,3,False
2025-05-01,MEX,BRA,0.0752,4,False
2025-06-01,MEX,BRA,0.047,3,True
2025-07-01,MEX,BRA,0.0328,2,True
2025-08-01,MEX,BRA,0.0133,2,True
2025-09-01,MEX,BRA,0.0211,2,True
2025-10-01,MEX,BRA,0.0111,4,True
2025-11-01,MEX,BRA,0.0232,2,True
2025-12-01,MEX,BRA,0.0199,2,True
2026-01-01,MEX,BRA,0.0307,2,True
2026-02-01,MEX,BRA,0.0164,2,True
2026-03-01,MEX,BRA,0.0219,2,True
2015-01-01,MEX,ZAF,0.2797,1,False
2015-02-01,MEX,ZAF,0.2789,1,False
2015-03-01,MEX,ZAF,0.4884,1,False
2015-04-01,MEX,ZAF,0.6109,1,False
2015-05-01,MEX,ZAF,0.5948,1,False
2015-06-01,MEX,ZAF,0.272,1,False
2015-07-01,MEX,ZAF,0.2834,1,False
2015-08-01,MEX,ZAF,0.2981,1,False
2015-09-01,MEX,ZAF,0.6044,4,False
2015-10-01,MEX,ZAF,0.307,1,False
2015-11-01,MEX,ZAF,0.2313,1,False
2015-12-01,MEX,ZAF,0.2599,2,False
2016-01-01,MEX,ZAF,0.1612,2,False
2016-02-01,MEX,ZAF,0.1206,1,False
2016-03-01,MEX,ZAF,0.1713,1,False
2016-04-01,MEX,ZAF,0.1668,2,False
2016-05-01,MEX,ZAF,0.2164,2,False
2016-06-01,MEX,ZAF,0.2601,2,False
2016-07-01,MEX,ZAF,0.277,2,False
2016-08-01,MEX,ZAF,0.2163,2,False
2016-09-01,MEX,ZAF,0.2434,2,False
2016-10-01,MEX,ZAF,0.2458,2,False
2016-11-01,MEX,ZAF,0.1969,2,False
2016-12-01,MEX,ZAF,0.4329,4,False
2017-01-01,MEX,ZAF,0.3502,3,False
2017-02-01,MEX,ZAF,0.3163,3,False
2017-03-01,MEX,ZAF,0.248,2,False
2017-04-01,MEX,ZAF,0.4386,4,False
2017-05-01,MEX,ZAF,0.3252,4,False
2017-06-01,MEX,ZAF,0.3631,4,False
2017-07-01,MEX,ZAF,0.3452,3,False
2017-08-01,MEX,ZAF,0.4209,2,False
2017-09-01,MEX,ZAF,0.4279,2,False
2017-10-01,MEX,ZAF,0.6194,3,False
2017-11-01,MEX,ZAF,0.5247,2,False
2017-12-01,MEX,ZAF,0.5673,2,False
2018-01-01,MEX,ZAF,0.6389,2,False
2018-02-01,MEX,ZAF,0.5245,4,False
2018-03-01,MEX,ZAF,0.3572,4,False
2018-04-01,MEX,ZAF,0.3069,4,False
2018-05-01,MEX,ZAF,0.3966,4,False
2018-06-01,MEX,ZAF,0.6009,2,False
2018-07-01,MEX,ZAF,0.6436,2,False
2018-08-01,MEX,ZAF,0.6337,1,False
2018-09-01,MEX,ZAF,0.3141,1,False
2018-10-01,MEX,ZAF,0.2475,1,False
2018-11-01,MEX,ZAF,0.3417,2,False
2018-12-01,MEX,ZAF,0.3078,2,False
2019-01-01,MEX,ZAF,0.2545,1,False
2019-02-01,MEX,ZAF,0.1721,2,False
2019-03-01,MEX,ZAF,0.1593,2,False
2019-04-01,MEX,ZAF,0.1626,2,False
2019-05-01,MEX,ZAF,0.1511,2,False
2019-06-01,MEX,ZAF,0.2797,2,False
2019-07-01,MEX,ZAF,0.2039,1,False
2019-08-01,MEX,ZAF,0.1669,1,False
2019-09-01,MEX,ZAF,0.2624,1,False
2019-10-01,MEX,ZAF,0.3809,1,False
2019-11-01,MEX,ZAF,0.8362,1,False
2019-12-01,MEX,ZAF,0.6846,1,False
2020-01-01,MEX,ZAF,0.7797,2,False
2020-02-01,MEX,ZAF,0.4021,1,False
2020-03-01,MEX,ZAF,0.7753,1,False
2020-04-01,MEX,ZAF,0.902,3,False
2020-05-01,MEX,ZAF,0.5371,1,False
2020-06-01,MEX,ZAF,0.2757,1,False
2020-07-01,MEX,ZAF,0.2524,2,False
2020-08-01,MEX,ZAF,0.1399,1,False
2020-09-01,MEX,ZAF,0.2524,1,False
2020-10-01,MEX,ZAF,0.197,1,False
2020-11-01,MEX,ZAF,0.1833,2,False
2020-12-01,MEX,ZAF,0.1742,2,False
2021-01-01,MEX,ZAF,0.162,1,False
2021-02-01,MEX,ZAF,0.1355,1,False
2021-03-01,MEX,ZAF,0.1006,1,False
2021-04-01,MEX,ZAF,0.113,2,False
2021-05-01,MEX,ZAF,0.0428,2,True
2021-06-01,MEX,ZAF,0.0388,1,True
2021-07-01,MEX,ZAF,0.0198,1,True
2021-08-01,MEX,ZAF,0.02,1,True
2021-09-01,MEX,ZAF,0.0067,2,True
2021-10-01,MEX,ZAF,0.0786,2,False
2021-11-01,MEX,ZAF,0.1003,3,False
2021-12-01,MEX,ZAF,0.0348,2,True
2022-01-01,MEX,ZAF,0.0155,2,True
2022-02-01,MEX,ZAF,0.0034,1,True
2022-03-01,MEX,ZAF,0.0009,1,True
2022-04-01,MEX,ZAF,0.0005,1,True
2022-05-01,MEX,ZAF,0.0026,1,True
2022-06-01,MEX,ZAF,0.0015,1,True
2022-07-01,MEX,ZAF,0.0004,1,True
2022-08-01,MEX,ZAF,0.0005,1,True
2022-09-01,MEX,ZAF,0.0011,1,True
2022-10-01,MEX,ZAF,0.0082,1,True
2022-11-01,MEX,ZAF,0.0167,1,True
2022-12-01,MEX,ZAF,0.0113,1,True
2023-01-01,MEX,ZAF,0.0245,1,True
2023-02-01,MEX,ZAF,0.0426,1,True
2023-03-01,MEX,ZAF,0.05,1,False
2023-04-01,MEX,ZAF,0.0453,2,True
2023-05-01,MEX,ZAF,0.0324,1,True
2023-06-01,MEX,ZAF,0.0363,1,True
2023-07-01,MEX,ZAF,0.035,1,True
2023-08-01,MEX,ZAF,0.0515,1,False
2023-09-01,MEX,ZAF,0.0815,1,False
2023-10-01,MEX,ZAF,0.1442,1,False
2023-11-01,MEX,ZAF,0.0921,1,False
2023-12-01,MEX,ZAF,0.1078,1,False
2024-01-01,MEX,ZAF,0.09,1,False
2024-02-01,MEX,ZAF,0.069,1,False
2024-03-01,MEX,ZAF,0.0657,1,False
2024-04-01,MEX,ZAF,0.0576,1,False
2024-05-01,MEX,ZAF,0.1074,1,False
2024-06-01,MEX,ZAF,0.0904,1,False
2024-07-01,MEX,ZAF,0.0455,1,True
2024-08-01,MEX,ZAF,0.0306,1,True
2024-09-01,MEX,ZAF,0.0149,1,True
2024-10-01,MEX,ZAF,0.0027,1,True
2024-11-01,MEX,ZAF,0.0016,1,True
2024-12-01,MEX,ZAF,0.0009,1,True
2025-01-01,MEX,ZAF,0.0203,1,True
2025-02-01,MEX,ZAF,0.0785,2,False
2025-03-01,MEX,ZAF,0.0591,2,False
2025-04-01,MEX,ZAF,0.1024,2,False
2025-05-01,MEX,ZAF,0.0841,2,False
2025-06-01,MEX,ZAF,0.0765,2,False
2025-07-01,MEX,ZAF,0.0659,2,False
2025-08-01,MEX,ZAF,0.0624,2,False
2025-09-01,MEX,ZAF,0.1024,2,False
2025-10-01,MEX,ZAF,0.2704,2,False
2025-11-01,MEX,ZAF,0.1945,2,False
2025-12-01,MEX,ZAF,0.1962,2,False
2026-01-01,MEX,ZAF,0.1508,1,False
2026-02-01,MEX,ZAF,0.1585,1,False
2026-03-01,MEX,ZAF,0.2169,3,False
2015-01-01,MEX,SGP,0.715,2,False
2015-02-01,MEX,SGP,0.7129,2,False
2015-03-01,MEX,SGP,0.674,2,False
2015-04-01,MEX,SGP,0.8778,2,False
2015-05-01,MEX,SGP,0.8365,2,False
2015-06-01,MEX,SGP,0.852,2,False
2015-07-01,MEX,SGP,0.7734,2,False
2015-08-01,MEX,SGP,0.7839,2,False
2015-09-01,MEX,SGP,0.808,2,False
2015-10-01,MEX,SGP,0.7264,3,False
2015-11-01,MEX,SGP,0.5389,3,False
2015-12-01,MEX,SGP,0.7591,1,False
2016-01-01,MEX,SGP,0.7769,3,False
2016-02-01,MEX,SGP,0.7741,3,False
2016-03-01,MEX,SGP,0.8578,3,False
2016-04-01,MEX,SGP,0.8512,1,False
2016-05-01,MEX,SGP,0.8647,1,False
2016-06-01,MEX,SGP,0.6764,4,False
2016-07-01,MEX,SGP,0.5277,3,False
2016-08-01,MEX,SGP,0.3759,2,False
2016-09-01,MEX,SGP,0.1651,4,False
2016-10-01,MEX,SGP,0.1122,3,False
2016-11-01,MEX,SGP,0.11,2,False
2016-12-01,MEX,SGP,0.1285,2,False
2017-01-01,MEX,SGP,0.1739,1,False
2017-02-01,MEX,SGP,0.2343,4,False
2017-03-01,MEX,SGP,0.2343,4,False
2017-04-01,MEX,SGP,0.3739,4,False
2017-05-01,MEX,SGP,0.1863,4,False
2017-06-01,MEX,SGP,0.3344,1,False
2017-07-01,MEX,SGP,0.0618,1,False
2017-08-01,MEX,SGP,0.0614,4,False
2017-09-01,MEX,SGP,0.0325,4,True
2017-10-01,MEX,SGP,0.0409,4,True
2017-11-01,MEX,SGP,0.0182,4,True
2017-12-01,MEX,SGP,0.2195,4,False
2018-01-01,MEX,SGP,0.3665,4,False
2018-02-01,MEX,SGP,0.2592,1,False
2018-03-01,MEX,SGP,0.1825,1,False
2018-04-01,MEX,SGP,0.2115,1,False
2018-05-01,MEX,SGP,0.1217,1,False
2018-06-01,MEX,SGP,0.0412,1,True
2018-07-01,MEX,SGP,0.0269,1,True
2018-08-01,MEX,SGP,0.0366,1,True
2018-09-01,MEX,SGP,0.0235,1,True
2018-10-01,MEX,SGP,0.0083,2,True
2018-11-01,MEX,SGP,0.0057,1,True
2018-12-01,MEX,SGP,0.0106,1,True
2019-01-01,MEX,SGP,0.017,1,True
2019-02-01,MEX,SGP,0.0144,1,True
2019-03-01,MEX,SGP,0.0127,1,True
2019-04-01,MEX,SGP,0.0076,1,True
2019-05-01,MEX,SGP,0.0116,1,True
2019-06-01,MEX,SGP,0.0255,1,True
2019-07-01,MEX,SGP,0.0298,2,True
2019-08-01,MEX,SGP,0.0407,1,True
2019-09-01,MEX,SGP,0.0778,1,False
2019-10-01,MEX,SGP,0.4342,1,False
2019-11-01,MEX,SGP,0.5355,2,False
2019-12-01,MEX,SGP,0.2583,4,False
2020-01-01,MEX,SGP,0.2387,4,False
2020-02-01,MEX,SGP,0.3577,4,False
2020-03-01,MEX,SGP,0.2995,1,False
2020-04-01,MEX,SGP,0.4246,2,False
2020-05-01,MEX,SGP,0.1736,1,False
2020-06-01,MEX,SGP,0.4394,4,False
2020-07-01,MEX,SGP,0.3962,3,False
2020-08-01,MEX,SGP,0.1363,4,False
2020-09-01,MEX,SGP,0.1989,4,False
2020-10-01,MEX,SGP,0.2094,4,False
2020-11-01,MEX,SGP,0.1551,3,False
2020-12-01,MEX,SGP,0.2067,3,False
2021-01-01,MEX,SGP,0.2455,3,False
2021-02-01,MEX,SGP,0.2105,4,False
2021-03-01,MEX,SGP,0.1003,4,False
2021-04-01,MEX,SGP,0.0434,3,True
2021-05-01,MEX,SGP,0.064,3,False
2021-06-01,MEX,SGP,0.0621,3,False
2021-07-01,MEX,SGP,0.0587,3,False
2021-08-01,MEX,SGP,0.0352,3,True
2021-09-01,MEX,SGP,0.0457,3,True
2021-10-01,MEX,SGP,0.043,3,True
2021-11-01,MEX,SGP,0.0189,3,True
2021-12-01,MEX,SGP,0.02,3,True
2022-01-01,MEX,SGP,0.0139,4,True
2022-02-01,MEX,SGP,0.0102,1,True
2022-03-01,MEX,SGP,0.0208,1,True
2022-04-01,MEX,SGP,0.0084,1,True
2022-05-01,MEX,SGP,0.0164,1,True
2022-06-01,MEX,SGP,0.018,1,True
2022-07-01,MEX,SGP,0.0125,1,True
2022-08-01,MEX,SGP,0.011,1,True
2022-09-01,MEX,SGP,0.0064,1,True
2022-10-01,MEX,SGP,0.0057,1,True
2022-11-01,MEX,SGP,0.0036,1,True
2022-12-01,MEX,SGP,0.0052,1,True
2023-01-01,MEX,SGP,0.0018,1,True
2023-02-01,MEX,SGP,0.0025,1,True
2023-03-01,MEX,SGP,0.0041,1,True
2023-04-01,MEX,SGP,0.0039,1,True
2023-05-01,MEX,SGP,0.0207,1,True
2023-06-01,MEX,SGP,0.0198,1,True
2023-07-01,MEX,SGP,0.0042,1,True
2023-08-01,MEX,SGP,0.0065,1,True
2023-09-01,MEX,SGP,0.0084,1,True
2023-10-01,MEX,SGP,0.0034,1,True
2023-11-01,MEX,SGP,0.0036,1,True
2023-12-01,MEX,SGP,0.0128,1,True
2024-01-01,MEX,SGP,0.0191,1,True
2024-02-01,MEX,SGP,0.0053,1,True
2024-03-01,MEX,SGP,0.0015,1,True
2024-04-01,MEX,SGP,0.0002,1,True
2024-05-01,MEX,SGP,0.0004,1,True
2024-06-01,MEX,SGP,0.0005,1,True
2024-07-01,MEX,SGP,0.0003,1,True
2024-08-01,MEX,SGP,0.0,1,True
2024-09-01,MEX,SGP,0.0,1,True
2024-10-01,MEX,SGP,0.0,1,True
2024-11-01,MEX,SGP,0.0,1,True
2024-12-01,MEX,SGP,0.0,1,True
2025-01-01,MEX,SGP,0.0,1,True
2025-02-01,MEX,SGP,0.0,1,True
2025-03-01,MEX,SGP,0.0,1,True
2025-04-01,MEX,SGP,0.0,1,True
2025-05-01,MEX,SGP,0.0001,1,True
2025-06-01,MEX,SGP,0.0002,1,True
2025-07-01,MEX,SGP,0.0007,1,True
2025-08-01,MEX,SGP,0.001,1,True
2025-09-01,MEX,SGP,0.0015,1,True
2025-10-01,MEX,SGP,0.0005,1,True
2025-11-01,MEX,SGP,0.0044,1,True
2025-12-01,MEX,SGP,0.0045,1,True
2026-01-01,MEX,SGP,0.005,1,True
2026-02-01,MEX,SGP,0.023,1,True
2026-03-01,MEX,SGP,0.0583,1,False
2015-01-01,MEX,KOR,0.4627,4,False
2015-02-01,MEX,KOR,0.7715,2,False
2015-03-01,MEX,KOR,0.7409,2,False
2015-04-01,MEX,KOR,0.6678,2,False
2015-05-01,MEX,KOR,0.6718,2,False
2015-06-01,MEX,KOR,0.7289,2,False
2015-07-01,MEX,KOR,0.457,1,False
2015-08-01,MEX,KOR,0.3561,1,False
2015-09-01,MEX,KOR,0.5442,1,False
2015-10-01,MEX,KOR,0.6074,1,False
2015-11-01,MEX,KOR,0.5579,1,False
2015-12-01,MEX,KOR,0.4963,3,False
2016-01-01,MEX,KOR,0.4067,3,False
2016-02-01,MEX,KOR,0.3722,3,False
2016-03-01,MEX,KOR,0.4618,3,False
2016-04-01,MEX,KOR,0.5168,1,False
2016-05-01,MEX,KOR,0.4092,1,False
2016-06-01,MEX,KOR,0.0925,1,False
2016-07-01,MEX,KOR,0.0527,1,False
2016-08-01,MEX,KOR,0.0395,1,True
2016-09-01,MEX,KOR,0.0255,1,True
2016-10-01,MEX,KOR,0.0306,1,True
2016-11-01,MEX,KOR,0.0406,1,True
2016-12-01,MEX,KOR,0.0611,1,False
2017-01-01,MEX,KOR,0.074,1,False
2017-02-01,MEX,KOR,0.0356,1,True
2017-03-01,MEX,KOR,0.0608,1,False
2017-04-01,MEX,KOR,0.0652,2,False
2017-05-01,MEX,KOR,0.0895,2,False
2017-06-01,MEX,KOR,0.1056,2,False
2017-07-01,MEX,KOR,0.1138,2,False
2017-08-01,MEX,KOR,0.2216,2,False
2017-09-01,MEX,KOR,0.1421,4,False
2017-10-01,MEX,KOR,0.3394,4,False
2017-11-01,MEX,KOR,0.2951,2,False
2017-12-01,MEX,KOR,0.3795,2,False
2018-01-01,MEX,KOR,0.3636,2,False
2018-02-01,MEX,KOR,0.5174,2,False
2018-03-01,MEX,KOR,0.5565,2,False
2018-04-01,MEX,KOR,0.5582,3,False
2018-05-01,MEX,KOR,0.4761,2,False
2018-06-01,MEX,KOR,0.7798,2,False
2018-07-01,MEX,KOR,0.7493,2,False
2018-08-01,MEX,KOR,0.7237,2,False
2018-09-01,MEX,KOR,0.6509,2,False
2018-10-01,MEX,KOR,0.7484,2,False
2018-11-01,MEX,KOR,0.7112,2,False
2018-12-01,MEX,KOR,0.5756,3,False
2019-01-01,MEX,KOR,0.4112,4,False
2019-02-01,MEX,KOR,0.3015,3,False
2019-03-01,MEX,KOR,0.1759,3,False
2019-04-01,MEX,KOR,0.2182,3,False
2019-05-01,MEX,KOR,0.2081,4,False
2019-06-01,MEX,KOR,0.2233,3,False
2019-07-01,MEX,KOR,0.2349,4,False
2019-08-01,MEX,KOR,0.3298,4,False
2019-09-01,MEX,KOR,0.3964,4,False
2019-10-01,MEX,KOR,0.1113,4,False
2019-11-01,MEX,KOR,0.116,3,False
2019-12-01,MEX,KOR,0.1723,3,False
2020-01-01,MEX,KOR,0.3224,1,False
2020-02-01,MEX,KOR,0.5507,3,False
2020-03-01,MEX,KOR,0.5175,3,False
2020-04-01,MEX,KOR,0.4797,1,False
2020-05-01,MEX,KOR,0.4812,2,False
2020-06-01,MEX,KOR,0.4676,2,False
2020-07-01,MEX,KOR,0.3038,1,False
2020-08-01,MEX,KOR,0.2567,2,False
2020-09-01,MEX,KOR,0.0819,1,False
2020-10-01,MEX,KOR,0.0573,1,False
2020-11-01,MEX,KOR,0.0377,1,True
2020-12-01,MEX,KOR,0.038,1,True
2021-01-01,MEX,KOR,0.0213,1,True
2021-02-01,MEX,KOR,0.0214,1,True
2021-03-01,MEX,KOR,0.008,1,True
2021-04-01,MEX,KOR,0.0082,1,True
2021-05-01,MEX,KOR,0.0387,2,True
2021-06-01,MEX,KOR,0.0404,2,True
2021-07-01,MEX,KOR,0.0184,2,True
2021-08-01,MEX,KOR,0.0112,1,True
2021-09-01,MEX,KOR,0.0131,2,True
2021-10-01,MEX,KOR,0.0069,2,True
2021-11-01,MEX,KOR,0.0049,2,True
2021-12-01,MEX,KOR,0.0089,2,True
2022-01-01,MEX,KOR,0.0069,2,True
2022-02-01,MEX,KOR,0.0049,2,True
2022-03-01,MEX,KOR,0.0014,2,True
2022-04-01,MEX,KOR,0.0013,2,True
2022-05-01,MEX,KOR,0.0035,1,True
2022-06-01,MEX,KOR,0.0085,1,True
2022-07-01,MEX,KOR,0.009,1,True
2022-08-01,MEX,KOR,0.0036,2,True
2022-09-01,MEX,KOR,0.0023,1,True
2022-10-01,MEX,KOR,0.002,4,True
2022-11-01,MEX,KOR,0.0052,1,True
2022-12-01,MEX,KOR,0.0062,2,True
2023-01-01,MEX,KOR,0.0049,2,True
2023-02-01,MEX,KOR,0.0027,2,True
2023-03-01,MEX,KOR,0.0008,2,True
2023-04-01,MEX,KOR,0.0007,1,True
2023-05-01,MEX,KOR,0.0004,1,True
2023-06-01,MEX,KOR,0.0004,1,True
2023-07-01,MEX,KOR,0.0001,1,True
2023-08-01,MEX,KOR,0.0002,1,True
2023-09-01,MEX,KOR,0.0002,1,True
2023-10-01,MEX,KOR,0.0001,2,True
2023-11-01,MEX,KOR,0.0001,1,True
2023-12-01,MEX,KOR,0.0004,1,True
2024-01-01,MEX,KOR,0.0001,3,True
2024-02-01,MEX,KOR,0.0001,2,True
2024-03-01,MEX,KOR,0.0,1,True
2024-04-01,MEX,KOR,0.0008,1,True
2024-05-01,MEX,KOR,0.0028,4,True
2024-06-01,MEX,KOR,0.0007,3,True
2024-07-01,MEX,KOR,0.0003,1,True
2024-08-01,MEX,KOR,0.0005,1,True
2024-09-01,MEX,KOR,0.0002,1,True
2024-10-01,MEX,KOR,0.0,1,True
2024-11-01,MEX,KOR,0.0,1,True
2024-12-01,MEX,KOR,0.0,1,True
2025-01-01,MEX,KOR,0.0,1,True
2025-02-01,MEX,KOR,0.0,1,True
2025-03-01,MEX,KOR,0.0,1,True
2025-04-01,MEX,KOR,0.0001,1,True
2025-05-01,MEX,KOR,0.0002,1,True
2025-06-01,MEX,KOR,0.0001,1,True
2025-07-01,MEX,KOR,0.0001,1,True
2025-08-01,MEX,KOR,0.0022,1,True
2025-09-01,MEX,KOR,0.0028,1,True
2025-10-01,MEX,KOR,0.0062,1,True
2025-11-01,MEX,KOR,0.0081,1,True
2025-12-01,MEX,KOR,0.0065,1,True
2026-01-01,MEX,KOR,0.0112,2,True
2026-02-01,MEX,KOR,0.018,1,True
2026-03-01,MEX,KOR,0.0851,2,False
2015-01-01,MEX,GBR,0.171,4,False
2015-02-01,MEX,GBR,0.2122,2,False
2015-03-01,MEX,GBR,0.0662,4,False
2015-04-01,MEX,GBR,0.0663,4,False
2015-05-01,MEX,GBR,0.0568,4,False
2015-06-01,MEX,GBR,0.0787,4,False
2015-07-01,MEX,GBR,0.1697,4,False
2015-08-01,MEX,GBR,0.148,4,False
2015-09-01,MEX,GBR,0.0917,4,False
2015-10-01,MEX,GBR,0.0367,4,True
2015-11-01,MEX,GBR,0.396,4,False
2015-12-01,MEX,GBR,0.3522,4,False
2016-01-01,MEX,GBR,0.3487,4,False
2016-02-01,MEX,GBR,0.425,3,False
2016-03-01,MEX,GBR,0.5032,3,False
2016-04-01,MEX,GBR,0.4343,1,False
2016-05-01,MEX,GBR,0.4302,1,False
2016-06-01,MEX,GBR,0.6672,3,False
2016-07-01,MEX,GBR,0.6799,3,False
2016-08-01,MEX,GBR,0.6598,3,False
2016-09-01,MEX,GBR,0.6563,3,False
2016-10-01,MEX,GBR,0.7196,3,False
2016-11-01,MEX,GBR,0.7202,3,False
2016-12-01,MEX,GBR,0.7133,3,False
2017-01-01,MEX,GBR,0.4886,3,False
2017-02-01,MEX,GBR,0.5759,1,False
2017-03-01,MEX,GBR,0.5815,2,False
2017-04-01,MEX,GBR,0.7519,3,False
2017-05-01,MEX,GBR,0.293,3,False
2017-06-01,MEX,GBR,0.2902,3,False
2017-07-01,MEX,GBR,0.3611,3,False
2017-08-01,MEX,GBR,0.309,3,False
2017-09-01,MEX,GBR,0.2277,4,False
2017-10-01,MEX,GBR,0.2169,3,False
2017-11-01,MEX,GBR,0.373,2,False
2017-12-01,MEX,GBR,0.5152,4,False
2018-01-01,MEX,GBR,0.3602,2,False
2018-02-01,MEX,GBR,0.2404,1,False
2018-03-01,MEX,GBR,0.2284,1,False
2018-04-01,MEX,GBR,0.2379,4,False
2018-05-01,MEX,GBR,0.1658,1,False
2018-06-01,MEX,GBR,0.1282,2,False
2018-07-01,MEX,GBR,0.1248,2,False
2018-08-01,MEX,GBR,0.0492,1,True
2018-09-01,MEX,GBR,0.0444,1,True
2018-10-01,MEX,GBR,0.0434,1,True
2018-11-01,MEX,GBR,0.0306,1,True
2018-12-01,MEX,GBR,0.0083,1,True
2019-01-01,MEX,GBR,0.011,1,True
2019-02-01,MEX,GBR,0.0102,1,True
2019-03-01,MEX,GBR,0.0115,1,True
2019-04-01,MEX,GBR,0.0145,1,True
2019-05-01,MEX,GBR,0.0094,1,True
2019-06-01,MEX,GBR,0.0161,1,True
2019-07-01,MEX,GBR,0.0463,1,True
2019-08-01,MEX,GBR,0.0391,1,True
2019-09-01,MEX,GBR,0.0993,1,False
2019-10-01,MEX,GBR,0.0945,1,False
2019-11-01,MEX,GBR,0.0488,1,True
2019-12-01,MEX,GBR,0.0568,1,False
2020-01-01,MEX,GBR,0.033,1,True
2020-02-01,MEX,GBR,0.042,1,True
2020-03-01,MEX,GBR,0.0327,1,True
2020-04-01,MEX,GBR,0.0287,1,True
2020-05-01,MEX,GBR,0.0333,1,True
2020-06-01,MEX,GBR,0.0148,1,True
2020-07-01,MEX,GBR,0.0118,1,True
2020-08-01,MEX,GBR,0.0128,1,True
2020-09-01,MEX,GBR,0.0125,1,True
2020-10-01,MEX,GBR,0.0107,2,True
2020-11-01,MEX,GBR,0.0034,1,True
2020-12-01,MEX,GBR,0.0096,1,True
2021-01-01,MEX,GBR,0.0326,1,True
2021-02-01,MEX,GBR,0.0096,1,True
2021-03-01,MEX,GBR,0.0024,1,True
2021-04-01,MEX,GBR,0.0089,1,True
2021-05-01,MEX,GBR,0.0158,1,True
2021-06-01,MEX,GBR,0.0241,1,True
2021-07-01,MEX,GBR,0.0092,1,True
2021-08-01,MEX,GBR,0.0089,1,True
2021-09-01,MEX,GBR,0.0045,1,True
2021-10-01,MEX,GBR,0.015,1,True
2021-11-01,MEX,GBR,0.0188,1,True
2021-12-01,MEX,GBR,0.0024,1,True
2022-01-01,MEX,GBR,0.0072,1,True
2022-02-01,MEX,GBR,0.001,1,True
2022-03-01,MEX,GBR,0.0004,1,True
2022-04-01,MEX,GBR,0.0004,1,True
2022-05-01,MEX,GBR,0.0006,1,True
2022-06-01,MEX,GBR,0.0004,1,True
2022-07-01,MEX,GBR,0.0004,1,True
2022-08-01,MEX,GBR,0.0001,1,True
2022-09-01,MEX,GBR,0.0001,1,True
2022-10-01,MEX,GBR,0.0002,1,True
2022-11-01,MEX,GBR,0.0001,1,True
2022-12-01,MEX,GBR,0.0001,1,True
2023-01-01,MEX,GBR,0.0002,1,True
2023-02-01,MEX,GBR,0.0002,1,True
2023-03-01,MEX,GBR,0.0001,1,True
2023-04-01,MEX,GBR,0.0001,1,True
2023-05-01,MEX,GBR,0.0002,1,True
2023-06-01,MEX,GBR,0.0004,1,True
2023-07-01,MEX,GBR,0.0013,1,True
2023-08-01,MEX,GBR,0.0007,1,True
2023-09-01,MEX,GBR,0.0004,1,True
2023-10-01,MEX,GBR,0.0003,1,True
2023-11-01,MEX,GBR,0.0007,1,True
2023-12-01,MEX,GBR,0.0021,1,True
2024-01-01,MEX,GBR,0.0011,1,True
2024-02-01,MEX,GBR,0.0002,1,True
2024-03-01,MEX,GBR,0.0002,1,True
2024-04-01,MEX,GBR,0.0001,1,True
2024-05-01,MEX,GBR,0.0,1,True
2024-06-01,MEX,GBR,0.0,1,True
2024-07-01,MEX,GBR,0.0,1,True
2024-08-01,MEX,GBR,0.0,1,True
2024-09-01,MEX,GBR,0.0,1,True
2024-10-01,MEX,GBR,0.0,1,True
2024-11-01,MEX,GBR,0.0,1,True
2024-12-01,MEX,GBR,0.0,1,True
2025-01-01,MEX,GBR,0.0,1,True
2025-02-01,MEX,GBR,0.0,1,True
2025-03-01,MEX,GBR,0.0,1,True
2025-04-01,MEX,GBR,0.0002,1,True
2025-05-01,MEX,GBR,0.0021,1,True
2025-06-01,MEX,GBR,0.0108,1,True
2025-07-01,MEX,GBR,0.0401,1,True
2025-08-01,MEX,GBR,0.0764,1,False
2025-09-01,MEX,GBR,0.2006,1,False
2025-10-01,MEX,GBR,0.4374,1,False
2025-11-01,MEX,GBR,0.3872,1,False
2025-12-01,MEX,GBR,0.3877,3,False
2026-01-01,MEX,GBR,0.325,2,False
2026-02-01,MEX,GBR,0.6411,3,False
2026-03-01,MEX,GBR,0.7148,3,False
2015-01-01,MEX,USA,0.3319,2,False
2015-02-01,MEX,USA,0.3627,1,False
2015-03-01,MEX,USA,0.4084,1,False
2015-04-01,MEX,USA,0.1413,4,False
2015-05-01,MEX,USA,0.0901,3,False
2015-06-01,MEX,USA,0.1604,2,False
2015-07-01,MEX,USA,0.0738,1,False
2015-08-01,MEX,USA,0.0463,3,True
2015-09-01,MEX,USA,0.0454,1,True
2015-10-01,MEX,USA,0.015,3,True
2015-11-01,MEX,USA,0.0554,1,False
2015-12-01,MEX,USA,0.0558,4,False
2016-01-01,MEX,USA,0.0508,4,False
2016-02-01,MEX,USA,0.0396,4,True
2016-03-01,MEX,USA,0.0369,4,True
2016-04-01,MEX,USA,0.0466,4,True
2016-05-01,MEX,USA,0.0851,4,False
2016-06-01,MEX,USA,0.0651,4,False
2016-07-01,MEX,USA,0.0465,4,True
2016-08-01,MEX,USA,0.0574,4,False
2016-09-01,MEX,USA,0.0471,4,True
2016-10-01,MEX,USA,0.0546,4,False
2016-11-01,MEX,USA,0.047,4,True
2016-12-01,MEX,USA,0.0501,4,False
2017-01-01,MEX,USA,0.1199,4,False
2017-02-01,MEX,USA,0.1742,4,False
2017-03-01,MEX,USA,0.1974,4,False
2017-04-01,MEX,USA,0.0829,4,False
2017-05-01,MEX,USA,0.138,4,False
2017-06-01,MEX,USA,0.0809,4,False
2017-07-01,MEX,USA,0.0601,4,False
2017-08-01,MEX,USA,0.0316,4,True
2017-09-01,MEX,USA,0.0098,4,True
2017-10-01,MEX,USA,0.0074,4,True
2017-11-01,MEX,USA,0.0216,4,True
2017-12-01,MEX,USA,0.0243,4,True
2018-01-01,MEX,USA,0.0294,4,True
2018-02-01,MEX,USA,0.035,4,True
2018-03-01,MEX,USA,0.2341,4,False
2018-04-01,MEX,USA,0.2134,4,False
2018-05-01,MEX,USA,0.3828,4,False
2018-06-01,MEX,USA,0.451,4,False
2018-07-01,MEX,USA,0.3987,4,False
2018-08-01,MEX,USA,0.3918,4,False
2018-09-01,MEX,USA,0.3806,4,False
2018-10-01,MEX,USA,0.4368,4,False
2018-11-01,MEX,USA,0.3246,1,False
2018-12-01,MEX,USA,0.3136,1,False
2019-01-01,MEX,USA,0.2378,1,False
2019-02-01,MEX,USA,0.1761,1,False
2019-03-01,MEX,USA,0.0954,1,False
2019-04-01,MEX,USA,0.077,1,False
2019-05-01,MEX,USA,0.1269,1,False
2019-06-01,MEX,USA,0.1192,1,False
2019-07-01,MEX,USA,0.1789,1,False
2019-08-01,MEX,USA,0.203,1,False
2019-09-01,MEX,USA,0.2532,1,False
2019-10-01,MEX,USA,0.3099,1,False
2019-11-01,MEX,USA,0.1517,1,False
2019-12-01,MEX,USA,0.3126,1,False
2020-01-01,MEX,USA,0.5198,1,False
2020-02-01,MEX,USA,0.51,2,False
2020-03-01,MEX,USA,0.3221,4,False
2020-04-01,MEX,USA,0.2478,3,False
2020-05-01,MEX,USA,0.1805,2,False
2020-06-01,MEX,USA,0.2177,2,False
2020-07-01,MEX,USA,0.1514,2,False
2020-08-01,MEX,USA,0.0954,2,False
2020-09-01,MEX,USA,0.1379,2,False
2020-10-01,MEX,USA,0.0724,3,False
2020-11-01,MEX,USA,0.0186,2,True
2020-12-01,MEX,USA,0.0063,1,True
2021-01-01,MEX,USA,0.0321,1,True
2021-02-01,MEX,USA,0.0625,1,False
2021-03-01,MEX,USA,0.0465,1,True
2021-04-01,MEX,USA,0.0381,1,True
2021-05-01,MEX,USA,0.2896,1,False
2021-06-01,MEX,USA,0.1339,1,False
2021-07-01,MEX,USA,0.0547,1,False
2021-08-01,MEX,USA,0.0305,1,True
2021-09-01,MEX,USA,0.0207,1,True
2021-10-01,MEX,USA,0.008,1,True
2021-11-01,MEX,USA,0.0071,1,True
2021-12-01,MEX,USA,0.0047,1,True
2022-01-01,MEX,USA,0.0058,1,True
2022-02-01,MEX,USA,0.0019,1,True
2022-03-01,MEX,USA,0.0011,1,True
2022-04-01,MEX,USA,0.0012,1,True
2022-05-01,MEX,USA,0.0013,1,True
2022-06-01,MEX,USA,0.0008,1,True
2022-07-01,MEX,USA,0.0007,1,True
2022-08-01,MEX,USA,0.0006,1,True
2022-09-01,MEX,USA,0.0005,1,True
2022-10-01,MEX,USA,0.0008,1,True
2022-11-01,MEX,USA,0.0002,1,True
2022-12-01,MEX,USA,0.0001,1,True
2023-01-01,MEX,USA,0.0001,1,True
2023-02-01,MEX,USA,0.0001,1,True
2023-03-01,MEX,USA,0.0002,1,True
2023-04-01,MEX,USA,0.0004,1,True
2023-05-01,MEX,USA,0.0002,1,True
2023-06-01,MEX,USA,0.0003,1,True
2023-07-01,MEX,USA,0.0005,1,True
2023-08-01,MEX,USA,0.0001,1,True
2023-09-01,MEX,USA,0.0001,1,True
2023-10-01,MEX,USA,0.0001,1,True
2023-11-01,MEX,USA,0.0002,1,True
2023-12-01,MEX,USA,0.0011,1,True
2024-01-01,MEX,USA,0.0002,1,True
2024-02-01,MEX,USA,0.0001,1,True
2024-03-01,MEX,USA,0.0,1,True
2024-04-01,MEX,USA,0.0001,1,True
2024-05-01,MEX,USA,0.0,1,True
2024-06-01,MEX,USA,0.0,1,True
2024-07-01,MEX,USA,0.0,1,True
2024-08-01,MEX,USA,0.0,1,True
2024-09-01,MEX,USA,0.0,1,True
2024-10-01,MEX,USA,0.0,1,True
2024-11-01,MEX,USA,0.0,1,True
2024-12-01,MEX,USA,0.0,1,True
2025-01-01,MEX,USA,0.0,1,True
2025-02-01,MEX,USA,0.0001,1,True
2025-03-01,MEX,USA,0.0035,1,True
2025-04-01,MEX,USA,0.1264,1,False
2025-05-01,MEX,USA,0.2808,1,False
2025-06-01,MEX,USA,0.5066,1,False
2025-07-01,MEX,USA,0.605,2,False
2025-08-01,MEX,USA,0.4385,1,False
2025-09-01,MEX,USA,0.3405,1,False
2025-10-01,MEX,USA,0.3911,1,False
2025-11-01,MEX,USA,0.4835,1,False
2025-12-01,MEX,USA,0.5913,3,False
2026-01-01,MEX,USA,0.481,1,False
2026-02-01,MEX,USA,0.3726,1,False
2026-03-01,MEX,USA,0.3778,3,False
2015-01-01,MEX,DEU,0.0691,2,False
2015-02-01,MEX,DEU,0.0105,1,True
2015-03-01,MEX,DEU,0.0124,1,True
2015-04-01,MEX,DEU,0.0185,1,True
2015-05-01,MEX,DEU,0.06,1,False
2015-06-01,MEX,DEU,0.03,1,True
2015-07-01,MEX,DEU,0.1608,1,False
2015-08-01,MEX,DEU,0.0758,1,False
2015-09-01,MEX,DEU,0.1946,1,False
2015-10-01,MEX,DEU,0.1935,1,False
2015-11-01,MEX,DEU,0.1907,1,False
2015-12-01,MEX,DEU,0.1625,1,False
2016-01-01,MEX,DEU,0.1223,1,False
2016-02-01,MEX,DEU,0.3079,1,False
2016-03-01,MEX,DEU,0.3609,1,False
2016-04-01,MEX,DEU,0.3938,3,False
2016-05-01,MEX,DEU,0.1178,1,False
2016-06-01,MEX,DEU,0.0735,2,False
2016-07-01,MEX,DEU,0.0516,1,False
2016-08-01,MEX,DEU,0.0143,2,True
2016-09-01,MEX,DEU,0.0148,2,True
2016-10-01,MEX,DEU,0.0141,2,True
2016-11-01,MEX,DEU,0.0142,2,True
2016-12-01,MEX,DEU,0.0153,2,True
2017-01-01,MEX,DEU,0.0162,1,True
2017-02-01,MEX,DEU,0.0115,1,True
2017-03-01,MEX,DEU,0.012,1,True
2017-04-01,MEX,DEU,0.0217,2,True
2017-05-01,MEX,DEU,0.003,2,True
2017-06-01,MEX,DEU,0.0034,2,True
2017-07-01,MEX,DEU,0.0029,2,True
2017-08-01,MEX,DEU,0.0203,2,True
2017-09-01,MEX,DEU,0.0338,2,True
2017-10-01,MEX,DEU,0.1043,2,False
2017-11-01,MEX,DEU,0.4087,2,False
2017-12-01,MEX,DEU,0.4304,2,False
2018-01-01,MEX,DEU,0.3411,2,False
2018-02-01,MEX,DEU,0.2546,1,False
2018-03-01,MEX,DEU,0.0857,2,False
2018-04-01,MEX,DEU,0.0398,1,True
2018-05-01,MEX,DEU,0.0281,1,True
2018-06-01,MEX,DEU,0.0197,1,True
2018-07-01,MEX,DEU,0.0202,1,True
2018-08-01,MEX,DEU,0.0124,1,True
2018-09-01,MEX,DEU,0.012,1,True
2018-10-01,MEX,DEU,0.0303,1,True
2018-11-01,MEX,DEU,0.0373,1,True
2018-12-01,MEX,DEU,0.0531,1,False
2019-01-01,MEX,DEU,0.0283,1,True
2019-02-01,MEX,DEU,0.021,1,True
2019-03-01,MEX,DEU,0.0134,1,True
2019-04-01,MEX,DEU,0.0412,1,True
2019-05-01,MEX,DEU,0.02,1,True
2019-06-01,MEX,DEU,0.0271,1,True
2019-07-01,MEX,DEU,0.1604,1,False
2019-08-01,MEX,DEU,0.1237,1,False
2019-09-01,MEX,DEU,0.0444,1,True
2019-10-01,MEX,DEU,0.0468,1,True
2019-11-01,MEX,DEU,0.0798,1,False
2019-12-01,MEX,DEU,0.171,1,False
2020-01-01,MEX,DEU,0.265,2,False
2020-02-01,MEX,DEU,0.1285,1,False
2020-03-01,MEX,DEU,0.2051,1,False
2020-04-01,MEX,DEU,0.0631,1,False
2020-05-01,MEX,DEU,0.1148,1,False
2020-06-01,MEX,DEU,0.1406,1,False
2020-07-01,MEX,DEU,0.2406,1,False
2020-08-01,MEX,DEU,0.1154,1,False
2020-09-01,MEX,DEU,0.0693,1,False
2020-10-01,MEX,DEU,0.0228,1,True
2020-11-01,MEX,DEU,0.0167,1,True
2020-12-01,MEX,DEU,0.0178,1,True
2021-01-01,MEX,DEU,0.019,1,True
2021-02-01,MEX,DEU,0.0417,1,True
2021-03-01,MEX,DEU,0.0479,1,True
2021-04-01,MEX,DEU,0.0466,1,True
2021-05-01,MEX,DEU,0.0129,1,True
2021-06-01,MEX,DEU,0.0121,1,True
2021-07-01,MEX,DEU,0.009,1,True
2021-08-01,MEX,DEU,0.0056,1,True
2021-09-01,MEX,DEU,0.0412,1,True
2021-10-01,MEX,DEU,0.0491,1,True
2021-11-01,MEX,DEU,0.0119,1,True
2021-12-01,MEX,DEU,0.0029,1,True
2022-01-01,MEX,DEU,0.0036,1,True
2022-02-01,MEX,DEU,0.0023,1,True
2022-03-01,MEX,DEU,0.004,1,True
2022-04-01,MEX,DEU,0.0041,1,True
2022-05-01,MEX,DEU,0.0043,1,True
2022-06-01,MEX,DEU,0.0031,1,True
2022-07-01,MEX,DEU,0.0023,1,True
2022-08-01,MEX,DEU,0.0028,1,True
2022-09-01,MEX,DEU,0.0033,1,True
2022-10-01,MEX,DEU,0.0014,1,True
2022-11-01,MEX,DEU,0.0015,1,True
2022-12-01,MEX,DEU,0.0011,1,True
2023-01-01,MEX,DEU,0.005,1,True
2023-02-01,MEX,DEU,0.0032,1,True
2023-03-01,MEX,DEU,0.0023,1,True
2023-04-01,MEX,DEU,0.0011,1,True
2023-05-01,MEX,DEU,0.0008,1,True
2023-06-01,MEX,DEU,0.0001,1,True
2023-07-01,MEX,DEU,0.0002,1,True
2023-08-01,MEX,DEU,0.0003,1,True
2023-09-01,MEX,DEU,0.0007,1,True
2023-10-01,MEX,DEU,0.0004,1,True
2023-11-01,MEX,DEU,0.0003,1,True
2023-12-01,MEX,DEU,0.0016,1,True
2024-01-01,MEX,DEU,0.0014,1,True
2024-02-01,MEX,DEU,0.0002,1,True
2024-03-01,MEX,DEU,0.0002,1,True
2024-04-01,MEX,DEU,0.0,1,True
2024-05-01,MEX,DEU,0.0,1,True
2024-06-01,MEX,DEU,0.0,1,True
2024-07-01,MEX,DEU,0.0,1,True
2024-08-01,MEX,DEU,0.0,1,True
2024-09-01,MEX,DEU,0.0,1,True
2024-10-01,MEX,DEU,0.0,1,True
2024-11-01,MEX,DEU,0.0,1,True
2024-12-01,MEX,DEU,0.0,1,True
2025-01-01,MEX,DEU,0.0,1,True
2025-02-01,MEX,DEU,0.0,1,True
2025-03-01,MEX,DEU,0.0,1,True
2025-04-01,MEX,DEU,0.0,1,True
2025-05-01,MEX,DEU,0.0003,1,True
2025-06-01,MEX,DEU,0.0006,1,True
2025-07-01,MEX,DEU,0.0099,1,True
2025-08-01,MEX,DEU,0.0414,1,True
2025-09-01,MEX,DEU,0.0255,1,True
2025-10-01,MEX,DEU,0.0963,1,False
2025-11-01,MEX,DEU,0.1051,1,False
2025-12-01,MEX,DEU,0.2758,1,False
2026-01-01,MEX,DEU,0.2133,1,False
2026-02-01,MEX,DEU,0.2582,1,False
2026-03-01,MEX,DEU,0.2849,1,False
2015-01-01,MEX,FRA,0.4871,1,False
2015-02-01,MEX,FRA,0.4345,1,False
2015-03-01,MEX,FRA,0.5042,1,False
2015-04-01,MEX,FRA,0.571,1,False
2015-05-01,MEX,FRA,0.3093,1,False
2015-06-01,MEX,FRA,0.2886,1,False
2015-07-01,MEX,FRA,0.3887,1,False
2015-08-01,MEX,FRA,0.4995,1,False
2015-09-01,MEX,FRA,0.3599,1,False
2015-10-01,MEX,FRA,0.2011,1,False
2015-11-01,MEX,FRA,0.2233,1,False
2015-12-01,MEX,FRA,0.1759,1,False
2016-01-01,MEX,FRA,0.2043,1,False
2016-02-01,MEX,FRA,0.1704,1,False
2016-03-01,MEX,FRA,0.2367,1,False
2016-04-01,MEX,FRA,0.4028,1,False
2016-05-01,MEX,FRA,0.3327,1,False
2016-06-01,MEX,FRA,0.3981,1,False
2016-07-01,MEX,FRA,0.5046,4,False
2016-08-01,MEX,FRA,0.4938,4,False
2016-09-01,MEX,FRA,0.5529,4,False
2016-10-01,MEX,FRA,0.2904,4,False
2016-11-01,MEX,FRA,0.3535,4,False
2016-12-01,MEX,FRA,0.4137,4,False
2017-01-01,MEX,FRA,0.6648,1,False
2017-02-01,MEX,FRA,0.446,1,False
2017-03-01,MEX,FRA,0.4221,1,False
2017-04-01,MEX,FRA,0.2884,1,False
2017-05-01,MEX,FRA,0.1472,1,False
2017-06-01,MEX,FRA,0.1197,1,False
2017-07-01,MEX,FRA,0.0958,1,False
2017-08-01,MEX,FRA,0.1775,1,False
2017-09-01,MEX,FRA,0.2383,1,False
2017-10-01,MEX,FRA,0.287,1,False
2017-11-01,MEX,FRA,0.1832,1,False
2017-12-01,MEX,FRA,0.221,1,False
2018-01-01,MEX,FRA,0.4522,1,False
2018-02-01,MEX,FRA,0.3621,1,False
2018-03-01,MEX,FRA,0.359,4,False
2018-04-01,MEX,FRA,0.2628,4,False
2018-05-01,MEX,FRA,0.2976,4,False
2018-06-01,MEX,FRA,0.2167,3,False
2018-07-01,MEX,FRA,0.2684,3,False
2018-08-01,MEX,FRA,0.2929,3,False
2018-09-01,MEX,FRA,0.3136,1,False
2018-10-01,MEX,FRA,0.3179,1,False
2018-11-01,MEX,FRA,0.3021,1,False
2018-12-01,MEX,FRA,0.2881,1,False
2019-01-01,MEX,FRA,0.2939,1,False
2019-02-01,MEX,FRA,0.3136,1,False
2019-03-01,MEX,FRA,0.2512,1,False
2019-04-01,MEX,FRA,0.4526,1,False
2019-05-01,MEX,FRA,0.4531,1,False
2019-06-01,MEX,FRA,0.2614,1,False
2019-07-01,MEX,FRA,0.3551,1,False
2019-08-01,MEX,FRA,0.4331,1,False
2019-09-01,MEX,FRA,0.5947,1,False
2019-10-01,MEX,FRA,0.4313,1,False
2019-11-01,MEX,FRA,0.5574,1,False
2019-12-01,MEX,FRA,0.5389,1,False
2020-01-01,MEX,FRA,0.5478,2,False
2020-02-01,MEX,FRA,0.5376,3,False
2020-03-01,MEX,FRA,0.1605,4,False
2020-04-01,MEX,FRA,0.1196,3,False
2020-05-01,MEX,FRA,0.1842,2,False
2020-06-01,MEX,FRA,0.1032,1,False
2020-07-01,MEX,FRA,0.039,1,True
2020-08-01,MEX,FRA,0.0237,1,True
2020-09-01,MEX,FRA,0.0573,1,False
2020-10-01,MEX,FRA,0.0523,1,False
2020-11-01,MEX,FRA,0.0401,1,True
2020-12-01,MEX,FRA,0.0098,1,True
2021-01-01,MEX,FRA,0.0094,1,True
2021-02-01,MEX,FRA,0.0053,3,True
2021-03-01,MEX,FRA,0.0056,1,True
2021-04-01,MEX,FRA,0.0014,1,True
2021-05-01,MEX,FRA,0.0034,1,True
2021-06-01,MEX,FRA,0.0005,1,True
2021-07-01,MEX,FRA,0.0014,1,True
2021-08-01,MEX,FRA,0.0007,1,True
2021-09-01,MEX,FRA,0.0002,1,True
2021-10-01,MEX,FRA,0.0002,1,True
2021-11-01,MEX,FRA,0.0008,1,True
2021-12-01,MEX,FRA,0.0039,1,True
2022-01-01,MEX,FRA,0.0105,1,True
2022-02-01,MEX,FRA,0.0025,1,True
2022-03-01,MEX,FRA,0.0002,1,True
2022-04-01,MEX,FRA,0.0,1,True
2022-05-01,MEX,FRA,0.0001,1,True
2022-06-01,MEX,FRA,0.0,1,True
2022-07-01,MEX,FRA,0.0,1,True
2022-08-01,MEX,FRA,0.0,1,True
2022-09-01,MEX,FRA,0.0001,1,True
2022-10-01,MEX,FRA,0.0001,1,True
2022-11-01,MEX,FRA,0.0,1,True
2022-12-01,MEX,FRA,0.0,1,True
2023-01-01,MEX,FRA,0.0,1,True
2023-02-01,MEX,FRA,0.0,1,True
2023-03-01,MEX,FRA,0.0,1,True
2023-04-01,MEX,FRA,0.0,1,True
2023-05-01,MEX,FRA,0.0,1,True
2023-06-01,MEX,FRA,0.0001,1,True
2023-07-01,MEX,FRA,0.0015,1,True
2023-08-01,MEX,FRA,0.0009,1,True
2023-09-01,MEX,FRA,0.0057,1,True
2023-10-01,MEX,FRA,0.024,1,True
2023-11-01,MEX,FRA,0.0648,1,False
2023-12-01,MEX,FRA,0.1307,1,False
2024-01-01,MEX,FRA,0.093,1,False
2024-02-01,MEX,FRA,0.0776,1,False
2024-03-01,MEX,FRA,0.0493,1,True
2024-04-01,MEX,FRA,0.0113,1,True
2024-05-01,MEX,FRA,0.0017,1,True
2024-06-01,MEX,FRA,0.0022,1,True
2024-07-01,MEX,FRA,0.0012,1,True
2024-08-01,MEX,FRA,0.0011,1,True
2024-09-01,MEX,FRA,0.0028,1,True
2024-10-01,MEX,FRA,0.0027,1,True
2024-11-01,MEX,FRA,0.0007,1,True
2024-12-01,MEX,FRA,0.0002,1,True
2025-01-01,MEX,FRA,0.0001,1,True
2025-02-01,MEX,FRA,0.0001,1,True
2025-03-01,MEX,FRA,0.0016,1,True
2025-04-01,MEX,FRA,0.0012,1,True
2025-05-01,MEX,FRA,0.0032,1,True
2025-06-01,MEX,FRA,0.0104,1,True
2025-07-01,MEX,FRA,0.0465,1,True
2025-08-01,MEX,FRA,0.061,1,False
2025-09-01,MEX,FRA,0.0453,1,True
2025-10-01,MEX,FRA,0.0694,1,False
2025-11-01,MEX,FRA,0.0538,1,False
2025-12-01,MEX,FRA,0.1024,1,False
2026-01-01,MEX,FRA,0.1421,3,False
2026-02-01,MEX,FRA,0.1066,3,False
2026-03-01,MEX,FRA,0.0367,3,True
2015-01-01,MEX,JPN,0.048,1,True
2015-02-01,MEX,JPN,0.0607,1,False
2015-03-01,MEX,JPN,0.1084,1,False
2015-04-01,MEX,JPN,0.1787,1,False
2015-05-01,MEX,JPN,0.0879,1,False
2015-06-01,MEX,JPN,0.1672,1,False
2015-07-01,MEX,JPN,0.1705,4,False
2015-08-01,MEX,JPN,0.3897,4,False
2015-09-01,MEX,JPN,0.3558,4,False
2015-10-01,MEX,JPN,0.2138,1,False
2015-11-01,MEX,JPN,0.2119,1,False
2015-12-01,MEX,JPN,0.1755,1,False
2016-01-01,MEX,JPN,0.2553,1,False
2016-02-01,MEX,JPN,0.2898,1,False
2016-03-01,MEX,JPN,0.3684,1,False
2016-04-01,MEX,JPN,0.663,3,False
2016-05-01,MEX,JPN,0.5756,3,False
2016-06-01,MEX,JPN,0.4936,3,False
2016-07-01,MEX,JPN,0.1927,2,False
2016-08-01,MEX,JPN,0.1006,1,False
2016-09-01,MEX,JPN,0.0961,1,False
2016-10-01,MEX,JPN,0.0663,2,False
2016-11-01,MEX,JPN,0.0305,1,True
2016-12-01,MEX,JPN,0.0236,2,True
2017-01-01,MEX,JPN,0.0234,1,True
2017-02-01,MEX,JPN,0.0238,1,True
2017-03-01,MEX,JPN,0.0404,1,True
2017-04-01,MEX,JPN,0.044,2,True
2017-05-01,MEX,JPN,0.1354,1,False
2017-06-01,MEX,JPN,0.1457,1,False
2017-07-01,MEX,JPN,0.3093,1,False
2017-08-01,MEX,JPN,0.4712,4,False
2017-09-01,MEX,JPN,0.5425,1,False
2017-10-01,MEX,JPN,0.5832,1,False
2017-11-01,MEX,JPN,0.7059,1,False
2017-12-01,MEX,JPN,0.6788,1,False
2018-01-01,MEX,JPN,0.5427,1,False
2018-02-01,MEX,JPN,0.6072,2,False
2018-03-01,MEX,JPN,0.6453,1,False
2018-04-01,MEX,JPN,0.6228,1,False
2018-05-01,MEX,JPN,0.3718,1,False
2018-06-01,MEX,JPN,0.245,1,False
2018-07-01,MEX,JPN,0.2807,1,False
2018-08-01,MEX,JPN,0.2668,1,False
2018-09-01,MEX,JPN,0.3039,1,False
2018-10-01,MEX,JPN,0.3128,1,False
2018-11-01,MEX,JPN,0.3218,1,False
2018-12-01,MEX,JPN,0.3477,1,False
2019-01-01,MEX,JPN,0.2073,1,False
2019-02-01,MEX,JPN,0.1036,1,False
2019-03-01,MEX,JPN,0.172,1,False
2019-04-01,MEX,JPN,0.0871,1,False
2019-05-01,MEX,JPN,0.0833,1,False
2019-06-01,MEX,JPN,0.1231,1,False
2019-07-01,MEX,JPN,0.1385,1,False
2019-08-01,MEX,JPN,0.1145,1,False
2019-09-01,MEX,JPN,0.1141,1,False
2019-10-01,MEX,JPN,0.0453,1,True
2019-11-01,MEX,JPN,0.0561,1,False
2019-12-01,MEX,JPN,0.0815,4,False
2020-01-01,MEX,JPN,0.0487,3,True
2020-02-01,MEX,JPN,0.0142,2,True
2020-03-01,MEX,JPN,0.0144,1,True
2020-04-01,MEX,JPN,0.0067,2,True
2020-05-01,MEX,JPN,0.0047,2,True
2020-06-01,MEX,JPN,0.0056,2,True
2020-07-01,MEX,JPN,0.0068,4,True
2020-08-01,MEX,JPN,0.0006,3,True
2020-09-01,MEX,JPN,0.0008,2,True
2020-10-01,MEX,JPN,0.0004,3,True
2020-11-01,MEX,JPN,0.0005,2,True
2020-12-01,MEX,JPN,0.0011,1,True
2021-01-01,MEX,JPN,0.0008,3,True
2021-02-01,MEX,JPN,0.0016,3,True
2021-03-01,MEX,JPN,0.0022,3,True
2021-04-01,MEX,JPN,0.002,3,True
2021-05-01,MEX,JPN,0.0134,3,True
2021-06-01,MEX,JPN,0.0062,3,True
2021-07-01,MEX,JPN,0.024,3,True
2021-08-01,MEX,JPN,0.0444,3,True
2021-09-01,MEX,JPN,0.0197,3,True
2021-10-01,MEX,JPN,0.0082,3,True
2021-11-01,MEX,JPN,0.0177,3,True
2021-12-01,MEX,JPN,0.0291,3,True
2022-01-01,MEX,JPN,0.1157,3,False
2022-02-01,MEX,JPN,0.0487,3,True
2022-03-01,MEX,JPN,0.0181,1,True
2022-04-01,MEX,JPN,0.0043,1,True
2022-05-01,MEX,JPN,0.0047,1,True
2022-06-01,MEX,JPN,0.0074,3,True
2022-07-01,MEX,JPN,0.0022,1,True
2022-08-01,MEX,JPN,0.0005,1,True
2022-09-01,MEX,JPN,0.0006,1,True
2022-10-01,MEX,JPN,0.0024,1,True
2022-11-01,MEX,JPN,0.0029,1,True
2022-12-01,MEX,JPN,0.0075,1,True
2023-01-01,MEX,JPN,0.0092,1,True
2023-02-01,MEX,JPN,0.0057,1,True
2023-03-01,MEX,JPN,0.0079,1,True
2023-04-01,MEX,JPN,0.0114,1,True
2023-05-01,MEX,JPN,0.0036,1,True
2023-06-01,MEX,JPN,0.0059,1,True
2023-07-01,MEX,JPN,0.0754,1,False
2023-08-01,MEX,JPN,0.2219,1,False
2023-09-01,MEX,JPN,0.1641,1,False
2023-10-01,MEX,JPN,0.0726,1,False
2023-11-01,MEX,JPN,0.2227,1,False
2023-12-01,MEX,JPN,0.2783,1,False
2024-01-01,MEX,JPN,0.3527,1,False
2024-02-01,MEX,JPN,0.1847,1,False
2024-03-01,MEX,JPN,0.223,1,False
2024-04-01,MEX,JPN,0.4416,1,False
2024-05-01,MEX,JPN,0.5491,1,False
2024-06-01,MEX,JPN,0.6964,1,False
2024-07-01,MEX,JPN,0.7381,3,False
2024-08-01,MEX,JPN,0.8411,1,False
2024-09-01,MEX,JPN,0.7568,1,False
2024-10-01,MEX,JPN,0.3552,4,False
2024-11-01,MEX,JPN,0.476,4,False
2024-12-01,MEX,JPN,0.3802,2,False
2025-01-01,MEX,JPN,0.1357,4,False
2025-02-01,MEX,JPN,0.2189,3,False
2025-03-01,MEX,JPN,0.2438,4,False
2025-04-01,MEX,JPN,0.2566,3,False
2025-05-01,MEX,JPN,0.1305,1,False
2025-06-01,MEX,JPN,0.1122,4,False
2025-07-01,MEX,JPN,0.131,3,False
2025-08-01,MEX,JPN,0.2648,4,False
2025-09-01,MEX,JPN,0.0364,3,True
2025-10-01,MEX,JPN,0.05,3,False
2025-11-01,MEX,JPN,0.0753,3,False
2025-12-01,MEX,JPN,0.1107,3,False
2026-01-01,MEX,JPN,0.0976,4,False
2026-02-01,MEX,JPN,0.0883,4,False
2026-03-01,MEX,JPN,0.1003,4,False
2015-01-01,SGP,IND,0.0653,3,False
2015-02-01,SGP,IND,0.0458,3,True
2015-03-01,SGP,IND,0.0541,3,False
2015-04-01,SGP,IND,0.0538,3,False
2015-05-01,SGP,IND,0.0633,3,False
2015-06-01,SGP,IND,0.0422,3,True
2015-07-01,SGP,IND,0.0639,3,False
2015-08-01,SGP,IND,0.0432,1,True
2015-09-01,SGP,IND,0.0598,1,False
2015-10-01,SGP,IND,0.0421,4,True
2015-11-01,SGP,IND,0.0124,3,True
2015-12-01,SGP,IND,0.0177,2,True
2016-01-01,SGP,IND,0.0026,1,True
2016-02-01,SGP,IND,0.0127,1,True
2016-03-01,SGP,IND,0.0351,1,True
2016-04-01,SGP,IND,0.0319,3,True
2016-05-01,SGP,IND,0.2149,3,False
2016-06-01,SGP,IND,0.2204,3,False
2016-07-01,SGP,IND,0.1639,4,False
2016-08-01,SGP,IND,0.1351,1,False
2016-09-01,SGP,IND,0.0161,4,True
2016-10-01,SGP,IND,0.0153,4,True
2016-11-01,SGP,IND,0.0216,4,True
2016-12-01,SGP,IND,0.0072,4,True
2017-01-01,SGP,IND,0.0142,4,True
2017-02-01,SGP,IND,0.0361,4,True
2017-03-01,SGP,IND,0.025,4,True
2017-04-01,SGP,IND,0.0249,4,True
2017-05-01,SGP,IND,0.0267,4,True
2017-06-01,SGP,IND,0.0195,4,True
2017-07-01,SGP,IND,0.0118,4,True
2017-08-01,SGP,IND,0.0212,4,True
2017-09-01,SGP,IND,0.1004,4,False
2017-10-01,SGP,IND,0.1652,4,False
2017-11-01,SGP,IND,0.3809,4,False
2017-12-01,SGP,IND,0.5451,1,False
2018-01-01,SGP,IND,0.5281,1,False
2018-02-01,SGP,IND,0.4094,1,False
2018-03-01,SGP,IND,0.378,1,False
2018-04-01,SGP,IND,0.3038,1,False
2018-05-01,SGP,IND,0.2404,1,False
2018-06-01,SGP,IND,0.2634,1,False
2018-07-01,SGP,IND,0.3944,1,False
2018-08-01,SGP,IND,0.3458,1,False
2018-09-01,SGP,IND,0.3544,1,False
2018-10-01,SGP,IND,0.5203,1,False
2018-11-01,SGP,IND,0.4031,1,False
2018-12-01,SGP,IND,0.3507,1,False
2019-01-01,SGP,IND,0.549,3,False
2019-02-01,SGP,IND,0.4489,3,False
2019-03-01,SGP,IND,0.2464,3,False
2019-04-01,SGP,IND,0.2818,4,False
2019-05-01,SGP,IND,0.0343,3,True
2019-06-01,SGP,IND,0.0361,3,True
2019-07-01,SGP,IND,0.0226,3,True
2019-08-01,SGP,IND,0.0339,3,True
2019-09-01,SGP,IND,0.0262,3,True
2019-10-01,SGP,IND,0.0343,4,True
2019-11-01,SGP,IND,0.0951,4,False
2019-12-01,SGP,IND,0.1772,3,False
2020-01-01,SGP,IND,0.1281,3,False
2020-02-01,SGP,IND,0.0799,1,False
2020-03-01,SGP,IND,0.0263,1,True
2020-04-01,SGP,IND,0.0197,1,True
2020-05-01,SGP,IND,0.0321,3,True
2020-06-01,SGP,IND,0.0434,4,True
2020-07-01,SGP,IND,0.0944,3,False
2020-08-01,SGP,IND,0.0978,3,False
2020-09-01,SGP,IND,0.0802,3,False
2020-10-01,SGP,IND,0.4155,1,False
2020-11-01,SGP,IND,0.4008,3,False
2020-12-01,SGP,IND,0.3931,3,False
2021-01-01,SGP,IND,0.8471,3,False
2021-02-01,SGP,IND,0.6664,3,False
2021-03-01,SGP,IND,0.6911,3,False
2021-04-01,SGP,IND,0.6606,3,False
2021-05-01,SGP,IND,0.6411,3,False
2021-06-01,SGP,IND,0.4508,1,False
2021-07-01,SGP,IND,0.5369,3,False
2021-08-01,SGP,IND,0.5583,4,False
2021-09-01,SGP,IND,0.5009,1,False
2021-10-01,SGP,IND,0.4732,1,False
2021-11-01,SGP,IND,0.5892,1,False
2021-12-01,SGP,IND,0.3649,4,False
2022-01-01,SGP,IND,0.4215,4,False
2022-02-01,SGP,IND,0.3047,4,False
2022-03-01,SGP,IND,0.4026,1,False
2022-04-01,SGP,IND,0.4138,4,False
2022-05-01,SGP,IND,0.4644,1,False
2022-06-01,SGP,IND,0.3378,1,False
2022-07-01,SGP,IND,0.2857,1,False
2022-08-01,SGP,IND,0.3347,1,False
2022-09-01,SGP,IND,0.1802,1,False
2022-10-01,SGP,IND,0.1536,1,False
2022-11-01,SGP,IND,0.1064,1,False
2022-12-01,SGP,IND,0.0342,1,True
2023-01-01,SGP,IND,0.0674,1,False
2023-02-01,SGP,IND,0.4469,1,False
2023-03-01,SGP,IND,0.37,1,False
2023-04-01,SGP,IND,0.4443,1,False
2023-05-01,SGP,IND,0.191,4,False
2023-06-01,SGP,IND,0.1728,4,False
2023-07-01,SGP,IND,0.3931,4,False
2023-08-01,SGP,IND,0.5083,4,False
2023-09-01,SGP,IND,0.3313,4,False
2023-10-01,SGP,IND,0.269,3,False
2023-11-01,SGP,IND,0.1621,2,False
2023-12-01,SGP,IND,0.3201,2,False
2024-01-01,SGP,IND,0.4145,1,False
2024-02-01,SGP,IND,0.4314,1,False
2024-03-01,SGP,IND,0.0982,3,False
2024-04-01,SGP,IND,0.0166,2,True
2024-05-01,SGP,IND,0.0115,1,True
2024-06-01,SGP,IND,0.0163,1,True
2024-07-01,SGP,IND,0.0062,1,True
2024-08-01,SGP,IND,0.0021,1,True
2024-09-01,SGP,IND,0.0007,1,True
2024-10-01,SGP,IND,0.0009,1,True
2024-11-01,SGP,IND,0.0018,2,True
2024-12-01,SGP,IND,0.0009,1,True
2025-01-01,SGP,IND,0.0082,1,True
2025-02-01,SGP,IND,0.0327,2,True
2025-03-01,SGP,IND,0.0159,1,True
2025-04-01,SGP,IND,0.1331,3,False
2025-05-01,SGP,IND,0.1727,3,False
2025-06-01,SGP,IND,0.1853,3,False
2025-07-01,SGP,IND,0.275,4,False
2025-08-01,SGP,IND,0.1768,1,False
2025-09-01,SGP,IND,0.1592,4,False
2025-10-01,SGP,IND,0.1433,4,False
2025-11-01,SGP,IND,0.0751,1,False
2025-12-01,SGP,IND,0.0508,1,False
2026-01-01,SGP,IND,0.0335,4,True
2026-02-01,SGP,IND,0.0126,4,True
2026-03-01,SGP,IND,0.0079,4,True
2015-01-01,SGP,CHN,0.0083,1,True
2015-02-01,SGP,CHN,0.0085,2,True
2015-03-01,SGP,CHN,0.0143,1,True
2015-04-01,SGP,CHN,0.1003,1,False
2015-05-01,SGP,CHN,0.0902,1,False
2015-06-01,SGP,CHN,0.0729,1,False
2015-07-01,SGP,CHN,0.0813,1,False
2015-08-01,SGP,CHN,0.065,1,False
2015-09-01,SGP,CHN,0.0387,1,True
2015-10-01,SGP,CHN,0.0876,1,False
2015-11-01,SGP,CHN,0.0386,1,True
2015-12-01,SGP,CHN,0.032,1,True
2016-01-01,SGP,CHN,0.0171,1,True
2016-02-01,SGP,CHN,0.0596,1,False
2016-03-01,SGP,CHN,0.0469,1,True
2016-04-01,SGP,CHN,0.0216,1,True
2016-05-01,SGP,CHN,0.0328,1,True
2016-06-01,SGP,CHN,0.0494,1,True
2016-07-01,SGP,CHN,0.1004,1,False
2016-08-01,SGP,CHN,0.0722,1,False
2016-09-01,SGP,CHN,0.1796,1,False
2016-10-01,SGP,CHN,0.3868,1,False
2016-11-01,SGP,CHN,0.4413,3,False
2016-12-01,SGP,CHN,0.5437,2,False
2017-01-01,SGP,CHN,0.7645,1,False
2017-02-01,SGP,CHN,0.667,1,False
2017-03-01,SGP,CHN,0.927,4,False
2017-04-01,SGP,CHN,0.7487,4,False
2017-05-01,SGP,CHN,0.5606,4,False
2017-06-01,SGP,CHN,0.3591,1,False
2017-07-01,SGP,CHN,0.2539,2,False
2017-08-01,SGP,CHN,0.089,1,False
2017-09-01,SGP,CHN,0.0488,4,True
2017-10-01,SGP,CHN,0.0528,3,False
2017-11-01,SGP,CHN,0.0164,2,True
2017-12-01,SGP,CHN,0.0095,1,True
2018-01-01,SGP,CHN,0.046,1,True
2018-02-01,SGP,CHN,0.0892,1,False
2018-03-01,SGP,CHN,0.0043,4,True
2018-04-01,SGP,CHN,0.0142,3,True
2018-05-01,SGP,CHN,0.0203,4,True
2018-06-01,SGP,CHN,0.0237,4,True
2018-07-01,SGP,CHN,0.0407,4,True
2018-08-01,SGP,CHN,0.1119,4,False
2018-09-01,SGP,CHN,0.1497,4,False
2018-10-01,SGP,CHN,0.2926,2,False
2018-11-01,SGP,CHN,0.2215,2,False
2018-12-01,SGP,CHN,0.1351,1,False
2019-01-01,SGP,CHN,0.3889,1,False
2019-02-01,SGP,CHN,0.1852,1,False
2019-03-01,SGP,CHN,0.1379,1,False
2019-04-01,SGP,CHN,0.1526,1,False
2019-05-01,SGP,CHN,0.1753,1,False
2019-06-01,SGP,CHN,0.1868,1,False
2019-07-01,SGP,CHN,0.2019,3,False
2019-08-01,SGP,CHN,0.0799,3,False
2019-09-01,SGP,CHN,0.0657,3,False
2019-10-01,SGP,CHN,0.1448,3,False
2019-11-01,SGP,CHN,0.2418,3,False
2019-12-01,SGP,CHN,0.1775,3,False
2020-01-01,SGP,CHN,0.4195,3,False
2020-02-01,SGP,CHN,0.3254,3,False
2020-03-01,SGP,CHN,0.3877,3,False
2020-04-01,SGP,CHN,0.3225,3,False
2020-05-01,SGP,CHN,0.4167,3,False
2020-06-01,SGP,CHN,0.6495,2,False
2020-07-01,SGP,CHN,0.8366,1,False
2020-08-01,SGP,CHN,0.897,1,False
2020-09-01,SGP,CHN,0.7059,1,False
2020-10-01,SGP,CHN,0.8795,1,False
2020-11-01,SGP,CHN,0.5495,4,False
2020-12-01,SGP,CHN,0.4887,3,False
2021-01-01,SGP,CHN,0.3227,2,False
2021-02-01,SGP,CHN,0.275,1,False
2021-03-01,SGP,CHN,0.2506,1,False
2021-04-01,SGP,CHN,0.1702,1,False
2021-05-01,SGP,CHN,0.0433,1,True
2021-06-01,SGP,CHN,0.0212,1,True
2021-07-01,SGP,CHN,0.0129,1,True
2021-08-01,SGP,CHN,0.0095,1,True
2021-09-01,SGP,CHN,0.019,1,True
2021-10-01,SGP,CHN,0.0248,1,True
2021-11-01,SGP,CHN,0.0348,1,True
2021-12-01,SGP,CHN,0.0346,1,True
2022-01-01,SGP,CHN,0.0562,1,False
2022-02-01,SGP,CHN,0.1673,2,False
2022-03-01,SGP,CHN,0.2149,2,False
2022-04-01,SGP,CHN,0.1176,4,False
2022-05-01,SGP,CHN,0.3796,4,False
2022-06-01,SGP,CHN,0.3831,4,False
2022-07-01,SGP,CHN,0.4699,2,False
2022-08-01,SGP,CHN,0.4898,4,False
2022-09-01,SGP,CHN,0.4984,4,False
2022-10-01,SGP,CHN,0.4093,4,False
2022-11-01,SGP,CHN,0.3905,3,False
2022-12-01,SGP,CHN,0.3452,3,False
2023-01-01,SGP,CHN,0.2186,3,False
2023-02-01,SGP,CHN,0.2528,3,False
2023-03-01,SGP,CHN,0.2573,3,False
2023-04-01,SGP,CHN,0.3223,3,False
2023-05-01,SGP,CHN,0.2639,3,False
2023-06-01,SGP,CHN,0.2794,4,False
2023-07-01,SGP,CHN,0.1345,3,False
2023-08-01,SGP,CHN,0.2242,3,False
2023-09-01,SGP,CHN,0.1637,2,False
2023-10-01,SGP,CHN,0.0455,3,True
2023-11-01,SGP,CHN,0.0049,2,True
2023-12-01,SGP,CHN,0.0029,2,True
2024-01-01,SGP,CHN,0.0063,2,True
2024-02-01,SGP,CHN,0.0042,2,True
2024-03-01,SGP,CHN,0.0042,2,True
2024-04-01,SGP,CHN,0.0049,2,True
2024-05-01,SGP,CHN,0.0069,2,True
2024-06-01,SGP,CHN,0.0045,2,True
2024-07-01,SGP,CHN,0.0032,2,True
2024-08-01,SGP,CHN,0.0023,2,True
2024-09-01,SGP,CHN,0.0042,2,True
2024-10-01,SGP,CHN,0.0041,2,True
2024-11-01,SGP,CHN,0.0021,2,True
2024-12-01,SGP,CHN,0.0021,1,True
2025-01-01,SGP,CHN,0.0107,3,True
2025-02-01,SGP,CHN,0.0222,2,True
2025-03-01,SGP,CHN,0.0563,2,False
2025-04-01,SGP,CHN,0.0421,2,True
2025-05-01,SGP,CHN,0.0277,2,True
2025-06-01,SGP,CHN,0.0632,2,False
2025-07-01,SGP,CHN,0.0829,2,False
2025-08-01,SGP,CHN,0.2758,2,False
2025-09-01,SGP,CHN,0.2259,2,False
2025-10-01,SGP,CHN,0.2403,2,False
2025-11-01,SGP,CHN,0.2808,2,False
2025-12-01,SGP,CHN,0.3174,2,False
2026-01-01,SGP,CHN,0.2484,1,False
2026-02-01,SGP,CHN,0.408,1,False
2026-03-01,SGP,CHN,0.4711,1,False
2015-01-01,SGP,VNM,0.5598,2,False
2015-02-01,SGP,VNM,0.4105,2,False
2015-03-01,SGP,VNM,0.2307,2,False
2015-04-01,SGP,VNM,0.2468,2,False
2015-05-01,SGP,VNM,0.1686,2,False
2015-06-01,SGP,VNM,0.1514,1,False
2015-07-01,SGP,VNM,0.1195,3,False
2015-08-01,SGP,VNM,0.1168,2,False
2015-09-01,SGP,VNM,0.0638,3,False
2015-10-01,SGP,VNM,0.0854,2,False
2015-11-01,SGP,VNM,0.0587,2,False
2015-12-01,SGP,VNM,0.0162,1,True
2016-01-01,SGP,VNM,0.0092,1,True
2016-02-01,SGP,VNM,0.0101,1,True
2016-03-01,SGP,VNM,0.014,1,True
2016-04-01,SGP,VNM,0.0219,1,True
2016-05-01,SGP,VNM,0.031,1,True
2016-06-01,SGP,VNM,0.0425,1,True
2016-07-01,SGP,VNM,0.0574,1,False
2016-08-01,SGP,VNM,0.1477,1,False
2016-09-01,SGP,VNM,0.3801,1,False
2016-10-01,SGP,VNM,0.7459,1,False
2016-11-01,SGP,VNM,0.7594,1,False
2016-12-01,SGP,VNM,0.5747,1,False
2017-01-01,SGP,VNM,0.1028,1,False
2017-02-01,SGP,VNM,0.0559,1,False
2017-03-01,SGP,VNM,0.0215,1,True
2017-04-01,SGP,VNM,0.1495,1,False
2017-05-01,SGP,VNM,0.2381,1,False
2017-06-01,SGP,VNM,0.2175,1,False
2017-07-01,SGP,VNM,0.2589,1,False
2017-08-01,SGP,VNM,0.1393,1,False
2017-09-01,SGP,VNM,0.0357,4,True
2017-10-01,SGP,VNM,0.028,1,True
2017-11-01,SGP,VNM,0.0134,1,True
2017-12-01,SGP,VNM,0.0027,1,True
2018-01-01,SGP,VNM,0.0009,1,True
2018-02-01,SGP,VNM,0.0048,1,True
2018-03-01,SGP,VNM,0.0069,1,True
2018-04-01,SGP,VNM,0.0821,1,False
2018-05-01,SGP,VNM,0.1694,1,False
2018-06-01,SGP,VNM,0.1299,1,False
2018-07-01,SGP,VNM,0.1967,1,False
2018-08-01,SGP,VNM,0.3233,1,False
2018-09-01,SGP,VNM,0.4492,4,False
2018-10-01,SGP,VNM,0.5067,1,False
2018-11-01,SGP,VNM,0.3323,1,False
2018-12-01,SGP,VNM,0.4653,2,False
2019-01-01,SGP,VNM,0.5972,2,False
2019-02-01,SGP,VNM,0.6692,2,False
2019-03-01,SGP,VNM,0.6462,2,False
2019-04-01,SGP,VNM,0.6634,4,False
2019-05-01,SGP,VNM,0.6992,4,False
2019-06-01,SGP,VNM,0.3883,4,False
2019-07-01,SGP,VNM,0.3499,4,False
2019-08-01,SGP,VNM,0.571,4,False
2019-09-01,SGP,VNM,0.6134,4,False
2019-10-01,SGP,VNM,0.63,4,False
2019-11-01,SGP,VNM,0.69,1,False
2019-12-01,SGP,VNM,0.6534,1,False
2020-01-01,SGP,VNM,0.7183,1,False
2020-02-01,SGP,VNM,0.5775,2,False
2020-03-01,SGP,VNM,0.3923,1,False
2020-04-01,SGP,VNM,0.3077,1,False
2020-05-01,SGP,VNM,0.1305,4,False
2020-06-01,SGP,VNM,0.0093,3,True
2020-07-01,SGP,VNM,0.0074,1,True
2020-08-01,SGP,VNM,0.029,1,True
2020-09-01,SGP,VNM,0.0764,3,False
2020-10-01,SGP,VNM,0.1335,1,False
2020-11-01,SGP,VNM,0.2187,3,False
2020-12-01,SGP,VNM,0.3604,3,False
2021-01-01,SGP,VNM,0.632,3,False
2021-02-01,SGP,VNM,0.7179,1,False
2021-03-01,SGP,VNM,0.663,3,False
2021-04-01,SGP,VNM,0.5127,1,False
2021-05-01,SGP,VNM,0.3499,1,False
2021-06-01,SGP,VNM,0.352,1,False
2021-07-01,SGP,VNM,0.6235,1,False
2021-08-01,SGP,VNM,0.3913,1,False
2021-09-01,SGP,VNM,0.3386,1,False
2021-10-01,SGP,VNM,0.829,2,False
2021-11-01,SGP,VNM,0.8309,2,False
2021-12-01,SGP,VNM,0.5378,4,False
2022-01-01,SGP,VNM,0.3368,3,False
2022-02-01,SGP,VNM,0.2381,3,False
2022-03-01,SGP,VNM,0.0639,3,False
2022-04-01,SGP,VNM,0.0468,2,True
2022-05-01,SGP,VNM,0.0528,2,False
2022-06-01,SGP,VNM,0.0209,1,True
2022-07-01,SGP,VNM,0.0312,2,True
2022-08-01,SGP,VNM,0.0175,1,True
2022-09-01,SGP,VNM,0.0152,1,True
2022-10-01,SGP,VNM,0.004,1,True
2022-11-01,SGP,VNM,0.0062,1,True
2022-12-01,SGP,VNM,0.0085,1,True
2023-01-01,SGP,VNM,0.0198,4,True
2023-02-01,SGP,VNM,0.0019,3,True
2023-03-01,SGP,VNM,0.0011,2,True
2023-04-01,SGP,VNM,0.0001,1,True
2023-05-01,SGP,VNM,0.0001,1,True
2023-06-01,SGP,VNM,0.0002,1,True
2023-07-01,SGP,VNM,0.0002,3,True
2023-08-01,SGP,VNM,0.0,2,True
2023-09-01,SGP,VNM,0.0001,2,True
2023-10-01,SGP,VNM,0.0001,2,True
2023-11-01,SGP,VNM,0.0002,2,True
2023-12-01,SGP,VNM,0.0004,2,True
2024-01-01,SGP,VNM,0.0001,2,True
2024-02-01,SGP,VNM,0.0001,2,True
2024-03-01,SGP,VNM,0.0002,2,True
2024-04-01,SGP,VNM,0.0007,2,True
2024-05-01,SGP,VNM,0.0018,4,True
2024-06-01,SGP,VNM,0.0022,2,True
2024-07-01,SGP,VNM,0.003,2,True
2024-08-01,SGP,VNM,0.0537,1,False
2024-09-01,SGP,VNM,0.0588,2,False
2024-10-01,SGP,VNM,0.2049,2,False
2024-11-01,SGP,VNM,0.2545,3,False
2024-12-01,SGP,VNM,0.1904,3,False
2025-01-01,SGP,VNM,0.2271,3,False
2025-02-01,SGP,VNM,0.2355,3,False
2025-03-01,SGP,VNM,0.2749,3,False
2025-04-01,SGP,VNM,0.4648,4,False
2025-05-01,SGP,VNM,0.1877,3,False
2025-06-01,SGP,VNM,0.1941,3,False
2025-07-01,SGP,VNM,0.1168,3,False
2025-08-01,SGP,VNM,0.1257,3,False
2025-09-01,SGP,VNM,0.0385,3,True
2025-10-01,SGP,VNM,0.0242,3,True
2025-11-01,SGP,VNM,0.0368,3,True
2025-12-01,SGP,VNM,0.0322,3,True
2026-01-01,SGP,VNM,0.0393,3,True
2026-02-01,SGP,VNM,0.0971,3,False
2026-03-01,SGP,VNM,0.1209,3,False
2015-01-01,SGP,IDN,0.376,1,False
2015-02-01,SGP,IDN,0.414,3,False
2015-03-01,SGP,IDN,0.489,2,False
2015-04-01,SGP,IDN,0.4001,2,False
2015-05-01,SGP,IDN,0.4573,2,False
2015-06-01,SGP,IDN,0.2867,3,False
2015-07-01,SGP,IDN,0.0794,4,False
2015-08-01,SGP,IDN,0.018,3,True
2015-09-01,SGP,IDN,0.0114,3,True
2015-10-01,SGP,IDN,0.0188,3,True
2015-11-01,SGP,IDN,0.0673,3,False
2015-12-01,SGP,IDN,0.0306,4,True
2016-01-01,SGP,IDN,0.0266,2,True
2016-02-01,SGP,IDN,0.1238,3,False
2016-03-01,SGP,IDN,0.1488,4,False
2016-04-01,SGP,IDN,0.1075,4,False
2016-05-01,SGP,IDN,0.102,4,False
2016-06-01,SGP,IDN,0.2731,1,False
2016-07-01,SGP,IDN,0.4309,1,False
2016-08-01,SGP,IDN,0.3378,1,False
2016-09-01,SGP,IDN,0.3789,1,False
2016-10-01,SGP,IDN,0.1425,2,False
2016-11-01,SGP,IDN,0.1545,1,False
2016-12-01,SGP,IDN,0.1669,1,False
2017-01-01,SGP,IDN,0.0812,1,False
2017-02-01,SGP,IDN,0.0785,3,False
2017-03-01,SGP,IDN,0.0532,3,False
2017-04-01,SGP,IDN,0.0406,3,True
2017-05-01,SGP,IDN,0.0237,3,True
2017-06-01,SGP,IDN,0.0265,3,True
2017-07-01,SGP,IDN,0.0359,3,True
2017-08-01,SGP,IDN,0.0417,3,True
2017-09-01,SGP,IDN,0.1011,3,False
2017-10-01,SGP,IDN,0.1427,3,False
2017-11-01,SGP,IDN,0.1114,4,False
2017-12-01,SGP,IDN,0.0561,3,False
2018-01-01,SGP,IDN,0.0649,3,False
2018-02-01,SGP,IDN,0.1037,3,False
2018-03-01,SGP,IDN,0.1437,2,False
2018-04-01,SGP,IDN,0.3179,3,False
2018-05-01,SGP,IDN,0.3916,3,False
2018-06-01,SGP,IDN,0.387,3,False
2018-07-01,SGP,IDN,0.1784,1,False
2018-08-01,SGP,IDN,0.3022,1,False
2018-09-01,SGP,IDN,0.2218,1,False
2018-10-01,SGP,IDN,0.1329,1,False
2018-11-01,SGP,IDN,0.1883,2,False
2018-12-01,SGP,IDN,0.2066,1,False
2019-01-01,SGP,IDN,0.1963,2,False
2019-02-01,SGP,IDN,0.1556,3,False
2019-03-01,SGP,IDN,0.1466,2,False
2019-04-01,SGP,IDN,0.1656,3,False
2019-05-01,SGP,IDN,0.1378,3,False
2019-06-01,SGP,IDN,0.1669,3,False
2019-07-01,SGP,IDN,0.1734,2,False
2019-08-01,SGP,IDN,0.272,3,False
2019-09-01,SGP,IDN,0.1889,3,False
2019-10-01,SGP,IDN,0.1763,4,False
2019-11-01,SGP,IDN,0.1184,4,False
2019-12-01,SGP,IDN,0.072,4,False
2020-01-01,SGP,IDN,0.0818,3,False
2020-02-01,SGP,IDN,0.1246,2,False
2020-03-01,SGP,IDN,0.1525,3,False
2020-04-01,SGP,IDN,0.4391,3,False
2020-05-01,SGP,IDN,0.5334,1,False
2020-06-01,SGP,IDN,0.7851,1,False
2020-07-01,SGP,IDN,0.6906,2,False
2020-08-01,SGP,IDN,0.5922,2,False
2020-09-01,SGP,IDN,0.4888,2,False
2020-10-01,SGP,IDN,0.5223,2,False
2020-11-01,SGP,IDN,0.7704,2,False
2020-12-01,SGP,IDN,0.62,1,False
2021-01-01,SGP,IDN,0.8103,2,False
2021-02-01,SGP,IDN,0.8034,1,False
2021-03-01,SGP,IDN,0.907,2,False
2021-04-01,SGP,IDN,0.8942,2,False
2021-05-01,SGP,IDN,0.8577,1,False
2021-06-01,SGP,IDN,0.5358,1,False
2021-07-01,SGP,IDN,0.6506,1,False
2021-08-01,SGP,IDN,0.6255,4,False
2021-09-01,SGP,IDN,0.4697,1,False
2021-10-01,SGP,IDN,0.3271,1,False
2021-11-01,SGP,IDN,0.7348,4,False
2021-12-01,SGP,IDN,0.6282,4,False
2022-01-01,SGP,IDN,0.6124,4,False
2022-02-01,SGP,IDN,0.3643,3,False
2022-03-01,SGP,IDN,0.6519,3,False
2022-04-01,SGP,IDN,0.0931,1,False
2022-05-01,SGP,IDN,0.0065,1,True
2022-06-01,SGP,IDN,0.0026,3,True
2022-07-01,SGP,IDN,0.0002,2,True
2022-08-01,SGP,IDN,0.0001,1,True
2022-09-01,SGP,IDN,0.0001,1,True
2022-10-01,SGP,IDN,0.0002,1,True
2022-11-01,SGP,IDN,0.0002,1,True
2022-12-01,SGP,IDN,0.0002,1,True
2023-01-01,SGP,IDN,0.001,1,True
2023-02-01,SGP,IDN,0.0005,1,True
2023-03-01,SGP,IDN,0.0015,4,True
2023-04-01,SGP,IDN,0.0066,1,True
2023-05-01,SGP,IDN,0.0037,3,True
2023-06-01,SGP,IDN,0.0044,3,True
2023-07-01,SGP,IDN,0.0077,3,True
2023-08-01,SGP,IDN,0.0082,3,True
2023-09-01,SGP,IDN,0.0152,3,True
2023-10-01,SGP,IDN,0.0117,3,True
2023-11-01,SGP,IDN,0.0188,3,True
2023-12-01,SGP,IDN,0.0447,3,True
2024-01-01,SGP,IDN,0.0352,3,True
2024-02-01,SGP,IDN,0.0391,3,True
2024-03-01,SGP,IDN,0.0546,3,False
2024-04-01,SGP,IDN,0.0279,3,True
2024-05-01,SGP,IDN,0.0343,3,True
2024-06-01,SGP,IDN,0.0234,3,True
2024-07-01,SGP,IDN,0.0172,3,True
2024-08-01,SGP,IDN,0.1577,3,False
2024-09-01,SGP,IDN,0.1815,3,False
2024-10-01,SGP,IDN,0.2895,4,False
2024-11-01,SGP,IDN,0.1041,3,False
2024-12-01,SGP,IDN,0.1482,3,False
2025-01-01,SGP,IDN,0.2279,3,False
2025-02-01,SGP,IDN,0.2724,3,False
2025-03-01,SGP,IDN,0.263,3,False
2025-04-01,SGP,IDN,0.2479,4,False
2025-05-01,SGP,IDN,0.1856,4,False
2025-06-01,SGP,IDN,0.0823,4,False
2025-07-01,SGP,IDN,0.0879,4,False
2025-08-01,SGP,IDN,0.0803,2,False
2025-09-01,SGP,IDN,0.0157,1,True
2025-10-01,SGP,IDN,0.0139,1,True
2025-11-01,SGP,IDN,0.0173,1,True
2025-12-01,SGP,IDN,0.0256,1,True
2026-01-01,SGP,IDN,0.0343,1,True
2026-02-01,SGP,IDN,0.0306,4,True
2026-03-01,SGP,IDN,0.0362,4,True
2015-01-01,SGP,THA,0.388,3,False
2015-02-01,SGP,THA,0.1493,1,False
2015-03-01,SGP,THA,0.0733,2,False
2015-04-01,SGP,THA,0.057,3,False
2015-05-01,SGP,THA,0.0772,2,False
2015-06-01,SGP,THA,0.0847,3,False
2015-07-01,SGP,THA,0.0647,2,False
2015-08-01,SGP,THA,0.104,2,False
2015-09-01,SGP,THA,0.1186,1,False
2015-10-01,SGP,THA,0.153,1,False
2015-11-01,SGP,THA,0.1419,2,False
2015-12-01,SGP,THA,0.1409,1,False
2016-01-01,SGP,THA,0.1701,1,False
2016-02-01,SGP,THA,0.2023,2,False
2016-03-01,SGP,THA,0.2574,2,False
2016-04-01,SGP,THA,0.1844,2,False
2016-05-01,SGP,THA,0.2309,1,False
2016-06-01,SGP,THA,0.2825,1,False
2016-07-01,SGP,THA,0.2305,1,False
2016-08-01,SGP,THA,0.1797,2,False
2016-09-01,SGP,THA,0.199,2,False
2016-10-01,SGP,THA,0.1518,1,False
2016-11-01,SGP,THA,0.1829,1,False
2016-12-01,SGP,THA,0.1966,1,False
2017-01-01,SGP,THA,0.1563,4,False
2017-02-01,SGP,THA,0.221,1,False
2017-03-01,SGP,THA,0.1538,2,False
2017-04-01,SGP,THA,0.1886,2,False
2017-05-01,SGP,THA,0.3914,4,False
2017-06-01,SGP,THA,0.4908,4,False
2017-07-01,SGP,THA,0.7323,2,False
2017-08-01,SGP,THA,0.3747,4,False
2017-09-01,SGP,THA,0.1681,4,False
2017-10-01,SGP,THA,0.0884,3,False
2017-11-01,SGP,THA,0.0434,2,True
2017-12-01,SGP,THA,0.0648,2,False
2018-01-01,SGP,THA,0.0718,2,False
2018-02-01,SGP,THA,0.0298,2,True
2018-03-01,SGP,THA,0.0292,2,True
2018-04-01,SGP,THA,0.0393,2,True
2018-05-01,SGP,THA,0.0877,2,False
2018-06-01,SGP,THA,0.1289,2,False
2018-07-01,SGP,THA,0.1058,2,False
2018-08-01,SGP,THA,0.1979,4,False
2018-09-01,SGP,THA,0.0622,4,False
2018-10-01,SGP,THA,0.0259,4,True
2018-11-01,SGP,THA,0.0294,4,True
2018-12-01,SGP,THA,0.0224,4,True
2019-01-01,SGP,THA,0.0308,4,True
2019-02-01,SGP,THA,0.0235,4,True
2019-03-01,SGP,THA,0.0588,4,False
2019-04-01,SGP,THA,0.0496,4,True
2019-05-01,SGP,THA,0.0492,4,True
2019-06-01,SGP,THA,0.1108,4,False
2019-07-01,SGP,THA,0.0777,4,False
2019-08-01,SGP,THA,0.042,4,True
2019-09-01,SGP,THA,0.097,4,False
2019-10-01,SGP,THA,0.1212,4,False
2019-11-01,SGP,THA,0.1394,4,False
2019-12-01,SGP,THA,0.0615,4,False
2020-01-01,SGP,THA,0.0796,4,False
2020-02-01,SGP,THA,0.3276,4,False
2020-03-01,SGP,THA,0.2023,1,False
2020-04-01,SGP,THA,0.1451,1,False
2020-05-01,SGP,THA,0.0335,1,True
2020-06-01,SGP,THA,0.0423,1,True
2020-07-01,SGP,THA,0.0882,1,False
2020-08-01,SGP,THA,0.0075,3,True
2020-09-01,SGP,THA,0.0108,3,True
2020-10-01,SGP,THA,0.0127,3,True
2020-11-01,SGP,THA,0.0197,1,True
2020-12-01,SGP,THA,0.0172,1,True
2021-01-01,SGP,THA,0.1,1,False
2021-02-01,SGP,THA,0.1025,1,False
2021-03-01,SGP,THA,0.1265,1,False
2021-04-01,SGP,THA,0.2141,1,False
2021-05-01,SGP,THA,0.5373,3,False
2021-06-01,SGP,THA,0.5475,3,False
2021-07-01,SGP,THA,0.5786,3,False
2021-08-01,SGP,THA,0.7464,3,False
2021-09-01,SGP,THA,0.7686,3,False
2021-10-01,SGP,THA,0.5556,3,False
2021-11-01,SGP,THA,0.4187,1,False
2021-12-01,SGP,THA,0.5263,1,False
2022-01-01,SGP,THA,0.5639,1,False
2022-02-01,SGP,THA,0.1249,1,False
2022-03-01,SGP,THA,0.0051,3,True
2022-04-01,SGP,THA,0.0006,2,True
2022-05-01,SGP,THA,0.0002,1,True
2022-06-01,SGP,THA,0.0002,1,True
2022-07-01,SGP,THA,0.0002,1,True
2022-08-01,SGP,THA,0.0001,1,True
2022-09-01,SGP,THA,0.0,1,True
2022-10-01,SGP,THA,0.0,1,True
2022-11-01,SGP,THA,0.0,1,True
2022-12-01,SGP,THA,0.0,1,True
2023-01-01,SGP,THA,0.0,1,True
2023-02-01,SGP,THA,0.0001,1,True
2023-03-01,SGP,THA,0.0022,2,True
2023-04-01,SGP,THA,0.0075,2,True
2023-05-01,SGP,THA,0.0017,2,True
2023-06-01,SGP,THA,0.0096,2,True
2023-07-01,SGP,THA,0.0129,2,True
2023-08-01,SGP,THA,0.0179,2,True
2023-09-01,SGP,THA,0.0155,2,True
2023-10-01,SGP,THA,0.0195,2,True
2023-11-01,SGP,THA,0.0215,2,True
2023-12-01,SGP,THA,0.0212,2,True
2024-01-01,SGP,THA,0.0421,2,True
2024-02-01,SGP,THA,0.0372,1,True
2024-03-01,SGP,THA,0.0337,1,True
2024-04-01,SGP,THA,0.0305,1,True
2024-05-01,SGP,THA,0.0206,2,True
2024-06-01,SGP,THA,0.0133,1,True
2024-07-01,SGP,THA,0.01,1,True
2024-08-01,SGP,THA,0.0089,1,True
2024-09-01,SGP,THA,0.007,1,True
2024-10-01,SGP,THA,0.009,1,True
2024-11-01,SGP,THA,0.0016,1,True
2024-12-01,SGP,THA,0.0001,1,True
2025-01-01,SGP,THA,0.0002,1,True
2025-02-01,SGP,THA,0.0006,1,True
2025-03-01,SGP,THA,0.0057,1,True
2025-04-01,SGP,THA,0.035,1,True
2025-05-01,SGP,THA,0.0365,1,True
2025-06-01,SGP,THA,0.0705,1,False
2025-07-01,SGP,THA,0.1081,1,False
2025-08-01,SGP,THA,0.0753,1,False
2025-09-01,SGP,THA,0.1157,1,False
2025-10-01,SGP,THA,0.1899,1,False
2025-11-01,SGP,THA,0.3315,1,False
2025-12-01,SGP,THA,0.2995,2,False
2026-01-01,SGP,THA,0.3391,2,False
2026-02-01,SGP,THA,0.3403,2,False
2026-03-01,SGP,THA,0.3424,2,False
2015-01-01,SGP,BRA,0.012,2,True
2015-02-01,SGP,BRA,0.0009,1,True
2015-03-01,SGP,BRA,0.0204,1,True
2015-04-01,SGP,BRA,0.0251,1,True
2015-05-01,SGP,BRA,0.0492,1,True
2015-06-01,SGP,BRA,0.0398,1,True
2015-07-01,SGP,BRA,0.0744,1,False
2015-08-01,SGP,BRA,0.1287,1,False
2015-09-01,SGP,BRA,0.3391,1,False
2015-10-01,SGP,BRA,0.294,1,False
2015-11-01,SGP,BRA,0.3202,1,False
2015-12-01,SGP,BRA,0.5673,1,False
2016-01-01,SGP,BRA,0.2347,1,False
2016-02-01,SGP,BRA,0.0351,4,True
2016-03-01,SGP,BRA,0.0238,3,True
2016-04-01,SGP,BRA,0.0293,1,True
2016-05-01,SGP,BRA,0.0266,1,True
2016-06-01,SGP,BRA,0.101,3,False
2016-07-01,SGP,BRA,0.0571,1,False
2016-08-01,SGP,BRA,0.0833,3,False
2016-09-01,SGP,BRA,0.1048,4,False
2016-10-01,SGP,BRA,0.0682,4,False
2016-11-01,SGP,BRA,0.1264,4,False
2016-12-01,SGP,BRA,0.233,3,False
2017-01-01,SGP,BRA,0.2905,2,False
2017-02-01,SGP,BRA,0.807,4,False
2017-03-01,SGP,BRA,0.0962,1,False
2017-04-01,SGP,BRA,0.0024,1,True
2017-05-01,SGP,BRA,0.0002,1,True
2017-06-01,SGP,BRA,0.0001,1,True
2017-07-01,SGP,BRA,0.0003,1,True
2017-08-01,SGP,BRA,0.0018,1,True
2017-09-01,SGP,BRA,0.0019,1,True
2017-10-01,SGP,BRA,0.0007,1,True
2017-11-01,SGP,BRA,0.0009,1,True
2017-12-01,SGP,BRA,0.0004,1,True
2018-01-01,SGP,BRA,0.0003,1,True
2018-02-01,SGP,BRA,0.0005,1,True
2018-03-01,SGP,BRA,0.0004,1,True
2018-04-01,SGP,BRA,0.0008,1,True
2018-05-01,SGP,BRA,0.0003,1,True
2018-06-01,SGP,BRA,0.0007,1,True
2018-07-01,SGP,BRA,0.0017,1,True
2018-08-01,SGP,BRA,0.0015,1,True
2018-09-01,SGP,BRA,0.0026,1,True
2018-10-01,SGP,BRA,0.0026,1,True
2018-11-01,SGP,BRA,0.0046,1,True
2018-12-01,SGP,BRA,0.0065,1,True
2019-01-01,SGP,BRA,0.009,1,True
2019-02-01,SGP,BRA,0.0099,1,True
2019-03-01,SGP,BRA,0.0097,1,True
2019-04-01,SGP,BRA,0.0061,1,True
2019-05-01,SGP,BRA,0.0101,1,True
2019-06-01,SGP,BRA,0.0153,1,True
2019-07-01,SGP,BRA,0.015,1,True
2019-08-01,SGP,BRA,0.014,1,True
2019-09-01,SGP,BRA,0.0735,1,False
2019-10-01,SGP,BRA,0.1963,1,False
2019-11-01,SGP,BRA,0.1646,1,False
2019-12-01,SGP,BRA,0.3318,1,False
2020-01-01,SGP,BRA,0.4913,2,False
2020-02-01,SGP,BRA,0.4674,3,False
2020-03-01,SGP,BRA,0.3681,3,False
2020-04-01,SGP,BRA,0.1975,2,False
2020-05-01,SGP,BRA,0.2796,2,False
2020-06-01,SGP,BRA,0.535,2,False
2020-07-01,SGP,BRA,0.5474,2,False
2020-08-01,SGP,BRA,0.5549,2,False
2020-09-01,SGP,BRA,0.5437,2,False
2020-10-01,SGP,BRA,0.719,2,False
2020-11-01,SGP,BRA,0.5137,1,False
2020-12-01,SGP,BRA,0.4563,4,False
2021-01-01,SGP,BRA,0.3607,3,False
2021-02-01,SGP,BRA,0.0774,4,False
2021-03-01,SGP,BRA,0.0892,4,False
2021-04-01,SGP,BRA,0.1702,4,False
2021-05-01,SGP,BRA,0.1446,4,False
2021-06-01,SGP,BRA,0.1172,2,False
2021-07-01,SGP,BRA,0.6369,2,False
2021-08-01,SGP,BRA,0.5463,2,False
2021-09-01,SGP,BRA,0.5768,2,False
2021-10-01,SGP,BRA,0.5984,2,False
2021-11-01,SGP,BRA,0.6174,2,False
2021-12-01,SGP,BRA,0.5713,2,False
2022-01-01,SGP,BRA,0.4713,2,False
2022-02-01,SGP,BRA,0.5441,4,False
2022-03-01,SGP,BRA,0.1963,1,False
2022-04-01,SGP,BRA,0.269,1,False
2022-05-01,SGP,BRA,0.2879,1,False
2022-06-01,SGP,BRA,0.1707,4,False
2022-07-01,SGP,BRA,0.3642,1,False
2022-08-01,SGP,BRA,0.3466,1,False
2022-09-01,SGP,BRA,0.2472,1,False
2022-10-01,SGP,BRA,0.0955,1,False
2022-11-01,SGP,BRA,0.1676,1,False
2022-12-01,SGP,BRA,0.2162,1,False
2023-01-01,SGP,BRA,0.2739,4,False
2023-02-01,SGP,BRA,0.1089,4,False
2023-03-01,SGP,BRA,0.0853,1,False
2023-04-01,SGP,BRA,0.0209,1,True
2023-05-01,SGP,BRA,0.0138,1,True
2023-06-01,SGP,BRA,0.0069,1,True
2023-07-01,SGP,BRA,0.0033,1,True
2023-08-01,SGP,BRA,0.001,1,True
2023-09-01,SGP,BRA,0.0003,1,True
2023-10-01,SGP,BRA,0.0005,1,True
2023-11-01,SGP,BRA,0.0003,1,True
2023-12-01,SGP,BRA,0.0001,1,True
2024-01-01,SGP,BRA,0.0,1,True
2024-02-01,SGP,BRA,0.0,1,True
2024-03-01,SGP,BRA,0.0,1,True
2024-04-01,SGP,BRA,0.0,1,True
2024-05-01,SGP,BRA,0.0,1,True
2024-06-01,SGP,BRA,0.0001,1,True
2024-07-01,SGP,BRA,0.0,1,True
2024-08-01,SGP,BRA,0.0,1,True
2024-09-01,SGP,BRA,0.0008,1,True
2024-10-01,SGP,BRA,0.0019,1,True
2024-11-01,SGP,BRA,0.001,1,True
2024-12-01,SGP,BRA,0.0052,1,True
2025-01-01,SGP,BRA,0.0049,1,True
2025-02-01,SGP,BRA,0.002,1,True
2025-03-01,SGP,BRA,0.0039,1,True
2025-04-01,SGP,BRA,0.0067,1,True
2025-05-01,SGP,BRA,0.0168,1,True
2025-06-01,SGP,BRA,0.1627,1,False
2025-07-01,SGP,BRA,0.1663,1,False
2025-08-01,SGP,BRA,0.4308,1,False
2025-09-01,SGP,BRA,0.3952,1,False
2025-10-01,SGP,BRA,0.3123,1,False
2025-11-01,SGP,BRA,0.6532,1,False
2025-12-01,SGP,BRA,0.6576,2,False
2026-01-01,SGP,BRA,0.627,2,False
2026-02-01,SGP,BRA,0.4358,2,False
2026-03-01,SGP,BRA,0.3119,2,False
2015-01-01,SGP,ZAF,0.0151,1,True
2015-02-01,SGP,ZAF,0.0265,1,True
2015-03-01,SGP,ZAF,0.1993,1,False
2015-04-01,SGP,ZAF,0.4252,1,False
2015-05-01,SGP,ZAF,0.4491,1,False
2015-06-01,SGP,ZAF,0.1319,1,False
2015-07-01,SGP,ZAF,0.1424,1,False
2015-08-01,SGP,ZAF,0.1649,1,False
2015-09-01,SGP,ZAF,0.2243,4,False
2015-10-01,SGP,ZAF,0.3905,1,False
2015-11-01,SGP,ZAF,0.1246,1,False
2015-12-01,SGP,ZAF,0.1678,1,False
2016-01-01,SGP,ZAF,0.067,1,False
2016-02-01,SGP,ZAF,0.0316,1,True
2016-03-01,SGP,ZAF,0.0433,1,True
2016-04-01,SGP,ZAF,0.1095,1,False
2016-05-01,SGP,ZAF,0.0636,1,False
2016-06-01,SGP,ZAF,0.0911,1,False
2016-07-01,SGP,ZAF,0.0308,4,True
2016-08-01,SGP,ZAF,0.0239,4,True
2016-09-01,SGP,ZAF,0.0196,4,True
2016-10-01,SGP,ZAF,0.0174,3,True
2016-11-01,SGP,ZAF,0.0051,2,True
2016-12-01,SGP,ZAF,0.0846,1,False
2017-01-01,SGP,ZAF,0.2337,1,False
2017-02-01,SGP,ZAF,0.5722,2,False
2017-03-01,SGP,ZAF,0.7929,4,False
2017-04-01,SGP,ZAF,0.522,3,False
2017-05-01,SGP,ZAF,0.5712,2,False
2017-06-01,SGP,ZAF,0.5976,2,False
2017-07-01,SGP,ZAF,0.7174,2,False
2017-08-01,SGP,ZAF,0.7857,1,False
2017-09-01,SGP,ZAF,0.7228,1,False
2017-10-01,SGP,ZAF,0.5454,1,False
2017-11-01,SGP,ZAF,0.4572,1,False
2017-12-01,SGP,ZAF,0.2787,1,False
2018-01-01,SGP,ZAF,0.3087,1,False
2018-02-01,SGP,ZAF,0.3545,1,False
2018-03-01,SGP,ZAF,0.1812,3,False
2018-04-01,SGP,ZAF,0.0257,4,True
2018-05-01,SGP,ZAF,0.0206,4,True
2018-06-01,SGP,ZAF,0.0067,3,True
2018-07-01,SGP,ZAF,0.0018,1,True
2018-08-01,SGP,ZAF,0.0014,1,True
2018-09-01,SGP,ZAF,0.0082,1,True
2018-10-01,SGP,ZAF,0.0116,1,True
2018-11-01,SGP,ZAF,0.0264,1,True
2018-12-01,SGP,ZAF,0.0316,1,True
2019-01-01,SGP,ZAF,0.0192,1,True
2019-02-01,SGP,ZAF,0.0118,1,True
2019-03-01,SGP,ZAF,0.0116,1,True
2019-04-01,SGP,ZAF,0.0133,1,True
2019-05-01,SGP,ZAF,0.014,1,True
2019-06-01,SGP,ZAF,0.0726,1,False
2019-07-01,SGP,ZAF,0.0415,1,True
2019-08-01,SGP,ZAF,0.0329,1,True
2019-09-01,SGP,ZAF,0.0332,1,True
2019-10-01,SGP,ZAF,0.0382,1,True
2019-11-01,SGP,ZAF,0.2106,1,False
2019-12-01,SGP,ZAF,0.2282,1,False
2020-01-01,SGP,ZAF,0.1932,1,False
2020-02-01,SGP,ZAF,0.2121,1,False
2020-03-01,SGP,ZAF,0.1022,1,False
2020-04-01,SGP,ZAF,0.0369,1,True
2020-05-01,SGP,ZAF,0.0617,1,False
2020-06-01,SGP,ZAF,0.1349,1,False
2020-07-01,SGP,ZAF,0.1599,1,False
2020-08-01,SGP,ZAF,0.1045,1,False
2020-09-01,SGP,ZAF,0.0938,1,False
2020-10-01,SGP,ZAF,0.1098,1,False
2020-11-01,SGP,ZAF,0.3773,1,False
2020-12-01,SGP,ZAF,0.3401,1,False
2021-01-01,SGP,ZAF,0.2613,1,False
2021-02-01,SGP,ZAF,0.3111,1,False
2021-03-01,SGP,ZAF,0.3089,1,False
2021-04-01,SGP,ZAF,0.5153,2,False
2021-05-01,SGP,ZAF,0.4209,2,False
2021-06-01,SGP,ZAF,0.4175,2,False
2021-07-01,SGP,ZAF,0.5029,2,False
2021-08-01,SGP,ZAF,0.414,3,False
2021-09-01,SGP,ZAF,0.1909,2,False
2021-10-01,SGP,ZAF,0.1575,2,False
2021-11-01,SGP,ZAF,0.171,2,False
2021-12-01,SGP,ZAF,0.2551,1,False
2022-01-01,SGP,ZAF,0.1305,1,False
2022-02-01,SGP,ZAF,0.0105,2,True
2022-03-01,SGP,ZAF,0.0006,1,True
2022-04-01,SGP,ZAF,0.0003,1,True
2022-05-01,SGP,ZAF,0.0212,1,True
2022-06-01,SGP,ZAF,0.0107,2,True
2022-07-01,SGP,ZAF,0.0022,1,True
2022-08-01,SGP,ZAF,0.0075,1,True
2022-09-01,SGP,ZAF,0.0257,1,True
2022-10-01,SGP,ZAF,0.0462,2,True
2022-11-01,SGP,ZAF,0.034,2,True
2022-12-01,SGP,ZAF,0.0508,4,False
2023-01-01,SGP,ZAF,0.0322,2,True
2023-02-01,SGP,ZAF,0.0835,2,False
2023-03-01,SGP,ZAF,0.0727,2,False
2023-04-01,SGP,ZAF,0.0332,2,True
2023-05-01,SGP,ZAF,0.053,3,False
2023-06-01,SGP,ZAF,0.0523,3,False
2023-07-01,SGP,ZAF,0.0615,3,False
2023-08-01,SGP,ZAF,0.0797,2,False
2023-09-01,SGP,ZAF,0.2409,2,False
2023-10-01,SGP,ZAF,0.1632,2,False
2023-11-01,SGP,ZAF,0.0814,2,False
2023-12-01,SGP,ZAF,0.0862,2,False
2024-01-01,SGP,ZAF,0.0661,2,False
2024-02-01,SGP,ZAF,0.0721,1,False
2024-03-01,SGP,ZAF,0.0795,1,False
2024-04-01,SGP,ZAF,0.1057,1,False
2024-05-01,SGP,ZAF,0.1034,1,False
2024-06-01,SGP,ZAF,0.0919,1,False
2024-07-01,SGP,ZAF,0.0756,1,False
2024-08-01,SGP,ZAF,0.06,1,False
2024-09-01,SGP,ZAF,0.0182,1,True
2024-10-01,SGP,ZAF,0.0112,1,True
2024-11-01,SGP,ZAF,0.0095,1,True
2024-12-01,SGP,ZAF,0.0112,1,True
2025-01-01,SGP,ZAF,0.0473,1,True
2025-02-01,SGP,ZAF,0.1553,4,False
2025-03-01,SGP,ZAF,0.0972,4,False
2025-04-01,SGP,ZAF,0.0734,4,False
2025-05-01,SGP,ZAF,0.0676,4,False
2025-06-01,SGP,ZAF,0.0633,4,False
2025-07-01,SGP,ZAF,0.0546,4,False
2025-08-01,SGP,ZAF,0.0851,4,False
2025-09-01,SGP,ZAF,0.0687,4,False
2025-10-01,SGP,ZAF,0.1259,3,False
2025-11-01,SGP,ZAF,0.0637,2,False
2025-12-01,SGP,ZAF,0.0427,1,True
2026-01-01,SGP,ZAF,0.1563,1,False
2026-02-01,SGP,ZAF,0.1646,1,False
2026-03-01,SGP,ZAF,0.1633,1,False
2015-01-01,SGP,MEX,0.2065,1,False
2015-02-01,SGP,MEX,0.2398,3,False
2015-03-01,SGP,MEX,0.2542,3,False
2015-04-01,SGP,MEX,0.1204,1,False
2015-05-01,SGP,MEX,0.1252,1,False
2015-06-01,SGP,MEX,0.0925,1,False
2015-07-01,SGP,MEX,0.1451,1,False
2015-08-01,SGP,MEX,0.129,1,False
2015-09-01,SGP,MEX,0.1016,1,False
2015-10-01,SGP,MEX,0.2187,1,False
2015-11-01,SGP,MEX,0.1506,1,False
2015-12-01,SGP,MEX,0.1358,1,False
2016-01-01,SGP,MEX,0.1489,1,False
2016-02-01,SGP,MEX,0.157,1,False
2016-03-01,SGP,MEX,0.1855,1,False
2016-04-01,SGP,MEX,0.1682,1,False
2016-05-01,SGP,MEX,0.1817,1,False
2016-06-01,SGP,MEX,0.1542,1,False
2016-07-01,SGP,MEX,0.1278,1,False
2016-08-01,SGP,MEX,0.1169,1,False
2016-09-01,SGP,MEX,0.0885,1,False
2016-10-01,SGP,MEX,0.2018,1,False
2016-11-01,SGP,MEX,0.2345,3,False
2016-12-01,SGP,MEX,0.0329,2,True
2017-01-01,SGP,MEX,0.0135,1,True
2017-02-01,SGP,MEX,0.0292,2,True
2017-03-01,SGP,MEX,0.0195,2,True
2017-04-01,SGP,MEX,0.0233,2,True
2017-05-01,SGP,MEX,0.0685,2,False
2017-06-01,SGP,MEX,0.0827,2,False
2017-07-01,SGP,MEX,0.1025,2,False
2017-08-01,SGP,MEX,0.0326,3,True
2017-09-01,SGP,MEX,0.0386,2,True
2017-10-01,SGP,MEX,0.0465,3,True
2017-11-01,SGP,MEX,0.0336,3,True
2017-12-01,SGP,MEX,0.043,3,True
2018-01-01,SGP,MEX,0.0422,1,True
2018-02-01,SGP,MEX,0.1061,3,False
2018-03-01,SGP,MEX,0.1513,3,False
2018-04-01,SGP,MEX,0.1079,3,False
2018-05-01,SGP,MEX,0.1396,3,False
2018-06-01,SGP,MEX,0.0796,4,False
2018-07-01,SGP,MEX,0.0344,3,True
2018-08-01,SGP,MEX,0.0433,3,True
2018-09-01,SGP,MEX,0.0213,3,True
2018-10-01,SGP,MEX,0.1561,3,False
2018-11-01,SGP,MEX,0.1086,3,False
2018-12-01,SGP,MEX,0.1426,2,False
2019-01-01,SGP,MEX,0.1203,2,False
2019-02-01,SGP,MEX,0.1326,2,False
2019-03-01,SGP,MEX,0.1018,2,False
2019-04-01,SGP,MEX,0.0555,2,False
2019-05-01,SGP,MEX,0.058,3,False
2019-06-01,SGP,MEX,0.0323,2,True
2019-07-01,SGP,MEX,0.0397,2,True
2019-08-01,SGP,MEX,0.032,2,True
2019-09-01,SGP,MEX,0.0197,2,True
2019-10-01,SGP,MEX,0.0362,2,True
2019-11-01,SGP,MEX,0.0221,2,True
2019-12-01,SGP,MEX,0.0173,2,True
2020-01-01,SGP,MEX,0.0262,2,True
2020-02-01,SGP,MEX,0.0709,2,False
2020-03-01,SGP,MEX,0.0809,2,False
2020-04-01,SGP,MEX,0.1136,1,False
2020-05-01,SGP,MEX,0.164,2,False
2020-06-01,SGP,MEX,0.225,2,False
2020-07-01,SGP,MEX,0.239,2,False
2020-08-01,SGP,MEX,0.2348,2,False
2020-09-01,SGP,MEX,0.0863,4,False
2020-10-01,SGP,MEX,0.5349,1,False
2020-11-01,SGP,MEX,0.4419,2,False
2020-12-01,SGP,MEX,0.3342,2,False
2021-01-01,SGP,MEX,0.3142,2,False
2021-02-01,SGP,MEX,0.3103,2,False
2021-03-01,SGP,MEX,0.2445,2,False
2021-04-01,SGP,MEX,0.2498,2,False
2021-05-01,SGP,MEX,0.201,2,False
2021-06-01,SGP,MEX,0.1251,2,False
2021-07-01,SGP,MEX,0.1,1,False
2021-08-01,SGP,MEX,0.0619,1,False
2021-09-01,SGP,MEX,0.0524,1,False
2021-10-01,SGP,MEX,0.0615,1,False
2021-11-01,SGP,MEX,0.0426,1,True
2021-12-01,SGP,MEX,0.0717,1,False
2022-01-01,SGP,MEX,0.0712,1,False
2022-02-01,SGP,MEX,0.0759,1,False
2022-03-01,SGP,MEX,0.2481,1,False
2022-04-01,SGP,MEX,0.4546,1,False
2022-05-01,SGP,MEX,0.2528,4,False
2022-06-01,SGP,MEX,0.1398,4,False
2022-07-01,SGP,MEX,0.1686,4,False
2022-08-01,SGP,MEX,0.3612,4,False
2022-09-01,SGP,MEX,0.256,4,False
2022-10-01,SGP,MEX,0.0887,4,False
2022-11-01,SGP,MEX,0.0702,4,False
2022-12-01,SGP,MEX,0.0816,4,False
2023-01-01,SGP,MEX,0.1059,4,False
2023-02-01,SGP,MEX,0.0619,4,False
2023-03-01,SGP,MEX,0.0272,4,True
2023-04-01,SGP,MEX,0.0084,4,True
2023-05-01,SGP,MEX,0.0063,1,True
2023-06-01,SGP,MEX,0.005,1,True
2023-07-01,SGP,MEX,0.0093,4,True
2023-08-01,SGP,MEX,0.009,4,True
2023-09-01,SGP,MEX,0.0122,4,True
2023-10-01,SGP,MEX,0.0417,1,True
2023-11-01,SGP,MEX,0.0227,4,True
2023-12-01,SGP,MEX,0.0202,1,True
2024-01-01,SGP,MEX,0.0095,1,True
2024-02-01,SGP,MEX,0.0036,1,True
2024-03-01,SGP,MEX,0.0021,1,True
2024-04-01,SGP,MEX,0.0012,1,True
2024-05-01,SGP,MEX,0.0008,1,True
2024-06-01,SGP,MEX,0.0024,1,True
2024-07-01,SGP,MEX,0.0041,1,True
2024-08-01,SGP,MEX,0.002,1,True
2024-09-01,SGP,MEX,0.0011,4,True
2024-10-01,SGP,MEX,0.0011,1,True
2024-11-01,SGP,MEX,0.0003,1,True
2024-12-01,SGP,MEX,0.0023,1,True
2025-01-01,SGP,MEX,0.0039,4,True
2025-02-01,SGP,MEX,0.0119,4,True
2025-03-01,SGP,MEX,0.0019,4,True
2025-04-01,SGP,MEX,0.0012,4,True
2025-05-01,SGP,MEX,0.0025,4,True
2025-06-01,SGP,MEX,0.0032,4,True
2025-07-01,SGP,MEX,0.1821,4,False
2025-08-01,SGP,MEX,0.0815,4,False
2025-09-01,SGP,MEX,0.0721,4,False
2025-10-01,SGP,MEX,0.0134,4,True
2025-11-01,SGP,MEX,0.0031,4,True
2025-12-01,SGP,MEX,0.0019,4,True
2026-01-01,SGP,MEX,0.0074,4,True
2026-02-01,SGP,MEX,0.0076,1,True
2026-03-01,SGP,MEX,0.0072,1,True
2015-01-01,SGP,KOR,0.1443,2,False
2015-02-01,SGP,KOR,0.1063,2,False
2015-03-01,SGP,KOR,0.0646,2,False
2015-04-01,SGP,KOR,0.0286,2,True
2015-05-01,SGP,KOR,0.0163,2,True
2015-06-01,SGP,KOR,0.0498,2,True
2015-07-01,SGP,KOR,0.0554,2,False
2015-08-01,SGP,KOR,0.0818,2,False
2015-09-01,SGP,KOR,0.0592,2,False
2015-10-01,SGP,KOR,0.0707,3,False
2015-11-01,SGP,KOR,0.0675,2,False
2015-12-01,SGP,KOR,0.151,3,False
2016-01-01,SGP,KOR,0.1626,3,False
2016-02-01,SGP,KOR,0.1101,2,False
2016-03-01,SGP,KOR,0.1596,3,False
2016-04-01,SGP,KOR,0.1679,3,False
2016-05-01,SGP,KOR,0.3405,3,False
2016-06-01,SGP,KOR,0.4696,3,False
2016-07-01,SGP,KOR,0.3267,1,False
2016-08-01,SGP,KOR,0.1688,4,False
2016-09-01,SGP,KOR,0.0505,3,False
2016-10-01,SGP,KOR,0.0472,3,True
2016-11-01,SGP,KOR,0.0175,3,True
2016-12-01,SGP,KOR,0.0121,3,True
2017-01-01,SGP,KOR,0.0339,3,True
2017-02-01,SGP,KOR,0.0549,3,False
2017-03-01,SGP,KOR,0.0227,3,True
2017-04-01,SGP,KOR,0.0329,3,True
2017-05-01,SGP,KOR,0.0244,3,True
2017-06-01,SGP,KOR,0.0238,3,True
2017-07-01,SGP,KOR,0.0115,3,True
2017-08-01,SGP,KOR,0.0084,3,True
2017-09-01,SGP,KOR,0.0074,1,True
2017-10-01,SGP,KOR,0.0039,1,True
2017-11-01,SGP,KOR,0.0036,2,True
2017-12-01,SGP,KOR,0.0011,1,True
2018-01-01,SGP,KOR,0.0015,1,True
2018-02-01,SGP,KOR,0.0065,1,True
2018-03-01,SGP,KOR,0.0168,1,True
2018-04-01,SGP,KOR,0.0245,1,True
2018-05-01,SGP,KOR,0.0187,1,True
2018-06-01,SGP,KOR,0.0352,1,True
2018-07-01,SGP,KOR,0.0216,1,True
2018-08-01,SGP,KOR,0.0537,1,False
2018-09-01,SGP,KOR,0.0464,1,True
2018-10-01,SGP,KOR,0.0734,1,False
2018-11-01,SGP,KOR,0.145,1,False
2018-12-01,SGP,KOR,0.731,1,False
2019-01-01,SGP,KOR,0.7513,3,False
2019-02-01,SGP,KOR,0.6428,1,False
2019-03-01,SGP,KOR,0.4745,1,False
2019-04-01,SGP,KOR,0.4388,1,False
2019-05-01,SGP,KOR,0.3552,1,False
2019-06-01,SGP,KOR,0.3458,1,False
2019-07-01,SGP,KOR,0.2686,1,False
2019-08-01,SGP,KOR,0.262,1,False
2019-09-01,SGP,KOR,0.1909,1,False
2019-10-01,SGP,KOR,0.1425,1,False
2019-11-01,SGP,KOR,0.1094,1,False
2019-12-01,SGP,KOR,0.0767,1,False
2020-01-01,SGP,KOR,0.1414,1,False
2020-02-01,SGP,KOR,0.0739,1,False
2020-03-01,SGP,KOR,0.1945,1,False
2020-04-01,SGP,KOR,0.2953,1,False
2020-05-01,SGP,KOR,0.2525,1,False
2020-06-01,SGP,KOR,0.2374,1,False
2020-07-01,SGP,KOR,0.1945,1,False
2020-08-01,SGP,KOR,0.4378,1,False
2020-09-01,SGP,KOR,0.3715,1,False
2020-10-01,SGP,KOR,0.2882,1,False
2020-11-01,SGP,KOR,0.3613,4,False
2020-12-01,SGP,KOR,0.2187,3,False
2021-01-01,SGP,KOR,0.2226,4,False
2021-02-01,SGP,KOR,0.1753,4,False
2021-03-01,SGP,KOR,0.2198,3,False
2021-04-01,SGP,KOR,0.1767,3,False
2021-05-01,SGP,KOR,0.151,3,False
2021-06-01,SGP,KOR,0.1652,3,False
2021-07-01,SGP,KOR,0.1826,3,False
2021-08-01,SGP,KOR,0.2628,3,False
2021-09-01,SGP,KOR,0.1832,3,False
2021-10-01,SGP,KOR,0.1198,3,False
2021-11-01,SGP,KOR,0.2117,3,False
2021-12-01,SGP,KOR,0.1853,3,False
2022-01-01,SGP,KOR,0.2162,3,False
2022-02-01,SGP,KOR,0.1286,3,False
2022-03-01,SGP,KOR,0.0836,3,False
2022-04-01,SGP,KOR,0.0922,4,False
2022-05-01,SGP,KOR,0.1115,3,False
2022-06-01,SGP,KOR,0.0499,3,True
2022-07-01,SGP,KOR,0.0446,3,True
2022-08-01,SGP,KOR,0.0103,3,True
2022-09-01,SGP,KOR,0.0537,3,False
2022-10-01,SGP,KOR,0.0306,3,True
2022-11-01,SGP,KOR,0.0367,3,True
2022-12-01,SGP,KOR,0.0311,3,True
2023-01-01,SGP,KOR,0.0241,3,True
2023-02-01,SGP,KOR,0.0205,3,True
2023-03-01,SGP,KOR,0.0096,3,True
2023-04-01,SGP,KOR,0.0137,3,True
2023-05-01,SGP,KOR,0.068,3,False
2023-06-01,SGP,KOR,0.0706,3,False
2023-07-01,SGP,KOR,0.0403,3,True
2023-08-01,SGP,KOR,0.0931,2,False
2023-09-01,SGP,KOR,0.2805,2,False
2023-10-01,SGP,KOR,0.1827,2,False
2023-11-01,SGP,KOR,0.3507,3,False
2023-12-01,SGP,KOR,0.3636,2,False
2024-01-01,SGP,KOR,0.3514,2,False
2024-02-01,SGP,KOR,0.1928,1,False
2024-03-01,SGP,KOR,0.0781,1,False
2024-04-01,SGP,KOR,0.2671,1,False
2024-05-01,SGP,KOR,0.2798,1,False
2024-06-01,SGP,KOR,0.341,1,False
2024-07-01,SGP,KOR,0.3073,1,False
2024-08-01,SGP,KOR,0.3129,1,False
2024-09-01,SGP,KOR,0.1664,1,False
2024-10-01,SGP,KOR,0.1755,1,False
2024-11-01,SGP,KOR,0.2023,1,False
2024-12-01,SGP,KOR,0.1244,1,False
2025-01-01,SGP,KOR,0.2109,1,False
2025-02-01,SGP,KOR,0.3519,1,False
2025-03-01,SGP,KOR,0.5651,4,False
2025-04-01,SGP,KOR,0.6039,4,False
2025-05-01,SGP,KOR,0.6471,4,False
2025-06-01,SGP,KOR,0.6485,1,False
2025-07-01,SGP,KOR,0.6303,4,False
2025-08-01,SGP,KOR,0.4405,3,False
2025-09-01,SGP,KOR,0.3555,3,False
2025-10-01,SGP,KOR,0.0844,4,False
2025-11-01,SGP,KOR,0.0116,3,True
2025-12-01,SGP,KOR,0.0223,2,True
2026-01-01,SGP,KOR,0.0093,1,True
2026-02-01,SGP,KOR,0.0639,2,False
2026-03-01,SGP,KOR,0.1557,1,False
2015-01-01,SGP,GBR,0.0043,1,True
2015-02-01,SGP,GBR,0.0026,1,True
2015-03-01,SGP,GBR,0.0093,3,True
2015-04-01,SGP,GBR,0.0079,3,True
2015-05-01,SGP,GBR,0.0175,3,True
2015-06-01,SGP,GBR,0.0184,3,True
2015-07-01,SGP,GBR,0.0122,3,True
2015-08-01,SGP,GBR,0.0156,3,True
2015-09-01,SGP,GBR,0.0153,3,True
2015-10-01,SGP,GBR,0.0098,3,True
2015-11-01,SGP,GBR,0.0102,3,True
2015-12-01,SGP,GBR,0.0049,1,True
2016-01-01,SGP,GBR,0.0261,3,True
2016-02-01,SGP,GBR,0.015,1,True
2016-03-01,SGP,GBR,0.1498,1,False
2016-04-01,SGP,GBR,0.1835,3,False
2016-05-01,SGP,GBR,0.1958,3,False
2016-06-01,SGP,GBR,0.1504,3,False
2016-07-01,SGP,GBR,0.1335,3,False
2016-08-01,SGP,GBR,0.0796,3,False
2016-09-01,SGP,GBR,0.0718,3,False
2016-10-01,SGP,GBR,0.148,3,False
2016-11-01,SGP,GBR,0.2329,3,False
2016-12-01,SGP,GBR,0.1785,3,False
2017-01-01,SGP,GBR,0.1085,3,False
2017-02-01,SGP,GBR,0.3073,3,False
2017-03-01,SGP,GBR,0.2375,3,False
2017-04-01,SGP,GBR,0.2734,3,False
2017-05-01,SGP,GBR,0.0727,3,False
2017-06-01,SGP,GBR,0.0657,3,False
2017-07-01,SGP,GBR,0.0079,1,True
2017-08-01,SGP,GBR,0.0048,1,True
2017-09-01,SGP,GBR,0.0045,1,True
2017-10-01,SGP,GBR,0.0025,1,True
2017-11-01,SGP,GBR,0.0012,2,True
2017-12-01,SGP,GBR,0.0001,1,True
2018-01-01,SGP,GBR,0.0006,1,True
2018-02-01,SGP,GBR,0.0026,1,True
2018-03-01,SGP,GBR,0.004,1,True
2018-04-01,SGP,GBR,0.0046,1,True
2018-05-01,SGP,GBR,0.0079,2,True
2018-06-01,SGP,GBR,0.0138,1,True
2018-07-01,SGP,GBR,0.1219,1,False
2018-08-01,SGP,GBR,0.0818,1,False
2018-09-01,SGP,GBR,0.1466,2,False
2018-10-01,SGP,GBR,0.0799,1,False
2018-11-01,SGP,GBR,0.0769,1,False
2018-12-01,SGP,GBR,0.1521,2,False
2019-01-01,SGP,GBR,0.0338,1,True
2019-02-01,SGP,GBR,0.0091,1,True
2019-03-01,SGP,GBR,0.0131,1,True
2019-04-01,SGP,GBR,0.0196,1,True
2019-05-01,SGP,GBR,0.0467,1,True
2019-06-01,SGP,GBR,0.068,1,False
2019-07-01,SGP,GBR,0.1066,1,False
2019-08-01,SGP,GBR,0.1119,1,False
2019-09-01,SGP,GBR,0.3058,1,False
2019-10-01,SGP,GBR,0.5135,1,False
2019-11-01,SGP,GBR,0.4671,1,False
2019-12-01,SGP,GBR,0.542,1,False
2020-01-01,SGP,GBR,0.3998,1,False
2020-02-01,SGP,GBR,0.3362,1,False
2020-03-01,SGP,GBR,0.192,1,False
2020-04-01,SGP,GBR,0.1316,1,False
2020-05-01,SGP,GBR,0.1101,1,False
2020-06-01,SGP,GBR,0.0673,1,False
2020-07-01,SGP,GBR,0.0731,1,False
2020-08-01,SGP,GBR,0.0373,4,True
2020-09-01,SGP,GBR,0.0668,4,False
2020-10-01,SGP,GBR,0.0741,1,False
2020-11-01,SGP,GBR,0.0297,1,True
2020-12-01,SGP,GBR,0.0354,4,True
2021-01-01,SGP,GBR,0.076,4,False
2021-02-01,SGP,GBR,0.0947,4,False
2021-03-01,SGP,GBR,0.0675,4,False
2021-04-01,SGP,GBR,0.0591,4,False
2021-05-01,SGP,GBR,0.0818,4,False
2021-06-01,SGP,GBR,0.155,4,False
2021-07-01,SGP,GBR,0.1078,4,False
2021-08-01,SGP,GBR,0.2997,4,False
2021-09-01,SGP,GBR,0.2744,1,False
2021-10-01,SGP,GBR,0.2431,4,False
2021-11-01,SGP,GBR,0.1632,4,False
2021-12-01,SGP,GBR,0.1438,1,False
2022-01-01,SGP,GBR,0.0959,3,False
2022-02-01,SGP,GBR,0.0177,1,True
2022-03-01,SGP,GBR,0.0031,1,True
2022-04-01,SGP,GBR,0.0022,3,True
2022-05-01,SGP,GBR,0.0009,1,True
2022-06-01,SGP,GBR,0.0001,1,True
2022-07-01,SGP,GBR,0.0001,1,True
2022-08-01,SGP,GBR,0.0,1,True
2022-09-01,SGP,GBR,0.0,1,True
2022-10-01,SGP,GBR,0.0,1,True
2022-11-01,SGP,GBR,0.0,1,True
2022-12-01,SGP,GBR,0.0,1,True
2023-01-01,SGP,GBR,0.0,1,True
2023-02-01,SGP,GBR,0.0,1,True
2023-03-01,SGP,GBR,0.0,1,True
2023-04-01,SGP,GBR,0.0,1,True
2023-05-01,SGP,GBR,0.0004,1,True
2023-06-01,SGP,GBR,0.0054,1,True
2023-07-01,SGP,GBR,0.0078,4,True
2023-08-01,SGP,GBR,0.0059,3,True
2023-09-01,SGP,GBR,0.0061,3,True
2023-10-01,SGP,GBR,0.0033,4,True
2023-11-01,SGP,GBR,0.0097,4,True
2023-12-01,SGP,GBR,0.0122,4,True
2024-01-01,SGP,GBR,0.0118,4,True
2024-02-01,SGP,GBR,0.0917,2,False
2024-03-01,SGP,GBR,0.0835,2,False
2024-04-01,SGP,GBR,0.0602,2,False
2024-05-01,SGP,GBR,0.0409,2,True
2024-06-01,SGP,GBR,0.0673,2,False
2024-07-01,SGP,GBR,0.0662,2,False
2024-08-01,SGP,GBR,0.0715,2,False
2024-09-01,SGP,GBR,0.0377,2,True
2024-10-01,SGP,GBR,0.0173,2,True
2024-11-01,SGP,GBR,0.0112,2,True
2024-12-01,SGP,GBR,0.0012,1,True
2025-01-01,SGP,GBR,0.0047,1,True
2025-02-01,SGP,GBR,0.0084,1,True
2025-03-01,SGP,GBR,0.0121,1,True
2025-04-01,SGP,GBR,0.0222,1,True
2025-05-01,SGP,GBR,0.0421,1,True
2025-06-01,SGP,GBR,0.0478,1,True
2025-07-01,SGP,GBR,0.0805,1,False
2025-08-01,SGP,GBR,0.1008,1,False
2025-09-01,SGP,GBR,0.0903,1,False
2025-10-01,SGP,GBR,0.1995,1,False
2025-11-01,SGP,GBR,0.3012,1,False
2025-12-01,SGP,GBR,0.4828,1,False
2026-01-01,SGP,GBR,0.7705,3,False
2026-02-01,SGP,GBR,0.5592,1,False
2026-03-01,SGP,GBR,0.5122,1,False
2015-01-01,SGP,USA,0.5696,3,False
2015-02-01,SGP,USA,0.533,3,False
2015-03-01,SGP,USA,0.5471,1,False
2015-04-01,SGP,USA,0.4662,1,False
2015-05-01,SGP,USA,0.2358,1,False
2015-06-01,SGP,USA,0.1888,1,False
2015-07-01,SGP,USA,0.2645,1,False
2015-08-01,SGP,USA,0.233,1,False
2015-09-01,SGP,USA,0.2187,1,False
2015-10-01,SGP,USA,0.2278,1,False
2015-11-01,SGP,USA,0.2467,1,False
2015-12-01,SGP,USA,0.2521,1,False
2016-01-01,SGP,USA,0.2031,1,False
2016-02-01,SGP,USA,0.2619,1,False
2016-03-01,SGP,USA,0.2325,1,False
2016-04-01,SGP,USA,0.2354,1,False
2016-05-01,SGP,USA,0.1795,1,False
2016-06-01,SGP,USA,0.2024,1,False
2016-07-01,SGP,USA,0.1733,1,False
2016-08-01,SGP,USA,0.1765,1,False
2016-09-01,SGP,USA,0.2368,1,False
2016-10-01,SGP,USA,0.1779,3,False
2016-11-01,SGP,USA,0.3265,2,False
2016-12-01,SGP,USA,0.4959,1,False
2017-01-01,SGP,USA,0.6511,3,False
2017-02-01,SGP,USA,0.458,3,False
2017-03-01,SGP,USA,0.5904,3,False
2017-04-01,SGP,USA,0.7589,4,False
2017-05-01,SGP,USA,0.6427,1,False
2017-06-01,SGP,USA,0.1324,4,False
2017-07-01,SGP,USA,0.0078,3,True
2017-08-01,SGP,USA,0.0284,2,True
2017-09-01,SGP,USA,0.0018,1,True
2017-10-01,SGP,USA,0.0031,3,True
2017-11-01,SGP,USA,0.0003,3,True
2017-12-01,SGP,USA,0.0008,3,True
2018-01-01,SGP,USA,0.0014,3,True
2018-02-01,SGP,USA,0.0011,3,True
2018-03-01,SGP,USA,0.0036,3,True
2018-04-01,SGP,USA,0.0051,4,True
2018-05-01,SGP,USA,0.0037,3,True
2018-06-01,SGP,USA,0.0237,3,True
2018-07-01,SGP,USA,0.0484,3,True
2018-08-01,SGP,USA,0.0498,3,True
2018-09-01,SGP,USA,0.0683,3,False
2018-10-01,SGP,USA,0.0721,3,False
2018-11-01,SGP,USA,0.1048,3,False
2018-12-01,SGP,USA,0.1167,3,False
2019-01-01,SGP,USA,0.1947,3,False
2019-02-01,SGP,USA,0.1665,3,False
2019-03-01,SGP,USA,0.134,3,False
2019-04-01,SGP,USA,0.1989,3,False
2019-05-01,SGP,USA,0.2372,3,False
2019-06-01,SGP,USA,0.2242,3,False
2019-07-01,SGP,USA,0.2151,2,False
2019-08-01,SGP,USA,0.1926,2,False
2019-09-01,SGP,USA,0.12,3,False
2019-10-01,SGP,USA,0.1269,3,False
2019-11-01,SGP,USA,0.1409,3,False
2019-12-01,SGP,USA,0.1057,3,False
2020-01-01,SGP,USA,0.1389,3,False
2020-02-01,SGP,USA,0.1518,1,False
2020-03-01,SGP,USA,0.2559,3,False
2020-04-01,SGP,USA,0.3099,3,False
2020-05-01,SGP,USA,0.1782,3,False
2020-06-01,SGP,USA,0.1309,2,False
2020-07-01,SGP,USA,0.1361,2,False
2020-08-01,SGP,USA,0.0561,3,False
2020-09-01,SGP,USA,0.0224,3,True
2020-10-01,SGP,USA,0.0076,3,True
2020-11-01,SGP,USA,0.0056,3,True
2020-12-01,SGP,USA,0.0402,3,True
2021-01-01,SGP,USA,0.1252,2,False
2021-02-01,SGP,USA,0.1197,3,False
2021-03-01,SGP,USA,0.113,2,False
2021-04-01,SGP,USA,0.0903,2,False
2021-05-01,SGP,USA,0.1079,4,False
2021-06-01,SGP,USA,0.0339,4,True
2021-07-01,SGP,USA,0.0086,4,True
2021-08-01,SGP,USA,0.01,4,True
2021-09-01,SGP,USA,0.014,1,True
2021-10-01,SGP,USA,0.0042,1,True
2021-11-01,SGP,USA,0.0029,1,True
2021-12-01,SGP,USA,0.0034,1,True
2022-01-01,SGP,USA,0.0042,1,True
2022-02-01,SGP,USA,0.0015,1,True
2022-03-01,SGP,USA,0.002,1,True
2022-04-01,SGP,USA,0.0004,1,True
2022-05-01,SGP,USA,0.0006,1,True
2022-06-01,SGP,USA,0.0006,1,True
2022-07-01,SGP,USA,0.0006,1,True
2022-08-01,SGP,USA,0.0005,1,True
2022-09-01,SGP,USA,0.0003,1,True
2022-10-01,SGP,USA,0.0004,1,True
2022-11-01,SGP,USA,0.0003,1,True
2022-12-01,SGP,USA,0.0002,1,True
2023-01-01,SGP,USA,0.0002,1,True
2023-02-01,SGP,USA,0.001,1,True
2023-03-01,SGP,USA,0.019,1,True
2023-04-01,SGP,USA,0.0809,2,False
2023-05-01,SGP,USA,0.2212,2,False
2023-06-01,SGP,USA,0.2379,2,False
2023-07-01,SGP,USA,0.2309,2,False
2023-08-01,SGP,USA,0.2712,3,False
2023-09-01,SGP,USA,0.2057,1,False
2023-10-01,SGP,USA,0.1622,1,False
2023-11-01,SGP,USA,0.106,1,False
2023-12-01,SGP,USA,0.0535,1,False
2024-01-01,SGP,USA,0.0388,1,True
2024-02-01,SGP,USA,0.0381,1,True
2024-03-01,SGP,USA,0.0227,1,True
2024-04-01,SGP,USA,0.0037,1,True
2024-05-01,SGP,USA,0.0026,1,True
2024-06-01,SGP,USA,0.0018,1,True
2024-07-01,SGP,USA,0.0013,1,True
2024-08-01,SGP,USA,0.001,1,True
2024-09-01,SGP,USA,0.0015,1,True
2024-10-01,SGP,USA,0.001,1,True
2024-11-01,SGP,USA,0.0002,1,True
2024-12-01,SGP,USA,0.0,1,True
2025-01-01,SGP,USA,0.0001,1,True
2025-02-01,SGP,USA,0.0005,1,True
2025-03-01,SGP,USA,0.0036,1,True
2025-04-01,SGP,USA,0.0073,1,True
2025-05-01,SGP,USA,0.006,1,True
2025-06-01,SGP,USA,0.013,1,True
2025-07-01,SGP,USA,0.0186,1,True
2025-08-01,SGP,USA,0.0116,1,True
2025-09-01,SGP,USA,0.0297,1,True
2025-10-01,SGP,USA,0.1083,1,False
2025-11-01,SGP,USA,0.234,1,False
2025-12-01,SGP,USA,0.1668,3,False
2026-01-01,SGP,USA,0.1212,4,False
2026-02-01,SGP,USA,0.0681,3,False
2026-03-01,SGP,USA,0.1572,2,False
2015-01-01,SGP,DEU,0.3864,1,False
2015-02-01,SGP,DEU,0.1722,1,False
2015-03-01,SGP,DEU,0.2433,4,False
2015-04-01,SGP,DEU,0.2416,4,False
2015-05-01,SGP,DEU,0.2655,4,False
2015-06-01,SGP,DEU,0.172,4,False
2015-07-01,SGP,DEU,0.1792,4,False
2015-08-01,SGP,DEU,0.2129,4,False
2015-09-01,SGP,DEU,0.1321,4,False
2015-10-01,SGP,DEU,0.1366,4,False
2015-11-01,SGP,DEU,0.2618,4,False
2015-12-01,SGP,DEU,0.3049,4,False
2016-01-01,SGP,DEU,0.1733,4,False
2016-02-01,SGP,DEU,0.1833,4,False
2016-03-01,SGP,DEU,0.1949,4,False
2016-04-01,SGP,DEU,0.199,4,False
2016-05-01,SGP,DEU,0.0904,4,False
2016-06-01,SGP,DEU,0.1175,4,False
2016-07-01,SGP,DEU,0.117,4,False
2016-08-01,SGP,DEU,0.215,2,False
2016-09-01,SGP,DEU,0.1397,1,False
2016-10-01,SGP,DEU,0.1669,1,False
2016-11-01,SGP,DEU,0.211,1,False
2016-12-01,SGP,DEU,0.273,1,False
2017-01-01,SGP,DEU,0.1595,1,False
2017-02-01,SGP,DEU,0.151,1,False
2017-03-01,SGP,DEU,0.0316,4,True
2017-04-01,SGP,DEU,0.0235,3,True
2017-05-01,SGP,DEU,0.0135,4,True
2017-06-01,SGP,DEU,0.0139,3,True
2017-07-01,SGP,DEU,0.0127,2,True
2017-08-01,SGP,DEU,0.0028,1,True
2017-09-01,SGP,DEU,0.0101,2,True
2017-10-01,SGP,DEU,0.0036,1,True
2017-11-01,SGP,DEU,0.0248,1,True
2017-12-01,SGP,DEU,0.0484,1,True
2018-01-01,SGP,DEU,0.0347,1,True
2018-02-01,SGP,DEU,0.0603,3,False
2018-03-01,SGP,DEU,0.1058,3,False
2018-04-01,SGP,DEU,0.32,4,False
2018-05-01,SGP,DEU,0.6582,4,False
2018-06-01,SGP,DEU,0.6861,4,False
2018-07-01,SGP,DEU,0.7322,1,False
2018-08-01,SGP,DEU,0.7421,4,False
2018-09-01,SGP,DEU,0.6561,3,False
2018-10-01,SGP,DEU,0.532,2,False
2018-11-01,SGP,DEU,0.4125,1,False
2018-12-01,SGP,DEU,0.3416,1,False
2019-01-01,SGP,DEU,0.2513,4,False
2019-02-01,SGP,DEU,0.1804,3,False
2019-03-01,SGP,DEU,0.2274,3,False
2019-04-01,SGP,DEU,0.182,4,False
2019-05-01,SGP,DEU,0.1408,3,False
2019-06-01,SGP,DEU,0.1934,3,False
2019-07-01,SGP,DEU,0.2212,3,False
2019-08-01,SGP,DEU,0.2304,3,False
2019-09-01,SGP,DEU,0.1456,4,False
2019-10-01,SGP,DEU,0.1047,3,False
2019-11-01,SGP,DEU,0.1015,3,False
2019-12-01,SGP,DEU,0.1022,3,False
2020-01-01,SGP,DEU,0.1633,4,False
2020-02-01,SGP,DEU,0.2882,4,False
2020-03-01,SGP,DEU,0.2413,3,False
2020-04-01,SGP,DEU,0.1795,4,False
2020-05-01,SGP,DEU,0.1112,3,False
2020-06-01,SGP,DEU,0.1215,3,False
2020-07-01,SGP,DEU,0.188,3,False
2020-08-01,SGP,DEU,0.3392,2,False
2020-09-01,SGP,DEU,0.366,1,False
2020-10-01,SGP,DEU,0.1575,2,False
2020-11-01,SGP,DEU,0.1408,2,False
2020-12-01,SGP,DEU,0.1864,2,False
2021-01-01,SGP,DEU,0.3125,2,False
2021-02-01,SGP,DEU,0.3171,4,False
2021-03-01,SGP,DEU,0.2605,4,False
2021-04-01,SGP,DEU,0.1756,2,False
2021-05-01,SGP,DEU,0.2173,2,False
2021-06-01,SGP,DEU,0.2273,2,False
2021-07-01,SGP,DEU,0.196,4,False
2021-08-01,SGP,DEU,0.1573,4,False
2021-09-01,SGP,DEU,0.133,4,False
2021-10-01,SGP,DEU,0.198,4,False
2021-11-01,SGP,DEU,0.1019,4,False
2021-12-01,SGP,DEU,0.1249,1,False
2022-01-01,SGP,DEU,0.2102,1,False
2022-02-01,SGP,DEU,0.0625,1,False
2022-03-01,SGP,DEU,0.0213,1,True
2022-04-01,SGP,DEU,0.0288,1,True
2022-05-01,SGP,DEU,0.0161,2,True
2022-06-01,SGP,DEU,0.0054,1,True
2022-07-01,SGP,DEU,0.0045,1,True
2022-08-01,SGP,DEU,0.0076,1,True
2022-09-01,SGP,DEU,0.0089,1,True
2022-10-01,SGP,DEU,0.0036,1,True
2022-11-01,SGP,DEU,0.004,1,True
2022-12-01,SGP,DEU,0.0027,1,True
2023-01-01,SGP,DEU,0.0052,1,True
2023-02-01,SGP,DEU,0.0021,1,True
2023-03-01,SGP,DEU,0.0016,1,True
2023-04-01,SGP,DEU,0.0153,1,True
2023-05-01,SGP,DEU,0.0433,2,True
2023-06-01,SGP,DEU,0.2019,2,False
2023-07-01,SGP,DEU,0.0912,2,False
2023-08-01,SGP,DEU,0.1392,2,False
2023-09-01,SGP,DEU,0.1545,4,False
2023-10-01,SGP,DEU,0.1279,2,False
2023-11-01,SGP,DEU,0.1185,2,False
2023-12-01,SGP,DEU,0.1111,4,False
2024-01-01,SGP,DEU,0.078,4,False
2024-02-01,SGP,DEU,0.1149,1,False
2024-03-01,SGP,DEU,0.0651,1,False
2024-04-01,SGP,DEU,0.0261,2,True
2024-05-01,SGP,DEU,0.0296,2,True
2024-06-01,SGP,DEU,0.0265,2,True
2024-07-01,SGP,DEU,0.0124,2,True
2024-08-01,SGP,DEU,0.0095,2,True
2024-09-01,SGP,DEU,0.0032,2,True
2024-10-01,SGP,DEU,0.0016,2,True
2024-11-01,SGP,DEU,0.0022,2,True
2024-12-01,SGP,DEU,0.0007,1,True
2025-01-01,SGP,DEU,0.0024,1,True
2025-02-01,SGP,DEU,0.0078,1,True
2025-03-01,SGP,DEU,0.0293,1,True
2025-04-01,SGP,DEU,0.0582,1,False
2025-05-01,SGP,DEU,0.073,2,False
2025-06-01,SGP,DEU,0.1196,2,False
2025-07-01,SGP,DEU,0.1193,2,False
2025-08-01,SGP,DEU,0.1209,2,False
2025-09-01,SGP,DEU,0.0859,2,False
2025-10-01,SGP,DEU,0.096,2,False
2025-11-01,SGP,DEU,0.2761,2,False
2025-12-01,SGP,DEU,0.3125,2,False
2026-01-01,SGP,DEU,0.3937,2,False
2026-02-01,SGP,DEU,0.3654,2,False
2026-03-01,SGP,DEU,0.4213,3,False
2015-01-01,SGP,FRA,0.4378,4,False
2015-02-01,SGP,FRA,0.4181,3,False
2015-03-01,SGP,FRA,0.4701,4,False
2015-04-01,SGP,FRA,0.3999,1,False
2015-05-01,SGP,FRA,0.1139,1,False
2015-06-01,SGP,FRA,0.1049,1,False
2015-07-01,SGP,FRA,0.1418,1,False
2015-08-01,SGP,FRA,0.1636,1,False
2015-09-01,SGP,FRA,0.089,1,False
2015-10-01,SGP,FRA,0.0181,3,True
2015-11-01,SGP,FRA,0.0117,2,True
2015-12-01,SGP,FRA,0.005,1,True
2016-01-01,SGP,FRA,0.0087,1,True
2016-02-01,SGP,FRA,0.0101,1,True
2016-03-01,SGP,FRA,0.0174,1,True
2016-04-01,SGP,FRA,0.0281,1,True
2016-05-01,SGP,FRA,0.0145,1,True
2016-06-01,SGP,FRA,0.0198,1,True
2016-07-01,SGP,FRA,0.0588,1,False
2016-08-01,SGP,FRA,0.0851,1,False
2016-09-01,SGP,FRA,0.0927,1,False
2016-10-01,SGP,FRA,0.0693,1,False
2016-11-01,SGP,FRA,0.0477,1,True
2016-12-01,SGP,FRA,0.0256,1,True
2017-01-01,SGP,FRA,0.0892,1,False
2017-02-01,SGP,FRA,0.0541,1,False
2017-03-01,SGP,FRA,0.0831,1,False
2017-04-01,SGP,FRA,0.1633,1,False
2017-05-01,SGP,FRA,0.4867,1,False
2017-06-01,SGP,FRA,0.4896,3,False
2017-07-01,SGP,FRA,0.9421,1,False
2017-08-01,SGP,FRA,0.6764,4,False
2017-09-01,SGP,FRA,0.5487,2,False
2017-10-01,SGP,FRA,0.3049,1,False
2017-11-01,SGP,FRA,0.3552,1,False
2017-12-01,SGP,FRA,0.2423,1,False
2018-01-01,SGP,FRA,0.3042,1,False
2018-02-01,SGP,FRA,0.164,1,False
2018-03-01,SGP,FRA,0.1484,1,False
2018-04-01,SGP,FRA,0.1805,1,False
2018-05-01,SGP,FRA,0.1918,1,False
2018-06-01,SGP,FRA,0.2309,1,False
2018-07-01,SGP,FRA,0.1027,1,False
2018-08-01,SGP,FRA,0.4118,1,False
2018-09-01,SGP,FRA,0.6054,2,False
2018-10-01,SGP,FRA,0.43,4,False
2018-11-01,SGP,FRA,0.1919,4,False
2018-12-01,SGP,FRA,0.1246,3,False
2019-01-01,SGP,FRA,0.0735,2,False
2019-02-01,SGP,FRA,0.1007,1,False
2019-03-01,SGP,FRA,0.0918,2,False
2019-04-01,SGP,FRA,0.1815,2,False
2019-05-01,SGP,FRA,0.2441,2,False
2019-06-01,SGP,FRA,0.1939,2,False
2019-07-01,SGP,FRA,0.2649,2,False
2019-08-01,SGP,FRA,0.3296,2,False
2019-09-01,SGP,FRA,0.2994,3,False
2019-10-01,SGP,FRA,0.3323,2,False
2019-11-01,SGP,FRA,0.2861,2,False
2019-12-01,SGP,FRA,0.2998,2,False
2020-01-01,SGP,FRA,0.4813,2,False
2020-02-01,SGP,FRA,0.4093,2,False
2020-03-01,SGP,FRA,0.5114,2,False
2020-04-01,SGP,FRA,0.4268,2,False
2020-05-01,SGP,FRA,0.5825,2,False
2020-06-01,SGP,FRA,0.9148,4,False
2020-07-01,SGP,FRA,0.5985,1,False
2020-08-01,SGP,FRA,0.6025,1,False
2020-09-01,SGP,FRA,0.6941,1,False
2020-10-01,SGP,FRA,0.7324,1,False
2020-11-01,SGP,FRA,0.5606,4,False
2020-12-01,SGP,FRA,0.5207,3,False
2021-01-01,SGP,FRA,0.6405,4,False
2021-02-01,SGP,FRA,0.4753,3,False
2021-03-01,SGP,FRA,0.5212,1,False
2021-04-01,SGP,FRA,0.5102,3,False
2021-05-01,SGP,FRA,0.593,3,False
2021-06-01,SGP,FRA,0.2042,1,False
2021-07-01,SGP,FRA,0.2402,1,False
2021-08-01,SGP,FRA,0.0746,1,False
2021-09-01,SGP,FRA,0.0337,1,True
2021-10-01,SGP,FRA,0.0417,1,True
2021-11-01,SGP,FRA,0.0739,1,False
2021-12-01,SGP,FRA,0.0755,4,False
2022-01-01,SGP,FRA,0.0335,3,True
2022-02-01,SGP,FRA,0.0043,3,True
2022-03-01,SGP,FRA,0.0001,1,True
2022-04-01,SGP,FRA,0.0,1,True
2022-05-01,SGP,FRA,0.0,1,True
2022-06-01,SGP,FRA,0.0,1,True
2022-07-01,SGP,FRA,0.0,1,True
2022-08-01,SGP,FRA,0.0,1,True
2022-09-01,SGP,FRA,0.0,1,True
2022-10-01,SGP,FRA,0.0,1,True
2022-11-01,SGP,FRA,0.0,1,True
2022-12-01,SGP,FRA,0.0,1,True
2023-01-01,SGP,FRA,0.0,1,True
2023-02-01,SGP,FRA,0.0,1,True
2023-03-01,SGP,FRA,0.0,1,True
2023-04-01,SGP,FRA,0.0002,1,True
2023-05-01,SGP,FRA,0.0007,2,True
2023-06-01,SGP,FRA,0.0013,3,True
2023-07-01,SGP,FRA,0.0014,2,True
2023-08-01,SGP,FRA,0.0015,3,True
2023-09-01,SGP,FRA,0.0024,4,True
2023-10-01,SGP,FRA,0.0013,4,True
2023-11-01,SGP,FRA,0.0007,4,True
2023-12-01,SGP,FRA,0.0002,4,True
2024-01-01,SGP,FRA,0.0002,4,True
2024-02-01,SGP,FRA,0.0005,4,True
2024-03-01,SGP,FRA,0.0005,4,True
2024-04-01,SGP,FRA,0.0001,4,True
2024-05-01,SGP,FRA,0.0001,4,True
2024-06-01,SGP,FRA,0.0003,4,True
2024-07-01,SGP,FRA,0.0005,4,True
2024-08-01,SGP,FRA,0.0004,4,True
2024-09-01,SGP,FRA,0.0011,1,True
2024-10-01,SGP,FRA,0.0019,1,True
2024-11-01,SGP,FRA,0.0018,1,True
2024-12-01,SGP,FRA,0.007,1,True
2025-01-01,SGP,FRA,0.04,1,True
2025-02-01,SGP,FRA,0.0422,4,True
2025-03-01,SGP,FRA,0.0178,4,True
2025-04-01,SGP,FRA,0.0128,4,True
2025-05-01,SGP,FRA,0.019,4,True
2025-06-01,SGP,FRA,0.0185,4,True
2025-07-01,SGP,FRA,0.0645,4,False
2025-08-01,SGP,FRA,0.0436,4,True
2025-09-01,SGP,FRA,0.0207,4,True
2025-10-01,SGP,FRA,0.0232,4,True
2025-11-01,SGP,FRA,0.0325,4,True
2025-12-01,SGP,FRA,0.0364,4,True
2026-01-01,SGP,FRA,0.1122,3,False
2026-02-01,SGP,FRA,0.1142,4,False
2026-03-01,SGP,FRA,0.0965,3,False
2015-01-01,SGP,JPN,0.1892,1,False
2015-02-01,SGP,JPN,0.2135,1,False
2015-03-01,SGP,JPN,0.312,1,False
2015-04-01,SGP,JPN,0.4477,3,False
2015-05-01,SGP,JPN,0.1984,2,False
2015-06-01,SGP,JPN,0.4288,1,False
2015-07-01,SGP,JPN,0.4091,4,False
2015-08-01,SGP,JPN,0.453,3,False
2015-09-01,SGP,JPN,0.4518,3,False
2015-10-01,SGP,JPN,0.4354,3,False
2015-11-01,SGP,JPN,0.3918,3,False
2015-12-01,SGP,JPN,0.2723,3,False
2016-01-01,SGP,JPN,0.2384,3,False
2016-02-01,SGP,JPN,0.235,3,False
2016-03-01,SGP,JPN,0.3037,3,False
2016-04-01,SGP,JPN,0.3073,4,False
2016-05-01,SGP,JPN,0.237,4,False
2016-06-01,SGP,JPN,0.0634,3,False
2016-07-01,SGP,JPN,0.0477,3,True
2016-08-01,SGP,JPN,0.0576,3,False
2016-09-01,SGP,JPN,0.0842,3,False
2016-10-01,SGP,JPN,0.0507,3,False
2016-11-01,SGP,JPN,0.0549,1,False
2016-12-01,SGP,JPN,0.0157,1,True
2017-01-01,SGP,JPN,0.0061,1,True
2017-02-01,SGP,JPN,0.0034,1,True
2017-03-01,SGP,JPN,0.0019,3,True
2017-04-01,SGP,JPN,0.0004,2,True
2017-05-01,SGP,JPN,0.0,1,True
2017-06-01,SGP,JPN,0.0002,1,True
2017-07-01,SGP,JPN,0.0037,1,True
2017-08-01,SGP,JPN,0.0088,1,True
2017-09-01,SGP,JPN,0.0084,1,True
2017-10-01,SGP,JPN,0.0077,1,True
2017-11-01,SGP,JPN,0.0444,1,True
2017-12-01,SGP,JPN,0.065,1,False
2018-01-01,SGP,JPN,0.0779,1,False
2018-02-01,SGP,JPN,0.0273,1,True
2018-03-01,SGP,JPN,0.0086,1,True
2018-04-01,SGP,JPN,0.0302,1,True
2018-05-01,SGP,JPN,0.0162,1,True
2018-06-01,SGP,JPN,0.0203,1,True
2018-07-01,SGP,JPN,0.0118,1,True
2018-08-01,SGP,JPN,0.016,1,True
2018-09-01,SGP,JPN,0.0419,1,True
2018-10-01,SGP,JPN,0.0619,1,False
2018-11-01,SGP,JPN,0.095,1,False
2018-12-01,SGP,JPN,0.062,3,False
2019-01-01,SGP,JPN,0.0384,2,True
2019-02-01,SGP,JPN,0.0149,1,True
2019-03-01,SGP,JPN,0.0239,2,True
2019-04-01,SGP,JPN,0.0168,1,True
2019-05-01,SGP,JPN,0.0183,1,True
2019-06-01,SGP,JPN,0.0267,1,True
2019-07-01,SGP,JPN,0.0445,2,True
2019-08-01,SGP,JPN,0.0381,1,True
2019-09-01,SGP,JPN,0.0241,2,True
2019-10-01,SGP,JPN,0.0415,1,True
2019-11-01,SGP,JPN,0.602,2,False
2019-12-01,SGP,JPN,0.5246,2,False
2020-01-01,SGP,JPN,0.4297,1,False
2020-02-01,SGP,JPN,0.5198,2,False
2020-03-01,SGP,JPN,0.4949,2,False
2020-04-01,SGP,JPN,0.2419,1,False
2020-05-01,SGP,JPN,0.4954,3,False
2020-06-01,SGP,JPN,0.3597,2,False
2020-07-01,SGP,JPN,0.3507,1,False
2020-08-01,SGP,JPN,0.2035,3,False
2020-09-01,SGP,JPN,0.2202,4,False
2020-10-01,SGP,JPN,0.1349,1,False
2020-11-01,SGP,JPN,0.2004,3,False
2020-12-01,SGP,JPN,0.3013,1,False
2021-01-01,SGP,JPN,0.4362,3,False
2021-02-01,SGP,JPN,0.5546,4,False
2021-03-01,SGP,JPN,0.4356,3,False
2021-04-01,SGP,JPN,0.421,3,False
2021-05-01,SGP,JPN,0.5494,4,False
2021-06-01,SGP,JPN,0.4418,4,False
2021-07-01,SGP,JPN,0.5938,3,False
2021-08-01,SGP,JPN,0.5541,3,False
2021-09-01,SGP,JPN,0.5263,3,False
2021-10-01,SGP,JPN,0.3587,1,False
2021-11-01,SGP,JPN,0.4461,2,False
2021-12-01,SGP,JPN,0.5245,3,False
2022-01-01,SGP,JPN,0.4513,3,False
2022-02-01,SGP,JPN,0.2334,3,False
2022-03-01,SGP,JPN,0.0147,1,True
2022-04-01,SGP,JPN,0.0015,1,True
2022-05-01,SGP,JPN,0.0017,1,True
2022-06-01,SGP,JPN,0.0007,3,True
2022-07-01,SGP,JPN,0.0,2,True
2022-08-01,SGP,JPN,0.0,2,True
2022-09-01,SGP,JPN,0.0,1,True
2022-10-01,SGP,JPN,0.0,2,True
2022-11-01,SGP,JPN,0.0,2,True
2022-12-01,SGP,JPN,0.0,2,True
2023-01-01,SGP,JPN,0.0,2,True
2023-02-01,SGP,JPN,0.0,2,True
2023-03-01,SGP,JPN,0.0,2,True
2023-04-01,SGP,JPN,0.0,2,True
2023-05-01,SGP,JPN,0.0,2,True
2023-06-01,SGP,JPN,0.0,1,True
2023-07-01,SGP,JPN,0.0001,2,True
2023-08-01,SGP,JPN,0.0004,2,True
2023-09-01,SGP,JPN,0.0011,1,True
2023-10-01,SGP,JPN,0.0002,1,True
2023-11-01,SGP,JPN,0.0011,1,True
2023-12-01,SGP,JPN,0.0042,1,True
2024-01-01,SGP,JPN,0.0125,1,True
2024-02-01,SGP,JPN,0.0038,1,True
2024-03-01,SGP,JPN,0.0056,1,True
2024-04-01,SGP,JPN,0.0229,1,True
2024-05-01,SGP,JPN,0.0944,1,False
2024-06-01,SGP,JPN,0.1332,1,False
2024-07-01,SGP,JPN,0.1501,1,False
2024-08-01,SGP,JPN,0.1889,1,False
2024-09-01,SGP,JPN,0.2083,1,False
2024-10-01,SGP,JPN,0.1516,1,False
2024-11-01,SGP,JPN,0.1568,1,False
2024-12-01,SGP,JPN,0.1467,4,False
2025-01-01,SGP,JPN,0.038,4,True
2025-02-01,SGP,JPN,0.0349,2,True
2025-03-01,SGP,JPN,0.0454,2,True
2025-04-01,SGP,JPN,0.0744,3,False
2025-05-01,SGP,JPN,0.1575,4,False
2025-06-01,SGP,JPN,0.1792,2,False
2025-07-01,SGP,JPN,0.1461,4,False
2025-08-01,SGP,JPN,0.1595,2,False
2025-09-01,SGP,JPN,0.0647,2,False
2025-10-01,SGP,JPN,0.0593,2,False
2025-11-01,SGP,JPN,0.0531,2,False
2025-12-01,SGP,JPN,0.0676,2,False
2026-01-01,SGP,JPN,0.0614,2,False
2026-02-01,SGP,JPN,0.0244,3,True
2026-03-01,SGP,JPN,0.026,2,True
2015-01-01,KOR,IND,0.0774,1,False
2015-02-01,KOR,IND,0.044,1,True
2015-03-01,KOR,IND,0.0426,1,True
2015-04-01,KOR,IND,0.0429,1,True
2015-05-01,KOR,IND,0.0569,1,False
2015-06-01,KOR,IND,0.0688,1,False
2015-07-01,KOR,IND,0.0703,1,False
2015-08-01,KOR,IND,0.0462,1,True
2015-09-01,KOR,IND,0.0683,1,False
2015-10-01,KOR,IND,0.0637,1,False
2015-11-01,KOR,IND,0.0728,1,False
2015-12-01,KOR,IND,0.0569,1,False
2016-01-01,KOR,IND,0.0297,1,True
2016-02-01,KOR,IND,0.1607,1,False
2016-03-01,KOR,IND,0.3827,1,False
2016-04-01,KOR,IND,0.6411,1,False
2016-05-01,KOR,IND,0.7975,4,False
2016-06-01,KOR,IND,0.8743,1,False
2016-07-01,KOR,IND,0.5715,1,False
2016-08-01,KOR,IND,0.8615,1,False
2016-09-01,KOR,IND,0.7591,4,False
2016-10-01,KOR,IND,0.7899,3,False
2016-11-01,KOR,IND,0.6891,4,False
2016-12-01,KOR,IND,0.3838,3,False
2017-01-01,KOR,IND,0.2683,3,False
2017-02-01,KOR,IND,0.3205,3,False
2017-03-01,KOR,IND,0.387,3,False
2017-04-01,KOR,IND,0.4432,3,False
2017-05-01,KOR,IND,0.5307,3,False
2017-06-01,KOR,IND,0.4331,3,False
2017-07-01,KOR,IND,0.4399,3,False
2017-08-01,KOR,IND,0.4144,3,False
2017-09-01,KOR,IND,0.2723,3,False
2017-10-01,KOR,IND,0.1523,3,False
2017-11-01,KOR,IND,0.1511,3,False
2017-12-01,KOR,IND,0.0664,1,False
2018-01-01,KOR,IND,0.0479,1,True
2018-02-01,KOR,IND,0.0411,1,True
2018-03-01,KOR,IND,0.0301,1,True
2018-04-01,KOR,IND,0.0063,4,True
2018-05-01,KOR,IND,0.0046,4,True
2018-06-01,KOR,IND,0.0063,4,True
2018-07-01,KOR,IND,0.009,1,True
2018-08-01,KOR,IND,0.0134,4,True
2018-09-01,KOR,IND,0.0135,4,True
2018-10-01,KOR,IND,0.0221,3,True
2018-11-01,KOR,IND,0.0157,2,True
2018-12-01,KOR,IND,0.0336,2,True
2019-01-01,KOR,IND,0.0222,1,True
2019-02-01,KOR,IND,0.0666,1,False
2019-03-01,KOR,IND,0.0489,1,True
2019-04-01,KOR,IND,0.1094,1,False
2019-05-01,KOR,IND,0.0171,1,True
2019-06-01,KOR,IND,0.0071,1,True
2019-07-01,KOR,IND,0.0163,1,True
2019-08-01,KOR,IND,0.0071,1,True
2019-09-01,KOR,IND,0.0066,1,True
2019-10-01,KOR,IND,0.1538,1,False
2019-11-01,KOR,IND,0.232,2,False
2019-12-01,KOR,IND,0.2758,2,False
2020-01-01,KOR,IND,0.2602,1,False
2020-02-01,KOR,IND,0.0738,1,False
2020-03-01,KOR,IND,0.0194,4,True
2020-04-01,KOR,IND,0.0253,4,True
2020-05-01,KOR,IND,0.0802,1,False
2020-06-01,KOR,IND,0.0586,1,False
2020-07-01,KOR,IND,0.0526,1,False
2020-08-01,KOR,IND,0.0612,1,False
2020-09-01,KOR,IND,0.0827,1,False
2020-10-01,KOR,IND,0.1069,1,False
2020-11-01,KOR,IND,0.1966,1,False
2020-12-01,KOR,IND,0.197,1,False
2021-01-01,KOR,IND,0.5849,1,False
2021-02-01,KOR,IND,0.2531,1,False
2021-03-01,KOR,IND,0.3089,1,False
2021-04-01,KOR,IND,0.1651,1,False
2021-05-01,KOR,IND,0.0992,1,False
2021-06-01,KOR,IND,0.0589,1,False
2021-07-01,KOR,IND,0.1551,1,False
2021-08-01,KOR,IND,0.1308,1,False
2021-09-01,KOR,IND,0.1301,1,False
2021-10-01,KOR,IND,0.1227,1,False
2021-11-01,KOR,IND,0.1482,1,False
2021-12-01,KOR,IND,0.4356,1,False
2022-01-01,KOR,IND,0.43,1,False
2022-02-01,KOR,IND,0.7209,3,False
2022-03-01,KOR,IND,0.5481,3,False
2022-04-01,KOR,IND,0.5746,3,False
2022-05-01,KOR,IND,0.4437,4,False
2022-06-01,KOR,IND,0.3026,3,False
2022-07-01,KOR,IND,0.1762,3,False
2022-08-01,KOR,IND,0.1289,3,False
2022-09-01,KOR,IND,0.086,4,False
2022-10-01,KOR,IND,0.0782,3,False
2022-11-01,KOR,IND,0.0674,3,False
2022-12-01,KOR,IND,0.1008,1,False
2023-01-01,KOR,IND,0.0802,4,False
2023-02-01,KOR,IND,0.1338,3,False
2023-03-01,KOR,IND,0.1127,3,False
2023-04-01,KOR,IND,0.1127,3,False
2023-05-01,KOR,IND,0.1356,3,False
2023-06-01,KOR,IND,0.1511,4,False
2023-07-01,KOR,IND,0.1459,4,False
2023-08-01,KOR,IND,0.1612,4,False
2023-09-01,KOR,IND,0.0889,4,False
2023-10-01,KOR,IND,0.2323,3,False
2023-11-01,KOR,IND,0.2401,4,False
2023-12-01,KOR,IND,0.2231,1,False
2024-01-01,KOR,IND,0.7821,2,False
2024-02-01,KOR,IND,0.6747,4,False
2024-03-01,KOR,IND,0.3954,3,False
2024-04-01,KOR,IND,0.0718,2,False
2024-05-01,KOR,IND,0.0275,1,True
2024-06-01,KOR,IND,0.0452,1,True
2024-07-01,KOR,IND,0.0264,1,True
2024-08-01,KOR,IND,0.0116,1,True
2024-09-01,KOR,IND,0.0059,1,True
2024-10-01,KOR,IND,0.006,1,True
2024-11-01,KOR,IND,0.0139,1,True
2024-12-01,KOR,IND,0.0109,1,True
2025-01-01,KOR,IND,0.0646,1,False
2025-02-01,KOR,IND,0.23,1,False
2025-03-01,KOR,IND,0.1259,1,False
2025-04-01,KOR,IND,0.7467,1,False
2025-05-01,KOR,IND,0.5658,1,False
2025-06-01,KOR,IND,0.3877,1,False
2025-07-01,KOR,IND,0.2287,2,False
2025-08-01,KOR,IND,0.0745,1,False
2025-09-01,KOR,IND,0.1505,1,False
2025-10-01,KOR,IND,0.1026,1,False
2025-11-01,KOR,IND,0.0832,1,False
2025-12-01,KOR,IND,0.0616,1,False
2026-01-01,KOR,IND,0.0284,1,True
2026-02-01,KOR,IND,0.0319,1,True
2026-03-01,KOR,IND,0.0216,1,True
2015-01-01,KOR,CHN,0.044,1,True
2015-02-01,KOR,CHN,0.1631,1,False
2015-03-01,KOR,CHN,0.2214,1,False
2015-04-01,KOR,CHN,0.4018,1,False
2015-05-01,KOR,CHN,0.5188,1,False
2015-06-01,KOR,CHN,0.4971,2,False
2015-07-01,KOR,CHN,0.3495,4,False
2015-08-01,KOR,CHN,0.3049,4,False
2015-09-01,KOR,CHN,0.3999,4,False
2015-10-01,KOR,CHN,0.3659,4,False
2015-11-01,KOR,CHN,0.4148,4,False
2015-12-01,KOR,CHN,0.2946,4,False
2016-01-01,KOR,CHN,0.2072,3,False
2016-02-01,KOR,CHN,0.1935,2,False
2016-03-01,KOR,CHN,0.2036,1,False
2016-04-01,KOR,CHN,0.195,2,False
2016-05-01,KOR,CHN,0.3451,2,False
2016-06-01,KOR,CHN,0.6416,3,False
2016-07-01,KOR,CHN,0.6075,2,False
2016-08-01,KOR,CHN,0.5877,2,False
2016-09-01,KOR,CHN,0.6344,2,False
2016-10-01,KOR,CHN,0.6749,2,False
2016-11-01,KOR,CHN,0.7407,1,False
2016-12-01,KOR,CHN,0.7144,1,False
2017-01-01,KOR,CHN,0.6098,1,False
2017-02-01,KOR,CHN,0.6571,2,False
2017-03-01,KOR,CHN,0.3835,1,False
2017-04-01,KOR,CHN,0.3759,1,False
2017-05-01,KOR,CHN,0.2811,1,False
2017-06-01,KOR,CHN,0.1885,1,False
2017-07-01,KOR,CHN,0.1493,1,False
2017-08-01,KOR,CHN,0.0833,1,False
2017-09-01,KOR,CHN,0.1068,1,False
2017-10-01,KOR,CHN,0.072,1,False
2017-11-01,KOR,CHN,0.0552,1,False
2017-12-01,KOR,CHN,0.0191,1,True
2018-01-01,KOR,CHN,0.0418,1,True
2018-02-01,KOR,CHN,0.0736,1,False
2018-03-01,KOR,CHN,0.0485,4,True
2018-04-01,KOR,CHN,0.0159,3,True
2018-05-01,KOR,CHN,0.0306,2,True
2018-06-01,KOR,CHN,0.003,1,True
2018-07-01,KOR,CHN,0.0157,1,True
2018-08-01,KOR,CHN,0.0169,1,True
2018-09-01,KOR,CHN,0.0395,1,True
2018-10-01,KOR,CHN,0.2423,1,False
2018-11-01,KOR,CHN,0.3414,1,False
2018-12-01,KOR,CHN,0.7865,4,False
2019-01-01,KOR,CHN,0.2848,1,False
2019-02-01,KOR,CHN,0.6517,2,False
2019-03-01,KOR,CHN,0.3722,2,False
2019-04-01,KOR,CHN,0.3824,2,False
2019-05-01,KOR,CHN,0.3141,1,False
2019-06-01,KOR,CHN,0.3194,1,False
2019-07-01,KOR,CHN,0.2254,1,False
2019-08-01,KOR,CHN,0.3181,1,False
2019-09-01,KOR,CHN,0.4243,1,False
2019-10-01,KOR,CHN,0.5783,1,False
2019-11-01,KOR,CHN,0.4778,1,False
2019-12-01,KOR,CHN,0.4865,2,False
2020-01-01,KOR,CHN,0.2346,2,False
2020-02-01,KOR,CHN,0.2402,4,False
2020-03-01,KOR,CHN,0.1413,4,False
2020-04-01,KOR,CHN,0.1264,4,False
2020-05-01,KOR,CHN,0.0898,4,False
2020-06-01,KOR,CHN,0.0952,4,False
2020-07-01,KOR,CHN,0.0494,2,True
2020-08-01,KOR,CHN,0.0185,2,True
2020-09-01,KOR,CHN,0.0679,2,False
2020-10-01,KOR,CHN,0.2299,3,False
2020-11-01,KOR,CHN,0.1045,4,False
2020-12-01,KOR,CHN,0.0766,4,False
2021-01-01,KOR,CHN,0.1387,3,False
2021-02-01,KOR,CHN,0.2356,4,False
2021-03-01,KOR,CHN,0.1194,3,False
2021-04-01,KOR,CHN,0.0592,2,False
2021-05-01,KOR,CHN,0.0536,2,False
2021-06-01,KOR,CHN,0.0844,3,False
2021-07-01,KOR,CHN,0.0931,3,False
2021-08-01,KOR,CHN,0.0729,3,False
2021-09-01,KOR,CHN,0.0734,3,False
2021-10-01,KOR,CHN,0.0967,3,False
2021-11-01,KOR,CHN,0.1095,2,False
2021-12-01,KOR,CHN,0.1145,2,False
2022-01-01,KOR,CHN,0.1162,4,False
2022-02-01,KOR,CHN,0.0894,3,False
2022-03-01,KOR,CHN,0.0987,3,False
2022-04-01,KOR,CHN,0.044,3,True
2022-05-01,KOR,CHN,0.1027,3,False
2022-06-01,KOR,CHN,0.1083,3,False
2022-07-01,KOR,CHN,0.0658,4,False
2022-08-01,KOR,CHN,0.0575,3,False
2022-09-01,KOR,CHN,0.0832,3,False
2022-10-01,KOR,CHN,0.2567,2,False
2022-11-01,KOR,CHN,0.3089,2,False
2022-12-01,KOR,CHN,0.438,2,False
2023-01-01,KOR,CHN,0.4628,2,False
2023-02-01,KOR,CHN,0.4518,2,False
2023-03-01,KOR,CHN,0.4375,2,False
2023-04-01,KOR,CHN,0.468,1,False
2023-05-01,KOR,CHN,0.3898,2,False
2023-06-01,KOR,CHN,0.3719,2,False
2023-07-01,KOR,CHN,0.3218,1,False
2023-08-01,KOR,CHN,0.6854,4,False
2023-09-01,KOR,CHN,0.7163,4,False
2023-10-01,KOR,CHN,0.5949,3,False
2023-11-01,KOR,CHN,0.5239,2,False
2023-12-01,KOR,CHN,0.2902,1,False
2024-01-01,KOR,CHN,0.2666,1,False
2024-02-01,KOR,CHN,0.2698,1,False
2024-03-01,KOR,CHN,0.3645,2,False
2024-04-01,KOR,CHN,0.3604,4,False
2024-05-01,KOR,CHN,0.476,4,False
2024-06-01,KOR,CHN,0.2499,4,False
2024-07-01,KOR,CHN,0.2627,3,False
2024-08-01,KOR,CHN,0.2297,4,False
2024-09-01,KOR,CHN,0.1392,1,False
2024-10-01,KOR,CHN,0.2121,1,False
2024-11-01,KOR,CHN,0.0782,1,False
2024-12-01,KOR,CHN,0.0489,1,True
2025-01-01,KOR,CHN,0.4579,1,False
2025-02-01,KOR,CHN,0.4094,4,False
2025-03-01,KOR,CHN,0.3983,4,False
2025-04-01,KOR,CHN,0.4305,4,False
2025-05-01,KOR,CHN,0.486,1,False
2025-06-01,KOR,CHN,0.4891,1,False
2025-07-01,KOR,CHN,0.4803,2,False
2025-08-01,KOR,CHN,0.2562,1,False
2025-09-01,KOR,CHN,0.322,1,False
2025-10-01,KOR,CHN,0.599,1,False
2025-11-01,KOR,CHN,0.9015,1,False
2025-12-01,KOR,CHN,0.5495,1,False
2026-01-01,KOR,CHN,0.432,1,False
2026-02-01,KOR,CHN,0.5499,1,False
2026-03-01,KOR,CHN,0.5607,1,False
2015-01-01,KOR,VNM,0.1338,3,False
2015-02-01,KOR,VNM,0.0613,4,False
2015-03-01,KOR,VNM,0.2254,3,False
2015-04-01,KOR,VNM,0.3291,3,False
2015-05-01,KOR,VNM,0.2326,3,False
2015-06-01,KOR,VNM,0.2649,3,False
2015-07-01,KOR,VNM,0.35,1,False
2015-08-01,KOR,VNM,0.3036,1,False
2015-09-01,KOR,VNM,0.3457,1,False
2015-10-01,KOR,VNM,0.5418,1,False
2015-11-01,KOR,VNM,0.5816,2,False
2015-12-01,KOR,VNM,0.2501,3,False
2016-01-01,KOR,VNM,0.1497,2,False
2016-02-01,KOR,VNM,0.1069,1,False
2016-03-01,KOR,VNM,0.0166,1,True
2016-04-01,KOR,VNM,0.0012,1,True
2016-05-01,KOR,VNM,0.0009,1,True
2016-06-01,KOR,VNM,0.0009,1,True
2016-07-01,KOR,VNM,0.0041,1,True
2016-08-01,KOR,VNM,0.0027,1,True
2016-09-01,KOR,VNM,0.0013,1,True
2016-10-01,KOR,VNM,0.0028,1,True
2016-11-01,KOR,VNM,0.0019,1,True
2016-12-01,KOR,VNM,0.0024,1,True
2017-01-01,KOR,VNM,0.0009,1,True
2017-02-01,KOR,VNM,0.0007,1,True
2017-03-01,KOR,VNM,0.0002,1,True
2017-04-01,KOR,VNM,0.0007,1,True
2017-05-01,KOR,VNM,0.0012,1,True
2017-06-01,KOR,VNM,0.0014,1,True
2017-07-01,KOR,VNM,0.0022,1,True
2017-08-01,KOR,VNM,0.0043,1,True
2017-09-01,KOR,VNM,0.003,1,True
2017-10-01,KOR,VNM,0.0009,1,True
2017-11-01,KOR,VNM,0.0005,1,True
2017-12-01,KOR,VNM,0.0,1,True
2018-01-01,KOR,VNM,0.0,1,True
2018-02-01,KOR,VNM,0.0001,1,True
2018-03-01,KOR,VNM,0.0001,1,True
2018-04-01,KOR,VNM,0.0028,1,True
2018-05-01,KOR,VNM,0.0061,1,True
2018-06-01,KOR,VNM,0.0039,1,True
2018-07-01,KOR,VNM,0.0047,1,True
2018-08-01,KOR,VNM,0.0063,1,True
2018-09-01,KOR,VNM,0.0292,1,True
2018-10-01,KOR,VNM,0.0482,1,True
2018-11-01,KOR,VNM,0.0475,1,True
2018-12-01,KOR,VNM,0.0539,1,False
2019-01-01,KOR,VNM,0.0707,1,False
2019-02-01,KOR,VNM,0.1264,1,False
2019-03-01,KOR,VNM,0.1018,1,False
2019-04-01,KOR,VNM,0.3883,4,False
2019-05-01,KOR,VNM,0.375,4,False
2019-06-01,KOR,VNM,0.2511,4,False
2019-07-01,KOR,VNM,0.3435,4,False
2019-08-01,KOR,VNM,0.4629,2,False
2019-09-01,KOR,VNM,0.299,1,False
2019-10-01,KOR,VNM,0.3807,1,False
2019-11-01,KOR,VNM,0.4181,1,False
2019-12-01,KOR,VNM,0.0955,1,False
2020-01-01,KOR,VNM,0.0735,1,False
2020-02-01,KOR,VNM,0.0467,1,True
2020-03-01,KOR,VNM,0.064,1,False
2020-04-01,KOR,VNM,0.1296,1,False
2020-05-01,KOR,VNM,0.1966,1,False
2020-06-01,KOR,VNM,0.0389,2,True
2020-07-01,KOR,VNM,0.0021,1,True
2020-08-01,KOR,VNM,0.0003,1,True
2020-09-01,KOR,VNM,0.0024,1,True
2020-10-01,KOR,VNM,0.0035,1,True
2020-11-01,KOR,VNM,0.0111,1,True
2020-12-01,KOR,VNM,0.0198,1,True
2021-01-01,KOR,VNM,0.031,1,True
2021-02-01,KOR,VNM,0.0622,1,False
2021-03-01,KOR,VNM,0.0351,1,True
2021-04-01,KOR,VNM,0.0594,1,False
2021-05-01,KOR,VNM,0.0163,1,True
2021-06-01,KOR,VNM,0.0198,1,True
2021-07-01,KOR,VNM,0.0816,1,False
2021-08-01,KOR,VNM,0.0302,1,True
2021-09-01,KOR,VNM,0.022,1,True
2021-10-01,KOR,VNM,0.1369,1,False
2021-11-01,KOR,VNM,0.2435,1,False
2021-12-01,KOR,VNM,0.39,4,False
2022-01-01,KOR,VNM,0.29,4,False
2022-02-01,KOR,VNM,0.3471,4,False
2022-03-01,KOR,VNM,0.2303,1,False
2022-04-01,KOR,VNM,0.1562,1,False
2022-05-01,KOR,VNM,0.1972,1,False
2022-06-01,KOR,VNM,0.0855,1,False
2022-07-01,KOR,VNM,0.1063,1,False
2022-08-01,KOR,VNM,0.0557,1,False
2022-09-01,KOR,VNM,0.0508,1,False
2022-10-01,KOR,VNM,0.0166,1,True
2022-11-01,KOR,VNM,0.0222,1,True
2022-12-01,KOR,VNM,0.0312,1,True
2023-01-01,KOR,VNM,0.0816,1,False
2023-02-01,KOR,VNM,0.0503,1,False
2023-03-01,KOR,VNM,0.0176,1,True
2023-04-01,KOR,VNM,0.0017,1,True
2023-05-01,KOR,VNM,0.0024,1,True
2023-06-01,KOR,VNM,0.0052,1,True
2023-07-01,KOR,VNM,0.0294,1,True
2023-08-01,KOR,VNM,0.022,1,True
2023-09-01,KOR,VNM,0.0047,1,True
2023-10-01,KOR,VNM,0.0142,1,True
2023-11-01,KOR,VNM,0.0108,1,True
2023-12-01,KOR,VNM,0.0234,1,True
2024-01-01,KOR,VNM,0.029,2,True
2024-02-01,KOR,VNM,0.0483,1,True
2024-03-01,KOR,VNM,0.0252,2,True
2024-04-01,KOR,VNM,0.0469,2,True
2024-05-01,KOR,VNM,0.0669,1,False
2024-06-01,KOR,VNM,0.106,2,False
2024-07-01,KOR,VNM,0.0918,1,False
2024-08-01,KOR,VNM,0.2809,1,False
2024-09-01,KOR,VNM,0.1615,2,False
2024-10-01,KOR,VNM,0.3502,2,False
2024-11-01,KOR,VNM,0.376,2,False
2024-12-01,KOR,VNM,0.2979,2,False
2025-01-01,KOR,VNM,0.3087,2,False
2025-02-01,KOR,VNM,0.3039,2,False
2025-03-01,KOR,VNM,0.1752,2,False
2025-04-01,KOR,VNM,0.3758,2,False
2025-05-01,KOR,VNM,0.2225,1,False
2025-06-01,KOR,VNM,0.282,3,False
2025-07-01,KOR,VNM,0.1262,3,False
2025-08-01,KOR,VNM,0.1277,3,False
2025-09-01,KOR,VNM,0.0554,1,False
2025-10-01,KOR,VNM,0.044,1,True
2025-11-01,KOR,VNM,0.061,1,False
2025-12-01,KOR,VNM,0.0924,1,False
2026-01-01,KOR,VNM,0.0953,1,False
2026-02-01,KOR,VNM,0.1578,1,False
2026-03-01,KOR,VNM,0.1412,1,False
2015-01-01,KOR,IDN,0.4628,1,False
2015-02-01,KOR,IDN,0.4679,1,False
2015-03-01,KOR,IDN,0.5518,1,False
2015-04-01,KOR,IDN,0.638,1,False
2015-05-01,KOR,IDN,0.6187,3,False
2015-06-01,KOR,IDN,0.3544,3,False
2015-07-01,KOR,IDN,0.1034,4,False
2015-08-01,KOR,IDN,0.083,4,False
2015-09-01,KOR,IDN,0.114,3,False
2015-10-01,KOR,IDN,0.1249,3,False
2015-11-01,KOR,IDN,0.0717,4,False
2015-12-01,KOR,IDN,0.0026,4,True
2016-01-01,KOR,IDN,0.0021,4,True
2016-02-01,KOR,IDN,0.1298,3,False
2016-03-01,KOR,IDN,0.142,4,False
2016-04-01,KOR,IDN,0.1497,4,False
2016-05-01,KOR,IDN,0.239,3,False
2016-06-01,KOR,IDN,0.1394,3,False
2016-07-01,KOR,IDN,0.1592,3,False
2016-08-01,KOR,IDN,0.1025,3,False
2016-09-01,KOR,IDN,0.1261,3,False
2016-10-01,KOR,IDN,0.0613,3,False
2016-11-01,KOR,IDN,0.0539,3,False
2016-12-01,KOR,IDN,0.0667,3,False
2017-01-01,KOR,IDN,0.0365,4,True
2017-02-01,KOR,IDN,0.0202,3,True
2017-03-01,KOR,IDN,0.0225,3,True
2017-04-01,KOR,IDN,0.0836,3,False
2017-05-01,KOR,IDN,0.0723,3,False
2017-06-01,KOR,IDN,0.0682,3,False
2017-07-01,KOR,IDN,0.0667,3,False
2017-08-01,KOR,IDN,0.0662,3,False
2017-09-01,KOR,IDN,0.0813,4,False
2017-10-01,KOR,IDN,0.0471,3,True
2017-11-01,KOR,IDN,0.024,3,True
2017-12-01,KOR,IDN,0.0524,3,False
2018-01-01,KOR,IDN,0.1692,3,False
2018-02-01,KOR,IDN,0.1396,3,False
2018-03-01,KOR,IDN,0.1798,3,False
2018-04-01,KOR,IDN,0.3343,3,False
2018-05-01,KOR,IDN,0.6877,3,False
2018-06-01,KOR,IDN,0.6347,1,False
2018-07-01,KOR,IDN,0.5213,1,False
2018-08-01,KOR,IDN,0.5688,3,False
2018-09-01,KOR,IDN,0.442,1,False
2018-10-01,KOR,IDN,0.2983,1,False
2018-11-01,KOR,IDN,0.4251,1,False
2018-12-01,KOR,IDN,0.3295,1,False
2019-01-01,KOR,IDN,0.6068,3,False
2019-02-01,KOR,IDN,0.535,2,False
2019-03-01,KOR,IDN,0.4879,3,False
2019-04-01,KOR,IDN,0.5121,1,False
2019-05-01,KOR,IDN,0.3575,1,False
2019-06-01,KOR,IDN,0.3143,1,False
2019-07-01,KOR,IDN,0.2402,1,False
2019-08-01,KOR,IDN,0.185,1,False
2019-09-01,KOR,IDN,0.3781,1,False
2019-10-01,KOR,IDN,0.2299,1,False
2019-11-01,KOR,IDN,0.1964,1,False
2019-12-01,KOR,IDN,0.1236,1,False
2020-01-01,KOR,IDN,0.0962,1,False
2020-02-01,KOR,IDN,0.095,1,False
2020-03-01,KOR,IDN,0.134,1,False
2020-04-01,KOR,IDN,0.104,1,False
2020-05-01,KOR,IDN,0.1154,1,False
2020-06-01,KOR,IDN,0.1041,1,False
2020-07-01,KOR,IDN,0.1586,1,False
2020-08-01,KOR,IDN,0.1795,1,False
2020-09-01,KOR,IDN,0.0717,1,False
2020-10-01,KOR,IDN,0.0622,3,False
2020-11-01,KOR,IDN,0.045,3,True
2020-12-01,KOR,IDN,0.034,1,True
2021-01-01,KOR,IDN,0.0264,1,True
2021-02-01,KOR,IDN,0.0348,1,True
2021-03-01,KOR,IDN,0.0424,3,True
2021-04-01,KOR,IDN,0.0366,3,True
2021-05-01,KOR,IDN,0.0305,3,True
2021-06-01,KOR,IDN,0.0145,3,True
2021-07-01,KOR,IDN,0.0713,1,False
2021-08-01,KOR,IDN,0.0998,1,False
2021-09-01,KOR,IDN,0.0728,1,False
2021-10-01,KOR,IDN,0.0823,4,False
2021-11-01,KOR,IDN,0.1548,3,False
2021-12-01,KOR,IDN,0.1491,3,False
2022-01-01,KOR,IDN,0.3439,3,False
2022-02-01,KOR,IDN,0.1274,1,False
2022-03-01,KOR,IDN,0.2467,1,False
2022-04-01,KOR,IDN,0.044,1,True
2022-05-01,KOR,IDN,0.0092,1,True
2022-06-01,KOR,IDN,0.0062,1,True
2022-07-01,KOR,IDN,0.0025,1,True
2022-08-01,KOR,IDN,0.0005,1,True
2022-09-01,KOR,IDN,0.0014,1,True
2022-10-01,KOR,IDN,0.0032,1,True
2022-11-01,KOR,IDN,0.0038,1,True
2022-12-01,KOR,IDN,0.0037,1,True
2023-01-01,KOR,IDN,0.0071,1,True
2023-02-01,KOR,IDN,0.0033,1,True
2023-03-01,KOR,IDN,0.0115,1,True
2023-04-01,KOR,IDN,0.0123,1,True
2023-05-01,KOR,IDN,0.0175,1,True
2023-06-01,KOR,IDN,0.0118,1,True
2023-07-01,KOR,IDN,0.0033,1,True
2023-08-01,KOR,IDN,0.0051,1,True
2023-09-01,KOR,IDN,0.0045,1,True
2023-10-01,KOR,IDN,0.007,1,True
2023-11-01,KOR,IDN,0.0352,1,True
2023-12-01,KOR,IDN,0.0407,1,True
2024-01-01,KOR,IDN,0.0736,1,False
2024-02-01,KOR,IDN,0.0645,1,False
2024-03-01,KOR,IDN,0.0569,1,False
2024-04-01,KOR,IDN,0.0429,1,True
2024-05-01,KOR,IDN,0.0319,1,True
2024-06-01,KOR,IDN,0.0568,1,False
2024-07-01,KOR,IDN,0.068,1,False
2024-08-01,KOR,IDN,0.0428,1,True
2024-09-01,KOR,IDN,0.0597,1,False
2024-10-01,KOR,IDN,0.1581,1,False
2024-11-01,KOR,IDN,0.1217,1,False
2024-12-01,KOR,IDN,0.2148,1,False
2025-01-01,KOR,IDN,0.1744,1,False
2025-02-01,KOR,IDN,0.1379,1,False
2025-03-01,KOR,IDN,0.1808,1,False
2025-04-01,KOR,IDN,0.1473,1,False
2025-05-01,KOR,IDN,0.1792,1,False
2025-06-01,KOR,IDN,0.2555,1,False
2025-07-01,KOR,IDN,0.2979,1,False
2025-08-01,KOR,IDN,0.2787,1,False
2025-09-01,KOR,IDN,0.1974,1,False
2025-10-01,KOR,IDN,0.1954,1,False
2025-11-01,KOR,IDN,0.1629,1,False
2025-12-01,KOR,IDN,0.0727,1,False
2026-01-01,KOR,IDN,0.169,4,False
2026-02-01,KOR,IDN,0.1534,1,False
2026-03-01,KOR,IDN,0.0973,1,False
2015-01-01,KOR,THA,0.0342,1,True
2015-02-01,KOR,THA,0.0207,1,True
2015-03-01,KOR,THA,0.0803,1,False
2015-04-01,KOR,THA,0.06,4,False
2015-05-01,KOR,THA,0.1077,3,False
2015-06-01,KOR,THA,0.1884,3,False
2015-07-01,KOR,THA,0.1557,2,False
2015-08-01,KOR,THA,0.2254,1,False
2015-09-01,KOR,THA,0.133,1,False
2015-10-01,KOR,THA,0.2124,1,False
2015-11-01,KOR,THA,0.1615,1,False
2015-12-01,KOR,THA,0.069,1,False
2016-01-01,KOR,THA,0.0881,1,False
2016-02-01,KOR,THA,0.2179,1,False
2016-03-01,KOR,THA,0.1319,1,False
2016-04-01,KOR,THA,0.0992,1,False
2016-05-01,KOR,THA,0.0954,1,False
2016-06-01,KOR,THA,0.0719,1,False
2016-07-01,KOR,THA,0.2888,1,False
2016-08-01,KOR,THA,0.4588,1,False
2016-09-01,KOR,THA,0.3357,1,False
2016-10-01,KOR,THA,0.3062,1,False
2016-11-01,KOR,THA,0.3056,1,False
2016-12-01,KOR,THA,0.3288,1,False
2017-01-01,KOR,THA,0.4376,1,False
2017-02-01,KOR,THA,0.4021,1,False
2017-03-01,KOR,THA,0.23,1,False
2017-04-01,KOR,THA,0.2602,1,False
2017-05-01,KOR,THA,0.1576,1,False
2017-06-01,KOR,THA,0.1743,1,False
2017-07-01,KOR,THA,0.1363,1,False
2017-08-01,KOR,THA,0.0946,1,False
2017-09-01,KOR,THA,0.1274,1,False
2017-10-01,KOR,THA,0.0681,1,False
2017-11-01,KOR,THA,0.1063,1,False
2017-12-01,KOR,THA,0.0418,1,True
2018-01-01,KOR,THA,0.0396,1,True
2018-02-01,KOR,THA,0.024,1,True
2018-03-01,KOR,THA,0.0193,1,True
2018-04-01,KOR,THA,0.0303,1,True
2018-05-01,KOR,THA,0.0864,1,False
2018-06-01,KOR,THA,0.1776,1,False
2018-07-01,KOR,THA,0.2305,2,False
2018-08-01,KOR,THA,0.4338,1,False
2018-09-01,KOR,THA,0.6115,2,False
2018-10-01,KOR,THA,0.5004,2,False
2018-11-01,KOR,THA,0.2936,1,False
2018-12-01,KOR,THA,0.6939,1,False
2019-01-01,KOR,THA,0.575,1,False
2019-02-01,KOR,THA,0.7893,1,False
2019-03-01,KOR,THA,0.5756,3,False
2019-04-01,KOR,THA,0.5375,2,False
2019-05-01,KOR,THA,0.3906,4,False
2019-06-01,KOR,THA,0.4997,4,False
2019-07-01,KOR,THA,0.5067,4,False
2019-08-01,KOR,THA,0.2689,4,False
2019-09-01,KOR,THA,0.3859,4,False
2019-10-01,KOR,THA,0.4769,4,False
2019-11-01,KOR,THA,0.464,4,False
2019-12-01,KOR,THA,0.3191,4,False
2020-01-01,KOR,THA,0.33,4,False
2020-02-01,KOR,THA,0.5723,4,False
2020-03-01,KOR,THA,0.3538,2,False
2020-04-01,KOR,THA,0.3386,2,False
2020-05-01,KOR,THA,0.167,1,False
2020-06-01,KOR,THA,0.1395,1,False
2020-07-01,KOR,THA,0.1218,4,False
2020-08-01,KOR,THA,0.0482,4,True
2020-09-01,KOR,THA,0.0246,4,True
2020-10-01,KOR,THA,0.0359,4,True
2020-11-01,KOR,THA,0.0303,4,True
2020-12-01,KOR,THA,0.134,4,False
2021-01-01,KOR,THA,0.0723,2,False
2021-02-01,KOR,THA,0.0842,2,False
2021-03-01,KOR,THA,0.0704,4,False
2021-04-01,KOR,THA,0.1336,2,False
2021-05-01,KOR,THA,0.0588,2,False
2021-06-01,KOR,THA,0.0785,4,False
2021-07-01,KOR,THA,0.11,4,False
2021-08-01,KOR,THA,0.119,2,False
2021-09-01,KOR,THA,0.1075,2,False
2021-10-01,KOR,THA,0.0691,2,False
2021-11-01,KOR,THA,0.0255,2,True
2021-12-01,KOR,THA,0.0275,1,True
2022-01-01,KOR,THA,0.0586,1,False
2022-02-01,KOR,THA,0.0188,1,True
2022-03-01,KOR,THA,0.0057,1,True
2022-04-01,KOR,THA,0.0072,1,True
2022-05-01,KOR,THA,0.0057,1,True
2022-06-01,KOR,THA,0.006,1,True
2022-07-01,KOR,THA,0.006,1,True
2022-08-01,KOR,THA,0.0045,1,True
2022-09-01,KOR,THA,0.0039,1,True
2022-10-01,KOR,THA,0.0042,1,True
2022-11-01,KOR,THA,0.0028,1,True
2022-12-01,KOR,THA,0.0034,1,True
2023-01-01,KOR,THA,0.0056,1,True
2023-02-01,KOR,THA,0.0097,1,True
2023-03-01,KOR,THA,0.0331,1,True
2023-04-01,KOR,THA,0.0413,3,True
2023-05-01,KOR,THA,0.0395,4,True
2023-06-01,KOR,THA,0.0352,3,True
2023-07-01,KOR,THA,0.0577,3,False
2023-08-01,KOR,THA,0.054,3,False
2023-09-01,KOR,THA,0.0685,3,False
2023-10-01,KOR,THA,0.024,4,True
2023-11-01,KOR,THA,0.0354,3,True
2023-12-01,KOR,THA,0.0212,2,True
2024-01-01,KOR,THA,0.0694,3,False
2024-02-01,KOR,THA,0.0259,4,True
2024-03-01,KOR,THA,0.0649,4,False
2024-04-01,KOR,THA,0.0202,4,True
2024-05-01,KOR,THA,0.0102,4,True
2024-06-01,KOR,THA,0.0042,4,True
2024-07-01,KOR,THA,0.0681,4,False
2024-08-01,KOR,THA,0.0812,1,False
2024-09-01,KOR,THA,0.0811,1,False
2024-10-01,KOR,THA,0.0978,1,False
2024-11-01,KOR,THA,0.0472,1,True
2024-12-01,KOR,THA,0.0213,1,True
2025-01-01,KOR,THA,0.0718,1,False
2025-02-01,KOR,THA,0.0611,1,False
2025-03-01,KOR,THA,0.147,1,False
2025-04-01,KOR,THA,0.4015,1,False
2025-05-01,KOR,THA,0.3117,1,False
2025-06-01,KOR,THA,0.3982,1,False
2025-07-01,KOR,THA,0.434,1,False
2025-08-01,KOR,THA,0.322,1,False
2025-09-01,KOR,THA,0.3575,1,False
2025-10-01,KOR,THA,0.4318,1,False
2025-11-01,KOR,THA,0.4783,1,False
2025-12-01,KOR,THA,0.7457,1,False
2026-01-01,KOR,THA,0.8961,3,False
2026-02-01,KOR,THA,0.9014,1,False
2026-03-01,KOR,THA,0.879,1,False
2015-01-01,KOR,BRA,0.3869,1,False
2015-02-01,KOR,BRA,0.3643,1,False
2015-03-01,KOR,BRA,0.7203,1,False
2015-04-01,KOR,BRA,0.7368,1,False
2015-05-01,KOR,BRA,0.6934,1,False
2015-06-01,KOR,BRA,0.6581,1,False
2015-07-01,KOR,BRA,0.8195,1,False
2015-08-01,KOR,BRA,0.8345,4,False
2015-09-01,KOR,BRA,0.2653,4,False
2015-10-01,KOR,BRA,0.2764,3,False
2015-11-01,KOR,BRA,0.3009,2,False
2015-12-01,KOR,BRA,0.2793,1,False
2016-01-01,KOR,BRA,0.5423,1,False
2016-02-01,KOR,BRA,0.1249,4,False
2016-03-01,KOR,BRA,0.2989,3,False
2016-04-01,KOR,BRA,0.3135,4,False
2016-05-01,KOR,BRA,0.4278,1,False
2016-06-01,KOR,BRA,0.2628,4,False
2016-07-01,KOR,BRA,0.6614,3,False
2016-08-01,KOR,BRA,0.4623,3,False
2016-09-01,KOR,BRA,0.5522,3,False
2016-10-01,KOR,BRA,0.5764,3,False
2016-11-01,KOR,BRA,0.6192,3,False
2016-12-01,KOR,BRA,0.1704,3,False
2017-01-01,KOR,BRA,0.4969,3,False
2017-02-01,KOR,BRA,0.303,4,False
2017-03-01,KOR,BRA,0.2186,1,False
2017-04-01,KOR,BRA,0.1398,2,False
2017-05-01,KOR,BRA,0.0713,1,False
2017-06-01,KOR,BRA,0.0334,1,True
2017-07-01,KOR,BRA,0.0307,1,True
2017-08-01,KOR,BRA,0.0531,1,False
2017-09-01,KOR,BRA,0.0789,1,False
2017-10-01,KOR,BRA,0.0613,1,False
2017-11-01,KOR,BRA,0.0672,1,False
2017-12-01,KOR,BRA,0.0673,1,False
2018-01-01,KOR,BRA,0.0643,1,False
2018-02-01,KOR,BRA,0.0794,1,False
2018-03-01,KOR,BRA,0.0876,1,False
2018-04-01,KOR,BRA,0.1582,2,False
2018-05-01,KOR,BRA,0.095,1,False
2018-06-01,KOR,BRA,0.1623,1,False
2018-07-01,KOR,BRA,0.2426,1,False
2018-08-01,KOR,BRA,0.2639,1,False
2018-09-01,KOR,BRA,0.3839,1,False
2018-10-01,KOR,BRA,0.4134,1,False
2018-11-01,KOR,BRA,0.5198,1,False
2018-12-01,KOR,BRA,0.5224,2,False
2019-01-01,KOR,BRA,0.499,2,False
2019-02-01,KOR,BRA,0.4727,2,False
2019-03-01,KOR,BRA,0.6433,2,False
2019-04-01,KOR,BRA,0.7304,4,False
2019-05-01,KOR,BRA,0.8047,4,False
2019-06-01,KOR,BRA,0.8287,3,False
2019-07-01,KOR,BRA,0.83,1,False
2019-08-01,KOR,BRA,0.6888,3,False
2019-09-01,KOR,BRA,0.4375,1,False
2019-10-01,KOR,BRA,0.664,1,False
2019-11-01,KOR,BRA,0.596,1,False
2019-12-01,KOR,BRA,0.8991,2,False
2020-01-01,KOR,BRA,0.5552,1,False
2020-02-01,KOR,BRA,0.3827,1,False
2020-03-01,KOR,BRA,0.5011,1,False
2020-04-01,KOR,BRA,0.4153,1,False
2020-05-01,KOR,BRA,0.6903,1,False
2020-06-01,KOR,BRA,0.6585,4,False
2020-07-01,KOR,BRA,0.4126,1,False
2020-08-01,KOR,BRA,0.2664,1,False
2020-09-01,KOR,BRA,0.2881,1,False
2020-10-01,KOR,BRA,0.2456,1,False
2020-11-01,KOR,BRA,0.3035,1,False
2020-12-01,KOR,BRA,0.2623,1,False
2021-01-01,KOR,BRA,0.2083,1,False
2021-02-01,KOR,BRA,0.5005,1,False
2021-03-01,KOR,BRA,0.5171,3,False
2021-04-01,KOR,BRA,0.3699,3,False
2021-05-01,KOR,BRA,0.4304,3,False
2021-06-01,KOR,BRA,0.3226,2,False
2021-07-01,KOR,BRA,0.491,2,False
2021-08-01,KOR,BRA,0.4914,2,False
2021-09-01,KOR,BRA,0.5323,2,False
2021-10-01,KOR,BRA,0.5616,2,False
2021-11-01,KOR,BRA,0.3734,4,False
2021-12-01,KOR,BRA,0.3068,3,False
2022-01-01,KOR,BRA,0.313,2,False
2022-02-01,KOR,BRA,0.3578,2,False
2022-03-01,KOR,BRA,0.4395,3,False
2022-04-01,KOR,BRA,0.4281,2,False
2022-05-01,KOR,BRA,0.4334,1,False
2022-06-01,KOR,BRA,0.5237,2,False
2022-07-01,KOR,BRA,0.5391,2,False
2022-08-01,KOR,BRA,0.5872,1,False
2022-09-01,KOR,BRA,0.5964,1,False
2022-10-01,KOR,BRA,0.6906,3,False
2022-11-01,KOR,BRA,0.5351,3,False
2022-12-01,KOR,BRA,0.5498,3,False
2023-01-01,KOR,BRA,0.467,3,False
2023-02-01,KOR,BRA,0.3961,3,False
2023-03-01,KOR,BRA,0.4038,3,False
2023-04-01,KOR,BRA,0.445,1,False
2023-05-01,KOR,BRA,0.2602,1,False
2023-06-01,KOR,BRA,0.106,1,False
2023-07-01,KOR,BRA,0.0531,1,False
2023-08-01,KOR,BRA,0.0128,1,True
2023-09-01,KOR,BRA,0.0032,1,True
2023-10-01,KOR,BRA,0.0062,1,True
2023-11-01,KOR,BRA,0.0022,1,True
2023-12-01,KOR,BRA,0.0006,1,True
2024-01-01,KOR,BRA,0.0004,1,True
2024-02-01,KOR,BRA,0.0003,1,True
2024-03-01,KOR,BRA,0.0006,1,True
2024-04-01,KOR,BRA,0.0006,1,True
2024-05-01,KOR,BRA,0.0008,1,True
2024-06-01,KOR,BRA,0.0059,1,True
2024-07-01,KOR,BRA,0.0034,1,True
2024-08-01,KOR,BRA,0.0061,1,True
2024-09-01,KOR,BRA,0.0244,1,True
2024-10-01,KOR,BRA,0.043,1,True
2024-11-01,KOR,BRA,0.035,1,True
2024-12-01,KOR,BRA,0.0316,3,True
2025-01-01,KOR,BRA,0.0485,3,True
2025-02-01,KOR,BRA,0.0783,1,False
2025-03-01,KOR,BRA,0.1027,3,False
2025-04-01,KOR,BRA,0.1527,3,False
2025-05-01,KOR,BRA,0.188,3,False
2025-06-01,KOR,BRA,0.2847,3,False
2025-07-01,KOR,BRA,0.4096,3,False
2025-08-01,KOR,BRA,0.6555,1,False
2025-09-01,KOR,BRA,0.6132,4,False
2025-10-01,KOR,BRA,0.8007,4,False
2025-11-01,KOR,BRA,0.6642,2,False
2025-12-01,KOR,BRA,0.512,1,False
2026-01-01,KOR,BRA,0.4041,1,False
2026-02-01,KOR,BRA,0.3497,1,False
2026-03-01,KOR,BRA,0.2983,1,False
2015-01-01,KOR,ZAF,0.0099,1,True
2015-02-01,KOR,ZAF,0.0076,1,True
2015-03-01,KOR,ZAF,0.0252,1,True
2015-04-01,KOR,ZAF,0.0533,1,False
2015-05-01,KOR,ZAF,0.0864,1,False
2015-06-01,KOR,ZAF,0.0197,1,True
2015-07-01,KOR,ZAF,0.0112,1,True
2015-08-01,KOR,ZAF,0.0113,1,True
2015-09-01,KOR,ZAF,0.0348,1,True
2015-10-01,KOR,ZAF,0.2401,3,False
2015-11-01,KOR,ZAF,0.4138,3,False
2015-12-01,KOR,ZAF,0.3712,3,False
2016-01-01,KOR,ZAF,0.1305,3,False
2016-02-01,KOR,ZAF,0.2266,4,False
2016-03-01,KOR,ZAF,0.172,3,False
2016-04-01,KOR,ZAF,0.2083,3,False
2016-05-01,KOR,ZAF,0.2003,4,False
2016-06-01,KOR,ZAF,0.2035,4,False
2016-07-01,KOR,ZAF,0.2065,3,False
2016-08-01,KOR,ZAF,0.1994,3,False
2016-09-01,KOR,ZAF,0.2167,3,False
2016-10-01,KOR,ZAF,0.1898,3,False
2016-11-01,KOR,ZAF,0.1114,3,False
2016-12-01,KOR,ZAF,0.1756,4,False
2017-01-01,KOR,ZAF,0.4464,3,False
2017-02-01,KOR,ZAF,0.5599,3,False
2017-03-01,KOR,ZAF,0.4735,3,False
2017-04-01,KOR,ZAF,0.3727,3,False
2017-05-01,KOR,ZAF,0.3164,4,False
2017-06-01,KOR,ZAF,0.3072,4,False
2017-07-01,KOR,ZAF,0.4003,1,False
2017-08-01,KOR,ZAF,0.43,1,False
2017-09-01,KOR,ZAF,0.3557,4,False
2017-10-01,KOR,ZAF,0.3684,4,False
2017-11-01,KOR,ZAF,0.3404,4,False
2017-12-01,KOR,ZAF,0.3353,3,False
2018-01-01,KOR,ZAF,0.3553,3,False
2018-02-01,KOR,ZAF,0.4231,3,False
2018-03-01,KOR,ZAF,0.257,3,False
2018-04-01,KOR,ZAF,0.1572,4,False
2018-05-01,KOR,ZAF,0.0709,1,False
2018-06-01,KOR,ZAF,0.0268,1,True
2018-07-01,KOR,ZAF,0.026,1,True
2018-08-01,KOR,ZAF,0.0616,1,False
2018-09-01,KOR,ZAF,0.4877,1,False
2018-10-01,KOR,ZAF,0.7749,4,False
2018-11-01,KOR,ZAF,0.6698,3,False
2018-12-01,KOR,ZAF,0.6029,3,False
2019-01-01,KOR,ZAF,0.4789,1,False
2019-02-01,KOR,ZAF,0.3376,1,False
2019-03-01,KOR,ZAF,0.4011,1,False
2019-04-01,KOR,ZAF,0.4465,1,False
2019-05-01,KOR,ZAF,0.547,1,False
2019-06-01,KOR,ZAF,0.4915,3,False
2019-07-01,KOR,ZAF,0.5902,3,False
2019-08-01,KOR,ZAF,0.6408,3,False
2019-09-01,KOR,ZAF,0.7142,3,False
2019-10-01,KOR,ZAF,0.6235,2,False
2019-11-01,KOR,ZAF,0.2248,1,False
2019-12-01,KOR,ZAF,0.1529,1,False
2020-01-01,KOR,ZAF,0.1698,1,False
2020-02-01,KOR,ZAF,0.127,1,False
2020-03-01,KOR,ZAF,0.333,1,False
2020-04-01,KOR,ZAF,0.2747,3,False
2020-05-01,KOR,ZAF,0.2471,3,False
2020-06-01,KOR,ZAF,0.1353,3,False
2020-07-01,KOR,ZAF,0.211,3,False
2020-08-01,KOR,ZAF,0.2431,4,False
2020-09-01,KOR,ZAF,0.6109,3,False
2020-10-01,KOR,ZAF,0.6269,3,False
2020-11-01,KOR,ZAF,0.4112,3,False
2020-12-01,KOR,ZAF,0.4208,3,False
2021-01-01,KOR,ZAF,0.4216,3,False
2021-02-01,KOR,ZAF,0.3273,3,False
2021-03-01,KOR,ZAF,0.2989,3,False
2021-04-01,KOR,ZAF,0.2052,3,False
2021-05-01,KOR,ZAF,0.0911,1,False
2021-06-01,KOR,ZAF,0.109,1,False
2021-07-01,KOR,ZAF,0.0712,1,False
2021-08-01,KOR,ZAF,0.0572,1,False
2021-09-01,KOR,ZAF,0.047,1,True
2021-10-01,KOR,ZAF,0.071,1,False
2021-11-01,KOR,ZAF,0.0793,1,False
2021-12-01,KOR,ZAF,0.0372,1,True
2022-01-01,KOR,ZAF,0.0133,1,True
2022-02-01,KOR,ZAF,0.0038,1,True
2022-03-01,KOR,ZAF,0.0014,1,True
2022-04-01,KOR,ZAF,0.0008,1,True
2022-05-01,KOR,ZAF,0.0044,1,True
2022-06-01,KOR,ZAF,0.0037,1,True
2022-07-01,KOR,ZAF,0.0015,1,True
2022-08-01,KOR,ZAF,0.0028,1,True
2022-09-01,KOR,ZAF,0.0044,1,True
2022-10-01,KOR,ZAF,0.0219,1,True
2022-11-01,KOR,ZAF,0.0423,1,True
2022-12-01,KOR,ZAF,0.0423,1,True
2023-01-01,KOR,ZAF,0.0805,1,False
2023-02-01,KOR,ZAF,0.1708,1,False
2023-03-01,KOR,ZAF,0.2879,2,False
2023-04-01,KOR,ZAF,0.2295,2,False
2023-05-01,KOR,ZAF,0.2196,3,False
2023-06-01,KOR,ZAF,0.2087,3,False
2023-07-01,KOR,ZAF,0.2132,3,False
2023-08-01,KOR,ZAF,0.2038,4,False
2023-09-01,KOR,ZAF,0.2663,4,False
2023-10-01,KOR,ZAF,0.4076,3,False
2023-11-01,KOR,ZAF,0.321,3,False
2023-12-01,KOR,ZAF,0.269,2,False
2024-01-01,KOR,ZAF,0.2404,4,False
2024-02-01,KOR,ZAF,0.2831,4,False
2024-03-01,KOR,ZAF,0.2364,4,False
2024-04-01,KOR,ZAF,0.1942,4,False
2024-05-01,KOR,ZAF,0.1735,4,False
2024-06-01,KOR,ZAF,0.4158,1,False
2024-07-01,KOR,ZAF,0.3814,1,False
2024-08-01,KOR,ZAF,0.4335,1,False
2024-09-01,KOR,ZAF,0.3662,1,False
2024-10-01,KOR,ZAF,0.3195,1,False
2024-11-01,KOR,ZAF,0.3215,1,False
2024-12-01,KOR,ZAF,0.404,1,False
2025-01-01,KOR,ZAF,0.396,1,False
2025-02-01,KOR,ZAF,0.7555,1,False
2025-03-01,KOR,ZAF,0.6082,4,False
2025-04-01,KOR,ZAF,0.5878,2,False
2025-05-01,KOR,ZAF,0.3909,2,False
2025-06-01,KOR,ZAF,0.3592,2,False
2025-07-01,KOR,ZAF,0.4483,2,False
2025-08-01,KOR,ZAF,0.1701,4,False
2025-09-01,KOR,ZAF,0.1311,4,False
2025-10-01,KOR,ZAF,0.1379,4,False
2025-11-01,KOR,ZAF,0.2931,4,False
2025-12-01,KOR,ZAF,0.3602,1,False
2026-01-01,KOR,ZAF,0.3423,4,False
2026-02-01,KOR,ZAF,0.3475,4,False
2026-03-01,KOR,ZAF,0.4617,3,False
2015-01-01,KOR,MEX,0.0195,1,True
2015-02-01,KOR,MEX,0.0378,1,True
2015-03-01,KOR,MEX,0.0367,1,True
2015-04-01,KOR,MEX,0.0195,1,True
2015-05-01,KOR,MEX,0.0208,1,True
2015-06-01,KOR,MEX,0.0149,1,True
2015-07-01,KOR,MEX,0.0117,1,True
2015-08-01,KOR,MEX,0.0147,1,True
2015-09-01,KOR,MEX,0.0304,1,True
2015-10-01,KOR,MEX,0.055,1,False
2015-11-01,KOR,MEX,0.0218,1,True
2015-12-01,KOR,MEX,0.0323,1,True
2016-01-01,KOR,MEX,0.0513,1,False
2016-02-01,KOR,MEX,0.0291,1,True
2016-03-01,KOR,MEX,0.0417,1,True
2016-04-01,KOR,MEX,0.1054,1,False
2016-05-01,KOR,MEX,0.2728,3,False
2016-06-01,KOR,MEX,0.3638,3,False
2016-07-01,KOR,MEX,0.4167,3,False
2016-08-01,KOR,MEX,0.2462,1,False
2016-09-01,KOR,MEX,0.2732,1,False
2016-10-01,KOR,MEX,0.3207,1,False
2016-11-01,KOR,MEX,0.2179,1,False
2016-12-01,KOR,MEX,0.3828,1,False
2017-01-01,KOR,MEX,0.5019,1,False
2017-02-01,KOR,MEX,0.4309,1,False
2017-03-01,KOR,MEX,0.2084,1,False
2017-04-01,KOR,MEX,0.181,1,False
2017-05-01,KOR,MEX,0.1891,1,False
2017-06-01,KOR,MEX,0.0813,1,False
2017-07-01,KOR,MEX,0.0622,1,False
2017-08-01,KOR,MEX,0.033,1,True
2017-09-01,KOR,MEX,0.0257,1,True
2017-10-01,KOR,MEX,0.0234,1,True
2017-11-01,KOR,MEX,0.0117,1,True
2017-12-01,KOR,MEX,0.0088,1,True
2018-01-01,KOR,MEX,0.0069,1,True
2018-02-01,KOR,MEX,0.0263,1,True
2018-03-01,KOR,MEX,0.0467,1,True
2018-04-01,KOR,MEX,0.0399,1,True
2018-05-01,KOR,MEX,0.0631,1,False
2018-06-01,KOR,MEX,0.0368,1,True
2018-07-01,KOR,MEX,0.0466,1,True
2018-08-01,KOR,MEX,0.0632,1,False
2018-09-01,KOR,MEX,0.011,1,True
2018-10-01,KOR,MEX,0.0221,1,True
2018-11-01,KOR,MEX,0.0292,1,True
2018-12-01,KOR,MEX,0.0906,1,False
2019-01-01,KOR,MEX,0.1672,1,False
2019-02-01,KOR,MEX,0.161,1,False
2019-03-01,KOR,MEX,0.1906,1,False
2019-04-01,KOR,MEX,0.1287,1,False
2019-05-01,KOR,MEX,0.1856,3,False
2019-06-01,KOR,MEX,0.1241,1,False
2019-07-01,KOR,MEX,0.0936,1,False
2019-08-01,KOR,MEX,0.0718,1,False
2019-09-01,KOR,MEX,0.0427,1,True
2019-10-01,KOR,MEX,0.0255,4,True
2019-11-01,KOR,MEX,0.0327,2,True
2019-12-01,KOR,MEX,0.0063,1,True
2020-01-01,KOR,MEX,0.003,1,True
2020-02-01,KOR,MEX,0.0629,1,False
2020-03-01,KOR,MEX,0.118,2,False
2020-04-01,KOR,MEX,0.0325,1,True
2020-05-01,KOR,MEX,0.0829,1,False
2020-06-01,KOR,MEX,0.1679,1,False
2020-07-01,KOR,MEX,0.2092,1,False
2020-08-01,KOR,MEX,0.2539,1,False
2020-09-01,KOR,MEX,0.2366,1,False
2020-10-01,KOR,MEX,0.4799,1,False
2020-11-01,KOR,MEX,0.7618,1,False
2020-12-01,KOR,MEX,0.7707,4,False
2021-01-01,KOR,MEX,0.7059,3,False
2021-02-01,KOR,MEX,0.6838,4,False
2021-03-01,KOR,MEX,0.8191,3,False
2021-04-01,KOR,MEX,0.813,3,False
2021-05-01,KOR,MEX,0.6001,1,False
2021-06-01,KOR,MEX,0.3478,1,False
2021-07-01,KOR,MEX,0.3362,1,False
2021-08-01,KOR,MEX,0.4034,2,False
2021-09-01,KOR,MEX,0.3591,1,False
2021-10-01,KOR,MEX,0.3508,2,False
2021-11-01,KOR,MEX,0.3449,2,False
2021-12-01,KOR,MEX,0.314,1,False
2022-01-01,KOR,MEX,0.2445,1,False
2022-02-01,KOR,MEX,0.3648,1,False
2022-03-01,KOR,MEX,0.1748,4,False
2022-04-01,KOR,MEX,0.1398,4,False
2022-05-01,KOR,MEX,0.127,4,False
2022-06-01,KOR,MEX,0.2586,4,False
2022-07-01,KOR,MEX,0.3244,2,False
2022-08-01,KOR,MEX,0.1993,2,False
2022-09-01,KOR,MEX,0.1885,1,False
2022-10-01,KOR,MEX,0.1092,4,False
2022-11-01,KOR,MEX,0.0933,4,False
2022-12-01,KOR,MEX,0.1584,4,False
2023-01-01,KOR,MEX,0.1649,4,False
2023-02-01,KOR,MEX,0.1626,4,False
2023-03-01,KOR,MEX,0.1765,4,False
2023-04-01,KOR,MEX,0.102,4,False
2023-05-01,KOR,MEX,0.0488,4,True
2023-06-01,KOR,MEX,0.0516,4,False
2023-07-01,KOR,MEX,0.0044,4,True
2023-08-01,KOR,MEX,0.0008,4,True
2023-09-01,KOR,MEX,0.0009,4,True
2023-10-01,KOR,MEX,0.0032,4,True
2023-11-01,KOR,MEX,0.0044,4,True
2023-12-01,KOR,MEX,0.0022,4,True
2024-01-01,KOR,MEX,0.001,4,True
2024-02-01,KOR,MEX,0.0065,4,True
2024-03-01,KOR,MEX,0.0046,4,True
2024-04-01,KOR,MEX,0.004,4,True
2024-05-01,KOR,MEX,0.0023,4,True
2024-06-01,KOR,MEX,0.0009,4,True
2024-07-01,KOR,MEX,0.0007,4,True
2024-08-01,KOR,MEX,0.0005,4,True
2024-09-01,KOR,MEX,0.008,4,True
2024-10-01,KOR,MEX,0.0072,1,True
2024-11-01,KOR,MEX,0.0034,1,True
2024-12-01,KOR,MEX,0.0188,1,True
2025-01-01,KOR,MEX,0.0679,4,False
2025-02-01,KOR,MEX,0.1221,4,False
2025-03-01,KOR,MEX,0.3682,3,False
2025-04-01,KOR,MEX,0.4314,3,False
2025-05-01,KOR,MEX,0.5455,3,False
2025-06-01,KOR,MEX,0.5575,3,False
2025-07-01,KOR,MEX,0.5959,1,False
2025-08-01,KOR,MEX,0.3217,1,False
2025-09-01,KOR,MEX,0.3052,1,False
2025-10-01,KOR,MEX,0.2344,1,False
2025-11-01,KOR,MEX,0.2914,1,False
2025-12-01,KOR,MEX,0.1457,1,False
2026-01-01,KOR,MEX,0.15,1,False
2026-02-01,KOR,MEX,0.1764,1,False
2026-03-01,KOR,MEX,0.1807,1,False
2015-01-01,KOR,SGP,0.2233,1,False
2015-02-01,KOR,SGP,0.2037,1,False
2015-03-01,KOR,SGP,0.1281,4,False
2015-04-01,KOR,SGP,0.1212,4,False
2015-05-01,KOR,SGP,0.127,4,False
2015-06-01,KOR,SGP,0.2029,4,False
2015-07-01,KOR,SGP,0.2687,4,False
2015-08-01,KOR,SGP,0.2669,4,False
2015-09-01,KOR,SGP,0.3878,1,False
2015-10-01,KOR,SGP,0.329,4,False
2015-11-01,KOR,SGP,0.2809,4,False
2015-12-01,KOR,SGP,0.2114,3,False
2016-01-01,KOR,SGP,0.1196,3,False
2016-02-01,KOR,SGP,0.1112,2,False
2016-03-01,KOR,SGP,0.1015,2,False
2016-04-01,KOR,SGP,0.1637,1,False
2016-05-01,KOR,SGP,0.1539,1,False
2016-06-01,KOR,SGP,0.2292,2,False
2016-07-01,KOR,SGP,0.4283,2,False
2016-08-01,KOR,SGP,0.5936,1,False
2016-09-01,KOR,SGP,0.4637,1,False
2016-10-01,KOR,SGP,0.6823,1,False
2016-11-01,KOR,SGP,0.6361,2,False
2016-12-01,KOR,SGP,0.5117,1,False
2017-01-01,KOR,SGP,0.4927,2,False
2017-02-01,KOR,SGP,0.7015,1,False
2017-03-01,KOR,SGP,0.4382,1,False
2017-04-01,KOR,SGP,0.4498,1,False
2017-05-01,KOR,SGP,0.3631,2,False
2017-06-01,KOR,SGP,0.3814,2,False
2017-07-01,KOR,SGP,0.5724,2,False
2017-08-01,KOR,SGP,0.5409,2,False
2017-09-01,KOR,SGP,0.4896,1,False
2017-10-01,KOR,SGP,0.4758,3,False
2017-11-01,KOR,SGP,0.4865,2,False
2017-12-01,KOR,SGP,0.2315,2,False
2018-01-01,KOR,SGP,0.1328,1,False
2018-02-01,KOR,SGP,0.2818,1,False
2018-03-01,KOR,SGP,0.3325,1,False
2018-04-01,KOR,SGP,0.3602,1,False
2018-05-01,KOR,SGP,0.5635,1,False
2018-06-01,KOR,SGP,0.6935,4,False
2018-07-01,KOR,SGP,0.6618,4,False
2018-08-01,KOR,SGP,0.6353,4,False
2018-09-01,KOR,SGP,0.5459,3,False
2018-10-01,KOR,SGP,0.6125,4,False
2018-11-01,KOR,SGP,0.4838,1,False
2018-12-01,KOR,SGP,0.56,4,False
2019-01-01,KOR,SGP,0.4611,4,False
2019-02-01,KOR,SGP,0.3915,3,False
2019-03-01,KOR,SGP,0.701,3,False
2019-04-01,KOR,SGP,0.499,2,False
2019-05-01,KOR,SGP,0.5095,2,False
2019-06-01,KOR,SGP,0.4233,2,False
2019-07-01,KOR,SGP,0.2489,2,False
2019-08-01,KOR,SGP,0.218,2,False
2019-09-01,KOR,SGP,0.3662,2,False
2019-10-01,KOR,SGP,0.212,2,False
2019-11-01,KOR,SGP,0.1782,2,False
2019-12-01,KOR,SGP,0.0851,3,False
2020-01-01,KOR,SGP,0.0651,2,False
2020-02-01,KOR,SGP,0.0308,2,True
2020-03-01,KOR,SGP,0.0232,1,True
2020-04-01,KOR,SGP,0.0392,1,True
2020-05-01,KOR,SGP,0.021,1,True
2020-06-01,KOR,SGP,0.105,3,False
2020-07-01,KOR,SGP,0.1456,3,False
2020-08-01,KOR,SGP,0.0499,4,True
2020-09-01,KOR,SGP,0.1165,4,False
2020-10-01,KOR,SGP,0.2096,4,False
2020-11-01,KOR,SGP,0.1655,4,False
2020-12-01,KOR,SGP,0.3353,2,False
2021-01-01,KOR,SGP,0.3057,2,False
2021-02-01,KOR,SGP,0.3032,4,False
2021-03-01,KOR,SGP,0.2974,2,False
2021-04-01,KOR,SGP,0.0706,2,False
2021-05-01,KOR,SGP,0.0278,2,True
2021-06-01,KOR,SGP,0.0325,2,True
2021-07-01,KOR,SGP,0.0275,2,True
2021-08-01,KOR,SGP,0.0206,2,True
2021-09-01,KOR,SGP,0.0345,2,True
2021-10-01,KOR,SGP,0.0192,3,True
2021-11-01,KOR,SGP,0.0068,2,True
2021-12-01,KOR,SGP,0.0046,2,True
2022-01-01,KOR,SGP,0.0013,2,True
2022-02-01,KOR,SGP,0.0031,1,True
2022-03-01,KOR,SGP,0.0067,2,True
2022-04-01,KOR,SGP,0.0024,1,True
2022-05-01,KOR,SGP,0.0038,1,True
2022-06-01,KOR,SGP,0.0055,1,True
2022-07-01,KOR,SGP,0.0044,1,True
2022-08-01,KOR,SGP,0.0034,1,True
2022-09-01,KOR,SGP,0.0023,1,True
2022-10-01,KOR,SGP,0.0022,1,True
2022-11-01,KOR,SGP,0.0017,1,True
2022-12-01,KOR,SGP,0.0017,2,True
2023-01-01,KOR,SGP,0.001,1,True
2023-02-01,KOR,SGP,0.0014,1,True
2023-03-01,KOR,SGP,0.0017,1,True
2023-04-01,KOR,SGP,0.0019,1,True
2023-05-01,KOR,SGP,0.0122,1,True
2023-06-01,KOR,SGP,0.0101,2,True
2023-07-01,KOR,SGP,0.0022,1,True
2023-08-01,KOR,SGP,0.012,1,True
2023-09-01,KOR,SGP,0.0141,1,True
2023-10-01,KOR,SGP,0.0061,1,True
2023-11-01,KOR,SGP,0.0057,1,True
2023-12-01,KOR,SGP,0.0137,1,True
2024-01-01,KOR,SGP,0.0173,1,True
2024-02-01,KOR,SGP,0.0045,1,True
2024-03-01,KOR,SGP,0.0017,1,True
2024-04-01,KOR,SGP,0.0004,1,True
2024-05-01,KOR,SGP,0.0006,1,True
2024-06-01,KOR,SGP,0.001,1,True
2024-07-01,KOR,SGP,0.001,1,True
2024-08-01,KOR,SGP,0.0003,1,True
2024-09-01,KOR,SGP,0.0002,1,True
2024-10-01,KOR,SGP,0.0003,1,True
2024-11-01,KOR,SGP,0.0002,1,True
2024-12-01,KOR,SGP,0.0001,1,True
2025-01-01,KOR,SGP,0.0,1,True
2025-02-01,KOR,SGP,0.0,1,True
2025-03-01,KOR,SGP,0.0,1,True
2025-04-01,KOR,SGP,0.0,1,True
2025-05-01,KOR,SGP,0.0,1,True
2025-06-01,KOR,SGP,0.0001,1,True
2025-07-01,KOR,SGP,0.0002,1,True
2025-08-01,KOR,SGP,0.0004,1,True
2025-09-01,KOR,SGP,0.0005,1,True
2025-10-01,KOR,SGP,0.0003,1,True
2025-11-01,KOR,SGP,0.0013,1,True
2025-12-01,KOR,SGP,0.0016,1,True
2026-01-01,KOR,SGP,0.0017,1,True
2026-02-01,KOR,SGP,0.0072,1,True
2026-03-01,KOR,SGP,0.0176,1,True
2015-01-01,KOR,GBR,0.0476,2,True
2015-02-01,KOR,GBR,0.0386,2,True
2015-03-01,KOR,GBR,0.3343,4,False
2015-04-01,KOR,GBR,0.4552,1,False
2015-05-01,KOR,GBR,0.3986,1,False
2015-06-01,KOR,GBR,0.3967,1,False
2015-07-01,KOR,GBR,0.3236,1,False
2015-08-01,KOR,GBR,0.3842,1,False
2015-09-01,KOR,GBR,0.478,1,False
2015-10-01,KOR,GBR,0.5304,1,False
2015-11-01,KOR,GBR,0.4185,2,False
2015-12-01,KOR,GBR,0.2528,1,False
2016-01-01,KOR,GBR,0.5027,2,False
2016-02-01,KOR,GBR,0.3496,1,False
2016-03-01,KOR,GBR,0.7032,3,False
2016-04-01,KOR,GBR,0.5604,2,False
2016-05-01,KOR,GBR,0.5919,2,False
2016-06-01,KOR,GBR,0.461,2,False
2016-07-01,KOR,GBR,0.4363,1,False
2016-08-01,KOR,GBR,0.3388,1,False
2016-09-01,KOR,GBR,0.428,1,False
2016-10-01,KOR,GBR,0.4901,3,False
2016-11-01,KOR,GBR,0.5271,3,False
2016-12-01,KOR,GBR,0.4742,3,False
2017-01-01,KOR,GBR,0.2612,3,False
2017-02-01,KOR,GBR,0.4335,4,False
2017-03-01,KOR,GBR,0.5495,4,False
2017-04-01,KOR,GBR,0.198,4,False
2017-05-01,KOR,GBR,0.1966,4,False
2017-06-01,KOR,GBR,0.1931,4,False
2017-07-01,KOR,GBR,0.1956,3,False
2017-08-01,KOR,GBR,0.1549,3,False
2017-09-01,KOR,GBR,0.0795,4,False
2017-10-01,KOR,GBR,0.0371,4,True
2017-11-01,KOR,GBR,0.0242,4,True
2017-12-01,KOR,GBR,0.0385,4,True
2018-01-01,KOR,GBR,0.0514,4,False
2018-02-01,KOR,GBR,0.0268,4,True
2018-03-01,KOR,GBR,0.0308,4,True
2018-04-01,KOR,GBR,0.1393,3,False
2018-05-01,KOR,GBR,0.2047,4,False
2018-06-01,KOR,GBR,0.3698,4,False
2018-07-01,KOR,GBR,0.2911,3,False
2018-08-01,KOR,GBR,0.3025,3,False
2018-09-01,KOR,GBR,0.2065,3,False
2018-10-01,KOR,GBR,0.2691,3,False
2018-11-01,KOR,GBR,0.3464,3,False
2018-12-01,KOR,GBR,0.3228,3,False
2019-01-01,KOR,GBR,0.2653,3,False
2019-02-01,KOR,GBR,0.2205,3,False
2019-03-01,KOR,GBR,0.1968,3,False
2019-04-01,KOR,GBR,0.3316,3,False
2019-05-01,KOR,GBR,0.6634,3,False
2019-06-01,KOR,GBR,0.6822,3,False
2019-07-01,KOR,GBR,0.7063,3,False
2019-08-01,KOR,GBR,0.6323,2,False
2019-09-01,KOR,GBR,0.6647,2,False
2019-10-01,KOR,GBR,0.5881,4,False
2019-11-01,KOR,GBR,0.2095,4,False
2019-12-01,KOR,GBR,0.2957,4,False
2020-01-01,KOR,GBR,0.4682,4,False
2020-02-01,KOR,GBR,0.2715,3,False
2020-03-01,KOR,GBR,0.2087,1,False
2020-04-01,KOR,GBR,0.1519,1,False
2020-05-01,KOR,GBR,0.117,1,False
2020-06-01,KOR,GBR,0.0515,1,False
2020-07-01,KOR,GBR,0.0269,1,True
2020-08-01,KOR,GBR,0.0385,1,True
2020-09-01,KOR,GBR,0.0256,3,True
2020-10-01,KOR,GBR,0.012,2,True
2020-11-01,KOR,GBR,0.0025,1,True
2020-12-01,KOR,GBR,0.0088,1,True
2021-01-01,KOR,GBR,0.046,1,True
2021-02-01,KOR,GBR,0.0121,1,True
2021-03-01,KOR,GBR,0.005,1,True
2021-04-01,KOR,GBR,0.0264,1,True
2021-05-01,KOR,GBR,0.0156,1,True
2021-06-01,KOR,GBR,0.0124,1,True
2021-07-01,KOR,GBR,0.008,1,True
2021-08-01,KOR,GBR,0.0042,1,True
2021-09-01,KOR,GBR,0.0022,1,True
2021-10-01,KOR,GBR,0.0052,1,True
2021-11-01,KOR,GBR,0.0033,3,True
2021-12-01,KOR,GBR,0.001,1,True
2022-01-01,KOR,GBR,0.0029,1,True
2022-02-01,KOR,GBR,0.0005,2,True
2022-03-01,KOR,GBR,0.0004,1,True
2022-04-01,KOR,GBR,0.0005,1,True
2022-05-01,KOR,GBR,0.0007,1,True
2022-06-01,KOR,GBR,0.0006,1,True
2022-07-01,KOR,GBR,0.0006,1,True
2022-08-01,KOR,GBR,0.0002,1,True
2022-09-01,KOR,GBR,0.0002,1,True
2022-10-01,KOR,GBR,0.0002,1,True
2022-11-01,KOR,GBR,0.0002,1,True
2022-12-01,KOR,GBR,0.0002,1,True
2023-01-01,KOR,GBR,0.0004,1,True
2023-02-01,KOR,GBR,0.0004,1,True
2023-03-01,KOR,GBR,0.0008,1,True
2023-04-01,KOR,GBR,0.0005,1,True
2023-05-01,KOR,GBR,0.0011,1,True
2023-06-01,KOR,GBR,0.0029,1,True
2023-07-01,KOR,GBR,0.0055,1,True
2023-08-01,KOR,GBR,0.0023,1,True
2023-09-01,KOR,GBR,0.0013,1,True
2023-10-01,KOR,GBR,0.0011,1,True
2023-11-01,KOR,GBR,0.0029,1,True
2023-12-01,KOR,GBR,0.0072,1,True
2024-01-01,KOR,GBR,0.0025,1,True
2024-02-01,KOR,GBR,0.0004,1,True
2024-03-01,KOR,GBR,0.0005,1,True
2024-04-01,KOR,GBR,0.0002,1,True
2024-05-01,KOR,GBR,0.0005,1,True
2024-06-01,KOR,GBR,0.0075,1,True
2024-07-01,KOR,GBR,0.0111,1,True
2024-08-01,KOR,GBR,0.008,1,True
2024-09-01,KOR,GBR,0.0095,1,True
2024-10-01,KOR,GBR,0.0147,1,True
2024-11-01,KOR,GBR,0.0096,1,True
2024-12-01,KOR,GBR,0.0084,1,True
2025-01-01,KOR,GBR,0.0057,1,True
2025-02-01,KOR,GBR,0.0063,1,True
2025-03-01,KOR,GBR,0.0116,1,True
2025-04-01,KOR,GBR,0.038,1,True
2025-05-01,KOR,GBR,0.113,1,False
2025-06-01,KOR,GBR,0.3331,1,False
2025-07-01,KOR,GBR,0.395,3,False
2025-08-01,KOR,GBR,0.4853,3,False
2025-09-01,KOR,GBR,0.5368,3,False
2025-10-01,KOR,GBR,0.4796,3,False
2025-11-01,KOR,GBR,0.4112,2,False
2025-12-01,KOR,GBR,0.3459,1,False
2026-01-01,KOR,GBR,0.3501,2,False
2026-02-01,KOR,GBR,0.4191,1,False
2026-03-01,KOR,GBR,0.308,1,False
2015-01-01,KOR,USA,0.1258,1,False
2015-02-01,KOR,USA,0.1185,1,False
2015-03-01,KOR,USA,0.0996,1,False
2015-04-01,KOR,USA,0.0845,1,False
2015-05-01,KOR,USA,0.0267,1,True
2015-06-01,KOR,USA,0.0168,2,True
2015-07-01,KOR,USA,0.0144,1,True
2015-08-01,KOR,USA,0.0045,1,True
2015-09-01,KOR,USA,0.0214,1,True
2015-10-01,KOR,USA,0.0512,1,False
2015-11-01,KOR,USA,0.07,1,False
2015-12-01,KOR,USA,0.0833,1,False
2016-01-01,KOR,USA,0.0502,1,False
2016-02-01,KOR,USA,0.0759,2,False
2016-03-01,KOR,USA,0.0301,1,True
2016-04-01,KOR,USA,0.0503,2,False
2016-05-01,KOR,USA,0.0245,1,True
2016-06-01,KOR,USA,0.0204,1,True
2016-07-01,KOR,USA,0.1082,1,False
2016-08-01,KOR,USA,0.1667,1,False
2016-09-01,KOR,USA,0.1185,1,False
2016-10-01,KOR,USA,0.0464,1,True
2016-11-01,KOR,USA,0.0226,1,True
2016-12-01,KOR,USA,0.0088,1,True
2017-01-01,KOR,USA,0.0046,1,True
2017-02-01,KOR,USA,0.0045,1,True
2017-03-01,KOR,USA,0.003,1,True
2017-04-01,KOR,USA,0.0039,1,True
2017-05-01,KOR,USA,0.0041,1,True
2017-06-01,KOR,USA,0.0029,1,True
2017-07-01,KOR,USA,0.001,1,True
2017-08-01,KOR,USA,0.0011,2,True
2017-09-01,KOR,USA,0.0002,1,True
2017-10-01,KOR,USA,0.0007,1,True
2017-11-01,KOR,USA,0.0006,1,True
2017-12-01,KOR,USA,0.0012,1,True
2018-01-01,KOR,USA,0.0024,1,True
2018-02-01,KOR,USA,0.0021,1,True
2018-03-01,KOR,USA,0.0044,1,True
2018-04-01,KOR,USA,0.0157,1,True
2018-05-01,KOR,USA,0.0484,1,True
2018-06-01,KOR,USA,0.0447,2,True
2018-07-01,KOR,USA,0.1056,1,False
2018-08-01,KOR,USA,0.1245,2,False
2018-09-01,KOR,USA,0.1553,2,False
2018-10-01,KOR,USA,0.2111,2,False
2018-11-01,KOR,USA,0.2183,2,False
2018-12-01,KOR,USA,0.3009,2,False
2019-01-01,KOR,USA,0.2215,2,False
2019-02-01,KOR,USA,0.4601,2,False
2019-03-01,KOR,USA,0.6576,1,False
2019-04-01,KOR,USA,0.592,2,False
2019-05-01,KOR,USA,0.8142,1,False
2019-06-01,KOR,USA,0.8563,1,False
2019-07-01,KOR,USA,0.8149,3,False
2019-08-01,KOR,USA,0.7683,3,False
2019-09-01,KOR,USA,0.7649,3,False
2019-10-01,KOR,USA,0.7643,1,False
2019-11-01,KOR,USA,0.5716,3,False
2019-12-01,KOR,USA,0.4281,3,False
2020-01-01,KOR,USA,0.4211,3,False
2020-02-01,KOR,USA,0.5849,1,False
2020-03-01,KOR,USA,0.7459,2,False
2020-04-01,KOR,USA,0.7717,2,False
2020-05-01,KOR,USA,0.737,2,False
2020-06-01,KOR,USA,0.698,2,False
2020-07-01,KOR,USA,0.5664,2,False
2020-08-01,KOR,USA,0.1618,2,False
2020-09-01,KOR,USA,0.0827,4,False
2020-10-01,KOR,USA,0.0146,3,True
2020-11-01,KOR,USA,0.0037,2,True
2020-12-01,KOR,USA,0.0107,2,True
2021-01-01,KOR,USA,0.091,2,False
2021-02-01,KOR,USA,0.0694,2,False
2021-03-01,KOR,USA,0.0423,2,True
2021-04-01,KOR,USA,0.0545,4,False
2021-05-01,KOR,USA,0.1838,2,False
2021-06-01,KOR,USA,0.1173,2,False
2021-07-01,KOR,USA,0.0265,2,True
2021-08-01,KOR,USA,0.0179,2,True
2021-09-01,KOR,USA,0.0091,2,True
2021-10-01,KOR,USA,0.0047,2,True
2021-11-01,KOR,USA,0.0049,2,True
2021-12-01,KOR,USA,0.0016,4,True
2022-01-01,KOR,USA,0.0004,3,True
2022-02-01,KOR,USA,0.0004,2,True
2022-03-01,KOR,USA,0.0004,4,True
2022-04-01,KOR,USA,0.0008,4,True
2022-05-01,KOR,USA,0.0018,4,True
2022-06-01,KOR,USA,0.0017,2,True
2022-07-01,KOR,USA,0.0017,2,True
2022-08-01,KOR,USA,0.0019,2,True
2022-09-01,KOR,USA,0.0033,2,True
2022-10-01,KOR,USA,0.0023,2,True
2022-11-01,KOR,USA,0.0019,2,True
2022-12-01,KOR,USA,0.0022,2,True
2023-01-01,KOR,USA,0.0036,2,True
2023-02-01,KOR,USA,0.0076,2,True
2023-03-01,KOR,USA,0.0169,2,True
2023-04-01,KOR,USA,0.0321,2,True
2023-05-01,KOR,USA,0.0535,1,False
2023-06-01,KOR,USA,0.0592,1,False
2023-07-01,KOR,USA,0.0942,2,False
2023-08-01,KOR,USA,0.0571,1,False
2023-09-01,KOR,USA,0.1374,1,False
2023-10-01,KOR,USA,0.2519,1,False
2023-11-01,KOR,USA,0.3726,3,False
2023-12-01,KOR,USA,0.2739,3,False
2024-01-01,KOR,USA,0.0572,4,False
2024-02-01,KOR,USA,0.0276,3,True
2024-03-01,KOR,USA,0.0412,3,True
2024-04-01,KOR,USA,0.033,3,True
2024-05-01,KOR,USA,0.0477,3,True
2024-06-01,KOR,USA,0.0936,1,False
2024-07-01,KOR,USA,0.0645,1,False
2024-08-01,KOR,USA,0.061,1,False
2024-09-01,KOR,USA,0.0608,1,False
2024-10-01,KOR,USA,0.0252,3,True
2024-11-01,KOR,USA,0.0466,1,True
2024-12-01,KOR,USA,0.0578,1,False
2025-01-01,KOR,USA,0.173,1,False
2025-02-01,KOR,USA,0.3434,1,False
2025-03-01,KOR,USA,0.429,3,False
2025-04-01,KOR,USA,0.512,3,False
2025-05-01,KOR,USA,0.4746,1,False
2025-06-01,KOR,USA,0.3968,1,False
2025-07-01,KOR,USA,0.293,1,False
2025-08-01,KOR,USA,0.188,1,False
2025-09-01,KOR,USA,0.1827,4,False
2025-10-01,KOR,USA,0.1648,3,False
2025-11-01,KOR,USA,0.2672,4,False
2025-12-01,KOR,USA,0.2699,4,False
2026-01-01,KOR,USA,0.2585,4,False
2026-02-01,KOR,USA,0.2645,3,False
2026-03-01,KOR,USA,0.2177,3,False
2015-01-01,KOR,DEU,0.0173,1,True
2015-02-01,KOR,DEU,0.0061,1,True
2015-03-01,KOR,DEU,0.0105,1,True
2015-04-01,KOR,DEU,0.0266,1,True
2015-05-01,KOR,DEU,0.1225,1,False
2015-06-01,KOR,DEU,0.0591,1,False
2015-07-01,KOR,DEU,0.1318,1,False
2015-08-01,KOR,DEU,0.084,1,False
2015-09-01,KOR,DEU,0.183,1,False
2015-10-01,KOR,DEU,0.1899,1,False
2015-11-01,KOR,DEU,0.1995,1,False
2015-12-01,KOR,DEU,0.2746,3,False
2016-01-01,KOR,DEU,0.2339,1,False
2016-02-01,KOR,DEU,0.4436,4,False
2016-03-01,KOR,DEU,0.295,3,False
2016-04-01,KOR,DEU,0.244,3,False
2016-05-01,KOR,DEU,0.0642,3,False
2016-06-01,KOR,DEU,0.0421,3,True
2016-07-01,KOR,DEU,0.053,3,False
2016-08-01,KOR,DEU,0.0686,4,False
2016-09-01,KOR,DEU,0.0561,4,False
2016-10-01,KOR,DEU,0.1203,3,False
2016-11-01,KOR,DEU,0.0832,1,False
2016-12-01,KOR,DEU,0.0566,1,False
2017-01-01,KOR,DEU,0.0383,1,True
2017-02-01,KOR,DEU,0.0501,1,False
2017-03-01,KOR,DEU,0.0475,1,True
2017-04-01,KOR,DEU,0.0645,1,False
2017-05-01,KOR,DEU,0.0653,4,False
2017-06-01,KOR,DEU,0.0724,1,False
2017-07-01,KOR,DEU,0.0702,1,False
2017-08-01,KOR,DEU,0.0536,1,False
2017-09-01,KOR,DEU,0.072,1,False
2017-10-01,KOR,DEU,0.0688,1,False
2017-11-01,KOR,DEU,0.0213,1,True
2017-12-01,KOR,DEU,0.0145,1,True
2018-01-01,KOR,DEU,0.024,1,True
2018-02-01,KOR,DEU,0.1022,1,False
2018-03-01,KOR,DEU,0.189,4,False
2018-04-01,KOR,DEU,0.1381,4,False
2018-05-01,KOR,DEU,0.1596,4,False
2018-06-01,KOR,DEU,0.0931,3,False
2018-07-01,KOR,DEU,0.076,4,False
2018-08-01,KOR,DEU,0.0706,3,False
2018-09-01,KOR,DEU,0.0687,3,False
2018-10-01,KOR,DEU,0.0534,3,False
2018-11-01,KOR,DEU,0.0666,3,False
2018-12-01,KOR,DEU,0.1294,3,False
2019-01-01,KOR,DEU,0.09,3,False
2019-02-01,KOR,DEU,0.1979,4,False
2019-03-01,KOR,DEU,0.1996,3,False
2019-04-01,KOR,DEU,0.2483,3,False
2019-05-01,KOR,DEU,0.4113,3,False
2019-06-01,KOR,DEU,0.4097,3,False
2019-07-01,KOR,DEU,0.5633,3,False
2019-08-01,KOR,DEU,0.6328,3,False
2019-09-01,KOR,DEU,0.4634,4,False
2019-10-01,KOR,DEU,0.3533,3,False
2019-11-01,KOR,DEU,0.3894,3,False
2019-12-01,KOR,DEU,0.2788,3,False
2020-01-01,KOR,DEU,0.5107,2,False
2020-02-01,KOR,DEU,0.2939,1,False
2020-03-01,KOR,DEU,0.4502,1,False
2020-04-01,KOR,DEU,0.2666,1,False
2020-05-01,KOR,DEU,0.513,1,False
2020-06-01,KOR,DEU,0.4858,1,False
2020-07-01,KOR,DEU,0.4553,4,False
2020-08-01,KOR,DEU,0.2092,4,False
2020-09-01,KOR,DEU,0.0946,3,False
2020-10-01,KOR,DEU,0.0233,1,True
2020-11-01,KOR,DEU,0.0082,1,True
2020-12-01,KOR,DEU,0.0079,1,True
2021-01-01,KOR,DEU,0.0088,1,True
2021-02-01,KOR,DEU,0.0188,1,True
2021-03-01,KOR,DEU,0.0325,1,True
2021-04-01,KOR,DEU,0.0357,1,True
2021-05-01,KOR,DEU,0.0269,1,True
2021-06-01,KOR,DEU,0.0163,3,True
2021-07-01,KOR,DEU,0.0296,1,True
2021-08-01,KOR,DEU,0.0207,1,True
2021-09-01,KOR,DEU,0.0637,1,False
2021-10-01,KOR,DEU,0.0586,1,False
2021-11-01,KOR,DEU,0.0153,1,True
2021-12-01,KOR,DEU,0.01,1,True
2022-01-01,KOR,DEU,0.0097,1,True
2022-02-01,KOR,DEU,0.013,1,True
2022-03-01,KOR,DEU,0.0334,1,True
2022-04-01,KOR,DEU,0.0327,1,True
2022-05-01,KOR,DEU,0.0321,1,True
2022-06-01,KOR,DEU,0.0301,1,True
2022-07-01,KOR,DEU,0.0275,1,True
2022-08-01,KOR,DEU,0.0317,1,True
2022-09-01,KOR,DEU,0.0356,1,True
2022-10-01,KOR,DEU,0.0245,1,True
2022-11-01,KOR,DEU,0.0276,1,True
2022-12-01,KOR,DEU,0.0272,1,True
2023-01-01,KOR,DEU,0.0552,1,False
2023-02-01,KOR,DEU,0.041,1,True
2023-03-01,KOR,DEU,0.0455,1,True
2023-04-01,KOR,DEU,0.0216,1,True
2023-05-01,KOR,DEU,0.0198,1,True
2023-06-01,KOR,DEU,0.0057,1,True
2023-07-01,KOR,DEU,0.0151,1,True
2023-08-01,KOR,DEU,0.0236,1,True
2023-09-01,KOR,DEU,0.0506,1,False
2023-10-01,KOR,DEU,0.0399,1,True
2023-11-01,KOR,DEU,0.043,1,True
2023-12-01,KOR,DEU,0.0934,1,False
2024-01-01,KOR,DEU,0.0688,1,False
2024-02-01,KOR,DEU,0.0034,1,True
2024-03-01,KOR,DEU,0.0033,1,True
2024-04-01,KOR,DEU,0.0002,1,True
2024-05-01,KOR,DEU,0.0011,1,True
2024-06-01,KOR,DEU,0.0053,1,True
2024-07-01,KOR,DEU,0.0067,1,True
2024-08-01,KOR,DEU,0.003,1,True
2024-09-01,KOR,DEU,0.002,1,True
2024-10-01,KOR,DEU,0.0045,1,True
2024-11-01,KOR,DEU,0.0033,1,True
2024-12-01,KOR,DEU,0.0029,1,True
2025-01-01,KOR,DEU,0.0016,1,True
2025-02-01,KOR,DEU,0.0007,1,True
2025-03-01,KOR,DEU,0.0006,1,True
2025-04-01,KOR,DEU,0.0009,1,True
2025-05-01,KOR,DEU,0.0023,1,True
2025-06-01,KOR,DEU,0.0048,1,True
2025-07-01,KOR,DEU,0.0247,1,True
2025-08-01,KOR,DEU,0.0198,1,True
2025-09-01,KOR,DEU,0.1204,1,False
2025-10-01,KOR,DEU,0.1803,4,False
2025-11-01,KOR,DEU,0.2077,4,False
2025-12-01,KOR,DEU,0.1997,4,False
2026-01-01,KOR,DEU,0.2628,4,False
2026-02-01,KOR,DEU,0.3013,4,False
2026-03-01,KOR,DEU,0.2835,4,False
2015-01-01,KOR,FRA,0.773,1,False
2015-02-01,KOR,FRA,0.4812,4,False
2015-03-01,KOR,FRA,0.5016,3,False
2015-04-01,KOR,FRA,0.3883,4,False
2015-05-01,KOR,FRA,0.3153,4,False
2015-06-01,KOR,FRA,0.2137,3,False
2015-07-01,KOR,FRA,0.243,3,False
2015-08-01,KOR,FRA,0.1876,3,False
2015-09-01,KOR,FRA,0.4002,1,False
2015-10-01,KOR,FRA,0.4439,1,False
2015-11-01,KOR,FRA,0.4963,3,False
2015-12-01,KOR,FRA,0.5138,3,False
2016-01-01,KOR,FRA,0.6639,2,False
2016-02-01,KOR,FRA,0.2716,1,False
2016-03-01,KOR,FRA,0.7503,1,False
2016-04-01,KOR,FRA,0.3741,1,False
2016-05-01,KOR,FRA,0.425,1,False
2016-06-01,KOR,FRA,0.4489,1,False
2016-07-01,KOR,FRA,0.2042,1,False
2016-08-01,KOR,FRA,0.3475,1,False
2016-09-01,KOR,FRA,0.5141,1,False
2016-10-01,KOR,FRA,0.7377,1,False
2016-11-01,KOR,FRA,0.7271,1,False
2016-12-01,KOR,FRA,0.3693,2,False
2017-01-01,KOR,FRA,0.309,4,False
2017-02-01,KOR,FRA,0.1992,2,False
2017-03-01,KOR,FRA,0.2527,2,False
2017-04-01,KOR,FRA,0.2757,2,False
2017-05-01,KOR,FRA,0.2108,3,False
2017-06-01,KOR,FRA,0.115,2,False
2017-07-01,KOR,FRA,0.1193,1,False
2017-08-01,KOR,FRA,0.1438,2,False
2017-09-01,KOR,FRA,0.0849,2,False
2017-10-01,KOR,FRA,0.0784,1,False
2017-11-01,KOR,FRA,0.0463,2,True
2017-12-01,KOR,FRA,0.0413,2,True
2018-01-01,KOR,FRA,0.0415,2,True
2018-02-01,KOR,FRA,0.0151,2,True
2018-03-01,KOR,FRA,0.0066,2,True
2018-04-01,KOR,FRA,0.006,2,True
2018-05-01,KOR,FRA,0.0077,2,True
2018-06-01,KOR,FRA,0.0134,2,True
2018-07-01,KOR,FRA,0.012,1,True
2018-08-01,KOR,FRA,0.019,1,True
2018-09-01,KOR,FRA,0.1827,1,False
2018-10-01,KOR,FRA,0.406,2,False
2018-11-01,KOR,FRA,0.4594,2,False
2018-12-01,KOR,FRA,0.4305,2,False
2019-01-01,KOR,FRA,0.2433,2,False
2019-02-01,KOR,FRA,0.29,4,False
2019-03-01,KOR,FRA,0.4158,2,False
2019-04-01,KOR,FRA,0.1445,2,False
2019-05-01,KOR,FRA,0.2654,2,False
2019-06-01,KOR,FRA,0.4842,2,False
2019-07-01,KOR,FRA,0.4851,2,False
2019-08-01,KOR,FRA,0.4593,2,False
2019-09-01,KOR,FRA,0.4469,2,False
2019-10-01,KOR,FRA,0.8261,2,False
2019-11-01,KOR,FRA,0.8067,4,False
2019-12-01,KOR,FRA,0.7522,1,False
2020-01-01,KOR,FRA,0.7206,1,False
2020-02-01,KOR,FRA,0.6948,1,False
2020-03-01,KOR,FRA,0.6668,1,False
2020-04-01,KOR,FRA,0.8849,2,False
2020-05-01,KOR,FRA,0.659,1,False
2020-06-01,KOR,FRA,0.2298,1,False
2020-07-01,KOR,FRA,0.0487,1,True
2020-08-01,KOR,FRA,0.0348,1,True
2020-09-01,KOR,FRA,0.0872,1,False
2020-10-01,KOR,FRA,0.075,1,False
2020-11-01,KOR,FRA,0.0522,1,False
2020-12-01,KOR,FRA,0.0156,1,True
2021-01-01,KOR,FRA,0.0107,4,True
2021-02-01,KOR,FRA,0.0044,3,True
2021-03-01,KOR,FRA,0.0056,2,True
2021-04-01,KOR,FRA,0.0021,1,True
2021-05-01,KOR,FRA,0.0024,1,True
2021-06-01,KOR,FRA,0.0002,1,True
2021-07-01,KOR,FRA,0.0005,1,True
2021-08-01,KOR,FRA,0.0002,1,True
2021-09-01,KOR,FRA,0.0001,1,True
2021-10-01,KOR,FRA,0.0001,1,True
2021-11-01,KOR,FRA,0.0002,1,True
2021-12-01,KOR,FRA,0.0007,1,True
2022-01-01,KOR,FRA,0.0026,1,True
2022-02-01,KOR,FRA,0.0007,1,True
2022-03-01,KOR,FRA,0.0,1,True
2022-04-01,KOR,FRA,0.0,1,True
2022-05-01,KOR,FRA,0.0,1,True
2022-06-01,KOR,FRA,0.0,1,True
2022-07-01,KOR,FRA,0.0,1,True
2022-08-01,KOR,FRA,0.0,1,True
2022-09-01,KOR,FRA,0.0,1,True
2022-10-01,KOR,FRA,0.0,1,True
2022-11-01,KOR,FRA,0.0,1,True
2022-12-01,KOR,FRA,0.0,1,True
2023-01-01,KOR,FRA,0.0,1,True
2023-02-01,KOR,FRA,0.0,1,True
2023-03-01,KOR,FRA,0.0,1,True
2023-04-01,KOR,FRA,0.0,1,True
2023-05-01,KOR,FRA,0.0,1,True
2023-06-01,KOR,FRA,0.0001,1,True
2023-07-01,KOR,FRA,0.0005,1,True
2023-08-01,KOR,FRA,0.0001,1,True
2023-09-01,KOR,FRA,0.0012,1,True
2023-10-01,KOR,FRA,0.0072,1,True
2023-11-01,KOR,FRA,0.0245,1,True
2023-12-01,KOR,FRA,0.0385,1,True
2024-01-01,KOR,FRA,0.0273,1,True
2024-02-01,KOR,FRA,0.0356,1,True
2024-03-01,KOR,FRA,0.0224,1,True
2024-04-01,KOR,FRA,0.0026,1,True
2024-05-01,KOR,FRA,0.0021,1,True
2024-06-01,KOR,FRA,0.0034,1,True
2024-07-01,KOR,FRA,0.0029,1,True
2024-08-01,KOR,FRA,0.0021,1,True
2024-09-01,KOR,FRA,0.0038,1,True
2024-10-01,KOR,FRA,0.0054,1,True
2024-11-01,KOR,FRA,0.0025,1,True
2024-12-01,KOR,FRA,0.0012,1,True
2025-01-01,KOR,FRA,0.0005,1,True
2025-02-01,KOR,FRA,0.0004,1,True
2025-03-01,KOR,FRA,0.0005,1,True
2025-04-01,KOR,FRA,0.0004,1,True
2025-05-01,KOR,FRA,0.0009,1,True
2025-06-01,KOR,FRA,0.0037,1,True
2025-07-01,KOR,FRA,0.0188,1,True
2025-08-01,KOR,FRA,0.0093,2,True
2025-09-01,KOR,FRA,0.0173,2,True
2025-10-01,KOR,FRA,0.0093,2,True
2025-11-01,KOR,FRA,0.0151,2,True
2025-12-01,KOR,FRA,0.0063,3,True
2026-01-01,KOR,FRA,0.0034,4,True
2026-02-01,KOR,FRA,0.0023,4,True
2026-03-01,KOR,FRA,0.0069,3,True
2015-01-01,KOR,JPN,0.1737,4,False
2015-02-01,KOR,JPN,0.1679,4,False
2015-03-01,KOR,JPN,0.1224,4,False
2015-04-01,KOR,JPN,0.237,4,False
2015-05-01,KOR,JPN,0.4665,4,False
2015-06-01,KOR,JPN,0.3586,4,False
2015-07-01,KOR,JPN,0.4696,4,False
2015-08-01,KOR,JPN,0.7522,4,False
2015-09-01,KOR,JPN,0.7133,4,False
2015-10-01,KOR,JPN,0.6107,4,False
2015-11-01,KOR,JPN,0.5176,4,False
2015-12-01,KOR,JPN,0.6804,4,False
2016-01-01,KOR,JPN,0.7692,4,False
2016-02-01,KOR,JPN,0.8782,1,False
2016-03-01,KOR,JPN,0.8614,1,False
2016-04-01,KOR,JPN,0.6743,2,False
2016-05-01,KOR,JPN,0.6305,2,False
2016-06-01,KOR,JPN,0.6361,2,False
2016-07-01,KOR,JPN,0.406,1,False
2016-08-01,KOR,JPN,0.2954,1,False
2016-09-01,KOR,JPN,0.285,1,False
2016-10-01,KOR,JPN,0.27,1,False
2016-11-01,KOR,JPN,0.2743,1,False
2016-12-01,KOR,JPN,0.2301,1,False
2017-01-01,KOR,JPN,0.1973,1,False
2017-02-01,KOR,JPN,0.2049,1,False
2017-03-01,KOR,JPN,0.3371,1,False
2017-04-01,KOR,JPN,0.4382,1,False
2017-05-01,KOR,JPN,0.3137,1,False
2017-06-01,KOR,JPN,0.4772,1,False
2017-07-01,KOR,JPN,0.2777,1,False
2017-08-01,KOR,JPN,0.1889,1,False
2017-09-01,KOR,JPN,0.178,1,False
2017-10-01,KOR,JPN,0.0712,4,False
2017-11-01,KOR,JPN,0.0186,3,True
2017-12-01,KOR,JPN,0.0154,1,True
2018-01-01,KOR,JPN,0.0026,1,True
2018-02-01,KOR,JPN,0.0065,1,True
2018-03-01,KOR,JPN,0.0061,1,True
2018-04-01,KOR,JPN,0.0443,1,True
2018-05-01,KOR,JPN,0.0354,1,True
2018-06-01,KOR,JPN,0.0849,1,False
2018-07-01,KOR,JPN,0.0924,1,False
2018-08-01,KOR,JPN,0.1241,1,False
2018-09-01,KOR,JPN,0.1389,4,False
2018-10-01,KOR,JPN,0.0403,4,True
2018-11-01,KOR,JPN,0.0442,4,True
2018-12-01,KOR,JPN,0.033,4,True
2019-01-01,KOR,JPN,0.0631,4,False
2019-02-01,KOR,JPN,0.038,4,True
2019-03-01,KOR,JPN,0.0302,4,True
2019-04-01,KOR,JPN,0.0334,4,True
2019-05-01,KOR,JPN,0.0166,4,True
2019-06-01,KOR,JPN,0.016,4,True
2019-07-01,KOR,JPN,0.0167,4,True
2019-08-01,KOR,JPN,0.0749,4,False
2019-09-01,KOR,JPN,0.1698,3,False
2019-10-01,KOR,JPN,0.2129,4,False
2019-11-01,KOR,JPN,0.0516,4,False
2019-12-01,KOR,JPN,0.0435,4,True
2020-01-01,KOR,JPN,0.021,2,True
2020-02-01,KOR,JPN,0.0279,2,True
2020-03-01,KOR,JPN,0.078,2,False
2020-04-01,KOR,JPN,0.0412,1,True
2020-05-01,KOR,JPN,0.0516,2,False
2020-06-01,KOR,JPN,0.038,2,True
2020-07-01,KOR,JPN,0.0669,2,False
2020-08-01,KOR,JPN,0.0077,3,True
2020-09-01,KOR,JPN,0.0014,2,True
2020-10-01,KOR,JPN,0.0073,3,True
2020-11-01,KOR,JPN,0.0014,2,True
2020-12-01,KOR,JPN,0.0036,1,True
2021-01-01,KOR,JPN,0.0088,1,True
2021-02-01,KOR,JPN,0.0109,2,True
2021-03-01,KOR,JPN,0.0148,2,True
2021-04-01,KOR,JPN,0.0144,2,True
2021-05-01,KOR,JPN,0.0559,2,False
2021-06-01,KOR,JPN,0.0575,2,False
2021-07-01,KOR,JPN,0.153,1,False
2021-08-01,KOR,JPN,0.3199,2,False
2021-09-01,KOR,JPN,0.143,2,False
2021-10-01,KOR,JPN,0.052,1,False
2021-11-01,KOR,JPN,0.0783,1,False
2021-12-01,KOR,JPN,0.0942,3,False
2022-01-01,KOR,JPN,0.158,2,False
2022-02-01,KOR,JPN,0.0685,2,False
2022-03-01,KOR,JPN,0.0292,1,True
2022-04-01,KOR,JPN,0.0086,1,True
2022-05-01,KOR,JPN,0.0094,1,True
2022-06-01,KOR,JPN,0.0166,2,True
2022-07-01,KOR,JPN,0.0023,2,True
2022-08-01,KOR,JPN,0.0011,1,True
2022-09-01,KOR,JPN,0.0012,1,True
2022-10-01,KOR,JPN,0.0027,1,True
2022-11-01,KOR,JPN,0.0029,1,True
2022-12-01,KOR,JPN,0.0041,1,True
2023-01-01,KOR,JPN,0.0047,1,True
2023-02-01,KOR,JPN,0.0031,1,True
2023-03-01,KOR,JPN,0.0053,1,True
2023-04-01,KOR,JPN,0.0087,1,True
2023-05-01,KOR,JPN,0.0027,1,True
2023-06-01,KOR,JPN,0.002,1,True
2023-07-01,KOR,JPN,0.0286,1,True
2023-08-01,KOR,JPN,0.1341,1,False
2023-09-01,KOR,JPN,0.1031,1,False
2023-10-01,KOR,JPN,0.0392,1,True
2023-11-01,KOR,JPN,0.1396,1,False
2023-12-01,KOR,JPN,0.1794,1,False
2024-01-01,KOR,JPN,0.222,1,False
2024-02-01,KOR,JPN,0.1083,1,False
2024-03-01,KOR,JPN,0.131,1,False
2024-04-01,KOR,JPN,0.2769,1,False
2024-05-01,KOR,JPN,0.3436,1,False
2024-06-01,KOR,JPN,0.4355,1,False
2024-07-01,KOR,JPN,0.5007,1,False
2024-08-01,KOR,JPN,0.5203,1,False
2024-09-01,KOR,JPN,0.4807,1,False
2024-10-01,KOR,JPN,0.5267,1,False
2024-11-01,KOR,JPN,0.5613,1,False
2024-12-01,KOR,JPN,0.6118,4,False
2025-01-01,KOR,JPN,0.3309,4,False
2025-02-01,KOR,JPN,0.4682,3,False
2025-03-01,KOR,JPN,0.4108,4,False
2025-04-01,KOR,JPN,0.3997,3,False
2025-05-01,KOR,JPN,0.3052,1,False
2025-06-01,KOR,JPN,0.3365,3,False
2025-07-01,KOR,JPN,0.4006,3,False
2025-08-01,KOR,JPN,0.4094,1,False
2025-09-01,KOR,JPN,0.3798,4,False
2025-10-01,KOR,JPN,0.4652,4,False
2025-11-01,KOR,JPN,0.3631,4,False
2025-12-01,KOR,JPN,0.3561,4,False
2026-01-01,KOR,JPN,0.0637,4,False
2026-02-01,KOR,JPN,0.0116,3,True
2026-03-01,KOR,JPN,0.0144,3,True
2015-01-01,GBR,IND,0.0165,1,True
2015-02-01,GBR,IND,0.0121,1,True
2015-03-01,GBR,IND,0.0108,1,True
2015-04-01,GBR,IND,0.0098,1,True
2015-05-01,GBR,IND,0.0186,1,True
2015-06-01,GBR,IND,0.0239,1,True
2015-07-01,GBR,IND,0.0213,1,True
2015-08-01,GBR,IND,0.0153,1,True
2015-09-01,GBR,IND,0.0168,1,True
2015-10-01,GBR,IND,0.0256,1,True
2015-11-01,GBR,IND,0.0772,1,False
2015-12-01,GBR,IND,0.0502,1,False
2016-01-01,GBR,IND,0.0423,1,True
2016-02-01,GBR,IND,0.1553,1,False
2016-03-01,GBR,IND,0.2586,1,False
2016-04-01,GBR,IND,0.4581,1,False
2016-05-01,GBR,IND,0.6175,2,False
2016-06-01,GBR,IND,0.7171,4,False
2016-07-01,GBR,IND,0.7196,1,False
2016-08-01,GBR,IND,0.5599,1,False
2016-09-01,GBR,IND,0.6573,1,False
2016-10-01,GBR,IND,0.8025,1,False
2016-11-01,GBR,IND,0.7389,1,False
2016-12-01,GBR,IND,0.6455,4,False
2017-01-01,GBR,IND,0.4632,4,False
2017-02-01,GBR,IND,0.3729,4,False
2017-03-01,GBR,IND,0.4145,4,False
2017-04-01,GBR,IND,0.4152,4,False
2017-05-01,GBR,IND,0.3578,4,False
2017-06-01,GBR,IND,0.298,4,False
2017-07-01,GBR,IND,0.26,4,False
2017-08-01,GBR,IND,0.3687,4,False
2017-09-01,GBR,IND,0.0903,4,False
2017-10-01,GBR,IND,0.1052,4,False
2017-11-01,GBR,IND,0.1468,4,False
2017-12-01,GBR,IND,0.1161,1,False
2018-01-01,GBR,IND,0.1266,1,False
2018-02-01,GBR,IND,0.1275,4,False
2018-03-01,GBR,IND,0.1381,4,False
2018-04-01,GBR,IND,0.1539,4,False
2018-05-01,GBR,IND,0.1575,4,False
2018-06-01,GBR,IND,0.222,4,False
2018-07-01,GBR,IND,0.2471,4,False
2018-08-01,GBR,IND,0.2563,4,False
2018-09-01,GBR,IND,0.4768,4,False
2018-10-01,GBR,IND,0.4665,4,False
2018-11-01,GBR,IND,0.5408,4,False
2018-12-01,GBR,IND,0.5567,4,False
2019-01-01,GBR,IND,0.5156,4,False
2019-02-01,GBR,IND,0.5901,4,False
2019-03-01,GBR,IND,0.432,3,False
2019-04-01,GBR,IND,0.1844,4,False
2019-05-01,GBR,IND,0.2461,3,False
2019-06-01,GBR,IND,0.2739,2,False
2019-07-01,GBR,IND,0.232,3,False
2019-08-01,GBR,IND,0.2418,2,False
2019-09-01,GBR,IND,0.2458,3,False
2019-10-01,GBR,IND,0.1008,4,False
2019-11-01,GBR,IND,0.111,3,False
2019-12-01,GBR,IND,0.0858,2,False
2020-01-01,GBR,IND,0.1261,1,False
2020-02-01,GBR,IND,0.2013,2,False
2020-03-01,GBR,IND,0.2961,2,False
2020-04-01,GBR,IND,0.4832,2,False
2020-05-01,GBR,IND,0.4114,2,False
2020-06-01,GBR,IND,0.3187,1,False
2020-07-01,GBR,IND,0.2762,1,False
2020-08-01,GBR,IND,0.1727,1,False
2020-09-01,GBR,IND,0.2618,4,False
2020-10-01,GBR,IND,0.1546,1,False
2020-11-01,GBR,IND,0.0765,2,False
2020-12-01,GBR,IND,0.0317,1,True
2021-01-01,GBR,IND,0.0327,1,True
2021-02-01,GBR,IND,0.0181,1,True
2021-03-01,GBR,IND,0.0166,1,True
2021-04-01,GBR,IND,0.0074,1,True
2021-05-01,GBR,IND,0.0026,1,True
2021-06-01,GBR,IND,0.0017,1,True
2021-07-01,GBR,IND,0.007,1,True
2021-08-01,GBR,IND,0.007,1,True
2021-09-01,GBR,IND,0.0097,1,True
2021-10-01,GBR,IND,0.0112,1,True
2021-11-01,GBR,IND,0.014,1,True
2021-12-01,GBR,IND,0.0854,1,False
2022-01-01,GBR,IND,0.1531,1,False
2022-02-01,GBR,IND,0.4514,1,False
2022-03-01,GBR,IND,0.7276,1,False
2022-04-01,GBR,IND,0.9336,1,False
2022-05-01,GBR,IND,0.7677,1,False
2022-06-01,GBR,IND,0.5056,1,False
2022-07-01,GBR,IND,0.4477,1,False
2022-08-01,GBR,IND,0.4543,1,False
2022-09-01,GBR,IND,0.1535,1,False
2022-10-01,GBR,IND,0.1245,1,False
2022-11-01,GBR,IND,0.0699,2,False
2022-12-01,GBR,IND,0.0212,1,True
2023-01-01,GBR,IND,0.0448,1,True
2023-02-01,GBR,IND,0.3099,3,False
2023-03-01,GBR,IND,0.3045,2,False
2023-04-01,GBR,IND,0.3099,4,False
2023-05-01,GBR,IND,0.1908,4,False
2023-06-01,GBR,IND,0.1657,4,False
2023-07-01,GBR,IND,0.3311,4,False
2023-08-01,GBR,IND,0.3613,2,False
2023-09-01,GBR,IND,0.1812,4,False
2023-10-01,GBR,IND,0.0688,3,False
2023-11-01,GBR,IND,0.0433,2,True
2023-12-01,GBR,IND,0.265,2,False
2024-01-01,GBR,IND,0.3541,2,False
2024-02-01,GBR,IND,0.3751,2,False
2024-03-01,GBR,IND,0.16,1,False
2024-04-01,GBR,IND,0.0217,2,True
2024-05-01,GBR,IND,0.0066,1,True
2024-06-01,GBR,IND,0.0094,1,True
2024-07-01,GBR,IND,0.0028,1,True
2024-08-01,GBR,IND,0.0008,1,True
2024-09-01,GBR,IND,0.0005,1,True
2024-10-01,GBR,IND,0.0008,1,True
2024-11-01,GBR,IND,0.0017,1,True
2024-12-01,GBR,IND,0.0011,1,True
2025-01-01,GBR,IND,0.009,1,True
2025-02-01,GBR,IND,0.0218,2,True
2025-03-01,GBR,IND,0.0132,1,True
2025-04-01,GBR,IND,0.2616,1,False
2025-05-01,GBR,IND,0.0805,4,False
2025-06-01,GBR,IND,0.0749,4,False
2025-07-01,GBR,IND,0.0452,4,True
2025-08-01,GBR,IND,0.0186,4,True
2025-09-01,GBR,IND,0.0074,4,True
2025-10-01,GBR,IND,0.0242,4,True
2025-11-01,GBR,IND,0.0989,4,False
2025-12-01,GBR,IND,0.2637,4,False
2026-01-01,GBR,IND,0.2717,4,False
2026-02-01,GBR,IND,0.2064,4,False
2026-03-01,GBR,IND,0.241,4,False
2015-01-01,GBR,CHN,0.0002,1,True
2015-02-01,GBR,CHN,0.0011,1,True
2015-03-01,GBR,CHN,0.0013,1,True
2015-04-01,GBR,CHN,0.0077,1,True
2015-05-01,GBR,CHN,0.0132,1,True
2015-06-01,GBR,CHN,0.0169,1,True
2015-07-01,GBR,CHN,0.0398,4,True
2015-08-01,GBR,CHN,0.0163,1,True
2015-09-01,GBR,CHN,0.016,1,True
2015-10-01,GBR,CHN,0.021,1,True
2015-11-01,GBR,CHN,0.0167,1,True
2015-12-01,GBR,CHN,0.0159,1,True
2016-01-01,GBR,CHN,0.0197,1,True
2016-02-01,GBR,CHN,0.0473,1,True
2016-03-01,GBR,CHN,0.0439,1,True
2016-04-01,GBR,CHN,0.0309,1,True
2016-05-01,GBR,CHN,0.037,1,True
2016-06-01,GBR,CHN,0.0362,1,True
2016-07-01,GBR,CHN,0.0668,2,False
2016-08-01,GBR,CHN,0.0439,1,True
2016-09-01,GBR,CHN,0.1235,1,False
2016-10-01,GBR,CHN,0.2627,1,False
2016-11-01,GBR,CHN,0.4155,1,False
2016-12-01,GBR,CHN,0.4456,1,False
2017-01-01,GBR,CHN,0.5635,1,False
2017-02-01,GBR,CHN,0.5851,1,False
2017-03-01,GBR,CHN,0.5915,1,False
2017-04-01,GBR,CHN,0.624,1,False
2017-05-01,GBR,CHN,0.6679,4,False
2017-06-01,GBR,CHN,0.7117,3,False
2017-07-01,GBR,CHN,0.584,3,False
2017-08-01,GBR,CHN,0.5262,4,False
2017-09-01,GBR,CHN,0.5253,4,False
2017-10-01,GBR,CHN,0.5204,4,False
2017-11-01,GBR,CHN,0.4234,4,False
2017-12-01,GBR,CHN,0.3295,1,False
2018-01-01,GBR,CHN,0.2988,1,False
2018-02-01,GBR,CHN,0.0959,4,False
2018-03-01,GBR,CHN,0.034,4,True
2018-04-01,GBR,CHN,0.0321,4,True
2018-05-01,GBR,CHN,0.0288,4,True
2018-06-01,GBR,CHN,0.0089,4,True
2018-07-01,GBR,CHN,0.0031,4,True
2018-08-01,GBR,CHN,0.0264,4,True
2018-09-01,GBR,CHN,0.0863,4,False
2018-10-01,GBR,CHN,0.0833,4,False
2018-11-01,GBR,CHN,0.1252,2,False
2018-12-01,GBR,CHN,0.1145,1,False
2019-01-01,GBR,CHN,0.1364,4,False
2019-02-01,GBR,CHN,0.1127,4,False
2019-03-01,GBR,CHN,0.1425,4,False
2019-04-01,GBR,CHN,0.1576,4,False
2019-05-01,GBR,CHN,0.1733,4,False
2019-06-01,GBR,CHN,0.195,2,False
2019-07-01,GBR,CHN,0.1512,4,False
2019-08-01,GBR,CHN,0.1258,4,False
2019-09-01,GBR,CHN,0.1056,4,False
2019-10-01,GBR,CHN,0.1286,3,False
2019-11-01,GBR,CHN,0.104,4,False
2019-12-01,GBR,CHN,0.1024,4,False
2020-01-01,GBR,CHN,0.1324,4,False
2020-02-01,GBR,CHN,0.1167,4,False
2020-03-01,GBR,CHN,0.0541,4,False
2020-04-01,GBR,CHN,0.025,4,True
2020-05-01,GBR,CHN,0.0085,3,True
2020-06-01,GBR,CHN,0.0611,2,False
2020-07-01,GBR,CHN,0.0161,3,True
2020-08-01,GBR,CHN,0.0093,3,True
2020-09-01,GBR,CHN,0.0609,3,False
2020-10-01,GBR,CHN,0.4233,3,False
2020-11-01,GBR,CHN,0.5493,3,False
2020-12-01,GBR,CHN,0.6217,3,False
2021-01-01,GBR,CHN,0.6747,3,False
2021-02-01,GBR,CHN,0.5882,4,False
2021-03-01,GBR,CHN,0.564,3,False
2021-04-01,GBR,CHN,0.2699,3,False
2021-05-01,GBR,CHN,0.2026,3,False
2021-06-01,GBR,CHN,0.1743,1,False
2021-07-01,GBR,CHN,0.1305,3,False
2021-08-01,GBR,CHN,0.1135,3,False
2021-09-01,GBR,CHN,0.1108,4,False
2021-10-01,GBR,CHN,0.0973,3,False
2021-11-01,GBR,CHN,0.1636,3,False
2021-12-01,GBR,CHN,0.2419,3,False
2022-01-01,GBR,CHN,0.231,4,False
2022-02-01,GBR,CHN,0.2623,3,False
2022-03-01,GBR,CHN,0.2766,3,False
2022-04-01,GBR,CHN,0.2237,3,False
2022-05-01,GBR,CHN,0.3152,3,False
2022-06-01,GBR,CHN,0.3083,3,False
2022-07-01,GBR,CHN,0.2497,4,False
2022-08-01,GBR,CHN,0.2456,4,False
2022-09-01,GBR,CHN,0.1475,4,False
2022-10-01,GBR,CHN,0.1532,4,False
2022-11-01,GBR,CHN,0.3443,4,False
2022-12-01,GBR,CHN,0.3261,3,False
2023-01-01,GBR,CHN,0.2576,3,False
2023-02-01,GBR,CHN,0.4538,4,False
2023-03-01,GBR,CHN,0.3812,4,False
2023-04-01,GBR,CHN,0.3922,4,False
2023-05-01,GBR,CHN,0.2087,4,False
2023-06-01,GBR,CHN,0.2116,4,False
2023-07-01,GBR,CHN,0.4291,4,False
2023-08-01,GBR,CHN,0.3436,4,False
2023-09-01,GBR,CHN,0.5373,4,False
2023-10-01,GBR,CHN,0.478,4,False
2023-11-01,GBR,CHN,0.2585,4,False
2023-12-01,GBR,CHN,0.5791,4,False
2024-01-01,GBR,CHN,0.6065,4,False
2024-02-01,GBR,CHN,0.5476,4,False
2024-03-01,GBR,CHN,0.5687,4,False
2024-04-01,GBR,CHN,0.4513,4,False
2024-05-01,GBR,CHN,0.2557,4,False
2024-06-01,GBR,CHN,0.1218,4,False
2024-07-01,GBR,CHN,0.0664,3,False
2024-08-01,GBR,CHN,0.076,2,False
2024-09-01,GBR,CHN,0.0252,1,True
2024-10-01,GBR,CHN,0.0316,1,True
2024-11-01,GBR,CHN,0.0083,1,True
2024-12-01,GBR,CHN,0.0045,1,True
2025-01-01,GBR,CHN,0.0823,1,False
2025-02-01,GBR,CHN,0.4563,4,False
2025-03-01,GBR,CHN,0.2399,4,False
2025-04-01,GBR,CHN,0.5125,3,False
2025-05-01,GBR,CHN,0.6655,3,False
2025-06-01,GBR,CHN,0.6994,1,False
2025-07-01,GBR,CHN,0.7232,1,False
2025-08-01,GBR,CHN,0.8425,2,False
2025-09-01,GBR,CHN,0.8929,3,False
2025-10-01,GBR,CHN,0.8185,1,False
2025-11-01,GBR,CHN,0.5611,1,False
2025-12-01,GBR,CHN,0.4027,1,False
2026-01-01,GBR,CHN,0.3182,1,False
2026-02-01,GBR,CHN,0.4276,4,False
2026-03-01,GBR,CHN,0.4232,4,False
2015-01-01,GBR,VNM,0.2488,2,False
2015-02-01,GBR,VNM,0.3618,2,False
2015-03-01,GBR,VNM,0.1356,2,False
2015-04-01,GBR,VNM,0.3001,3,False
2015-05-01,GBR,VNM,0.1074,3,False
2015-06-01,GBR,VNM,0.0957,4,False
2015-07-01,GBR,VNM,0.0828,3,False
2015-08-01,GBR,VNM,0.0678,4,False
2015-09-01,GBR,VNM,0.0219,4,True
2015-10-01,GBR,VNM,0.0025,3,True
2015-11-01,GBR,VNM,0.0025,2,True
2015-12-01,GBR,VNM,0.0002,1,True
2016-01-01,GBR,VNM,0.0003,1,True
2016-02-01,GBR,VNM,0.0004,1,True
2016-03-01,GBR,VNM,0.0007,1,True
2016-04-01,GBR,VNM,0.0004,1,True
2016-05-01,GBR,VNM,0.0004,1,True
2016-06-01,GBR,VNM,0.0002,1,True
2016-07-01,GBR,VNM,0.0001,1,True
2016-08-01,GBR,VNM,0.0001,1,True
2016-09-01,GBR,VNM,0.0011,1,True
2016-10-01,GBR,VNM,0.0043,1,True
2016-11-01,GBR,VNM,0.0155,1,True
2016-12-01,GBR,VNM,0.0166,1,True
2017-01-01,GBR,VNM,0.0817,2,False
2017-02-01,GBR,VNM,0.0839,2,False
2017-03-01,GBR,VNM,0.0546,2,False
2017-04-01,GBR,VNM,0.022,2,True
2017-05-01,GBR,VNM,0.0246,2,True
2017-06-01,GBR,VNM,0.0355,2,True
2017-07-01,GBR,VNM,0.0583,2,False
2017-08-01,GBR,VNM,0.043,3,True
2017-09-01,GBR,VNM,0.0482,2,True
2017-10-01,GBR,VNM,0.0521,2,False
2017-11-01,GBR,VNM,0.0376,2,True
2017-12-01,GBR,VNM,0.0327,2,True
2018-01-01,GBR,VNM,0.0247,1,True
2018-02-01,GBR,VNM,0.0485,1,True
2018-03-01,GBR,VNM,0.0373,1,True
2018-04-01,GBR,VNM,0.1251,4,False
2018-05-01,GBR,VNM,0.1644,2,False
2018-06-01,GBR,VNM,0.2308,2,False
2018-07-01,GBR,VNM,0.2439,2,False
2018-08-01,GBR,VNM,0.3044,1,False
2018-09-01,GBR,VNM,0.443,4,False
2018-10-01,GBR,VNM,0.4253,4,False
2018-11-01,GBR,VNM,0.5974,2,False
2018-12-01,GBR,VNM,0.71,3,False
2019-01-01,GBR,VNM,0.5985,2,False
2019-02-01,GBR,VNM,0.6135,3,False
2019-03-01,GBR,VNM,0.5068,3,False
2019-04-01,GBR,VNM,0.3795,3,False
2019-05-01,GBR,VNM,0.4172,3,False
2019-06-01,GBR,VNM,0.4829,3,False
2019-07-01,GBR,VNM,0.4924,3,False
2019-08-01,GBR,VNM,0.5289,3,False
2019-09-01,GBR,VNM,0.4658,4,False
2019-10-01,GBR,VNM,0.3765,3,False
2019-11-01,GBR,VNM,0.3653,3,False
2019-12-01,GBR,VNM,0.3457,3,False
2020-01-01,GBR,VNM,0.3673,2,False
2020-02-01,GBR,VNM,0.2311,1,False
2020-03-01,GBR,VNM,0.6473,1,False
2020-04-01,GBR,VNM,0.4414,4,False
2020-05-01,GBR,VNM,0.2669,4,False
2020-06-01,GBR,VNM,0.6666,2,False
2020-07-01,GBR,VNM,0.447,2,False
2020-08-01,GBR,VNM,0.2472,3,False
2020-09-01,GBR,VNM,0.3265,3,False
2020-10-01,GBR,VNM,0.1865,3,False
2020-11-01,GBR,VNM,0.2471,2,False
2020-12-01,GBR,VNM,0.2235,3,False
2021-01-01,GBR,VNM,0.147,3,False
2021-02-01,GBR,VNM,0.0895,3,False
2021-03-01,GBR,VNM,0.052,2,False
2021-04-01,GBR,VNM,0.0448,1,True
2021-05-01,GBR,VNM,0.0437,3,True
2021-06-01,GBR,VNM,0.0362,4,True
2021-07-01,GBR,VNM,0.0271,3,True
2021-08-01,GBR,VNM,0.0144,3,True
2021-09-01,GBR,VNM,0.0267,2,True
2021-10-01,GBR,VNM,0.0913,1,False
2021-11-01,GBR,VNM,0.2737,1,False
2021-12-01,GBR,VNM,0.5652,1,False
2022-01-01,GBR,VNM,0.7044,2,False
2022-02-01,GBR,VNM,0.4761,1,False
2022-03-01,GBR,VNM,0.1819,1,False
2022-04-01,GBR,VNM,0.1177,1,False
2022-05-01,GBR,VNM,0.1404,1,False
2022-06-01,GBR,VNM,0.044,1,True
2022-07-01,GBR,VNM,0.0688,1,False
2022-08-01,GBR,VNM,0.0359,1,True
2022-09-01,GBR,VNM,0.04,1,True
2022-10-01,GBR,VNM,0.0116,1,True
2022-11-01,GBR,VNM,0.0162,1,True
2022-12-01,GBR,VNM,0.0252,1,True
2023-01-01,GBR,VNM,0.0707,1,False
2023-02-01,GBR,VNM,0.0271,3,True
2023-03-01,GBR,VNM,0.0072,2,True
2023-04-01,GBR,VNM,0.0007,1,True
2023-05-01,GBR,VNM,0.0008,1,True
2023-06-01,GBR,VNM,0.0015,1,True
2023-07-01,GBR,VNM,0.0084,3,True
2023-08-01,GBR,VNM,0.0065,2,True
2023-09-01,GBR,VNM,0.0019,1,True
2023-10-01,GBR,VNM,0.0071,2,True
2023-11-01,GBR,VNM,0.0187,1,True
2023-12-01,GBR,VNM,0.026,3,True
2024-01-01,GBR,VNM,0.0066,2,True
2024-02-01,GBR,VNM,0.007,3,True
2024-03-01,GBR,VNM,0.0036,2,True
2024-04-01,GBR,VNM,0.006,4,True
2024-05-01,GBR,VNM,0.0107,4,True
2024-06-01,GBR,VNM,0.0369,2,True
2024-07-01,GBR,VNM,0.0786,2,False
2024-08-01,GBR,VNM,0.284,1,False
2024-09-01,GBR,VNM,0.3277,1,False
2024-10-01,GBR,VNM,0.4177,3,False
2024-11-01,GBR,VNM,0.4532,3,False
2024-12-01,GBR,VNM,0.3528,3,False
2025-01-01,GBR,VNM,0.132,4,False
2025-02-01,GBR,VNM,0.0689,3,False
2025-03-01,GBR,VNM,0.0512,3,False
2025-04-01,GBR,VNM,0.0586,3,False
2025-05-01,GBR,VNM,0.0336,3,True
2025-06-01,GBR,VNM,0.0312,3,True
2025-07-01,GBR,VNM,0.0179,3,True
2025-08-01,GBR,VNM,0.0178,3,True
2025-09-01,GBR,VNM,0.0201,3,True
2025-10-01,GBR,VNM,0.0327,3,True
2025-11-01,GBR,VNM,0.0303,3,True
2025-12-01,GBR,VNM,0.1192,3,False
2026-01-01,GBR,VNM,0.0816,3,False
2026-02-01,GBR,VNM,0.0679,3,False
2026-03-01,GBR,VNM,0.0944,3,False
2015-01-01,GBR,IDN,0.1112,1,False
2015-02-01,GBR,IDN,0.1313,1,False
2015-03-01,GBR,IDN,0.3884,1,False
2015-04-01,GBR,IDN,0.4162,1,False
2015-05-01,GBR,IDN,0.4039,1,False
2015-06-01,GBR,IDN,0.1838,1,False
2015-07-01,GBR,IDN,0.0445,4,True
2015-08-01,GBR,IDN,0.0027,3,True
2015-09-01,GBR,IDN,0.0008,3,True
2015-10-01,GBR,IDN,0.0005,3,True
2015-11-01,GBR,IDN,0.0016,2,True
2015-12-01,GBR,IDN,0.0058,1,True
2016-01-01,GBR,IDN,0.0209,4,True
2016-02-01,GBR,IDN,0.0866,3,False
2016-03-01,GBR,IDN,0.0555,4,False
2016-04-01,GBR,IDN,0.0048,4,True
2016-05-01,GBR,IDN,0.0043,4,True
2016-06-01,GBR,IDN,0.0307,4,True
2016-07-01,GBR,IDN,0.0864,4,False
2016-08-01,GBR,IDN,0.2243,4,False
2016-09-01,GBR,IDN,0.2402,4,False
2016-10-01,GBR,IDN,0.1915,1,False
2016-11-01,GBR,IDN,0.1573,1,False
2016-12-01,GBR,IDN,0.1679,1,False
2017-01-01,GBR,IDN,0.1091,1,False
2017-02-01,GBR,IDN,0.177,1,False
2017-03-01,GBR,IDN,0.194,1,False
2017-04-01,GBR,IDN,0.19,1,False
2017-05-01,GBR,IDN,0.1265,3,False
2017-06-01,GBR,IDN,0.1166,3,False
2017-07-01,GBR,IDN,0.1311,3,False
2017-08-01,GBR,IDN,0.1086,3,False
2017-09-01,GBR,IDN,0.0828,3,False
2017-10-01,GBR,IDN,0.162,1,False
2017-11-01,GBR,IDN,0.2268,3,False
2017-12-01,GBR,IDN,0.3257,3,False
2018-01-01,GBR,IDN,0.3474,3,False
2018-02-01,GBR,IDN,0.5544,1,False
2018-03-01,GBR,IDN,0.6769,3,False
2018-04-01,GBR,IDN,0.6136,3,False
2018-05-01,GBR,IDN,0.6756,3,False
2018-06-01,GBR,IDN,0.6776,3,False
2018-07-01,GBR,IDN,0.7065,3,False
2018-08-01,GBR,IDN,0.7571,3,False
2018-09-01,GBR,IDN,0.7049,1,False
2018-10-01,GBR,IDN,0.6512,1,False
2018-11-01,GBR,IDN,0.8477,1,False
2018-12-01,GBR,IDN,0.8718,1,False
2019-01-01,GBR,IDN,0.8072,4,False
2019-02-01,GBR,IDN,0.7835,3,False
2019-03-01,GBR,IDN,0.7194,1,False
2019-04-01,GBR,IDN,0.7504,1,False
2019-05-01,GBR,IDN,0.6664,1,False
2019-06-01,GBR,IDN,0.6397,4,False
2019-07-01,GBR,IDN,0.7287,3,False
2019-08-01,GBR,IDN,0.7117,2,False
2019-09-01,GBR,IDN,0.7614,3,False
2019-10-01,GBR,IDN,0.7522,3,False
2019-11-01,GBR,IDN,0.7213,1,False
2019-12-01,GBR,IDN,0.6352,4,False
2020-01-01,GBR,IDN,0.46,3,False
2020-02-01,GBR,IDN,0.5369,2,False
2020-03-01,GBR,IDN,0.4339,1,False
2020-04-01,GBR,IDN,0.376,4,False
2020-05-01,GBR,IDN,0.3967,4,False
2020-06-01,GBR,IDN,0.1957,4,False
2020-07-01,GBR,IDN,0.2159,4,False
2020-08-01,GBR,IDN,0.3727,2,False
2020-09-01,GBR,IDN,0.2285,4,False
2020-10-01,GBR,IDN,0.2469,4,False
2020-11-01,GBR,IDN,0.0765,2,False
2020-12-01,GBR,IDN,0.0219,1,True
2021-01-01,GBR,IDN,0.0382,1,True
2021-02-01,GBR,IDN,0.0276,1,True
2021-03-01,GBR,IDN,0.0604,1,False
2021-04-01,GBR,IDN,0.0528,1,False
2021-05-01,GBR,IDN,0.0579,1,False
2021-06-01,GBR,IDN,0.0556,1,False
2021-07-01,GBR,IDN,0.0789,1,False
2021-08-01,GBR,IDN,0.0801,1,False
2021-09-01,GBR,IDN,0.0838,1,False
2021-10-01,GBR,IDN,0.2277,1,False
2021-11-01,GBR,IDN,0.3998,1,False
2021-12-01,GBR,IDN,0.2719,1,False
2022-01-01,GBR,IDN,0.3206,1,False
2022-02-01,GBR,IDN,0.0746,1,False
2022-03-01,GBR,IDN,0.1061,3,False
2022-04-01,GBR,IDN,0.0115,1,True
2022-05-01,GBR,IDN,0.0007,1,True
2022-06-01,GBR,IDN,0.0004,1,True
2022-07-01,GBR,IDN,0.0001,1,True
2022-08-01,GBR,IDN,0.0,1,True
2022-09-01,GBR,IDN,0.0,1,True
2022-10-01,GBR,IDN,0.0001,1,True
2022-11-01,GBR,IDN,0.0001,1,True
2022-12-01,GBR,IDN,0.0002,1,True
2023-01-01,GBR,IDN,0.0009,4,True
2023-02-01,GBR,IDN,0.0005,4,True
2023-03-01,GBR,IDN,0.0006,4,True
2023-04-01,GBR,IDN,0.0053,4,True
2023-05-01,GBR,IDN,0.0046,3,True
2023-06-01,GBR,IDN,0.0059,3,True
2023-07-01,GBR,IDN,0.0093,3,True
2023-08-01,GBR,IDN,0.0151,3,True
2023-09-01,GBR,IDN,0.0106,4,True
2023-10-01,GBR,IDN,0.0084,3,True
2023-11-01,GBR,IDN,0.0257,1,True
2023-12-01,GBR,IDN,0.0372,1,True
2024-01-01,GBR,IDN,0.0499,1,True
2024-02-01,GBR,IDN,0.0407,4,True
2024-03-01,GBR,IDN,0.0386,3,True
2024-04-01,GBR,IDN,0.0387,1,True
2024-05-01,GBR,IDN,0.0306,1,True
2024-06-01,GBR,IDN,0.0232,3,True
2024-07-01,GBR,IDN,0.0332,3,True
2024-08-01,GBR,IDN,0.0278,1,True
2024-09-01,GBR,IDN,0.034,3,True
2024-10-01,GBR,IDN,0.0454,3,True
2024-11-01,GBR,IDN,0.0324,3,True
2024-12-01,GBR,IDN,0.0726,2,False
2025-01-01,GBR,IDN,0.0126,2,True
2025-02-01,GBR,IDN,0.029,2,True
2025-03-01,GBR,IDN,0.028,2,True
2025-04-01,GBR,IDN,0.0232,2,True
2025-05-01,GBR,IDN,0.048,2,True
2025-06-01,GBR,IDN,0.0272,4,True
2025-07-01,GBR,IDN,0.035,4,True
2025-08-01,GBR,IDN,0.0371,2,True
2025-09-01,GBR,IDN,0.0161,1,True
2025-10-01,GBR,IDN,0.0236,1,True
2025-11-01,GBR,IDN,0.0415,1,True
2025-12-01,GBR,IDN,0.0301,1,True
2026-01-01,GBR,IDN,0.071,4,False
2026-02-01,GBR,IDN,0.0771,1,False
2026-03-01,GBR,IDN,0.047,1,True
2015-01-01,GBR,THA,0.0123,4,True
2015-02-01,GBR,THA,0.1361,4,False
2015-03-01,GBR,THA,0.0241,3,True
2015-04-01,GBR,THA,0.0567,3,False
2015-05-01,GBR,THA,0.1278,3,False
2015-06-01,GBR,THA,0.0914,3,False
2015-07-01,GBR,THA,0.1,4,False
2015-08-01,GBR,THA,0.0783,3,False
2015-09-01,GBR,THA,0.0909,3,False
2015-10-01,GBR,THA,0.1332,3,False
2015-11-01,GBR,THA,0.1197,3,False
2015-12-01,GBR,THA,0.1805,3,False
2016-01-01,GBR,THA,0.1042,3,False
2016-02-01,GBR,THA,0.1142,3,False
2016-03-01,GBR,THA,0.1908,4,False
2016-04-01,GBR,THA,0.1798,2,False
2016-05-01,GBR,THA,0.1548,1,False
2016-06-01,GBR,THA,0.1414,1,False
2016-07-01,GBR,THA,0.1471,1,False
2016-08-01,GBR,THA,0.151,1,False
2016-09-01,GBR,THA,0.1103,1,False
2016-10-01,GBR,THA,0.0785,1,False
2016-11-01,GBR,THA,0.0838,1,False
2016-12-01,GBR,THA,0.0821,1,False
2017-01-01,GBR,THA,0.0916,1,False
2017-02-01,GBR,THA,0.0574,3,False
2017-03-01,GBR,THA,0.0347,1,True
2017-04-01,GBR,THA,0.024,1,True
2017-05-01,GBR,THA,0.0287,1,True
2017-06-01,GBR,THA,0.109,1,False
2017-07-01,GBR,THA,0.0746,1,False
2017-08-01,GBR,THA,0.0406,1,True
2017-09-01,GBR,THA,0.0562,4,False
2017-10-01,GBR,THA,0.0077,3,True
2017-11-01,GBR,THA,0.0077,2,True
2017-12-01,GBR,THA,0.0166,2,True
2018-01-01,GBR,THA,0.0144,2,True
2018-02-01,GBR,THA,0.0031,2,True
2018-03-01,GBR,THA,0.0027,2,True
2018-04-01,GBR,THA,0.0039,2,True
2018-05-01,GBR,THA,0.0067,2,True
2018-06-01,GBR,THA,0.0037,4,True
2018-07-01,GBR,THA,0.0025,2,True
2018-08-01,GBR,THA,0.0009,2,True
2018-09-01,GBR,THA,0.0014,2,True
2018-10-01,GBR,THA,0.0027,2,True
2018-11-01,GBR,THA,0.0042,2,True
2018-12-01,GBR,THA,0.0077,2,True
2019-01-01,GBR,THA,0.0222,4,True
2019-02-01,GBR,THA,0.0164,4,True
2019-03-01,GBR,THA,0.0218,3,True
2019-04-01,GBR,THA,0.0287,2,True
2019-05-01,GBR,THA,0.0474,4,True
2019-06-01,GBR,THA,0.0222,4,True
2019-07-01,GBR,THA,0.0079,4,True
2019-08-01,GBR,THA,0.0207,4,True
2019-09-01,GBR,THA,0.1116,4,False
2019-10-01,GBR,THA,0.1654,4,False
2019-11-01,GBR,THA,0.2056,4,False
2019-12-01,GBR,THA,0.2729,4,False
2020-01-01,GBR,THA,0.313,4,False
2020-02-01,GBR,THA,0.3266,4,False
2020-03-01,GBR,THA,0.1302,4,False
2020-04-01,GBR,THA,0.1298,4,False
2020-05-01,GBR,THA,0.1702,4,False
2020-06-01,GBR,THA,0.3169,4,False
2020-07-01,GBR,THA,0.3425,4,False
2020-08-01,GBR,THA,0.344,4,False
2020-09-01,GBR,THA,0.4463,4,False
2020-10-01,GBR,THA,0.3436,4,False
2020-11-01,GBR,THA,0.4437,4,False
2020-12-01,GBR,THA,0.3473,4,False
2021-01-01,GBR,THA,0.1463,4,False
2021-02-01,GBR,THA,0.2308,4,False
2021-03-01,GBR,THA,0.2077,4,False
2021-04-01,GBR,THA,0.2897,4,False
2021-05-01,GBR,THA,0.1731,4,False
2021-06-01,GBR,THA,0.0621,4,False
2021-07-01,GBR,THA,0.0988,4,False
2021-08-01,GBR,THA,0.135,4,False
2021-09-01,GBR,THA,0.0888,4,False
2021-10-01,GBR,THA,0.1125,4,False
2021-11-01,GBR,THA,0.13,4,False
2021-12-01,GBR,THA,0.1369,4,False
2022-01-01,GBR,THA,0.061,4,False
2022-02-01,GBR,THA,0.0399,3,True
2022-03-01,GBR,THA,0.0376,2,True
2022-04-01,GBR,THA,0.0245,3,True
2022-05-01,GBR,THA,0.0227,3,True
2022-06-01,GBR,THA,0.0226,3,True
2022-07-01,GBR,THA,0.0258,3,True
2022-08-01,GBR,THA,0.0252,3,True
2022-09-01,GBR,THA,0.0197,3,True
2022-10-01,GBR,THA,0.027,3,True
2022-11-01,GBR,THA,0.0312,2,True
2022-12-01,GBR,THA,0.0454,2,True
2023-01-01,GBR,THA,0.0469,3,True
2023-02-01,GBR,THA,0.0111,3,True
2023-03-01,GBR,THA,0.0106,3,True
2023-04-01,GBR,THA,0.0223,2,True
2023-05-01,GBR,THA,0.0208,3,True
2023-06-01,GBR,THA,0.1165,3,False
2023-07-01,GBR,THA,0.0684,1,False
2023-08-01,GBR,THA,0.035,1,True
2023-09-01,GBR,THA,0.0318,1,True
2023-10-01,GBR,THA,0.0539,1,False
2023-11-01,GBR,THA,0.0402,1,True
2023-12-01,GBR,THA,0.0317,1,True
2024-01-01,GBR,THA,0.0365,1,True
2024-02-01,GBR,THA,0.0198,1,True
2024-03-01,GBR,THA,0.0188,1,True
2024-04-01,GBR,THA,0.0178,1,True
2024-05-01,GBR,THA,0.0114,1,True
2024-06-01,GBR,THA,0.0066,1,True
2024-07-01,GBR,THA,0.0055,1,True
2024-08-01,GBR,THA,0.0044,1,True
2024-09-01,GBR,THA,0.004,1,True
2024-10-01,GBR,THA,0.0059,1,True
2024-11-01,GBR,THA,0.0028,1,True
2024-12-01,GBR,THA,0.0008,1,True
2025-01-01,GBR,THA,0.0029,1,True
2025-02-01,GBR,THA,0.0045,1,True
2025-03-01,GBR,THA,0.0265,1,True
2025-04-01,GBR,THA,0.0769,1,False
2025-05-01,GBR,THA,0.0853,1,False
2025-06-01,GBR,THA,0.121,1,False
2025-07-01,GBR,THA,0.1492,1,False
2025-08-01,GBR,THA,0.1226,1,False
2025-09-01,GBR,THA,0.1647,1,False
2025-10-01,GBR,THA,0.226,1,False
2025-11-01,GBR,THA,0.2522,2,False
2025-12-01,GBR,THA,0.2714,2,False
2026-01-01,GBR,THA,0.057,4,False
2026-02-01,GBR,THA,0.0117,4,True
2026-03-01,GBR,THA,0.0017,4,True
2015-01-01,GBR,BRA,0.0071,2,True
2015-02-01,GBR,BRA,0.0011,1,True
2015-03-01,GBR,BRA,0.0054,1,True
2015-04-01,GBR,BRA,0.0057,1,True
2015-05-01,GBR,BRA,0.0042,1,True
2015-06-01,GBR,BRA,0.0039,1,True
2015-07-01,GBR,BRA,0.0031,1,True
2015-08-01,GBR,BRA,0.0067,1,True
2015-09-01,GBR,BRA,0.0166,1,True
2015-10-01,GBR,BRA,0.0172,1,True
2015-11-01,GBR,BRA,0.0179,1,True
2015-12-01,GBR,BRA,0.0327,1,True
2016-01-01,GBR,BRA,0.028,4,True
2016-02-01,GBR,BRA,0.0027,4,True
2016-03-01,GBR,BRA,0.0001,3,True
2016-04-01,GBR,BRA,0.0001,2,True
2016-05-01,GBR,BRA,0.0,1,True
2016-06-01,GBR,BRA,0.0001,2,True
2016-07-01,GBR,BRA,0.0001,1,True
2016-08-01,GBR,BRA,0.0006,1,True
2016-09-01,GBR,BRA,0.0014,1,True
2016-10-01,GBR,BRA,0.0008,1,True
2016-11-01,GBR,BRA,0.0011,1,True
2016-12-01,GBR,BRA,0.0016,1,True
2017-01-01,GBR,BRA,0.0026,1,True
2017-02-01,GBR,BRA,0.0006,1,True
2017-03-01,GBR,BRA,0.0008,1,True
2017-04-01,GBR,BRA,0.0601,1,False
2017-05-01,GBR,BRA,0.2202,2,False
2017-06-01,GBR,BRA,0.1644,2,False
2017-07-01,GBR,BRA,0.133,2,False
2017-08-01,GBR,BRA,0.2525,2,False
2017-09-01,GBR,BRA,0.2374,2,False
2017-10-01,GBR,BRA,0.0785,2,False
2017-11-01,GBR,BRA,0.0896,2,False
2017-12-01,GBR,BRA,0.0346,2,True
2018-01-01,GBR,BRA,0.0937,1,False
2018-02-01,GBR,BRA,0.0598,1,False
2018-03-01,GBR,BRA,0.0631,1,False
2018-04-01,GBR,BRA,0.0764,1,False
2018-05-01,GBR,BRA,0.0425,1,True
2018-06-01,GBR,BRA,0.0666,1,False
2018-07-01,GBR,BRA,0.1128,1,False
2018-08-01,GBR,BRA,0.5334,1,False
2018-09-01,GBR,BRA,0.5491,4,False
2018-10-01,GBR,BRA,0.6616,4,False
2018-11-01,GBR,BRA,0.6613,4,False
2018-12-01,GBR,BRA,0.6273,4,False
2019-01-01,GBR,BRA,0.5778,1,False
2019-02-01,GBR,BRA,0.5801,1,False
2019-03-01,GBR,BRA,0.4052,4,False
2019-04-01,GBR,BRA,0.3814,4,False
2019-05-01,GBR,BRA,0.368,4,False
2019-06-01,GBR,BRA,0.6871,4,False
2019-07-01,GBR,BRA,0.6574,4,False
2019-08-01,GBR,BRA,0.68,4,False
2019-09-01,GBR,BRA,0.798,1,False
2019-10-01,GBR,BRA,0.8449,1,False
2019-11-01,GBR,BRA,0.872,1,False
2019-12-01,GBR,BRA,0.5599,1,False
2020-01-01,GBR,BRA,0.5807,1,False
2020-02-01,GBR,BRA,0.3643,1,False
2020-03-01,GBR,BRA,0.46,1,False
2020-04-01,GBR,BRA,0.3338,1,False
2020-05-01,GBR,BRA,0.7714,3,False
2020-06-01,GBR,BRA,0.7128,3,False
2020-07-01,GBR,BRA,0.289,2,False
2020-08-01,GBR,BRA,0.2389,1,False
2020-09-01,GBR,BRA,0.272,1,False
2020-10-01,GBR,BRA,0.2535,1,False
2020-11-01,GBR,BRA,0.4627,1,False
2020-12-01,GBR,BRA,0.4375,1,False
2021-01-01,GBR,BRA,0.4963,1,False
2021-02-01,GBR,BRA,0.5292,1,False
2021-03-01,GBR,BRA,0.1082,1,False
2021-04-01,GBR,BRA,0.0726,1,False
2021-05-01,GBR,BRA,0.0811,1,False
2021-06-01,GBR,BRA,0.0945,1,False
2021-07-01,GBR,BRA,0.0527,1,False
2021-08-01,GBR,BRA,0.0571,1,False
2021-09-01,GBR,BRA,0.0553,1,False
2021-10-01,GBR,BRA,0.0542,1,False
2021-11-01,GBR,BRA,0.0281,4,True
2021-12-01,GBR,BRA,0.0172,3,True
2022-01-01,GBR,BRA,0.0179,2,True
2022-02-01,GBR,BRA,0.0228,3,True
2022-03-01,GBR,BRA,0.0188,4,True
2022-04-01,GBR,BRA,0.0151,3,True
2022-05-01,GBR,BRA,0.0178,3,True
2022-06-01,GBR,BRA,0.0212,3,True
2022-07-01,GBR,BRA,0.1167,3,False
2022-08-01,GBR,BRA,0.2004,1,False
2022-09-01,GBR,BRA,0.2423,1,False
2022-10-01,GBR,BRA,0.066,1,False
2022-11-01,GBR,BRA,0.1584,1,False
2022-12-01,GBR,BRA,0.2555,1,False
2023-01-01,GBR,BRA,0.4062,1,False
2023-02-01,GBR,BRA,0.131,3,False
2023-03-01,GBR,BRA,0.1095,1,False
2023-04-01,GBR,BRA,0.0389,1,True
2023-05-01,GBR,BRA,0.0276,1,True
2023-06-01,GBR,BRA,0.0185,1,True
2023-07-01,GBR,BRA,0.0097,1,True
2023-08-01,GBR,BRA,0.0032,1,True
2023-09-01,GBR,BRA,0.001,1,True
2023-10-01,GBR,BRA,0.0014,1,True
2023-11-01,GBR,BRA,0.0011,1,True
2023-12-01,GBR,BRA,0.0004,1,True
2024-01-01,GBR,BRA,0.0002,1,True
2024-02-01,GBR,BRA,0.0001,1,True
2024-03-01,GBR,BRA,0.0001,1,True
2024-04-01,GBR,BRA,0.0001,1,True
2024-05-01,GBR,BRA,0.0001,1,True
2024-06-01,GBR,BRA,0.0002,1,True
2024-07-01,GBR,BRA,0.0001,1,True
2024-08-01,GBR,BRA,0.0002,1,True
2024-09-01,GBR,BRA,0.003,1,True
2024-10-01,GBR,BRA,0.0068,1,True
2024-11-01,GBR,BRA,0.0055,1,True
2024-12-01,GBR,BRA,0.0196,1,True
2025-01-01,GBR,BRA,0.0184,1,True
2025-02-01,GBR,BRA,0.0097,1,True
2025-03-01,GBR,BRA,0.0166,1,True
2025-04-01,GBR,BRA,0.0264,1,True
2025-05-01,GBR,BRA,0.0411,1,True
2025-06-01,GBR,BRA,0.1658,1,False
2025-07-01,GBR,BRA,0.2003,1,False
2025-08-01,GBR,BRA,0.3627,1,False
2025-09-01,GBR,BRA,0.222,4,False
2025-10-01,GBR,BRA,0.3012,3,False
2025-11-01,GBR,BRA,0.3125,3,False
2025-12-01,GBR,BRA,0.2888,3,False
2026-01-01,GBR,BRA,0.3223,3,False
2026-02-01,GBR,BRA,0.3102,3,False
2026-03-01,GBR,BRA,0.1995,3,False
2015-01-01,GBR,ZAF,0.0421,1,True
2015-02-01,GBR,ZAF,0.053,1,False
2015-03-01,GBR,ZAF,0.2364,1,False
2015-04-01,GBR,ZAF,0.6132,1,False
2015-05-01,GBR,ZAF,0.8579,1,False
2015-06-01,GBR,ZAF,0.2688,1,False
2015-07-01,GBR,ZAF,0.3051,1,False
2015-08-01,GBR,ZAF,0.3629,1,False
2015-09-01,GBR,ZAF,0.85,2,False
2015-10-01,GBR,ZAF,0.2077,1,False
2015-11-01,GBR,ZAF,0.0551,1,False
2015-12-01,GBR,ZAF,0.0727,1,False
2016-01-01,GBR,ZAF,0.0419,1,True
2016-02-01,GBR,ZAF,0.0221,1,True
2016-03-01,GBR,ZAF,0.0256,1,True
2016-04-01,GBR,ZAF,0.0592,1,False
2016-05-01,GBR,ZAF,0.0318,1,True
2016-06-01,GBR,ZAF,0.039,1,True
2016-07-01,GBR,ZAF,0.0455,1,True
2016-08-01,GBR,ZAF,0.0311,1,True
2016-09-01,GBR,ZAF,0.01,4,True
2016-10-01,GBR,ZAF,0.0131,1,True
2016-11-01,GBR,ZAF,0.0078,1,True
2016-12-01,GBR,ZAF,0.0127,1,True
2017-01-01,GBR,ZAF,0.0334,1,True
2017-02-01,GBR,ZAF,0.1837,1,False
2017-03-01,GBR,ZAF,0.1395,1,False
2017-04-01,GBR,ZAF,0.1594,1,False
2017-05-01,GBR,ZAF,0.134,2,False
2017-06-01,GBR,ZAF,0.0645,1,False
2017-07-01,GBR,ZAF,0.0466,1,True
2017-08-01,GBR,ZAF,0.1117,1,False
2017-09-01,GBR,ZAF,0.0812,1,False
2017-10-01,GBR,ZAF,0.3142,1,False
2017-11-01,GBR,ZAF,0.3169,4,False
2017-12-01,GBR,ZAF,0.2915,4,False
2018-01-01,GBR,ZAF,0.3274,2,False
2018-02-01,GBR,ZAF,0.3699,4,False
2018-03-01,GBR,ZAF,0.1556,3,False
2018-04-01,GBR,ZAF,0.1098,3,False
2018-05-01,GBR,ZAF,0.1166,2,False
2018-06-01,GBR,ZAF,0.1875,3,False
2018-07-01,GBR,ZAF,0.4901,2,False
2018-08-01,GBR,ZAF,0.5619,3,False
2018-09-01,GBR,ZAF,0.4229,1,False
2018-10-01,GBR,ZAF,0.166,1,False
2018-11-01,GBR,ZAF,0.4423,1,False
2018-12-01,GBR,ZAF,0.2604,1,False
2019-01-01,GBR,ZAF,0.1352,1,False
2019-02-01,GBR,ZAF,0.0972,1,False
2019-03-01,GBR,ZAF,0.0855,1,False
2019-04-01,GBR,ZAF,0.0787,1,False
2019-05-01,GBR,ZAF,0.0608,3,False
2019-06-01,GBR,ZAF,0.0923,3,False
2019-07-01,GBR,ZAF,0.0766,1,False
2019-08-01,GBR,ZAF,0.0492,1,True
2019-09-01,GBR,ZAF,0.0611,1,False
2019-10-01,GBR,ZAF,0.0588,1,False
2019-11-01,GBR,ZAF,0.2366,4,False
2019-12-01,GBR,ZAF,0.2632,4,False
2020-01-01,GBR,ZAF,0.3314,4,False
2020-02-01,GBR,ZAF,0.4454,4,False
2020-03-01,GBR,ZAF,0.3768,4,False
2020-04-01,GBR,ZAF,0.3049,4,False
2020-05-01,GBR,ZAF,0.1662,4,False
2020-06-01,GBR,ZAF,0.2926,4,False
2020-07-01,GBR,ZAF,0.3361,4,False
2020-08-01,GBR,ZAF,0.6704,1,False
2020-09-01,GBR,ZAF,0.6076,4,False
2020-10-01,GBR,ZAF,0.4525,4,False
2020-11-01,GBR,ZAF,0.5411,4,False
2020-12-01,GBR,ZAF,0.5522,4,False
2021-01-01,GBR,ZAF,0.3301,4,False
2021-02-01,GBR,ZAF,0.4422,4,False
2021-03-01,GBR,ZAF,0.246,4,False
2021-04-01,GBR,ZAF,0.1897,4,False
2021-05-01,GBR,ZAF,0.385,4,False
2021-06-01,GBR,ZAF,0.3347,2,False
2021-07-01,GBR,ZAF,0.1916,2,False
2021-08-01,GBR,ZAF,0.1247,3,False
2021-09-01,GBR,ZAF,0.0404,2,True
2021-10-01,GBR,ZAF,0.0501,2,False
2021-11-01,GBR,ZAF,0.0504,2,False
2021-12-01,GBR,ZAF,0.0792,2,False
2022-01-01,GBR,ZAF,0.0322,2,True
2022-02-01,GBR,ZAF,0.4509,2,False
2022-03-01,GBR,ZAF,0.2111,2,False
2022-04-01,GBR,ZAF,0.513,1,False
2022-05-01,GBR,ZAF,0.3352,1,False
2022-06-01,GBR,ZAF,0.3511,1,False
2022-07-01,GBR,ZAF,0.488,1,False
2022-08-01,GBR,ZAF,0.1408,1,False
2022-09-01,GBR,ZAF,0.0585,1,False
2022-10-01,GBR,ZAF,0.0153,1,True
2022-11-01,GBR,ZAF,0.0378,1,True
2022-12-01,GBR,ZAF,0.0303,1,True
2023-01-01,GBR,ZAF,0.0331,1,True
2023-02-01,GBR,ZAF,0.0116,1,True
2023-03-01,GBR,ZAF,0.0135,1,True
2023-04-01,GBR,ZAF,0.0466,1,True
2023-05-01,GBR,ZAF,0.0249,1,True
2023-06-01,GBR,ZAF,0.0274,1,True
2023-07-01,GBR,ZAF,0.0365,1,True
2023-08-01,GBR,ZAF,0.0726,1,False
2023-09-01,GBR,ZAF,0.0763,1,False
2023-10-01,GBR,ZAF,0.0524,1,False
2023-11-01,GBR,ZAF,0.0664,1,False
2023-12-01,GBR,ZAF,0.0339,1,True
2024-01-01,GBR,ZAF,0.0465,1,True
2024-02-01,GBR,ZAF,0.0164,1,True
2024-03-01,GBR,ZAF,0.0205,1,True
2024-04-01,GBR,ZAF,0.031,1,True
2024-05-01,GBR,ZAF,0.0258,1,True
2024-06-01,GBR,ZAF,0.0275,1,True
2024-07-01,GBR,ZAF,0.0486,1,True
2024-08-01,GBR,ZAF,0.0252,3,True
2024-09-01,GBR,ZAF,0.0287,1,True
2024-10-01,GBR,ZAF,0.026,3,True
2024-11-01,GBR,ZAF,0.0294,4,True
2024-12-01,GBR,ZAF,0.012,3,True
2025-01-01,GBR,ZAF,0.0198,3,True
2025-02-01,GBR,ZAF,0.0297,3,True
2025-03-01,GBR,ZAF,0.0648,3,False
2025-04-01,GBR,ZAF,0.0927,3,False
2025-05-01,GBR,ZAF,0.0799,3,False
2025-06-01,GBR,ZAF,0.0814,3,False
2025-07-01,GBR,ZAF,0.092,3,False
2025-08-01,GBR,ZAF,0.063,3,False
2025-09-01,GBR,ZAF,0.0548,3,False
2025-10-01,GBR,ZAF,0.0642,3,False
2025-11-01,GBR,ZAF,0.0609,2,False
2025-12-01,GBR,ZAF,0.1289,2,False
2026-01-01,GBR,ZAF,0.127,2,False
2026-02-01,GBR,ZAF,0.1311,2,False
2026-03-01,GBR,ZAF,0.2008,2,False
2015-01-01,GBR,MEX,0.6908,1,False
2015-02-01,GBR,MEX,0.5618,3,False
2015-03-01,GBR,MEX,0.4618,3,False
2015-04-01,GBR,MEX,0.1089,3,False
2015-05-01,GBR,MEX,0.1011,3,False
2015-06-01,GBR,MEX,0.0769,3,False
2015-07-01,GBR,MEX,0.0753,3,False
2015-08-01,GBR,MEX,0.099,3,False
2015-09-01,GBR,MEX,0.0923,1,False
2015-10-01,GBR,MEX,0.221,1,False
2015-11-01,GBR,MEX,0.1636,3,False
2015-12-01,GBR,MEX,0.1485,1,False
2016-01-01,GBR,MEX,0.1083,1,False
2016-02-01,GBR,MEX,0.1097,1,False
2016-03-01,GBR,MEX,0.12,1,False
2016-04-01,GBR,MEX,0.1501,1,False
2016-05-01,GBR,MEX,0.2494,1,False
2016-06-01,GBR,MEX,0.2151,1,False
2016-07-01,GBR,MEX,0.16,1,False
2016-08-01,GBR,MEX,0.1018,1,False
2016-09-01,GBR,MEX,0.0731,1,False
2016-10-01,GBR,MEX,0.1505,1,False
2016-11-01,GBR,MEX,0.1127,3,False
2016-12-01,GBR,MEX,0.1173,1,False
2017-01-01,GBR,MEX,0.0504,1,False
2017-02-01,GBR,MEX,0.0544,3,False
2017-03-01,GBR,MEX,0.0178,1,True
2017-04-01,GBR,MEX,0.0159,1,True
2017-05-01,GBR,MEX,0.0129,1,True
2017-06-01,GBR,MEX,0.0039,1,True
2017-07-01,GBR,MEX,0.0028,1,True
2017-08-01,GBR,MEX,0.0117,1,True
2017-09-01,GBR,MEX,0.0111,1,True
2017-10-01,GBR,MEX,0.0093,1,True
2017-11-01,GBR,MEX,0.0065,1,True
2017-12-01,GBR,MEX,0.0053,1,True
2018-01-01,GBR,MEX,0.0119,1,True
2018-02-01,GBR,MEX,0.0086,1,True
2018-03-01,GBR,MEX,0.0107,1,True
2018-04-01,GBR,MEX,0.0105,1,True
2018-05-01,GBR,MEX,0.0118,1,True
2018-06-01,GBR,MEX,0.0095,1,True
2018-07-01,GBR,MEX,0.0201,1,True
2018-08-01,GBR,MEX,0.0227,2,True
2018-09-01,GBR,MEX,0.1136,1,False
2018-10-01,GBR,MEX,0.0383,1,True
2018-11-01,GBR,MEX,0.0802,1,False
2018-12-01,GBR,MEX,0.1103,1,False
2019-01-01,GBR,MEX,0.1972,1,False
2019-02-01,GBR,MEX,0.216,2,False
2019-03-01,GBR,MEX,0.1634,2,False
2019-04-01,GBR,MEX,0.3159,2,False
2019-05-01,GBR,MEX,0.3152,1,False
2019-06-01,GBR,MEX,0.2689,2,False
2019-07-01,GBR,MEX,0.3533,2,False
2019-08-01,GBR,MEX,0.43,2,False
2019-09-01,GBR,MEX,0.3928,2,False
2019-10-01,GBR,MEX,0.4016,3,False
2019-11-01,GBR,MEX,0.3597,2,False
2019-12-01,GBR,MEX,0.1772,1,False
2020-01-01,GBR,MEX,0.1375,1,False
2020-02-01,GBR,MEX,0.3111,1,False
2020-03-01,GBR,MEX,0.2617,1,False
2020-04-01,GBR,MEX,0.2266,1,False
2020-05-01,GBR,MEX,0.6325,4,False
2020-06-01,GBR,MEX,0.6143,4,False
2020-07-01,GBR,MEX,0.7311,4,False
2020-08-01,GBR,MEX,0.7822,1,False
2020-09-01,GBR,MEX,0.6765,4,False
2020-10-01,GBR,MEX,0.762,4,False
2020-11-01,GBR,MEX,0.7349,1,False
2020-12-01,GBR,MEX,0.4195,1,False
2021-01-01,GBR,MEX,0.7751,1,False
2021-02-01,GBR,MEX,0.5669,1,False
2021-03-01,GBR,MEX,0.5292,2,False
2021-04-01,GBR,MEX,0.4492,1,False
2021-05-01,GBR,MEX,0.1798,4,False
2021-06-01,GBR,MEX,0.1477,4,False
2021-07-01,GBR,MEX,0.0867,4,False
2021-08-01,GBR,MEX,0.0388,4,True
2021-09-01,GBR,MEX,0.033,1,True
2021-10-01,GBR,MEX,0.0379,1,True
2021-11-01,GBR,MEX,0.0152,1,True
2021-12-01,GBR,MEX,0.0296,1,True
2022-01-01,GBR,MEX,0.0471,1,True
2022-02-01,GBR,MEX,0.0663,1,False
2022-03-01,GBR,MEX,0.1746,1,False
2022-04-01,GBR,MEX,0.1135,1,False
2022-05-01,GBR,MEX,0.0899,1,False
2022-06-01,GBR,MEX,0.0919,1,False
2022-07-01,GBR,MEX,0.1006,4,False
2022-08-01,GBR,MEX,0.3113,4,False
2022-09-01,GBR,MEX,0.4039,1,False
2022-10-01,GBR,MEX,0.0872,4,False
2022-11-01,GBR,MEX,0.0573,4,False
2022-12-01,GBR,MEX,0.1142,4,False
2023-01-01,GBR,MEX,0.137,1,False
2023-02-01,GBR,MEX,0.0529,1,False
2023-03-01,GBR,MEX,0.0277,4,True
2023-04-01,GBR,MEX,0.0041,4,True
2023-05-01,GBR,MEX,0.0055,4,True
2023-06-01,GBR,MEX,0.004,4,True
2023-07-01,GBR,MEX,0.0032,4,True
2023-08-01,GBR,MEX,0.0028,4,True
2023-09-01,GBR,MEX,0.0024,4,True
2023-10-01,GBR,MEX,0.0133,4,True
2023-11-01,GBR,MEX,0.0156,4,True
2023-12-01,GBR,MEX,0.0107,4,True
2024-01-01,GBR,MEX,0.0087,1,True
2024-02-01,GBR,MEX,0.0035,1,True
2024-03-01,GBR,MEX,0.0024,1,True
2024-04-01,GBR,MEX,0.0015,1,True
2024-05-01,GBR,MEX,0.0008,1,True
2024-06-01,GBR,MEX,0.0019,1,True
2024-07-01,GBR,MEX,0.0044,1,True
2024-08-01,GBR,MEX,0.0021,1,True
2024-09-01,GBR,MEX,0.0019,1,True
2024-10-01,GBR,MEX,0.0019,1,True
2024-11-01,GBR,MEX,0.0012,1,True
2024-12-01,GBR,MEX,0.009,1,True
2025-01-01,GBR,MEX,0.0562,1,False
2025-02-01,GBR,MEX,0.1476,4,False
2025-03-01,GBR,MEX,0.4765,1,False
2025-04-01,GBR,MEX,0.486,3,False
2025-05-01,GBR,MEX,0.7897,3,False
2025-06-01,GBR,MEX,0.9088,3,False
2025-07-01,GBR,MEX,0.3443,1,False
2025-08-01,GBR,MEX,0.1761,1,False
2025-09-01,GBR,MEX,0.1453,4,False
2025-10-01,GBR,MEX,0.1462,1,False
2025-11-01,GBR,MEX,0.105,4,False
2025-12-01,GBR,MEX,0.0419,1,True
2026-01-01,GBR,MEX,0.0453,1,True
2026-02-01,GBR,MEX,0.0342,1,True
2026-03-01,GBR,MEX,0.0367,1,True
2015-01-01,GBR,SGP,0.0811,1,False
2015-02-01,GBR,SGP,0.0455,1,True
2015-03-01,GBR,SGP,0.0273,1,True
2015-04-01,GBR,SGP,0.0443,1,True
2015-05-01,GBR,SGP,0.1306,1,False
2015-06-01,GBR,SGP,0.1995,1,False
2015-07-01,GBR,SGP,0.2653,1,False
2015-08-01,GBR,SGP,0.2321,1,False
2015-09-01,GBR,SGP,0.1321,4,False
2015-10-01,GBR,SGP,0.1696,1,False
2015-11-01,GBR,SGP,0.2358,1,False
2015-12-01,GBR,SGP,0.0772,1,False
2016-01-01,GBR,SGP,0.1836,1,False
2016-02-01,GBR,SGP,0.1826,1,False
2016-03-01,GBR,SGP,0.17,1,False
2016-04-01,GBR,SGP,0.129,1,False
2016-05-01,GBR,SGP,0.1421,1,False
2016-06-01,GBR,SGP,0.167,1,False
2016-07-01,GBR,SGP,0.2165,1,False
2016-08-01,GBR,SGP,0.2585,1,False
2016-09-01,GBR,SGP,0.2969,1,False
2016-10-01,GBR,SGP,0.3002,1,False
2016-11-01,GBR,SGP,0.3783,1,False
2016-12-01,GBR,SGP,0.2707,1,False
2017-01-01,GBR,SGP,0.2644,1,False
2017-02-01,GBR,SGP,0.1349,1,False
2017-03-01,GBR,SGP,0.3924,3,False
2017-04-01,GBR,SGP,0.2703,2,False
2017-05-01,GBR,SGP,0.1885,3,False
2017-06-01,GBR,SGP,0.2053,3,False
2017-07-01,GBR,SGP,0.1897,2,False
2017-08-01,GBR,SGP,0.1434,3,False
2017-09-01,GBR,SGP,0.0964,4,False
2017-10-01,GBR,SGP,0.1118,4,False
2017-11-01,GBR,SGP,0.0908,4,False
2017-12-01,GBR,SGP,0.3217,4,False
2018-01-01,GBR,SGP,0.3387,4,False
2018-02-01,GBR,SGP,0.3432,4,False
2018-03-01,GBR,SGP,0.2804,4,False
2018-04-01,GBR,SGP,0.3141,4,False
2018-05-01,GBR,SGP,0.1916,4,False
2018-06-01,GBR,SGP,0.1349,4,False
2018-07-01,GBR,SGP,0.059,4,False
2018-08-01,GBR,SGP,0.0778,4,False
2018-09-01,GBR,SGP,0.0797,3,False
2018-10-01,GBR,SGP,0.0666,2,False
2018-11-01,GBR,SGP,0.0084,1,True
2018-12-01,GBR,SGP,0.0178,1,True
2019-01-01,GBR,SGP,0.0293,1,True
2019-02-01,GBR,SGP,0.0206,1,True
2019-03-01,GBR,SGP,0.015,1,True
2019-04-01,GBR,SGP,0.0063,1,True
2019-05-01,GBR,SGP,0.0148,1,True
2019-06-01,GBR,SGP,0.0256,1,True
2019-07-01,GBR,SGP,0.0291,2,True
2019-08-01,GBR,SGP,0.0071,1,True
2019-09-01,GBR,SGP,0.0118,1,True
2019-10-01,GBR,SGP,0.0993,4,False
2019-11-01,GBR,SGP,0.1951,1,False
2019-12-01,GBR,SGP,0.3631,1,False
2020-01-01,GBR,SGP,0.1917,1,False
2020-02-01,GBR,SGP,0.1728,2,False
2020-03-01,GBR,SGP,0.2868,2,False
2020-04-01,GBR,SGP,0.2564,2,False
2020-05-01,GBR,SGP,0.2849,2,False
2020-06-01,GBR,SGP,0.488,4,False
2020-07-01,GBR,SGP,0.4572,4,False
2020-08-01,GBR,SGP,0.6062,1,False
2020-09-01,GBR,SGP,0.5967,1,False
2020-10-01,GBR,SGP,0.3935,1,False
2020-11-01,GBR,SGP,0.4148,1,False
2020-12-01,GBR,SGP,0.4103,1,False
2021-01-01,GBR,SGP,0.4396,1,False
2021-02-01,GBR,SGP,0.6001,1,False
2021-03-01,GBR,SGP,0.7754,1,False
2021-04-01,GBR,SGP,0.745,2,False
2021-05-01,GBR,SGP,0.5282,1,False
2021-06-01,GBR,SGP,0.4278,4,False
2021-07-01,GBR,SGP,0.2086,4,False
2021-08-01,GBR,SGP,0.1129,4,False
2021-09-01,GBR,SGP,0.167,4,False
2021-10-01,GBR,SGP,0.1787,4,False
2021-11-01,GBR,SGP,0.2097,2,False
2021-12-01,GBR,SGP,0.2311,4,False
2022-01-01,GBR,SGP,0.2061,2,False
2022-02-01,GBR,SGP,0.4851,3,False
2022-03-01,GBR,SGP,0.5602,2,False
2022-04-01,GBR,SGP,0.363,1,False
2022-05-01,GBR,SGP,0.4178,1,False
2022-06-01,GBR,SGP,0.73,3,False
2022-07-01,GBR,SGP,0.7357,2,False
2022-08-01,GBR,SGP,0.7419,2,False
2022-09-01,GBR,SGP,0.4289,1,False
2022-10-01,GBR,SGP,0.3786,1,False
2022-11-01,GBR,SGP,0.2499,1,False
2022-12-01,GBR,SGP,0.3499,1,False
2023-01-01,GBR,SGP,0.2173,1,False
2023-02-01,GBR,SGP,0.2091,1,False
2023-03-01,GBR,SGP,0.2272,1,False
2023-04-01,GBR,SGP,0.2797,1,False
2023-05-01,GBR,SGP,0.4351,1,False
2023-06-01,GBR,SGP,0.4722,2,False
2023-07-01,GBR,SGP,0.6377,2,False
2023-08-01,GBR,SGP,0.5497,2,False
2023-09-01,GBR,SGP,0.4975,2,False
2023-10-01,GBR,SGP,0.2617,2,False
2023-11-01,GBR,SGP,0.2412,2,False
2023-12-01,GBR,SGP,0.2507,2,False
2024-01-01,GBR,SGP,0.2525,2,False
2024-02-01,GBR,SGP,0.1982,2,False
2024-03-01,GBR,SGP,0.132,1,False
2024-04-01,GBR,SGP,0.0762,1,False
2024-05-01,GBR,SGP,0.1034,1,False
2024-06-01,GBR,SGP,0.0775,1,False
2024-07-01,GBR,SGP,0.04,1,True
2024-08-01,GBR,SGP,0.0092,1,True
2024-09-01,GBR,SGP,0.0055,1,True
2024-10-01,GBR,SGP,0.0025,1,True
2024-11-01,GBR,SGP,0.0006,1,True
2024-12-01,GBR,SGP,0.0002,1,True
2025-01-01,GBR,SGP,0.0002,1,True
2025-02-01,GBR,SGP,0.0001,1,True
2025-03-01,GBR,SGP,0.0004,1,True
2025-04-01,GBR,SGP,0.0009,1,True
2025-05-01,GBR,SGP,0.001,1,True
2025-06-01,GBR,SGP,0.0026,1,True
2025-07-01,GBR,SGP,0.0026,1,True
2025-08-01,GBR,SGP,0.0027,1,True
2025-09-01,GBR,SGP,0.0065,1,True
2025-10-01,GBR,SGP,0.005,1,True
2025-11-01,GBR,SGP,0.0619,1,False
2025-12-01,GBR,SGP,0.0581,1,False
2026-01-01,GBR,SGP,0.0777,1,False
2026-02-01,GBR,SGP,0.1472,1,False
2026-03-01,GBR,SGP,0.1957,1,False
2015-01-01,GBR,KOR,0.5538,4,False
2015-02-01,GBR,KOR,0.3282,3,False
2015-03-01,GBR,KOR,0.3782,3,False
2015-04-01,GBR,KOR,0.2517,2,False
2015-05-01,GBR,KOR,0.2156,1,False
2015-06-01,GBR,KOR,0.3436,1,False
2015-07-01,GBR,KOR,0.6948,2,False
2015-08-01,GBR,KOR,0.7653,2,False
2015-09-01,GBR,KOR,0.5227,2,False
2015-10-01,GBR,KOR,0.1763,4,False
2015-11-01,GBR,KOR,0.3527,3,False
2015-12-01,GBR,KOR,0.1879,2,False
2016-01-01,GBR,KOR,0.1781,3,False
2016-02-01,GBR,KOR,0.0702,2,False
2016-03-01,GBR,KOR,0.078,2,False
2016-04-01,GBR,KOR,0.0667,2,False
2016-05-01,GBR,KOR,0.1022,2,False
2016-06-01,GBR,KOR,0.3815,2,False
2016-07-01,GBR,KOR,0.3804,2,False
2016-08-01,GBR,KOR,0.3467,2,False
2016-09-01,GBR,KOR,0.2499,2,False
2016-10-01,GBR,KOR,0.2798,2,False
2016-11-01,GBR,KOR,0.4124,1,False
2016-12-01,GBR,KOR,0.4883,2,False
2017-01-01,GBR,KOR,0.6056,1,False
2017-02-01,GBR,KOR,0.3274,2,False
2017-03-01,GBR,KOR,0.5371,2,False
2017-04-01,GBR,KOR,0.5647,2,False
2017-05-01,GBR,KOR,0.4864,2,False
2017-06-01,GBR,KOR,0.4358,1,False
2017-07-01,GBR,KOR,0.4868,1,False
2017-08-01,GBR,KOR,0.4083,2,False
2017-09-01,GBR,KOR,0.4355,2,False
2017-10-01,GBR,KOR,0.4883,2,False
2017-11-01,GBR,KOR,0.5199,2,False
2017-12-01,GBR,KOR,0.4886,2,False
2018-01-01,GBR,KOR,0.5322,4,False
2018-02-01,GBR,KOR,0.5827,4,False
2018-03-01,GBR,KOR,0.5292,1,False
2018-04-01,GBR,KOR,0.3697,1,False
2018-05-01,GBR,KOR,0.4977,1,False
2018-06-01,GBR,KOR,0.2837,1,False
2018-07-01,GBR,KOR,0.4305,1,False
2018-08-01,GBR,KOR,0.5758,2,False
2018-09-01,GBR,KOR,0.7703,3,False
2018-10-01,GBR,KOR,0.6053,1,False
2018-11-01,GBR,KOR,0.5257,3,False
2018-12-01,GBR,KOR,0.2251,3,False
2019-01-01,GBR,KOR,0.2459,3,False
2019-02-01,GBR,KOR,0.6478,1,False
2019-03-01,GBR,KOR,0.9243,4,False
2019-04-01,GBR,KOR,0.7569,1,False
2019-05-01,GBR,KOR,0.5813,4,False
2019-06-01,GBR,KOR,0.6473,4,False
2019-07-01,GBR,KOR,0.5421,4,False
2019-08-01,GBR,KOR,0.4456,4,False
2019-09-01,GBR,KOR,0.3923,4,False
2019-10-01,GBR,KOR,0.3967,1,False
2019-11-01,GBR,KOR,0.2924,4,False
2019-12-01,GBR,KOR,0.2902,1,False
2020-01-01,GBR,KOR,0.5206,4,False
2020-02-01,GBR,KOR,0.2891,1,False
2020-03-01,GBR,KOR,0.5857,4,False
2020-04-01,GBR,KOR,0.7159,4,False
2020-05-01,GBR,KOR,0.4675,1,False
2020-06-01,GBR,KOR,0.3803,1,False
2020-07-01,GBR,KOR,0.3959,1,False
2020-08-01,GBR,KOR,0.149,1,False
2020-09-01,GBR,KOR,0.3707,1,False
2020-10-01,GBR,KOR,0.5539,1,False
2020-11-01,GBR,KOR,0.3544,1,False
2020-12-01,GBR,KOR,0.2507,1,False
2021-01-01,GBR,KOR,0.3836,1,False
2021-02-01,GBR,KOR,0.5687,1,False
2021-03-01,GBR,KOR,0.1978,2,False
2021-04-01,GBR,KOR,0.1693,2,False
2021-05-01,GBR,KOR,0.1029,2,False
2021-06-01,GBR,KOR,0.0618,2,False
2021-07-01,GBR,KOR,0.035,2,True
2021-08-01,GBR,KOR,0.038,2,True
2021-09-01,GBR,KOR,0.0069,3,True
2021-10-01,GBR,KOR,0.0077,2,True
2021-11-01,GBR,KOR,0.0122,2,True
2021-12-01,GBR,KOR,0.0388,2,True
2022-01-01,GBR,KOR,0.0452,2,True
2022-02-01,GBR,KOR,0.0896,2,False
2022-03-01,GBR,KOR,0.0747,2,False
2022-04-01,GBR,KOR,0.0861,2,False
2022-05-01,GBR,KOR,0.101,2,False
2022-06-01,GBR,KOR,0.0764,2,False
2022-07-01,GBR,KOR,0.0727,2,False
2022-08-01,GBR,KOR,0.0249,2,True
2022-09-01,GBR,KOR,0.1731,2,False
2022-10-01,GBR,KOR,0.1093,2,False
2022-11-01,GBR,KOR,0.1251,2,False
2022-12-01,GBR,KOR,0.1151,2,False
2023-01-01,GBR,KOR,0.1214,2,False
2023-02-01,GBR,KOR,0.1299,2,False
2023-03-01,GBR,KOR,0.0162,3,True
2023-04-01,GBR,KOR,0.0057,2,True
2023-05-01,GBR,KOR,0.004,2,True
2023-06-01,GBR,KOR,0.0104,2,True
2023-07-01,GBR,KOR,0.0104,2,True
2023-08-01,GBR,KOR,0.0076,2,True
2023-09-01,GBR,KOR,0.0238,2,True
2023-10-01,GBR,KOR,0.0139,2,True
2023-11-01,GBR,KOR,0.0228,2,True
2023-12-01,GBR,KOR,0.0254,2,True
2024-01-01,GBR,KOR,0.0427,2,True
2024-02-01,GBR,KOR,0.0246,2,True
2024-03-01,GBR,KOR,0.0162,2,True
2024-04-01,GBR,KOR,0.034,2,True
2024-05-01,GBR,KOR,0.151,2,False
2024-06-01,GBR,KOR,0.0607,2,False
2024-07-01,GBR,KOR,0.0249,2,True
2024-08-01,GBR,KOR,0.0122,2,True
2024-09-01,GBR,KOR,0.0104,2,True
2024-10-01,GBR,KOR,0.0107,2,True
2024-11-01,GBR,KOR,0.0063,2,True
2024-12-01,GBR,KOR,0.0021,2,True
2025-01-01,GBR,KOR,0.0033,2,True
2025-02-01,GBR,KOR,0.0051,2,True
2025-03-01,GBR,KOR,0.0288,2,True
2025-04-01,GBR,KOR,0.0498,2,True
2025-05-01,GBR,KOR,0.123,2,False
2025-06-01,GBR,KOR,0.0831,1,False
2025-07-01,GBR,KOR,0.0912,1,False
2025-08-01,GBR,KOR,0.0809,1,False
2025-09-01,GBR,KOR,0.064,1,False
2025-10-01,GBR,KOR,0.0216,4,True
2025-11-01,GBR,KOR,0.0268,4,True
2025-12-01,GBR,KOR,0.0019,4,True
2026-01-01,GBR,KOR,0.0021,4,True
2026-02-01,GBR,KOR,0.0015,4,True
2026-03-01,GBR,KOR,0.0025,4,True
2015-01-01,GBR,USA,0.4427,2,False
2015-02-01,GBR,USA,0.4179,3,False
2015-03-01,GBR,USA,0.1739,2,False
2015-04-01,GBR,USA,0.1358,2,False
2015-05-01,GBR,USA,0.134,3,False
2015-06-01,GBR,USA,0.0699,3,False
2015-07-01,GBR,USA,0.0312,1,True
2015-08-01,GBR,USA,0.0282,3,True
2015-09-01,GBR,USA,0.0207,3,True
2015-10-01,GBR,USA,0.0182,1,True
2015-11-01,GBR,USA,0.015,1,True
2015-12-01,GBR,USA,0.0181,1,True
2016-01-01,GBR,USA,0.0156,1,True
2016-02-01,GBR,USA,0.0149,1,True
2016-03-01,GBR,USA,0.0167,1,True
2016-04-01,GBR,USA,0.0248,1,True
2016-05-01,GBR,USA,0.0109,1,True
2016-06-01,GBR,USA,0.0094,1,True
2016-07-01,GBR,USA,0.0094,1,True
2016-08-01,GBR,USA,0.0096,1,True
2016-09-01,GBR,USA,0.0122,1,True
2016-10-01,GBR,USA,0.0246,1,True
2016-11-01,GBR,USA,0.0348,2,True
2016-12-01,GBR,USA,0.0328,1,True
2017-01-01,GBR,USA,0.0996,1,False
2017-02-01,GBR,USA,0.0713,3,False
2017-03-01,GBR,USA,0.0377,2,True
2017-04-01,GBR,USA,0.0394,1,True
2017-05-01,GBR,USA,0.0421,2,True
2017-06-01,GBR,USA,0.0114,1,True
2017-07-01,GBR,USA,0.0354,1,True
2017-08-01,GBR,USA,0.065,1,False
2017-09-01,GBR,USA,0.0658,1,False
2017-10-01,GBR,USA,0.1038,3,False
2017-11-01,GBR,USA,0.0992,3,False
2017-12-01,GBR,USA,0.064,3,False
2018-01-01,GBR,USA,0.0319,3,True
2018-02-01,GBR,USA,0.1302,3,False
2018-03-01,GBR,USA,0.0706,1,False
2018-04-01,GBR,USA,0.1237,1,False
2018-05-01,GBR,USA,0.1113,4,False
2018-06-01,GBR,USA,0.1604,4,False
2018-07-01,GBR,USA,0.1663,4,False
2018-08-01,GBR,USA,0.202,4,False
2018-09-01,GBR,USA,0.1612,4,False
2018-10-01,GBR,USA,0.2173,4,False
2018-11-01,GBR,USA,0.3288,4,False
2018-12-01,GBR,USA,0.1448,4,False
2019-01-01,GBR,USA,0.2004,4,False
2019-02-01,GBR,USA,0.1879,3,False
2019-03-01,GBR,USA,0.1273,3,False
2019-04-01,GBR,USA,0.1124,4,False
2019-05-01,GBR,USA,0.0623,4,False
2019-06-01,GBR,USA,0.0473,3,True
2019-07-01,GBR,USA,0.0743,1,False
2019-08-01,GBR,USA,0.0454,1,True
2019-09-01,GBR,USA,0.05,1,False
2019-10-01,GBR,USA,0.0493,1,True
2019-11-01,GBR,USA,0.0465,1,True
2019-12-01,GBR,USA,0.0443,1,True
2020-01-01,GBR,USA,0.0829,1,False
2020-02-01,GBR,USA,0.0875,1,False
2020-03-01,GBR,USA,0.0299,1,True
2020-04-01,GBR,USA,0.0864,1,False
2020-05-01,GBR,USA,0.0328,1,True
2020-06-01,GBR,USA,0.0172,1,True
2020-07-01,GBR,USA,0.0163,1,True
2020-08-01,GBR,USA,0.0034,1,True
2020-09-01,GBR,USA,0.005,1,True
2020-10-01,GBR,USA,0.0019,2,True
2020-11-01,GBR,USA,0.0004,1,True
2020-12-01,GBR,USA,0.0,1,True
2021-01-01,GBR,USA,0.0002,1,True
2021-02-01,GBR,USA,0.0011,1,True
2021-03-01,GBR,USA,0.0011,1,True
2021-04-01,GBR,USA,0.0012,1,True
2021-05-01,GBR,USA,0.0002,1,True
2021-06-01,GBR,USA,0.0,1,True
2021-07-01,GBR,USA,0.0001,1,True
2021-08-01,GBR,USA,0.0007,1,True
2021-09-01,GBR,USA,0.0026,2,True
2021-10-01,GBR,USA,0.0048,2,True
2021-11-01,GBR,USA,0.0086,2,True
2021-12-01,GBR,USA,0.0095,2,True
2022-01-01,GBR,USA,0.0134,3,True
2022-02-01,GBR,USA,0.0504,3,False
2022-03-01,GBR,USA,0.0376,4,True
2022-04-01,GBR,USA,0.0277,4,True
2022-05-01,GBR,USA,0.0339,3,True
2022-06-01,GBR,USA,0.1511,3,False
2022-07-01,GBR,USA,0.1843,3,False
2022-08-01,GBR,USA,0.1485,3,False
2022-09-01,GBR,USA,0.1382,2,False
2022-10-01,GBR,USA,0.1148,2,False
2022-11-01,GBR,USA,0.1088,2,False
2022-12-01,GBR,USA,0.1221,2,False
2023-01-01,GBR,USA,0.1596,3,False
2023-02-01,GBR,USA,0.1161,3,False
2023-03-01,GBR,USA,0.1542,3,False
2023-04-01,GBR,USA,0.1635,3,False
2023-05-01,GBR,USA,0.2462,3,False
2023-06-01,GBR,USA,0.2413,3,False
2023-07-01,GBR,USA,0.2221,3,False
2023-08-01,GBR,USA,0.0787,1,False
2023-09-01,GBR,USA,0.0313,1,True
2023-10-01,GBR,USA,0.0361,1,True
2023-11-01,GBR,USA,0.0307,1,True
2023-12-01,GBR,USA,0.0223,1,True
2024-01-01,GBR,USA,0.0152,1,True
2024-02-01,GBR,USA,0.0165,1,True
2024-03-01,GBR,USA,0.0099,1,True
2024-04-01,GBR,USA,0.0009,1,True
2024-05-01,GBR,USA,0.0006,1,True
2024-06-01,GBR,USA,0.0005,1,True
2024-07-01,GBR,USA,0.0005,1,True
2024-08-01,GBR,USA,0.0004,1,True
2024-09-01,GBR,USA,0.0006,1,True
2024-10-01,GBR,USA,0.0004,1,True
2024-11-01,GBR,USA,0.0002,1,True
2024-12-01,GBR,USA,0.0002,1,True
2025-01-01,GBR,USA,0.0012,1,True
2025-02-01,GBR,USA,0.0042,1,True
2025-03-01,GBR,USA,0.0247,1,True
2025-04-01,GBR,USA,0.0646,1,False
2025-05-01,GBR,USA,0.0625,1,False
2025-06-01,GBR,USA,0.0875,1,False
2025-07-01,GBR,USA,0.1126,1,False
2025-08-01,GBR,USA,0.1289,1,False
2025-09-01,GBR,USA,0.2001,4,False
2025-10-01,GBR,USA,0.1093,3,False
2025-11-01,GBR,USA,0.1137,3,False
2025-12-01,GBR,USA,0.1211,3,False
2026-01-01,GBR,USA,0.125,3,False
2026-02-01,GBR,USA,0.102,3,False
2026-03-01,GBR,USA,0.1492,3,False
2015-01-01,GBR,DEU,0.6772,2,False
2015-02-01,GBR,DEU,0.465,1,False
2015-03-01,GBR,DEU,0.4359,3,False
2015-04-01,GBR,DEU,0.2742,3,False
2015-05-01,GBR,DEU,0.2172,3,False
2015-06-01,GBR,DEU,0.2116,3,False
2015-07-01,GBR,DEU,0.2278,3,False
2015-08-01,GBR,DEU,0.141,3,False
2015-09-01,GBR,DEU,0.1352,3,False
2015-10-01,GBR,DEU,0.0928,3,False
2015-11-01,GBR,DEU,0.157,4,False
2015-12-01,GBR,DEU,0.0222,3,True
2016-01-01,GBR,DEU,0.0194,4,True
2016-02-01,GBR,DEU,0.0098,3,True
2016-03-01,GBR,DEU,0.0179,3,True
2016-04-01,GBR,DEU,0.0211,3,True
2016-05-01,GBR,DEU,0.0183,3,True
2016-06-01,GBR,DEU,0.0221,3,True
2016-07-01,GBR,DEU,0.024,3,True
2016-08-01,GBR,DEU,0.1339,2,False
2016-09-01,GBR,DEU,0.1348,2,False
2016-10-01,GBR,DEU,0.1943,2,False
2016-11-01,GBR,DEU,0.223,2,False
2016-12-01,GBR,DEU,0.2281,2,False
2017-01-01,GBR,DEU,0.2106,2,False
2017-02-01,GBR,DEU,0.1308,2,False
2017-03-01,GBR,DEU,0.1031,2,False
2017-04-01,GBR,DEU,0.1673,3,False
2017-05-01,GBR,DEU,0.1217,2,False
2017-06-01,GBR,DEU,0.102,3,False
2017-07-01,GBR,DEU,0.1642,2,False
2017-08-01,GBR,DEU,0.2248,3,False
2017-09-01,GBR,DEU,0.4064,2,False
2017-10-01,GBR,DEU,0.4437,3,False
2017-11-01,GBR,DEU,0.5549,1,False
2017-12-01,GBR,DEU,0.4247,1,False
2018-01-01,GBR,DEU,0.4269,2,False
2018-02-01,GBR,DEU,0.5567,3,False
2018-03-01,GBR,DEU,0.5703,1,False
2018-04-01,GBR,DEU,0.2707,1,False
2018-05-01,GBR,DEU,0.2109,1,False
2018-06-01,GBR,DEU,0.1693,1,False
2018-07-01,GBR,DEU,0.1563,1,False
2018-08-01,GBR,DEU,0.0941,1,False
2018-09-01,GBR,DEU,0.0834,1,False
2018-10-01,GBR,DEU,0.0765,1,False
2018-11-01,GBR,DEU,0.1058,3,False
2018-12-01,GBR,DEU,0.0858,3,False
2019-01-01,GBR,DEU,0.0387,3,True
2019-02-01,GBR,DEU,0.0347,1,True
2019-03-01,GBR,DEU,0.0223,1,True
2019-04-01,GBR,DEU,0.0553,1,False
2019-05-01,GBR,DEU,0.0392,1,True
2019-06-01,GBR,DEU,0.0519,1,False
2019-07-01,GBR,DEU,0.0374,3,True
2019-08-01,GBR,DEU,0.0444,3,True
2019-09-01,GBR,DEU,0.0179,3,True
2019-10-01,GBR,DEU,0.0428,3,True
2019-11-01,GBR,DEU,0.0379,1,True
2019-12-01,GBR,DEU,0.119,3,False
2020-01-01,GBR,DEU,0.2106,4,False
2020-02-01,GBR,DEU,0.0799,3,False
2020-03-01,GBR,DEU,0.1378,3,False
2020-04-01,GBR,DEU,0.0557,1,False
2020-05-01,GBR,DEU,0.1225,1,False
2020-06-01,GBR,DEU,0.1714,1,False
2020-07-01,GBR,DEU,0.3754,1,False
2020-08-01,GBR,DEU,0.0545,4,False
2020-09-01,GBR,DEU,0.0137,3,True
2020-10-01,GBR,DEU,0.0021,1,True
2020-11-01,GBR,DEU,0.0006,1,True
2020-12-01,GBR,DEU,0.0006,1,True
2021-01-01,GBR,DEU,0.0005,1,True
2021-02-01,GBR,DEU,0.0032,1,True
2021-03-01,GBR,DEU,0.013,3,True
2021-04-01,GBR,DEU,0.0129,3,True
2021-05-01,GBR,DEU,0.0055,3,True
2021-06-01,GBR,DEU,0.005,3,True
2021-07-01,GBR,DEU,0.008,2,True
2021-08-01,GBR,DEU,0.0143,1,True
2021-09-01,GBR,DEU,0.0582,2,False
2021-10-01,GBR,DEU,0.0668,2,False
2021-11-01,GBR,DEU,0.112,2,False
2021-12-01,GBR,DEU,0.3919,2,False
2022-01-01,GBR,DEU,0.3454,2,False
2022-02-01,GBR,DEU,0.7989,3,False
2022-03-01,GBR,DEU,0.6258,4,False
2022-04-01,GBR,DEU,0.7663,4,False
2022-05-01,GBR,DEU,0.789,4,False
2022-06-01,GBR,DEU,0.754,1,False
2022-07-01,GBR,DEU,0.6481,1,False
2022-08-01,GBR,DEU,0.5819,1,False
2022-09-01,GBR,DEU,0.6578,2,False
2022-10-01,GBR,DEU,0.5091,2,False
2022-11-01,GBR,DEU,0.5045,2,False
2022-12-01,GBR,DEU,0.4874,2,False
2023-01-01,GBR,DEU,0.6287,2,False
2023-02-01,GBR,DEU,0.5836,3,False
2023-03-01,GBR,DEU,0.5126,3,False
2023-04-01,GBR,DEU,0.3508,2,False
2023-05-01,GBR,DEU,0.3206,2,False
2023-06-01,GBR,DEU,0.6343,2,False
2023-07-01,GBR,DEU,0.2969,1,False
2023-08-01,GBR,DEU,0.1493,1,False
2023-09-01,GBR,DEU,0.1194,1,False
2023-10-01,GBR,DEU,0.091,1,False
2023-11-01,GBR,DEU,0.068,1,False
2023-12-01,GBR,DEU,0.1132,1,False
2024-01-01,GBR,DEU,0.1228,1,False
2024-02-01,GBR,DEU,0.0906,1,False
2024-03-01,GBR,DEU,0.0599,1,False
2024-04-01,GBR,DEU,0.0782,1,False
2024-05-01,GBR,DEU,0.0402,1,True
2024-06-01,GBR,DEU,0.0363,1,True
2024-07-01,GBR,DEU,0.0483,1,True
2024-08-01,GBR,DEU,0.0704,1,False
2024-09-01,GBR,DEU,0.0901,3,False
2024-10-01,GBR,DEU,0.111,3,False
2024-11-01,GBR,DEU,0.0852,3,False
2024-12-01,GBR,DEU,0.0634,3,False
2025-01-01,GBR,DEU,0.0609,3,False
2025-02-01,GBR,DEU,0.0612,3,False
2025-03-01,GBR,DEU,0.207,2,False
2025-04-01,GBR,DEU,0.2396,3,False
2025-05-01,GBR,DEU,0.2578,3,False
2025-06-01,GBR,DEU,0.393,4,False
2025-07-01,GBR,DEU,0.1454,1,False
2025-08-01,GBR,DEU,0.0903,1,False
2025-09-01,GBR,DEU,0.0577,1,False
2025-10-01,GBR,DEU,0.0445,1,True
2025-11-01,GBR,DEU,0.0377,2,True
2025-12-01,GBR,DEU,0.0129,1,True
2026-01-01,GBR,DEU,0.008,1,True
2026-02-01,GBR,DEU,0.0042,1,True
2026-03-01,GBR,DEU,0.0041,1,True
2015-01-01,GBR,FRA,0.5158,3,False
2015-02-01,GBR,FRA,0.4516,1,False
2015-03-01,GBR,FRA,0.4351,1,False
2015-04-01,GBR,FRA,0.4299,1,False
2015-05-01,GBR,FRA,0.2507,1,False
2015-06-01,GBR,FRA,0.2177,1,False
2015-07-01,GBR,FRA,0.3362,1,False
2015-08-01,GBR,FRA,0.4346,1,False
2015-09-01,GBR,FRA,0.2283,1,False
2015-10-01,GBR,FRA,0.0895,2,False
2015-11-01,GBR,FRA,0.011,2,True
2015-12-01,GBR,FRA,0.0026,1,True
2016-01-01,GBR,FRA,0.0028,1,True
2016-02-01,GBR,FRA,0.0061,1,True
2016-03-01,GBR,FRA,0.004,1,True
2016-04-01,GBR,FRA,0.0025,1,True
2016-05-01,GBR,FRA,0.0013,1,True
2016-06-01,GBR,FRA,0.0014,1,True
2016-07-01,GBR,FRA,0.0019,1,True
2016-08-01,GBR,FRA,0.004,1,True
2016-09-01,GBR,FRA,0.0052,1,True
2016-10-01,GBR,FRA,0.0037,1,True
2016-11-01,GBR,FRA,0.0019,1,True
2016-12-01,GBR,FRA,0.0011,1,True
2017-01-01,GBR,FRA,0.0026,1,True
2017-02-01,GBR,FRA,0.0044,1,True
2017-03-01,GBR,FRA,0.0292,1,True
2017-04-01,GBR,FRA,0.0391,1,True
2017-05-01,GBR,FRA,0.0131,1,True
2017-06-01,GBR,FRA,0.0083,2,True
2017-07-01,GBR,FRA,0.0035,1,True
2017-08-01,GBR,FRA,0.0213,1,True
2017-09-01,GBR,FRA,0.0333,1,True
2017-10-01,GBR,FRA,0.0283,1,True
2017-11-01,GBR,FRA,0.0243,1,True
2017-12-01,GBR,FRA,0.0327,1,True
2018-01-01,GBR,FRA,0.0513,1,False
2018-02-01,GBR,FRA,0.0435,1,True
2018-03-01,GBR,FRA,0.2056,1,False
2018-04-01,GBR,FRA,0.2582,1,False
2018-05-01,GBR,FRA,0.3932,1,False
2018-06-01,GBR,FRA,0.1213,1,False
2018-07-01,GBR,FRA,0.0939,1,False
2018-08-01,GBR,FRA,0.0409,1,True
2018-09-01,GBR,FRA,0.0409,1,True
2018-10-01,GBR,FRA,0.0641,1,False
2018-11-01,GBR,FRA,0.0705,1,False
2018-12-01,GBR,FRA,0.062,1,False
2019-01-01,GBR,FRA,0.0833,1,False
2019-02-01,GBR,FRA,0.0975,1,False
2019-03-01,GBR,FRA,0.0857,1,False
2019-04-01,GBR,FRA,0.184,1,False
2019-05-01,GBR,FRA,0.1816,1,False
2019-06-01,GBR,FRA,0.0977,1,False
2019-07-01,GBR,FRA,0.1388,1,False
2019-08-01,GBR,FRA,0.1732,1,False
2019-09-01,GBR,FRA,0.2523,1,False
2019-10-01,GBR,FRA,0.2296,1,False
2019-11-01,GBR,FRA,0.399,1,False
2019-12-01,GBR,FRA,0.329,1,False
2020-01-01,GBR,FRA,0.5581,1,False
2020-02-01,GBR,FRA,0.6554,4,False
2020-03-01,GBR,FRA,0.2027,4,False
2020-04-01,GBR,FRA,0.12,3,False
2020-05-01,GBR,FRA,0.0426,2,True
2020-06-01,GBR,FRA,0.0171,1,True
2020-07-01,GBR,FRA,0.0136,1,True
2020-08-01,GBR,FRA,0.0082,1,True
2020-09-01,GBR,FRA,0.0225,1,True
2020-10-01,GBR,FRA,0.0216,1,True
2020-11-01,GBR,FRA,0.018,1,True
2020-12-01,GBR,FRA,0.0101,1,True
2021-01-01,GBR,FRA,0.0097,1,True
2021-02-01,GBR,FRA,0.0095,1,True
2021-03-01,GBR,FRA,0.0096,1,True
2021-04-01,GBR,FRA,0.0066,1,True
2021-05-01,GBR,FRA,0.018,1,True
2021-06-01,GBR,FRA,0.014,1,True
2021-07-01,GBR,FRA,0.0211,1,True
2021-08-01,GBR,FRA,0.0476,1,True
2021-09-01,GBR,FRA,0.0274,1,True
2021-10-01,GBR,FRA,0.0067,1,True
2021-11-01,GBR,FRA,0.0024,1,True
2021-12-01,GBR,FRA,0.0038,1,True
2022-01-01,GBR,FRA,0.0085,1,True
2022-02-01,GBR,FRA,0.0037,1,True
2022-03-01,GBR,FRA,0.001,1,True
2022-04-01,GBR,FRA,0.0001,1,True
2022-05-01,GBR,FRA,0.0012,1,True
2022-06-01,GBR,FRA,0.0016,1,True
2022-07-01,GBR,FRA,0.0019,1,True
2022-08-01,GBR,FRA,0.0051,1,True
2022-09-01,GBR,FRA,0.0247,1,True
2022-10-01,GBR,FRA,0.0621,1,False
2022-11-01,GBR,FRA,0.076,1,False
2022-12-01,GBR,FRA,0.1857,1,False
2023-01-01,GBR,FRA,0.1838,3,False
2023-02-01,GBR,FRA,0.2413,1,False
2023-03-01,GBR,FRA,0.2878,1,False
2023-04-01,GBR,FRA,0.2539,3,False
2023-05-01,GBR,FRA,0.2968,3,False
2023-06-01,GBR,FRA,0.2504,3,False
2023-07-01,GBR,FRA,0.3583,3,False
2023-08-01,GBR,FRA,0.384,3,False
2023-09-01,GBR,FRA,0.3601,4,False
2023-10-01,GBR,FRA,0.5506,3,False
2023-11-01,GBR,FRA,0.3351,4,False
2023-12-01,GBR,FRA,0.276,1,False
2024-01-01,GBR,FRA,0.228,2,False
2024-02-01,GBR,FRA,0.0714,1,False
2024-03-01,GBR,FRA,0.0262,1,True
2024-04-01,GBR,FRA,0.0039,1,True
2024-05-01,GBR,FRA,0.0052,1,True
2024-06-01,GBR,FRA,0.003,1,True
2024-07-01,GBR,FRA,0.0032,1,True
2024-08-01,GBR,FRA,0.0028,1,True
2024-09-01,GBR,FRA,0.0086,1,True
2024-10-01,GBR,FRA,0.0104,1,True
2024-11-01,GBR,FRA,0.0014,1,True
2024-12-01,GBR,FRA,0.0002,1,True
2025-01-01,GBR,FRA,0.0005,1,True
2025-02-01,GBR,FRA,0.0016,1,True
2025-03-01,GBR,FRA,0.0005,1,True
2025-04-01,GBR,FRA,0.0007,1,True
2025-05-01,GBR,FRA,0.0012,1,True
2025-06-01,GBR,FRA,0.0019,1,True
2025-07-01,GBR,FRA,0.0016,1,True
2025-08-01,GBR,FRA,0.002,1,True
2025-09-01,GBR,FRA,0.0018,1,True
2025-10-01,GBR,FRA,0.0025,1,True
2025-11-01,GBR,FRA,0.0019,1,True
2025-12-01,GBR,FRA,0.0037,1,True
2026-01-01,GBR,FRA,0.0058,1,True
2026-02-01,GBR,FRA,0.0068,1,True
2026-03-01,GBR,FRA,0.0113,1,True
2015-01-01,GBR,JPN,0.0139,1,True
2015-02-01,GBR,JPN,0.0064,1,True
2015-03-01,GBR,JPN,0.0121,4,True
2015-04-01,GBR,JPN,0.0268,4,True
2015-05-01,GBR,JPN,0.004,4,True
2015-06-01,GBR,JPN,0.0835,4,False
2015-07-01,GBR,JPN,0.0339,4,True
2015-08-01,GBR,JPN,0.4576,4,False
2015-09-01,GBR,JPN,0.5045,4,False
2015-10-01,GBR,JPN,0.5467,4,False
2015-11-01,GBR,JPN,0.5259,4,False
2015-12-01,GBR,JPN,0.4183,1,False
2016-01-01,GBR,JPN,0.4461,4,False
2016-02-01,GBR,JPN,0.5539,4,False
2016-03-01,GBR,JPN,0.6035,4,False
2016-04-01,GBR,JPN,0.6257,4,False
2016-05-01,GBR,JPN,0.8467,4,False
2016-06-01,GBR,JPN,0.6387,3,False
2016-07-01,GBR,JPN,0.524,1,False
2016-08-01,GBR,JPN,0.2474,1,False
2016-09-01,GBR,JPN,0.2419,1,False
2016-10-01,GBR,JPN,0.1704,1,False
2016-11-01,GBR,JPN,0.1068,1,False
2016-12-01,GBR,JPN,0.0534,1,False
2017-01-01,GBR,JPN,0.0462,1,True
2017-02-01,GBR,JPN,0.0389,1,True
2017-03-01,GBR,JPN,0.0633,1,False
2017-04-01,GBR,JPN,0.0931,1,False
2017-05-01,GBR,JPN,0.0559,1,False
2017-06-01,GBR,JPN,0.1195,1,False
2017-07-01,GBR,JPN,0.459,4,False
2017-08-01,GBR,JPN,0.5298,4,False
2017-09-01,GBR,JPN,0.5502,4,False
2017-10-01,GBR,JPN,0.6153,4,False
2017-11-01,GBR,JPN,0.2273,2,False
2017-12-01,GBR,JPN,0.2781,2,False
2018-01-01,GBR,JPN,0.2092,1,False
2018-02-01,GBR,JPN,0.4425,1,False
2018-03-01,GBR,JPN,0.5509,2,False
2018-04-01,GBR,JPN,0.638,4,False
2018-05-01,GBR,JPN,0.5881,3,False
2018-06-01,GBR,JPN,0.3735,3,False
2018-07-01,GBR,JPN,0.452,3,False
2018-08-01,GBR,JPN,0.3778,3,False
2018-09-01,GBR,JPN,0.2702,2,False
2018-10-01,GBR,JPN,0.3626,2,False
2018-11-01,GBR,JPN,0.2753,3,False
2018-12-01,GBR,JPN,0.1789,2,False
2019-01-01,GBR,JPN,0.1534,4,False
2019-02-01,GBR,JPN,0.0919,1,False
2019-03-01,GBR,JPN,0.1439,2,False
2019-04-01,GBR,JPN,0.0876,1,False
2019-05-01,GBR,JPN,0.0933,1,False
2019-06-01,GBR,JPN,0.1459,1,False
2019-07-01,GBR,JPN,0.0972,2,False
2019-08-01,GBR,JPN,0.0655,2,False
2019-09-01,GBR,JPN,0.0201,2,True
2019-10-01,GBR,JPN,0.0412,1,True
2019-11-01,GBR,JPN,0.33,1,False
2019-12-01,GBR,JPN,0.2902,2,False
2020-01-01,GBR,JPN,0.4615,2,False
2020-02-01,GBR,JPN,0.3745,2,False
2020-03-01,GBR,JPN,0.4379,2,False
2020-04-01,GBR,JPN,0.4862,2,False
2020-05-01,GBR,JPN,0.525,1,False
2020-06-01,GBR,JPN,0.5396,2,False
2020-07-01,GBR,JPN,0.6046,2,False
2020-08-01,GBR,JPN,0.3702,2,False
2020-09-01,GBR,JPN,0.2368,2,False
2020-10-01,GBR,JPN,0.2809,2,False
2020-11-01,GBR,JPN,0.3001,2,False
2020-12-01,GBR,JPN,0.204,1,False
2021-01-01,GBR,JPN,0.2858,1,False
2021-02-01,GBR,JPN,0.4786,1,False
2021-03-01,GBR,JPN,0.4314,2,False
2021-04-01,GBR,JPN,0.3132,2,False
2021-05-01,GBR,JPN,0.1551,1,False
2021-06-01,GBR,JPN,0.1388,1,False
2021-07-01,GBR,JPN,0.175,1,False
2021-08-01,GBR,JPN,0.2418,1,False
2021-09-01,GBR,JPN,0.1358,1,False
2021-10-01,GBR,JPN,0.071,1,False
2021-11-01,GBR,JPN,0.0694,1,False
2021-12-01,GBR,JPN,0.1312,1,False
2022-01-01,GBR,JPN,0.1988,1,False
2022-02-01,GBR,JPN,0.1021,1,False
2022-03-01,GBR,JPN,0.0072,1,True
2022-04-01,GBR,JPN,0.002,1,True
2022-05-01,GBR,JPN,0.0024,1,True
2022-06-01,GBR,JPN,0.0039,2,True
2022-07-01,GBR,JPN,0.0,2,True
2022-08-01,GBR,JPN,0.0001,2,True
2022-09-01,GBR,JPN,0.0003,2,True
2022-10-01,GBR,JPN,0.0002,2,True
2022-11-01,GBR,JPN,0.0,2,True
2022-12-01,GBR,JPN,0.0,2,True
2023-01-01,GBR,JPN,0.0001,2,True
2023-02-01,GBR,JPN,0.0,2,True
2023-03-01,GBR,JPN,0.0,2,True
2023-04-01,GBR,JPN,0.0002,2,True
2023-05-01,GBR,JPN,0.0001,2,True
2023-06-01,GBR,JPN,0.0003,1,True
2023-07-01,GBR,JPN,0.0049,1,True
2023-08-01,GBR,JPN,0.0282,1,True
2023-09-01,GBR,JPN,0.0381,1,True
2023-10-01,GBR,JPN,0.0102,1,True
2023-11-01,GBR,JPN,0.0225,1,True
2023-12-01,GBR,JPN,0.0397,1,True
2024-01-01,GBR,JPN,0.0843,1,False
2024-02-01,GBR,JPN,0.0338,1,True
2024-03-01,GBR,JPN,0.0468,1,True
2024-04-01,GBR,JPN,0.1239,1,False
2024-05-01,GBR,JPN,0.2507,1,False
2024-06-01,GBR,JPN,0.3038,1,False
2024-07-01,GBR,JPN,0.3237,1,False
2024-08-01,GBR,JPN,0.3721,1,False
2024-09-01,GBR,JPN,0.4157,1,False
2024-10-01,GBR,JPN,0.3338,1,False
2024-11-01,GBR,JPN,0.2882,1,False
2024-12-01,GBR,JPN,0.308,2,False
2025-01-01,GBR,JPN,0.1221,4,False
2025-02-01,GBR,JPN,0.2715,2,False
2025-03-01,GBR,JPN,0.1075,4,False
2025-04-01,GBR,JPN,0.1552,4,False
2025-05-01,GBR,JPN,0.6498,3,False
2025-06-01,GBR,JPN,0.6555,2,False
2025-07-01,GBR,JPN,0.6441,2,False
2025-08-01,GBR,JPN,0.6328,4,False
2025-09-01,GBR,JPN,0.4336,4,False
2025-10-01,GBR,JPN,0.5556,2,False
2025-11-01,GBR,JPN,0.3755,4,False
2025-12-01,GBR,JPN,0.3539,4,False
2026-01-01,GBR,JPN,0.1397,4,False
2026-02-01,GBR,JPN,0.1681,1,False
2026-03-01,GBR,JPN,0.208,1,False
2015-01-01,USA,IND,0.0375,1,True
2015-02-01,USA,IND,0.0205,1,True
2015-03-01,USA,IND,0.0206,1,True
2015-04-01,USA,IND,0.0181,1,True
2015-05-01,USA,IND,0.0306,1,True
2015-06-01,USA,IND,0.0338,1,True
2015-07-01,USA,IND,0.0336,1,True
2015-08-01,USA,IND,0.038,1,True
2015-09-01,USA,IND,0.0438,1,True
2015-10-01,USA,IND,0.0693,1,False
2015-11-01,USA,IND,0.1422,2,False
2015-12-01,USA,IND,0.0713,2,False
2016-01-01,USA,IND,0.1208,1,False
2016-02-01,USA,IND,0.2649,1,False
2016-03-01,USA,IND,0.3323,4,False
2016-04-01,USA,IND,0.2901,4,False
2016-05-01,USA,IND,0.2285,4,False
2016-06-01,USA,IND,0.2223,4,False
2016-07-01,USA,IND,0.1412,4,False
2016-08-01,USA,IND,0.2917,2,False
2016-09-01,USA,IND,0.1997,2,False
2016-10-01,USA,IND,0.3663,2,False
2016-11-01,USA,IND,0.2407,2,False
2016-12-01,USA,IND,0.2106,1,False
2017-01-01,USA,IND,0.1758,1,False
2017-02-01,USA,IND,0.2911,1,False
2017-03-01,USA,IND,0.3904,2,False
2017-04-01,USA,IND,0.4101,1,False
2017-05-01,USA,IND,0.5172,1,False
2017-06-01,USA,IND,0.8607,3,False
2017-07-01,USA,IND,0.7737,2,False
2017-08-01,USA,IND,0.8318,3,False
2017-09-01,USA,IND,0.6966,4,False
2017-10-01,USA,IND,0.7777,4,False
2017-11-01,USA,IND,0.8726,1,False
2017-12-01,USA,IND,0.5462,1,False
2018-01-01,USA,IND,0.6185,1,False
2018-02-01,USA,IND,0.7451,1,False
2018-03-01,USA,IND,0.7943,1,False
2018-04-01,USA,IND,0.9185,4,False
2018-05-01,USA,IND,0.7485,1,False
2018-06-01,USA,IND,0.7955,1,False
2018-07-01,USA,IND,0.308,4,False
2018-08-01,USA,IND,0.248,4,False
2018-09-01,USA,IND,0.3914,2,False
2018-10-01,USA,IND,0.3853,2,False
2018-11-01,USA,IND,0.3505,2,False
2018-12-01,USA,IND,0.3782,2,False
2019-01-01,USA,IND,0.3724,2,False
2019-02-01,USA,IND,0.4915,2,False
2019-03-01,USA,IND,0.5459,2,False
2019-04-01,USA,IND,0.3978,2,False
2019-05-01,USA,IND,0.5538,2,False
2019-06-01,USA,IND,0.5175,1,False
2019-07-01,USA,IND,0.6924,3,False
2019-08-01,USA,IND,0.4658,2,False
2019-09-01,USA,IND,0.3581,3,False
2019-10-01,USA,IND,0.1102,4,False
2019-11-01,USA,IND,0.0838,3,False
2019-12-01,USA,IND,0.1338,3,False
2020-01-01,USA,IND,0.0958,1,False
2020-02-01,USA,IND,0.1285,1,False
2020-03-01,USA,IND,0.166,1,False
2020-04-01,USA,IND,0.2122,1,False
2020-05-01,USA,IND,0.4308,1,False
2020-06-01,USA,IND,0.7158,2,False
2020-07-01,USA,IND,0.7126,2,False
2020-08-01,USA,IND,0.7047,2,False
2020-09-01,USA,IND,0.7231,2,False
2020-10-01,USA,IND,0.7857,1,False
2020-11-01,USA,IND,0.5742,1,False
2020-12-01,USA,IND,0.476,1,False
2021-01-01,USA,IND,0.2598,1,False
2021-02-01,USA,IND,0.4024,1,False
2021-03-01,USA,IND,0.3619,1,False
2021-04-01,USA,IND,0.2662,1,False
2021-05-01,USA,IND,0.1463,1,False
2021-06-01,USA,IND,0.2035,1,False
2021-07-01,USA,IND,0.3032,1,False
2021-08-01,USA,IND,0.2506,1,False
2021-09-01,USA,IND,0.2614,1,False
2021-10-01,USA,IND,0.2533,1,False
2021-11-01,USA,IND,0.4155,1,False
2021-12-01,USA,IND,0.7648,4,False
2022-01-01,USA,IND,0.7892,3,False
2022-02-01,USA,IND,0.4518,4,False
2022-03-01,USA,IND,0.2112,1,False
2022-04-01,USA,IND,0.2907,1,False
2022-05-01,USA,IND,0.2692,1,False
2022-06-01,USA,IND,0.1884,1,False
2022-07-01,USA,IND,0.1436,4,False
2022-08-01,USA,IND,0.1851,1,False
2022-09-01,USA,IND,0.0299,4,True
2022-10-01,USA,IND,0.0464,3,True
2022-11-01,USA,IND,0.0478,1,True
2022-12-01,USA,IND,0.0136,1,True
2023-01-01,USA,IND,0.0285,1,True
2023-02-01,USA,IND,0.1178,4,False
2023-03-01,USA,IND,0.1075,4,False
2023-04-01,USA,IND,0.0956,4,False
2023-05-01,USA,IND,0.0361,4,True
2023-06-01,USA,IND,0.0261,4,True
2023-07-01,USA,IND,0.1397,4,False
2023-08-01,USA,IND,0.1943,4,False
2023-09-01,USA,IND,0.0692,4,False
2023-10-01,USA,IND,0.1021,3,False
2023-11-01,USA,IND,0.0282,2,True
2023-12-01,USA,IND,0.099,1,False
2024-01-01,USA,IND,0.1404,2,False
2024-02-01,USA,IND,0.2869,2,False
2024-03-01,USA,IND,0.3348,2,False
2024-04-01,USA,IND,0.1871,2,False
2024-05-01,USA,IND,0.0577,1,False
2024-06-01,USA,IND,0.0899,1,False
2024-07-01,USA,IND,0.027,1,True
2024-08-01,USA,IND,0.0092,1,True
2024-09-01,USA,IND,0.008,1,True
2024-10-01,USA,IND,0.0111,1,True
2024-11-01,USA,IND,0.0197,1,True
2024-12-01,USA,IND,0.0193,1,True
2025-01-01,USA,IND,0.1128,1,False
2025-02-01,USA,IND,0.2346,3,False
2025-03-01,USA,IND,0.1967,1,False
2025-04-01,USA,IND,0.5575,4,False
2025-05-01,USA,IND,0.3679,4,False
2025-06-01,USA,IND,0.2496,4,False
2025-07-01,USA,IND,0.1258,4,False
2025-08-01,USA,IND,0.1301,4,False
2025-09-01,USA,IND,0.0348,4,True
2025-10-01,USA,IND,0.09,2,False
2025-11-01,USA,IND,0.0637,2,False
2025-12-01,USA,IND,0.0493,4,True
2026-01-01,USA,IND,0.066,4,False
2026-02-01,USA,IND,0.1049,4,False
2026-03-01,USA,IND,0.1555,2,False
2015-01-01,USA,CHN,0.0156,3,True
2015-02-01,USA,CHN,0.177,3,False
2015-03-01,USA,CHN,0.1759,4,False
2015-04-01,USA,CHN,0.0835,4,False
2015-05-01,USA,CHN,0.1107,4,False
2015-06-01,USA,CHN,0.193,3,False
2015-07-01,USA,CHN,0.2082,3,False
2015-08-01,USA,CHN,0.3817,3,False
2015-09-01,USA,CHN,0.2921,3,False
2015-10-01,USA,CHN,0.2014,3,False
2015-11-01,USA,CHN,0.1863,3,False
2015-12-01,USA,CHN,0.2314,3,False
2016-01-01,USA,CHN,0.231,3,False
2016-02-01,USA,CHN,0.3712,3,False
2016-03-01,USA,CHN,0.3814,3,False
2016-04-01,USA,CHN,0.3664,3,False
2016-05-01,USA,CHN,0.4009,3,False
2016-06-01,USA,CHN,0.3454,3,False
2016-07-01,USA,CHN,0.2828,3,False
2016-08-01,USA,CHN,0.305,3,False
2016-09-01,USA,CHN,0.2766,2,False
2016-10-01,USA,CHN,0.2362,2,False
2016-11-01,USA,CHN,0.1772,2,False
2016-12-01,USA,CHN,0.2032,2,False
2017-01-01,USA,CHN,0.187,2,False
2017-02-01,USA,CHN,0.1949,2,False
2017-03-01,USA,CHN,0.2077,3,False
2017-04-01,USA,CHN,0.075,2,False
2017-05-01,USA,CHN,0.0627,2,False
2017-06-01,USA,CHN,0.0472,2,True
2017-07-01,USA,CHN,0.0384,2,True
2017-08-01,USA,CHN,0.0209,4,True
2017-09-01,USA,CHN,0.0034,4,True
2017-10-01,USA,CHN,0.0015,3,True
2017-11-01,USA,CHN,0.001,2,True
2017-12-01,USA,CHN,0.0009,2,True
2018-01-01,USA,CHN,0.0028,2,True
2018-02-01,USA,CHN,0.0016,2,True
2018-03-01,USA,CHN,0.0041,2,True
2018-04-01,USA,CHN,0.0095,1,True
2018-05-01,USA,CHN,0.0019,2,True
2018-06-01,USA,CHN,0.0241,2,True
2018-07-01,USA,CHN,0.0217,2,True
2018-08-01,USA,CHN,0.029,2,True
2018-09-01,USA,CHN,0.0599,2,False
2018-10-01,USA,CHN,0.0313,1,True
2018-11-01,USA,CHN,0.0185,1,True
2018-12-01,USA,CHN,0.0057,1,True
2019-01-01,USA,CHN,0.0172,1,True
2019-02-01,USA,CHN,0.0388,1,True
2019-03-01,USA,CHN,0.0916,1,False
2019-04-01,USA,CHN,0.1592,1,False
2019-05-01,USA,CHN,0.2853,1,False
2019-06-01,USA,CHN,0.2939,1,False
2019-07-01,USA,CHN,0.6368,1,False
2019-08-01,USA,CHN,0.4818,1,False
2019-09-01,USA,CHN,0.3716,1,False
2019-10-01,USA,CHN,0.2279,1,False
2019-11-01,USA,CHN,0.2083,2,False
2019-12-01,USA,CHN,0.1265,1,False
2020-01-01,USA,CHN,0.2605,2,False
2020-02-01,USA,CHN,0.1458,2,False
2020-03-01,USA,CHN,0.1612,2,False
2020-04-01,USA,CHN,0.1914,4,False
2020-05-01,USA,CHN,0.1253,2,False
2020-06-01,USA,CHN,0.0516,2,False
2020-07-01,USA,CHN,0.0393,2,True
2020-08-01,USA,CHN,0.0219,4,True
2020-09-01,USA,CHN,0.0282,4,True
2020-10-01,USA,CHN,0.1233,4,False
2020-11-01,USA,CHN,0.0802,4,False
2020-12-01,USA,CHN,0.0596,2,False
2021-01-01,USA,CHN,0.0585,4,False
2021-02-01,USA,CHN,0.1884,2,False
2021-03-01,USA,CHN,0.0495,2,True
2021-04-01,USA,CHN,0.0167,2,True
2021-05-01,USA,CHN,0.0144,2,True
2021-06-01,USA,CHN,0.0369,2,True
2021-07-01,USA,CHN,0.0049,2,True
2021-08-01,USA,CHN,0.006,2,True
2021-09-01,USA,CHN,0.0061,2,True
2021-10-01,USA,CHN,0.009,2,True
2021-11-01,USA,CHN,0.0072,2,True
2021-12-01,USA,CHN,0.0308,2,True
2022-01-01,USA,CHN,0.0292,2,True
2022-02-01,USA,CHN,0.0169,2,True
2022-03-01,USA,CHN,0.0407,2,True
2022-04-01,USA,CHN,0.063,2,False
2022-05-01,USA,CHN,0.0613,2,False
2022-06-01,USA,CHN,0.098,2,False
2022-07-01,USA,CHN,0.2653,2,False
2022-08-01,USA,CHN,0.2449,2,False
2022-09-01,USA,CHN,0.2072,2,False
2022-10-01,USA,CHN,0.2123,2,False
2022-11-01,USA,CHN,0.3979,3,False
2022-12-01,USA,CHN,0.3469,2,False
2023-01-01,USA,CHN,0.2575,2,False
2023-02-01,USA,CHN,0.3841,2,False
2023-03-01,USA,CHN,0.5041,2,False
2023-04-01,USA,CHN,0.6846,2,False
2023-05-01,USA,CHN,0.684,2,False
2023-06-01,USA,CHN,0.6443,2,False
2023-07-01,USA,CHN,0.9162,2,False
2023-08-01,USA,CHN,0.7186,4,False
2023-09-01,USA,CHN,0.595,4,False
2023-10-01,USA,CHN,0.4697,1,False
2023-11-01,USA,CHN,0.3871,2,False
2023-12-01,USA,CHN,0.2019,1,False
2024-01-01,USA,CHN,0.1816,1,False
2024-02-01,USA,CHN,0.1865,1,False
2024-03-01,USA,CHN,0.3211,3,False
2024-04-01,USA,CHN,0.206,2,False
2024-05-01,USA,CHN,0.1935,2,False
2024-06-01,USA,CHN,0.1154,2,False
2024-07-01,USA,CHN,0.0798,3,False
2024-08-01,USA,CHN,0.0728,2,False
2024-09-01,USA,CHN,0.0749,3,False
2024-10-01,USA,CHN,0.0785,3,False
2024-11-01,USA,CHN,0.069,3,False
2024-12-01,USA,CHN,0.0473,1,True
2025-01-01,USA,CHN,0.045,3,True
2025-02-01,USA,CHN,0.1019,2,False
2025-03-01,USA,CHN,0.1017,3,False
2025-04-01,USA,CHN,0.0957,3,False
2025-05-01,USA,CHN,0.1291,3,False
2025-06-01,USA,CHN,0.2816,3,False
2025-07-01,USA,CHN,0.319,4,False
2025-08-01,USA,CHN,0.3859,3,False
2025-09-01,USA,CHN,0.445,3,False
2025-10-01,USA,CHN,0.4315,1,False
2025-11-01,USA,CHN,0.3659,3,False
2025-12-01,USA,CHN,0.5028,3,False
2026-01-01,USA,CHN,0.4869,3,False
2026-02-01,USA,CHN,0.4666,3,False
2026-03-01,USA,CHN,0.5216,3,False
2015-01-01,USA,VNM,0.0036,1,True
2015-02-01,USA,VNM,0.0119,1,True
2015-03-01,USA,VNM,0.105,1,False
2015-04-01,USA,VNM,0.16,1,False
2015-05-01,USA,VNM,0.3612,1,False
2015-06-01,USA,VNM,0.4632,1,False
2015-07-01,USA,VNM,0.5062,1,False
2015-08-01,USA,VNM,0.6118,2,False
2015-09-01,USA,VNM,0.4981,4,False
2015-10-01,USA,VNM,0.5017,4,False
2015-11-01,USA,VNM,0.4967,2,False
2015-12-01,USA,VNM,0.5219,2,False
2016-01-01,USA,VNM,0.5106,2,False
2016-02-01,USA,VNM,0.3924,2,False
2016-03-01,USA,VNM,0.3994,2,False
2016-04-01,USA,VNM,0.2676,1,False
2016-05-01,USA,VNM,0.2043,1,False
2016-06-01,USA,VNM,0.1766,1,False
2016-07-01,USA,VNM,0.1642,1,False
2016-08-01,USA,VNM,0.1294,1,False
2016-09-01,USA,VNM,0.0869,1,False
2016-10-01,USA,VNM,0.0723,1,False
2016-11-01,USA,VNM,0.0803,1,False
2016-12-01,USA,VNM,0.1209,1,False
2017-01-01,USA,VNM,0.0505,4,False
2017-02-01,USA,VNM,0.049,4,True
2017-03-01,USA,VNM,0.089,4,False
2017-04-01,USA,VNM,0.05,4,False
2017-05-01,USA,VNM,0.1386,2,False
2017-06-01,USA,VNM,0.1741,4,False
2017-07-01,USA,VNM,0.2857,4,False
2017-08-01,USA,VNM,0.2226,1,False
2017-09-01,USA,VNM,0.386,4,False
2017-10-01,USA,VNM,0.0434,4,True
2017-11-01,USA,VNM,0.0756,4,False
2017-12-01,USA,VNM,0.0501,4,False
2018-01-01,USA,VNM,0.0694,1,False
2018-02-01,USA,VNM,0.1098,4,False
2018-03-01,USA,VNM,0.2051,1,False
2018-04-01,USA,VNM,0.2449,4,False
2018-05-01,USA,VNM,0.2555,4,False
2018-06-01,USA,VNM,0.4967,2,False
2018-07-01,USA,VNM,0.4502,2,False
2018-08-01,USA,VNM,0.557,2,False
2018-09-01,USA,VNM,0.8105,4,False
2018-10-01,USA,VNM,0.9149,4,False
2018-11-01,USA,VNM,0.5413,1,False
2018-12-01,USA,VNM,0.8088,1,False
2019-01-01,USA,VNM,0.856,3,False
2019-02-01,USA,VNM,0.82,3,False
2019-03-01,USA,VNM,0.8201,3,False
2019-04-01,USA,VNM,0.7019,3,False
2019-05-01,USA,VNM,0.7054,3,False
2019-06-01,USA,VNM,0.7226,3,False
2019-07-01,USA,VNM,0.8078,2,False
2019-08-01,USA,VNM,0.8691,3,False
2019-09-01,USA,VNM,0.7379,1,False
2019-10-01,USA,VNM,0.6548,1,False
2019-11-01,USA,VNM,0.3754,1,False
2019-12-01,USA,VNM,0.6893,1,False
2020-01-01,USA,VNM,0.7627,2,False
2020-02-01,USA,VNM,0.7689,1,False
2020-03-01,USA,VNM,0.7331,1,False
2020-04-01,USA,VNM,0.5608,1,False
2020-05-01,USA,VNM,0.4217,3,False
2020-06-01,USA,VNM,0.1658,2,False
2020-07-01,USA,VNM,0.2753,2,False
2020-08-01,USA,VNM,0.6087,3,False
2020-09-01,USA,VNM,0.7339,2,False
2020-10-01,USA,VNM,0.5384,3,False
2020-11-01,USA,VNM,0.3622,3,False
2020-12-01,USA,VNM,0.3152,3,False
2021-01-01,USA,VNM,0.1539,4,False
2021-02-01,USA,VNM,0.0399,3,True
2021-03-01,USA,VNM,0.0502,3,False
2021-04-01,USA,VNM,0.0408,3,True
2021-05-01,USA,VNM,0.0348,3,True
2021-06-01,USA,VNM,0.0357,3,True
2021-07-01,USA,VNM,0.1151,1,False
2021-08-01,USA,VNM,0.0456,3,True
2021-09-01,USA,VNM,0.029,1,True
2021-10-01,USA,VNM,0.1871,1,False
2021-11-01,USA,VNM,0.5408,1,False
2021-12-01,USA,VNM,0.5291,4,False
2022-01-01,USA,VNM,0.5473,4,False
2022-02-01,USA,VNM,0.6637,2,False
2022-03-01,USA,VNM,0.2714,2,False
2022-04-01,USA,VNM,0.1713,1,False
2022-05-01,USA,VNM,0.1944,1,False
2022-06-01,USA,VNM,0.0646,1,False
2022-07-01,USA,VNM,0.0771,1,False
2022-08-01,USA,VNM,0.0411,1,True
2022-09-01,USA,VNM,0.0392,1,True
2022-10-01,USA,VNM,0.0113,1,True
2022-11-01,USA,VNM,0.0166,1,True
2022-12-01,USA,VNM,0.0237,1,True
2023-01-01,USA,VNM,0.0656,1,False
2023-02-01,USA,VNM,0.0183,2,True
2023-03-01,USA,VNM,0.0044,2,True
2023-04-01,USA,VNM,0.0012,1,True
2023-05-01,USA,VNM,0.0019,1,True
2023-06-01,USA,VNM,0.005,1,True
2023-07-01,USA,VNM,0.0207,1,True
2023-08-01,USA,VNM,0.0223,1,True
2023-09-01,USA,VNM,0.0081,1,True
2023-10-01,USA,VNM,0.0118,1,True
2023-11-01,USA,VNM,0.0114,1,True
2023-12-01,USA,VNM,0.0219,1,True
2024-01-01,USA,VNM,0.066,1,False
2024-02-01,USA,VNM,0.0942,4,False
2024-03-01,USA,VNM,0.1231,2,False
2024-04-01,USA,VNM,0.1779,1,False
2024-05-01,USA,VNM,0.1728,1,False
2024-06-01,USA,VNM,0.349,1,False
2024-07-01,USA,VNM,0.2709,1,False
2024-08-01,USA,VNM,0.5535,1,False
2024-09-01,USA,VNM,0.6229,1,False
2024-10-01,USA,VNM,0.808,3,False
2024-11-01,USA,VNM,0.6593,3,False
2024-12-01,USA,VNM,0.491,1,False
2025-01-01,USA,VNM,0.3986,1,False
2025-02-01,USA,VNM,0.3877,3,False
2025-03-01,USA,VNM,0.2449,3,False
2025-04-01,USA,VNM,0.2934,3,False
2025-05-01,USA,VNM,0.1511,3,False
2025-06-01,USA,VNM,0.1636,3,False
2025-07-01,USA,VNM,0.1055,3,False
2025-08-01,USA,VNM,0.0948,3,False
2025-09-01,USA,VNM,0.0997,3,False
2025-10-01,USA,VNM,0.1069,1,False
2025-11-01,USA,VNM,0.1413,1,False
2025-12-01,USA,VNM,0.337,1,False
2026-01-01,USA,VNM,0.2054,3,False
2026-02-01,USA,VNM,0.1792,3,False
2026-03-01,USA,VNM,0.1804,3,False
2015-01-01,USA,IDN,0.1792,1,False
2015-02-01,USA,IDN,0.1842,1,False
2015-03-01,USA,IDN,0.1205,1,False
2015-04-01,USA,IDN,0.189,1,False
2015-05-01,USA,IDN,0.1805,1,False
2015-06-01,USA,IDN,0.1824,1,False
2015-07-01,USA,IDN,0.0873,1,False
2015-08-01,USA,IDN,0.0341,1,True
2015-09-01,USA,IDN,0.0289,1,True
2015-10-01,USA,IDN,0.0242,2,True
2015-11-01,USA,IDN,0.0186,2,True
2015-12-01,USA,IDN,0.072,2,False
2016-01-01,USA,IDN,0.1169,2,False
2016-02-01,USA,IDN,0.0973,2,False
2016-03-01,USA,IDN,0.0992,2,False
2016-04-01,USA,IDN,0.0533,2,False
2016-05-01,USA,IDN,0.077,2,False
2016-06-01,USA,IDN,0.0312,2,True
2016-07-01,USA,IDN,0.0411,2,True
2016-08-01,USA,IDN,0.0353,2,True
2016-09-01,USA,IDN,0.0481,3,True
2016-10-01,USA,IDN,0.0133,2,True
2016-11-01,USA,IDN,0.0073,3,True
2016-12-01,USA,IDN,0.0108,2,True
2017-01-01,USA,IDN,0.0091,2,True
2017-02-01,USA,IDN,0.0075,2,True
2017-03-01,USA,IDN,0.0144,2,True
2017-04-01,USA,IDN,0.0225,2,True
2017-05-01,USA,IDN,0.02,2,True
2017-06-01,USA,IDN,0.0303,2,True
2017-07-01,USA,IDN,0.0167,2,True
2017-08-01,USA,IDN,0.0221,2,True
2017-09-01,USA,IDN,0.0095,2,True
2017-10-01,USA,IDN,0.0049,2,True
2017-11-01,USA,IDN,0.0459,2,True
2017-12-01,USA,IDN,0.0444,2,True
2018-01-01,USA,IDN,0.0389,2,True
2018-02-01,USA,IDN,0.1495,2,False
2018-03-01,USA,IDN,0.1442,2,False
2018-04-01,USA,IDN,0.1393,2,False
2018-05-01,USA,IDN,0.1255,4,False
2018-06-01,USA,IDN,0.1666,4,False
2018-07-01,USA,IDN,0.2564,4,False
2018-08-01,USA,IDN,0.1697,3,False
2018-09-01,USA,IDN,0.1663,3,False
2018-10-01,USA,IDN,0.1567,3,False
2018-11-01,USA,IDN,0.2401,2,False
2018-12-01,USA,IDN,0.3259,3,False
2019-01-01,USA,IDN,0.32,3,False
2019-02-01,USA,IDN,0.394,2,False
2019-03-01,USA,IDN,0.3691,3,False
2019-04-01,USA,IDN,0.4689,3,False
2019-05-01,USA,IDN,0.377,4,False
2019-06-01,USA,IDN,0.3017,3,False
2019-07-01,USA,IDN,0.4758,3,False
2019-08-01,USA,IDN,0.4889,1,False
2019-09-01,USA,IDN,0.5837,3,False
2019-10-01,USA,IDN,0.6679,2,False
2019-11-01,USA,IDN,0.6911,2,False
2019-12-01,USA,IDN,0.6049,2,False
2020-01-01,USA,IDN,0.5172,2,False
2020-02-01,USA,IDN,0.4545,2,False
2020-03-01,USA,IDN,0.6423,2,False
2020-04-01,USA,IDN,0.354,2,False
2020-05-01,USA,IDN,0.3559,4,False
2020-06-01,USA,IDN,0.1463,3,False
2020-07-01,USA,IDN,0.1331,2,False
2020-08-01,USA,IDN,0.1075,1,False
2020-09-01,USA,IDN,0.0651,1,False
2020-10-01,USA,IDN,0.025,3,True
2020-11-01,USA,IDN,0.0094,3,True
2020-12-01,USA,IDN,0.0028,2,True
2021-01-01,USA,IDN,0.0068,1,True
2021-02-01,USA,IDN,0.0033,1,True
2021-03-01,USA,IDN,0.0083,2,True
2021-04-01,USA,IDN,0.01,1,True
2021-05-01,USA,IDN,0.0059,2,True
2021-06-01,USA,IDN,0.0229,1,True
2021-07-01,USA,IDN,0.0306,1,True
2021-08-01,USA,IDN,0.0333,1,True
2021-09-01,USA,IDN,0.0296,1,True
2021-10-01,USA,IDN,0.0879,1,False
2021-11-01,USA,IDN,0.5745,1,False
2021-12-01,USA,IDN,0.4155,1,False
2022-01-01,USA,IDN,0.501,4,False
2022-02-01,USA,IDN,0.1952,1,False
2022-03-01,USA,IDN,0.4432,1,False
2022-04-01,USA,IDN,0.0466,1,True
2022-05-01,USA,IDN,0.0046,1,True
2022-06-01,USA,IDN,0.0026,3,True
2022-07-01,USA,IDN,0.0012,1,True
2022-08-01,USA,IDN,0.0002,1,True
2022-09-01,USA,IDN,0.0004,1,True
2022-10-01,USA,IDN,0.001,1,True
2022-11-01,USA,IDN,0.0012,1,True
2022-12-01,USA,IDN,0.0018,1,True
2023-01-01,USA,IDN,0.0068,1,True
2023-02-01,USA,IDN,0.0036,1,True
2023-03-01,USA,IDN,0.0068,1,True
2023-04-01,USA,IDN,0.0095,1,True
2023-05-01,USA,IDN,0.0095,1,True
2023-06-01,USA,IDN,0.0101,1,True
2023-07-01,USA,IDN,0.0084,1,True
2023-08-01,USA,IDN,0.0142,1,True
2023-09-01,USA,IDN,0.0224,1,True
2023-10-01,USA,IDN,0.0227,3,True
2023-11-01,USA,IDN,0.1048,1,False
2023-12-01,USA,IDN,0.1877,1,False
2024-01-01,USA,IDN,0.1739,4,False
2024-02-01,USA,IDN,0.1506,4,False
2024-03-01,USA,IDN,0.1383,4,False
2024-04-01,USA,IDN,0.1318,4,False
2024-05-01,USA,IDN,0.0763,1,False
2024-06-01,USA,IDN,0.0794,1,False
2024-07-01,USA,IDN,0.0758,1,False
2024-08-01,USA,IDN,0.0447,1,True
2024-09-01,USA,IDN,0.0459,1,True
2024-10-01,USA,IDN,0.0623,1,False
2024-11-01,USA,IDN,0.0552,1,False
2024-12-01,USA,IDN,0.0654,1,False
2025-01-01,USA,IDN,0.0632,1,False
2025-02-01,USA,IDN,0.0245,1,True
2025-03-01,USA,IDN,0.0477,1,True
2025-04-01,USA,IDN,0.0631,1,False
2025-05-01,USA,IDN,0.075,1,False
2025-06-01,USA,IDN,0.1183,1,False
2025-07-01,USA,IDN,0.1381,4,False
2025-08-01,USA,IDN,0.1572,4,False
2025-09-01,USA,IDN,0.0757,4,False
2025-10-01,USA,IDN,0.1187,4,False
2025-11-01,USA,IDN,0.0891,4,False
2025-12-01,USA,IDN,0.0663,1,False
2026-01-01,USA,IDN,0.0811,4,False
2026-02-01,USA,IDN,0.0988,2,False
2026-03-01,USA,IDN,0.0807,2,False
2015-01-01,USA,THA,0.128,1,False
2015-02-01,USA,THA,0.0212,2,True
2015-03-01,USA,THA,0.0118,2,True
2015-04-01,USA,THA,0.0525,3,False
2015-05-01,USA,THA,0.2331,2,False
2015-06-01,USA,THA,0.5108,4,False
2015-07-01,USA,THA,0.5048,1,False
2015-08-01,USA,THA,0.5067,4,False
2015-09-01,USA,THA,0.5676,4,False
2015-10-01,USA,THA,0.4384,4,False
2015-11-01,USA,THA,0.115,4,False
2015-12-01,USA,THA,0.2907,1,False
2016-01-01,USA,THA,0.2673,4,False
2016-02-01,USA,THA,0.2526,4,False
2016-03-01,USA,THA,0.1079,4,False
2016-04-01,USA,THA,0.1376,4,False
2016-05-01,USA,THA,0.1088,4,False
2016-06-01,USA,THA,0.1126,4,False
2016-07-01,USA,THA,0.1738,4,False
2016-08-01,USA,THA,0.1914,4,False
2016-09-01,USA,THA,0.1743,4,False
2016-10-01,USA,THA,0.1444,4,False
2016-11-01,USA,THA,0.1317,4,False
2016-12-01,USA,THA,0.1493,4,False
2017-01-01,USA,THA,0.1776,1,False
2017-02-01,USA,THA,0.1209,4,False
2017-03-01,USA,THA,0.1094,4,False
2017-04-01,USA,THA,0.0564,4,False
2017-05-01,USA,THA,0.0992,4,False
2017-06-01,USA,THA,0.0614,4,False
2017-07-01,USA,THA,0.1084,4,False
2017-08-01,USA,THA,0.0142,4,True
2017-09-01,USA,THA,0.024,4,True
2017-10-01,USA,THA,0.011,4,True
2017-11-01,USA,THA,0.008,4,True
2017-12-01,USA,THA,0.0156,4,True
2018-01-01,USA,THA,0.0229,4,True
2018-02-01,USA,THA,0.0062,4,True
2018-03-01,USA,THA,0.0058,4,True
2018-04-01,USA,THA,0.011,4,True
2018-05-01,USA,THA,0.0075,4,True
2018-06-01,USA,THA,0.0107,3,True
2018-07-01,USA,THA,0.0127,3,True
2018-08-01,USA,THA,0.0099,2,True
2018-09-01,USA,THA,0.0116,2,True
2018-10-01,USA,THA,0.0084,2,True
2018-11-01,USA,THA,0.0189,2,True
2018-12-01,USA,THA,0.0189,3,True
2019-01-01,USA,THA,0.0325,4,True
2019-02-01,USA,THA,0.0298,4,True
2019-03-01,USA,THA,0.0241,3,True
2019-04-01,USA,THA,0.0132,2,True
2019-05-01,USA,THA,0.028,2,True
2019-06-01,USA,THA,0.0121,4,True
2019-07-01,USA,THA,0.0051,2,True
2019-08-01,USA,THA,0.0047,2,True
2019-09-01,USA,THA,0.005,2,True
2019-10-01,USA,THA,0.0064,2,True
2019-11-01,USA,THA,0.0046,2,True
2019-12-01,USA,THA,0.0204,2,True
2020-01-01,USA,THA,0.0275,2,True
2020-02-01,USA,THA,0.0107,4,True
2020-03-01,USA,THA,0.05,2,True
2020-04-01,USA,THA,0.0493,2,True
2020-05-01,USA,THA,0.1893,2,False
2020-06-01,USA,THA,0.2911,2,False
2020-07-01,USA,THA,0.2582,2,False
2020-08-01,USA,THA,0.3662,2,False
2020-09-01,USA,THA,0.4573,2,False
2020-10-01,USA,THA,0.2494,1,False
2020-11-01,USA,THA,0.1712,1,False
2020-12-01,USA,THA,0.2308,1,False
2021-01-01,USA,THA,0.472,2,False
2021-02-01,USA,THA,0.6515,2,False
2021-03-01,USA,THA,0.852,3,False
2021-04-01,USA,THA,0.8703,2,False
2021-05-01,USA,THA,0.7236,1,False
2021-06-01,USA,THA,0.6762,4,False
2021-07-01,USA,THA,0.7109,4,False
2021-08-01,USA,THA,0.7599,4,False
2021-09-01,USA,THA,0.6771,4,False
2021-10-01,USA,THA,0.5399,1,False
2021-11-01,USA,THA,0.266,1,False
2021-12-01,USA,THA,0.2121,1,False
2022-01-01,USA,THA,0.3438,1,False
2022-02-01,USA,THA,0.1764,1,False
2022-03-01,USA,THA,0.0132,1,True
2022-04-01,USA,THA,0.0106,1,True
2022-05-01,USA,THA,0.0085,1,True
2022-06-01,USA,THA,0.0101,1,True
2022-07-01,USA,THA,0.0091,1,True
2022-08-01,USA,THA,0.0073,1,True
2022-09-01,USA,THA,0.0081,1,True
2022-10-01,USA,THA,0.0099,1,True
2022-11-01,USA,THA,0.007,1,True
2022-12-01,USA,THA,0.0083,1,True
2023-01-01,USA,THA,0.0082,1,True
2023-02-01,USA,THA,0.0061,1,True
2023-03-01,USA,THA,0.0073,1,True
2023-04-01,USA,THA,0.0074,2,True
2023-05-01,USA,THA,0.009,1,True
2023-06-01,USA,THA,0.0087,2,True
2023-07-01,USA,THA,0.0316,2,True
2023-08-01,USA,THA,0.0486,2,True
2023-09-01,USA,THA,0.0413,2,True
2023-10-01,USA,THA,0.05,2,True
2023-11-01,USA,THA,0.0347,3,True
2023-12-01,USA,THA,0.0223,2,True
2024-01-01,USA,THA,0.0303,2,True
2024-02-01,USA,THA,0.0261,3,True
2024-03-01,USA,THA,0.0208,2,True
2024-04-01,USA,THA,0.0221,2,True
2024-05-01,USA,THA,0.0135,2,True
2024-06-01,USA,THA,0.0086,2,True
2024-07-01,USA,THA,0.0066,4,True
2024-08-01,USA,THA,0.0134,2,True
2024-09-01,USA,THA,0.0104,3,True
2024-10-01,USA,THA,0.0056,3,True
2024-11-01,USA,THA,0.0108,3,True
2024-12-01,USA,THA,0.0091,2,True
2025-01-01,USA,THA,0.0312,2,True
2025-02-01,USA,THA,0.0917,2,False
2025-03-01,USA,THA,0.0318,2,True
2025-04-01,USA,THA,0.0377,2,True
2025-05-01,USA,THA,0.0305,2,True
2025-06-01,USA,THA,0.0431,2,True
2025-07-01,USA,THA,0.0549,2,False
2025-08-01,USA,THA,0.1101,2,False
2025-09-01,USA,THA,0.2734,2,False
2025-10-01,USA,THA,0.4341,2,False
2025-11-01,USA,THA,0.5286,2,False
2025-12-01,USA,THA,0.7286,2,False
2026-01-01,USA,THA,0.7395,2,False
2026-02-01,USA,THA,0.5765,4,False
2026-03-01,USA,THA,0.3906,2,False
2015-01-01,USA,BRA,0.0223,2,True
2015-02-01,USA,BRA,0.2076,2,False
2015-03-01,USA,BRA,0.3641,2,False
2015-04-01,USA,BRA,0.5307,4,False
2015-05-01,USA,BRA,0.4208,3,False
2015-06-01,USA,BRA,0.4449,2,False
2015-07-01,USA,BRA,0.6225,1,False
2015-08-01,USA,BRA,0.3026,1,False
2015-09-01,USA,BRA,0.4344,1,False
2015-10-01,USA,BRA,0.3357,1,False
2015-11-01,USA,BRA,0.5113,1,False
2015-12-01,USA,BRA,0.5911,2,False
2016-01-01,USA,BRA,0.4848,4,False
2016-02-01,USA,BRA,0.348,3,False
2016-03-01,USA,BRA,0.3149,3,False
2016-04-01,USA,BRA,0.2447,4,False
2016-05-01,USA,BRA,0.1077,4,False
2016-06-01,USA,BRA,0.1332,4,False
2016-07-01,USA,BRA,0.3526,4,False
2016-08-01,USA,BRA,0.4795,4,False
2016-09-01,USA,BRA,0.3251,4,False
2016-10-01,USA,BRA,0.3024,4,False
2016-11-01,USA,BRA,0.3267,4,False
2016-12-01,USA,BRA,0.1983,4,False
2017-01-01,USA,BRA,0.4482,4,False
2017-02-01,USA,BRA,0.1007,1,False
2017-03-01,USA,BRA,0.0297,1,True
2017-04-01,USA,BRA,0.0443,2,True
2017-05-01,USA,BRA,0.0431,1,True
2017-06-01,USA,BRA,0.0416,4,True
2017-07-01,USA,BRA,0.0261,4,True
2017-08-01,USA,BRA,0.0151,4,True
2017-09-01,USA,BRA,0.0216,4,True
2017-10-01,USA,BRA,0.0633,4,False
2017-11-01,USA,BRA,0.0619,4,False
2017-12-01,USA,BRA,0.0388,4,True
2018-01-01,USA,BRA,0.0254,4,True
2018-02-01,USA,BRA,0.0399,4,True
2018-03-01,USA,BRA,0.0297,2,True
2018-04-01,USA,BRA,0.019,1,True
2018-05-01,USA,BRA,0.0135,4,True
2018-06-01,USA,BRA,0.0122,4,True
2018-07-01,USA,BRA,0.0132,4,True
2018-08-01,USA,BRA,0.0161,4,True
2018-09-01,USA,BRA,0.0179,4,True
2018-10-01,USA,BRA,0.0476,4,True
2018-11-01,USA,BRA,0.052,4,False
2018-12-01,USA,BRA,0.0849,4,False
2019-01-01,USA,BRA,0.1007,4,False
2019-02-01,USA,BRA,0.0906,4,False
2019-03-01,USA,BRA,0.3539,2,False
2019-04-01,USA,BRA,0.2364,4,False
2019-05-01,USA,BRA,0.2834,4,False
2019-06-01,USA,BRA,0.3889,4,False
2019-07-01,USA,BRA,0.3947,4,False
2019-08-01,USA,BRA,0.4389,3,False
2019-09-01,USA,BRA,0.2987,1,False
2019-10-01,USA,BRA,0.2489,1,False
2019-11-01,USA,BRA,0.2528,1,False
2019-12-01,USA,BRA,0.246,1,False
2020-01-01,USA,BRA,0.3957,3,False
2020-02-01,USA,BRA,0.3807,1,False
2020-03-01,USA,BRA,0.3282,3,False
2020-04-01,USA,BRA,0.2573,3,False
2020-05-01,USA,BRA,0.4584,1,False
2020-06-01,USA,BRA,0.4549,1,False
2020-07-01,USA,BRA,0.1655,2,False
2020-08-01,USA,BRA,0.1707,2,False
2020-09-01,USA,BRA,0.2323,1,False
2020-10-01,USA,BRA,0.2232,1,False
2020-11-01,USA,BRA,0.5132,2,False
2020-12-01,USA,BRA,0.4283,2,False
2021-01-01,USA,BRA,0.5607,2,False
2021-02-01,USA,BRA,0.2021,1,False
2021-03-01,USA,BRA,0.047,1,True
2021-04-01,USA,BRA,0.0402,1,True
2021-05-01,USA,BRA,0.0464,1,True
2021-06-01,USA,BRA,0.0286,2,True
2021-07-01,USA,BRA,0.0131,2,True
2021-08-01,USA,BRA,0.0079,2,True
2021-09-01,USA,BRA,0.0112,2,True
2021-10-01,USA,BRA,0.0213,2,True
2021-11-01,USA,BRA,0.0147,2,True
2021-12-01,USA,BRA,0.0107,3,True
2022-01-01,USA,BRA,0.0119,2,True
2022-02-01,USA,BRA,0.0243,2,True
2022-03-01,USA,BRA,0.0191,1,True
2022-04-01,USA,BRA,0.0338,1,True
2022-05-01,USA,BRA,0.0583,3,False
2022-06-01,USA,BRA,0.0607,1,False
2022-07-01,USA,BRA,0.1128,1,False
2022-08-01,USA,BRA,0.1314,1,False
2022-09-01,USA,BRA,0.1334,1,False
2022-10-01,USA,BRA,0.0364,1,True
2022-11-01,USA,BRA,0.079,1,False
2022-12-01,USA,BRA,0.1258,1,False
2023-01-01,USA,BRA,0.2219,1,False
2023-02-01,USA,BRA,0.123,1,False
2023-03-01,USA,BRA,0.1075,1,False
2023-04-01,USA,BRA,0.0449,1,True
2023-05-01,USA,BRA,0.0377,1,True
2023-06-01,USA,BRA,0.0413,1,True
2023-07-01,USA,BRA,0.0267,1,True
2023-08-01,USA,BRA,0.0132,1,True
2023-09-01,USA,BRA,0.0065,1,True
2023-10-01,USA,BRA,0.0056,1,True
2023-11-01,USA,BRA,0.0063,1,True
2023-12-01,USA,BRA,0.0037,1,True
2024-01-01,USA,BRA,0.0014,1,True
2024-02-01,USA,BRA,0.0005,1,True
2024-03-01,USA,BRA,0.0009,1,True
2024-04-01,USA,BRA,0.0009,1,True
2024-05-01,USA,BRA,0.0004,1,True
2024-06-01,USA,BRA,0.0018,1,True
2024-07-01,USA,BRA,0.0009,1,True
2024-08-01,USA,BRA,0.0016,1,True
2024-09-01,USA,BRA,0.0147,1,True
2024-10-01,USA,BRA,0.029,1,True
2024-11-01,USA,BRA,0.0279,1,True
2024-12-01,USA,BRA,0.0776,4,False
2025-01-01,USA,BRA,0.0627,4,False
2025-02-01,USA,BRA,0.0451,4,True
2025-03-01,USA,BRA,0.0975,4,False
2025-04-01,USA,BRA,0.1696,1,False
2025-05-01,USA,BRA,0.2004,4,False
2025-06-01,USA,BRA,0.1961,4,False
2025-07-01,USA,BRA,0.1497,4,False
2025-08-01,USA,BRA,0.3398,4,False
2025-09-01,USA,BRA,0.2329,4,False
2025-10-01,USA,BRA,0.5463,3,False
2025-11-01,USA,BRA,0.4617,3,False
2025-12-01,USA,BRA,0.3709,1,False
2026-01-01,USA,BRA,0.336,1,False
2026-02-01,USA,BRA,0.2556,3,False
2026-03-01,USA,BRA,0.1158,4,False
2015-01-01,USA,ZAF,0.0019,2,True
2015-02-01,USA,ZAF,0.0013,1,True
2015-03-01,USA,ZAF,0.0077,2,True
2015-04-01,USA,ZAF,0.0105,2,True
2015-05-01,USA,ZAF,0.0172,2,True
2015-06-01,USA,ZAF,0.0066,2,True
2015-07-01,USA,ZAF,0.0131,2,True
2015-08-01,USA,ZAF,0.0495,2,True
2015-09-01,USA,ZAF,0.3779,1,False
2015-10-01,USA,ZAF,0.37,1,False
2015-11-01,USA,ZAF,0.1114,1,False
2015-12-01,USA,ZAF,0.16,1,False
2016-01-01,USA,ZAF,0.0728,1,False
2016-02-01,USA,ZAF,0.0356,1,True
2016-03-01,USA,ZAF,0.0425,1,True
2016-04-01,USA,ZAF,0.1009,3,False
2016-05-01,USA,ZAF,0.0819,1,False
2016-06-01,USA,ZAF,0.0793,3,False
2016-07-01,USA,ZAF,0.0685,4,False
2016-08-01,USA,ZAF,0.0276,3,True
2016-09-01,USA,ZAF,0.0115,4,True
2016-10-01,USA,ZAF,0.0134,3,True
2016-11-01,USA,ZAF,0.0274,3,True
2016-12-01,USA,ZAF,0.0211,1,True
2017-01-01,USA,ZAF,0.0326,1,True
2017-02-01,USA,ZAF,0.0628,1,False
2017-03-01,USA,ZAF,0.0515,2,False
2017-04-01,USA,ZAF,0.079,2,False
2017-05-01,USA,ZAF,0.0888,4,False
2017-06-01,USA,ZAF,0.0463,2,True
2017-07-01,USA,ZAF,0.0344,2,True
2017-08-01,USA,ZAF,0.0925,1,False
2017-09-01,USA,ZAF,0.072,1,False
2017-10-01,USA,ZAF,0.2536,2,False
2017-11-01,USA,ZAF,0.2377,2,False
2017-12-01,USA,ZAF,0.2958,2,False
2018-01-01,USA,ZAF,0.3568,1,False
2018-02-01,USA,ZAF,0.4192,4,False
2018-03-01,USA,ZAF,0.1891,4,False
2018-04-01,USA,ZAF,0.0532,4,False
2018-05-01,USA,ZAF,0.0464,4,True
2018-06-01,USA,ZAF,0.1351,4,False
2018-07-01,USA,ZAF,0.0752,3,False
2018-08-01,USA,ZAF,0.0693,3,False
2018-09-01,USA,ZAF,0.0711,3,False
2018-10-01,USA,ZAF,0.0631,3,False
2018-11-01,USA,ZAF,0.2977,3,False
2018-12-01,USA,ZAF,0.2281,3,False
2019-01-01,USA,ZAF,0.167,3,False
2019-02-01,USA,ZAF,0.1204,3,False
2019-03-01,USA,ZAF,0.1016,3,False
2019-04-01,USA,ZAF,0.0724,4,False
2019-05-01,USA,ZAF,0.0253,3,True
2019-06-01,USA,ZAF,0.0093,3,True
2019-07-01,USA,ZAF,0.0106,4,True
2019-08-01,USA,ZAF,0.0046,3,True
2019-09-01,USA,ZAF,0.0187,1,True
2019-10-01,USA,ZAF,0.0147,1,True
2019-11-01,USA,ZAF,0.2755,3,False
2019-12-01,USA,ZAF,0.4135,3,False
2020-01-01,USA,ZAF,0.3869,3,False
2020-02-01,USA,ZAF,0.5598,3,False
2020-03-01,USA,ZAF,0.331,1,False
2020-04-01,USA,ZAF,0.3096,1,False
2020-05-01,USA,ZAF,0.4852,1,False
2020-06-01,USA,ZAF,0.7169,1,False
2020-07-01,USA,ZAF,0.7089,1,False
2020-08-01,USA,ZAF,0.7619,1,False
2020-09-01,USA,ZAF,0.51,1,False
2020-10-01,USA,ZAF,0.5522,1,False
2020-11-01,USA,ZAF,0.8782,1,False
2020-12-01,USA,ZAF,0.8378,1,False
2021-01-01,USA,ZAF,0.6233,1,False
2021-02-01,USA,ZAF,0.6023,1,False
2021-03-01,USA,ZAF,0.5139,1,False
2021-04-01,USA,ZAF,0.7116,1,False
2021-05-01,USA,ZAF,0.647,1,False
2021-06-01,USA,ZAF,0.6357,1,False
2021-07-01,USA,ZAF,0.4588,4,False
2021-08-01,USA,ZAF,0.4549,4,False
2021-09-01,USA,ZAF,0.3091,4,False
2021-10-01,USA,ZAF,0.3047,4,False
2021-11-01,USA,ZAF,0.3219,4,False
2021-12-01,USA,ZAF,0.3994,4,False
2022-01-01,USA,ZAF,0.2727,4,False
2022-02-01,USA,ZAF,0.2535,1,False
2022-03-01,USA,ZAF,0.0681,1,False
2022-04-01,USA,ZAF,0.0406,1,True
2022-05-01,USA,ZAF,0.1253,3,False
2022-06-01,USA,ZAF,0.1113,2,False
2022-07-01,USA,ZAF,0.2198,3,False
2022-08-01,USA,ZAF,0.3116,2,False
2022-09-01,USA,ZAF,0.5147,2,False
2022-10-01,USA,ZAF,0.4531,1,False
2022-11-01,USA,ZAF,0.3631,1,False
2022-12-01,USA,ZAF,0.3103,1,False
2023-01-01,USA,ZAF,0.3067,1,False
2023-02-01,USA,ZAF,0.2108,1,False
2023-03-01,USA,ZAF,0.2168,1,False
2023-04-01,USA,ZAF,0.2831,1,False
2023-05-01,USA,ZAF,0.3765,1,False
2023-06-01,USA,ZAF,0.5275,1,False
2023-07-01,USA,ZAF,0.4692,1,False
2023-08-01,USA,ZAF,0.4485,1,False
2023-09-01,USA,ZAF,0.4421,1,False
2023-10-01,USA,ZAF,0.5191,2,False
2023-11-01,USA,ZAF,0.1467,2,False
2023-12-01,USA,ZAF,0.1048,2,False
2024-01-01,USA,ZAF,0.1254,2,False
2024-02-01,USA,ZAF,0.1377,2,False
2024-03-01,USA,ZAF,0.138,2,False
2024-04-01,USA,ZAF,0.1864,2,False
2024-05-01,USA,ZAF,0.1673,2,False
2024-06-01,USA,ZAF,0.1431,2,False
2024-07-01,USA,ZAF,0.0789,3,False
2024-08-01,USA,ZAF,0.0498,4,True
2024-09-01,USA,ZAF,0.0161,4,True
2024-10-01,USA,ZAF,0.0114,3,True
2024-11-01,USA,ZAF,0.0089,2,True
2024-12-01,USA,ZAF,0.0188,2,True
2025-01-01,USA,ZAF,0.028,4,True
2025-02-01,USA,ZAF,0.0322,4,True
2025-03-01,USA,ZAF,0.0289,2,True
2025-04-01,USA,ZAF,0.0243,2,True
2025-05-01,USA,ZAF,0.0138,2,True
2025-06-01,USA,ZAF,0.0185,2,True
2025-07-01,USA,ZAF,0.0097,2,True
2025-08-01,USA,ZAF,0.0189,2,True
2025-09-01,USA,ZAF,0.0195,2,True
2025-10-01,USA,ZAF,0.1381,3,False
2025-11-01,USA,ZAF,0.0415,4,True
2025-12-01,USA,ZAF,0.0383,2,True
2026-01-01,USA,ZAF,0.0275,2,True
2026-02-01,USA,ZAF,0.0252,1,True
2026-03-01,USA,ZAF,0.0395,3,True
2015-01-01,USA,MEX,0.0116,2,True
2015-02-01,USA,MEX,0.0098,2,True
2015-03-01,USA,MEX,0.0099,2,True
2015-04-01,USA,MEX,0.0066,2,True
2015-05-01,USA,MEX,0.0006,4,True
2015-06-01,USA,MEX,0.0003,4,True
2015-07-01,USA,MEX,0.0002,2,True
2015-08-01,USA,MEX,0.0002,2,True
2015-09-01,USA,MEX,0.0041,2,True
2015-10-01,USA,MEX,0.01,2,True
2015-11-01,USA,MEX,0.0099,2,True
2015-12-01,USA,MEX,0.006,2,True
2016-01-01,USA,MEX,0.0029,2,True
2016-02-01,USA,MEX,0.0043,2,True
2016-03-01,USA,MEX,0.0038,2,True
2016-04-01,USA,MEX,0.005,2,True
2016-05-01,USA,MEX,0.0079,2,True
2016-06-01,USA,MEX,0.0168,2,True
2016-07-01,USA,MEX,0.0143,2,True
2016-08-01,USA,MEX,0.0117,2,True
2016-09-01,USA,MEX,0.0151,1,True
2016-10-01,USA,MEX,0.0161,2,True
2016-11-01,USA,MEX,0.0108,2,True
2016-12-01,USA,MEX,0.0632,1,False
2017-01-01,USA,MEX,0.2254,1,False
2017-02-01,USA,MEX,0.1592,1,False
2017-03-01,USA,MEX,0.0349,1,True
2017-04-01,USA,MEX,0.0313,1,True
2017-05-01,USA,MEX,0.0336,1,True
2017-06-01,USA,MEX,0.0206,1,True
2017-07-01,USA,MEX,0.0187,1,True
2017-08-01,USA,MEX,0.0143,1,True
2017-09-01,USA,MEX,0.0099,1,True
2017-10-01,USA,MEX,0.0089,1,True
2017-11-01,USA,MEX,0.0121,1,True
2017-12-01,USA,MEX,0.0146,1,True
2018-01-01,USA,MEX,0.0209,2,True
2018-02-01,USA,MEX,0.0017,2,True
2018-03-01,USA,MEX,0.0028,2,True
2018-04-01,USA,MEX,0.001,4,True
2018-05-01,USA,MEX,0.0002,4,True
2018-06-01,USA,MEX,0.0003,4,True
2018-07-01,USA,MEX,0.003,4,True
2018-08-01,USA,MEX,0.015,2,True
2018-09-01,USA,MEX,0.0561,1,False
2018-10-01,USA,MEX,0.0232,1,True
2018-11-01,USA,MEX,0.0494,1,True
2018-12-01,USA,MEX,0.0787,1,False
2019-01-01,USA,MEX,0.1718,1,False
2019-02-01,USA,MEX,0.2264,1,False
2019-03-01,USA,MEX,0.3908,1,False
2019-04-01,USA,MEX,0.7828,1,False
2019-05-01,USA,MEX,0.8253,1,False
2019-06-01,USA,MEX,0.9701,3,False
2019-07-01,USA,MEX,0.9363,1,False
2019-08-01,USA,MEX,0.6807,1,False
2019-09-01,USA,MEX,0.4093,4,False
2019-10-01,USA,MEX,0.2403,3,False
2019-11-01,USA,MEX,0.1646,1,False
2019-12-01,USA,MEX,0.0559,1,False
2020-01-01,USA,MEX,0.0345,1,True
2020-02-01,USA,MEX,0.1541,1,False
2020-03-01,USA,MEX,0.1935,1,False
2020-04-01,USA,MEX,0.1353,1,False
2020-05-01,USA,MEX,0.3064,3,False
2020-06-01,USA,MEX,0.2935,3,False
2020-07-01,USA,MEX,0.2831,3,False
2020-08-01,USA,MEX,0.3983,3,False
2020-09-01,USA,MEX,0.2296,3,False
2020-10-01,USA,MEX,0.3037,3,False
2020-11-01,USA,MEX,0.3445,2,False
2020-12-01,USA,MEX,0.3273,4,False
2021-01-01,USA,MEX,0.4838,4,False
2021-02-01,USA,MEX,0.2493,1,False
2021-03-01,USA,MEX,0.2476,1,False
2021-04-01,USA,MEX,0.2009,1,False
2021-05-01,USA,MEX,0.1904,1,False
2021-06-01,USA,MEX,0.0561,1,False
2021-07-01,USA,MEX,0.0327,1,True
2021-08-01,USA,MEX,0.0435,1,True
2021-09-01,USA,MEX,0.0113,1,True
2021-10-01,USA,MEX,0.0133,1,True
2021-11-01,USA,MEX,0.0108,1,True
2021-12-01,USA,MEX,0.0185,1,True
2022-01-01,USA,MEX,0.0393,1,True
2022-02-01,USA,MEX,0.0686,1,False
2022-03-01,USA,MEX,0.1001,1,False
2022-04-01,USA,MEX,0.0734,1,False
2022-05-01,USA,MEX,0.0499,1,True
2022-06-01,USA,MEX,0.0359,1,True
2022-07-01,USA,MEX,0.0474,1,True
2022-08-01,USA,MEX,0.1342,1,False
2022-09-01,USA,MEX,0.1384,1,False
2022-10-01,USA,MEX,0.0512,1,False
2022-11-01,USA,MEX,0.0301,1,True
2022-12-01,USA,MEX,0.0384,1,True
2023-01-01,USA,MEX,0.028,4,True
2023-02-01,USA,MEX,0.0101,1,True
2023-03-01,USA,MEX,0.0085,1,True
2023-04-01,USA,MEX,0.0141,1,True
2023-05-01,USA,MEX,0.0096,1,True
2023-06-01,USA,MEX,0.0117,1,True
2023-07-01,USA,MEX,0.0165,1,True
2023-08-01,USA,MEX,0.0441,1,True
2023-09-01,USA,MEX,0.0226,1,True
2023-10-01,USA,MEX,0.055,1,False
2023-11-01,USA,MEX,0.0959,1,False
2023-12-01,USA,MEX,0.1424,1,False
2024-01-01,USA,MEX,0.0479,1,True
2024-02-01,USA,MEX,0.0362,1,True
2024-03-01,USA,MEX,0.0301,1,True
2024-04-01,USA,MEX,0.0263,1,True
2024-05-01,USA,MEX,0.0176,1,True
2024-06-01,USA,MEX,0.0456,1,True
2024-07-01,USA,MEX,0.0742,1,False
2024-08-01,USA,MEX,0.0486,1,True
2024-09-01,USA,MEX,0.0449,1,True
2024-10-01,USA,MEX,0.0501,1,False
2024-11-01,USA,MEX,0.0398,3,True
2024-12-01,USA,MEX,0.0656,1,False
2025-01-01,USA,MEX,0.111,4,False
2025-02-01,USA,MEX,0.1887,2,False
2025-03-01,USA,MEX,0.4407,2,False
2025-04-01,USA,MEX,0.2705,2,False
2025-05-01,USA,MEX,0.3053,2,False
2025-06-01,USA,MEX,0.4477,1,False
2025-07-01,USA,MEX,0.042,1,True
2025-08-01,USA,MEX,0.0164,1,True
2025-09-01,USA,MEX,0.0242,1,True
2025-10-01,USA,MEX,0.0433,1,True
2025-11-01,USA,MEX,0.045,1,True
2025-12-01,USA,MEX,0.2517,1,False
2026-01-01,USA,MEX,0.3594,4,False
2026-02-01,USA,MEX,0.4071,4,False
2026-03-01,USA,MEX,0.2927,4,False
2015-01-01,USA,SGP,0.163,1,False
2015-02-01,USA,SGP,0.1453,1,False
2015-03-01,USA,SGP,0.1907,1,False
2015-04-01,USA,SGP,0.1728,1,False
2015-05-01,USA,SGP,0.2992,1,False
2015-06-01,USA,SGP,0.3864,1,False
2015-07-01,USA,SGP,0.4114,1,False
2015-08-01,USA,SGP,0.5766,1,False
2015-09-01,USA,SGP,0.517,1,False
2015-10-01,USA,SGP,0.6621,1,False
2015-11-01,USA,SGP,0.6394,3,False
2015-12-01,USA,SGP,0.6259,2,False
2016-01-01,USA,SGP,0.6208,2,False
2016-02-01,USA,SGP,0.5023,2,False
2016-03-01,USA,SGP,0.6149,2,False
2016-04-01,USA,SGP,0.6032,2,False
2016-05-01,USA,SGP,0.531,2,False
2016-06-01,USA,SGP,0.4414,2,False
2016-07-01,USA,SGP,0.3935,2,False
2016-08-01,USA,SGP,0.2823,2,False
2016-09-01,USA,SGP,0.37,2,False
2016-10-01,USA,SGP,0.3388,2,False
2016-11-01,USA,SGP,0.1646,2,False
2016-12-01,USA,SGP,0.1608,2,False
2017-01-01,USA,SGP,0.2847,2,False
2017-02-01,USA,SGP,0.236,2,False
2017-03-01,USA,SGP,0.4403,2,False
2017-04-01,USA,SGP,0.2281,2,False
2017-05-01,USA,SGP,0.3071,2,False
2017-06-01,USA,SGP,0.3177,2,False
2017-07-01,USA,SGP,0.0752,3,False
2017-08-01,USA,SGP,0.0918,2,False
2017-09-01,USA,SGP,0.0611,3,False
2017-10-01,USA,SGP,0.0924,3,False
2017-11-01,USA,SGP,0.0384,3,True
2017-12-01,USA,SGP,0.0801,2,False
2018-01-01,USA,SGP,0.1271,2,False
2018-02-01,USA,SGP,0.1048,2,False
2018-03-01,USA,SGP,0.1454,2,False
2018-04-01,USA,SGP,0.1869,2,False
2018-05-01,USA,SGP,0.1898,2,False
2018-06-01,USA,SGP,0.121,2,False
2018-07-01,USA,SGP,0.1002,1,False
2018-08-01,USA,SGP,0.1104,4,False
2018-09-01,USA,SGP,0.0988,3,False
2018-10-01,USA,SGP,0.0649,2,False
2018-11-01,USA,SGP,0.0141,1,True
2018-12-01,USA,SGP,0.0289,1,True
2019-01-01,USA,SGP,0.0516,1,False
2019-02-01,USA,SGP,0.043,1,True
2019-03-01,USA,SGP,0.0387,1,True
2019-04-01,USA,SGP,0.0121,1,True
2019-05-01,USA,SGP,0.0214,1,True
2019-06-01,USA,SGP,0.0093,4,True
2019-07-01,USA,SGP,0.0078,3,True
2019-08-01,USA,SGP,0.0024,1,True
2019-09-01,USA,SGP,0.0015,1,True
2019-10-01,USA,SGP,0.0293,1,True
2019-11-01,USA,SGP,0.0602,1,False
2019-12-01,USA,SGP,0.1781,1,False
2020-01-01,USA,SGP,0.1107,1,False
2020-02-01,USA,SGP,0.2398,4,False
2020-03-01,USA,SGP,0.2823,4,False
2020-04-01,USA,SGP,0.2826,4,False
2020-05-01,USA,SGP,0.2805,4,False
2020-06-01,USA,SGP,0.4824,3,False
2020-07-01,USA,SGP,0.4747,3,False
2020-08-01,USA,SGP,0.2872,3,False
2020-09-01,USA,SGP,0.1151,3,False
2020-10-01,USA,SGP,0.1097,3,False
2020-11-01,USA,SGP,0.1201,3,False
2020-12-01,USA,SGP,0.1092,3,False
2021-01-01,USA,SGP,0.0383,3,True
2021-02-01,USA,SGP,0.047,3,True
2021-03-01,USA,SGP,0.045,3,True
2021-04-01,USA,SGP,0.0179,3,True
2021-05-01,USA,SGP,0.0039,3,True
2021-06-01,USA,SGP,0.0045,3,True
2021-07-01,USA,SGP,0.0045,3,True
2021-08-01,USA,SGP,0.0021,3,True
2021-09-01,USA,SGP,0.0038,3,True
2021-10-01,USA,SGP,0.0092,3,True
2021-11-01,USA,SGP,0.0107,3,True
2021-12-01,USA,SGP,0.0177,3,True
2022-01-01,USA,SGP,0.1263,3,False
2022-02-01,USA,SGP,0.2595,1,False
2022-03-01,USA,SGP,0.2832,1,False
2022-04-01,USA,SGP,0.2453,1,False
2022-05-01,USA,SGP,0.292,1,False
2022-06-01,USA,SGP,0.4446,1,False
2022-07-01,USA,SGP,0.3647,2,False
2022-08-01,USA,SGP,0.4001,1,False
2022-09-01,USA,SGP,0.3683,2,False
2022-10-01,USA,SGP,0.3662,2,False
2022-11-01,USA,SGP,0.2359,2,False
2022-12-01,USA,SGP,0.2745,2,False
2023-01-01,USA,SGP,0.2513,2,False
2023-02-01,USA,SGP,0.2547,2,False
2023-03-01,USA,SGP,0.3278,4,False
2023-04-01,USA,SGP,0.3851,4,False
2023-05-01,USA,SGP,0.3842,4,False
2023-06-01,USA,SGP,0.1409,4,False
2023-07-01,USA,SGP,0.1526,4,False
2023-08-01,USA,SGP,0.1229,4,False
2023-09-01,USA,SGP,0.0444,1,True
2023-10-01,USA,SGP,0.01,1,True
2023-11-01,USA,SGP,0.0051,1,True
2023-12-01,USA,SGP,0.0177,1,True
2024-01-01,USA,SGP,0.0303,1,True
2024-02-01,USA,SGP,0.009,1,True
2024-03-01,USA,SGP,0.004,1,True
2024-04-01,USA,SGP,0.0013,1,True
2024-05-01,USA,SGP,0.0024,1,True
2024-06-01,USA,SGP,0.0022,1,True
2024-07-01,USA,SGP,0.0013,1,True
2024-08-01,USA,SGP,0.0004,1,True
2024-09-01,USA,SGP,0.0002,1,True
2024-10-01,USA,SGP,0.0001,1,True
2024-11-01,USA,SGP,0.0,1,True
2024-12-01,USA,SGP,0.0,1,True
2025-01-01,USA,SGP,0.0,1,True
2025-02-01,USA,SGP,0.0,1,True
2025-03-01,USA,SGP,0.0,1,True
2025-04-01,USA,SGP,0.0001,1,True
2025-05-01,USA,SGP,0.0001,1,True
2025-06-01,USA,SGP,0.0003,1,True
2025-07-01,USA,SGP,0.0003,1,True
2025-08-01,USA,SGP,0.0005,1,True
2025-09-01,USA,SGP,0.0012,1,True
2025-10-01,USA,SGP,0.0005,1,True
2025-11-01,USA,SGP,0.0096,1,True
2025-12-01,USA,SGP,0.0102,1,True
2026-01-01,USA,SGP,0.0128,1,True
2026-02-01,USA,SGP,0.0481,1,True
2026-03-01,USA,SGP,0.1069,1,False
2015-01-01,USA,KOR,0.1349,2,False
2015-02-01,USA,KOR,0.1513,2,False
2015-03-01,USA,KOR,0.1709,4,False
2015-04-01,USA,KOR,0.1735,2,False
2015-05-01,USA,KOR,0.1327,2,False
2015-06-01,USA,KOR,0.3286,1,False
2015-07-01,USA,KOR,0.519,2,False
2015-08-01,USA,KOR,0.6662,1,False
2015-09-01,USA,KOR,0.455,2,False
2015-10-01,USA,KOR,0.5223,2,False
2015-11-01,USA,KOR,0.5216,1,False
2015-12-01,USA,KOR,0.3884,4,False
2016-01-01,USA,KOR,0.4498,4,False
2016-02-01,USA,KOR,0.3673,2,False
2016-03-01,USA,KOR,0.4681,4,False
2016-04-01,USA,KOR,0.3316,4,False
2016-05-01,USA,KOR,0.2154,4,False
2016-06-01,USA,KOR,0.154,1,False
2016-07-01,USA,KOR,0.0776,1,False
2016-08-01,USA,KOR,0.0487,1,True
2016-09-01,USA,KOR,0.0215,1,True
2016-10-01,USA,KOR,0.0267,1,True
2016-11-01,USA,KOR,0.0264,1,True
2016-12-01,USA,KOR,0.0544,1,False
2017-01-01,USA,KOR,0.0471,1,True
2017-02-01,USA,KOR,0.1229,1,False
2017-03-01,USA,KOR,0.1007,1,False
2017-04-01,USA,KOR,0.1517,1,False
2017-05-01,USA,KOR,0.2046,1,False
2017-06-01,USA,KOR,0.1955,1,False
2017-07-01,USA,KOR,0.2177,1,False
2017-08-01,USA,KOR,0.3704,1,False
2017-09-01,USA,KOR,0.372,1,False
2017-10-01,USA,KOR,0.4977,1,False
2017-11-01,USA,KOR,0.6654,1,False
2017-12-01,USA,KOR,0.5753,1,False
2018-01-01,USA,KOR,0.6746,4,False
2018-02-01,USA,KOR,0.6807,4,False
2018-03-01,USA,KOR,0.5957,4,False
2018-04-01,USA,KOR,0.4024,1,False
2018-05-01,USA,KOR,0.5928,1,False
2018-06-01,USA,KOR,0.3254,1,False
2018-07-01,USA,KOR,0.4845,1,False
2018-08-01,USA,KOR,0.5235,1,False
2018-09-01,USA,KOR,0.6855,1,False
2018-10-01,USA,KOR,0.5452,1,False
2018-11-01,USA,KOR,0.6166,1,False
2018-12-01,USA,KOR,0.3856,1,False
2019-01-01,USA,KOR,0.3997,1,False
2019-02-01,USA,KOR,0.6463,1,False
2019-03-01,USA,KOR,0.9309,1,False
2019-04-01,USA,KOR,0.631,1,False
2019-05-01,USA,KOR,0.6929,2,False
2019-06-01,USA,KOR,0.6051,3,False
2019-07-01,USA,KOR,0.4461,2,False
2019-08-01,USA,KOR,0.3852,3,False
2019-09-01,USA,KOR,0.2988,2,False
2019-10-01,USA,KOR,0.3587,2,False
2019-11-01,USA,KOR,0.2722,2,False
2019-12-01,USA,KOR,0.4245,1,False
2020-01-01,USA,KOR,0.4699,2,False
2020-02-01,USA,KOR,0.3316,1,False
2020-03-01,USA,KOR,0.7072,1,False
2020-04-01,USA,KOR,0.7647,3,False
2020-05-01,USA,KOR,0.7504,3,False
2020-06-01,USA,KOR,0.771,4,False
2020-07-01,USA,KOR,0.7058,4,False
2020-08-01,USA,KOR,0.5866,4,False
2020-09-01,USA,KOR,0.2606,4,False
2020-10-01,USA,KOR,0.4454,4,False
2020-11-01,USA,KOR,0.4205,4,False
2020-12-01,USA,KOR,0.238,4,False
2021-01-01,USA,KOR,0.1606,4,False
2021-02-01,USA,KOR,0.3292,4,False
2021-03-01,USA,KOR,0.0774,2,False
2021-04-01,USA,KOR,0.0538,2,False
2021-05-01,USA,KOR,0.0593,2,False
2021-06-01,USA,KOR,0.0481,2,True
2021-07-01,USA,KOR,0.0236,2,True
2021-08-01,USA,KOR,0.0093,4,True
2021-09-01,USA,KOR,0.0027,3,True
2021-10-01,USA,KOR,0.0005,2,True
2021-11-01,USA,KOR,0.0007,2,True
2021-12-01,USA,KOR,0.0395,2,True
2022-01-01,USA,KOR,0.057,2,False
2022-02-01,USA,KOR,0.1564,2,False
2022-03-01,USA,KOR,0.1817,2,False
2022-04-01,USA,KOR,0.2609,2,False
2022-05-01,USA,KOR,0.3604,3,False
2022-06-01,USA,KOR,0.2891,2,False
2022-07-01,USA,KOR,0.1908,2,False
2022-08-01,USA,KOR,0.1382,2,False
2022-09-01,USA,KOR,0.2458,2,False
2022-10-01,USA,KOR,0.1653,2,False
2022-11-01,USA,KOR,0.1257,2,False
2022-12-01,USA,KOR,0.113,2,False
2023-01-01,USA,KOR,0.1086,2,False
2023-02-01,USA,KOR,0.1253,2,False
2023-03-01,USA,KOR,0.0091,2,True
2023-04-01,USA,KOR,0.0057,2,True
2023-05-01,USA,KOR,0.0044,2,True
2023-06-01,USA,KOR,0.0016,2,True
2023-07-01,USA,KOR,0.0097,2,True
2023-08-01,USA,KOR,0.0099,2,True
2023-09-01,USA,KOR,0.0201,2,True
2023-10-01,USA,KOR,0.0091,3,True
2023-11-01,USA,KOR,0.0053,2,True
2023-12-01,USA,KOR,0.0038,2,True
2024-01-01,USA,KOR,0.0016,1,True
2024-02-01,USA,KOR,0.0017,1,True
2024-03-01,USA,KOR,0.0015,1,True
2024-04-01,USA,KOR,0.0022,1,True
2024-05-01,USA,KOR,0.0197,1,True
2024-06-01,USA,KOR,0.0045,1,True
2024-07-01,USA,KOR,0.0005,1,True
2024-08-01,USA,KOR,0.0008,1,True
2024-09-01,USA,KOR,0.0004,2,True
2024-10-01,USA,KOR,0.0,1,True
2024-11-01,USA,KOR,0.0,2,True
2024-12-01,USA,KOR,0.0,1,True
2025-01-01,USA,KOR,0.0001,1,True
2025-02-01,USA,KOR,0.0002,1,True
2025-03-01,USA,KOR,0.0009,1,True
2025-04-01,USA,KOR,0.0025,1,True
2025-05-01,USA,KOR,0.0132,1,True
2025-06-01,USA,KOR,0.0107,1,True
2025-07-01,USA,KOR,0.0111,1,True
2025-08-01,USA,KOR,0.0432,1,True
2025-09-01,USA,KOR,0.0512,1,False
2025-10-01,USA,KOR,0.0912,1,False
2025-11-01,USA,KOR,0.1418,1,False
2025-12-01,USA,KOR,0.1565,1,False
2026-01-01,USA,KOR,0.1537,2,False
2026-02-01,USA,KOR,0.1142,1,False
2026-03-01,USA,KOR,0.1054,1,False
2015-01-01,USA,GBR,0.0085,1,True
2015-02-01,USA,GBR,0.0746,2,False
2015-03-01,USA,GBR,0.41,4,False
2015-04-01,USA,GBR,0.3943,4,False
2015-05-01,USA,GBR,0.3565,4,False
2015-06-01,USA,GBR,0.2778,4,False
2015-07-01,USA,GBR,0.2423,4,False
2015-08-01,USA,GBR,0.2121,4,False
2015-09-01,USA,GBR,0.2493,4,False
2015-10-01,USA,GBR,0.2672,4,False
2015-11-01,USA,GBR,0.0688,4,False
2015-12-01,USA,GBR,0.0136,4,True
2016-01-01,USA,GBR,0.0192,4,True
2016-02-01,USA,GBR,0.0119,4,True
2016-03-01,USA,GBR,0.0099,4,True
2016-04-01,USA,GBR,0.0088,4,True
2016-05-01,USA,GBR,0.0097,4,True
2016-06-01,USA,GBR,0.0266,4,True
2016-07-01,USA,GBR,0.0383,4,True
2016-08-01,USA,GBR,0.1598,4,False
2016-09-01,USA,GBR,0.1802,4,False
2016-10-01,USA,GBR,0.1897,4,False
2016-11-01,USA,GBR,0.2054,4,False
2016-12-01,USA,GBR,0.1966,4,False
2017-01-01,USA,GBR,0.1688,4,False
2017-02-01,USA,GBR,0.1065,4,False
2017-03-01,USA,GBR,0.2068,4,False
2017-04-01,USA,GBR,0.0087,4,True
2017-05-01,USA,GBR,0.015,4,True
2017-06-01,USA,GBR,0.0054,4,True
2017-07-01,USA,GBR,0.0055,4,True
2017-08-01,USA,GBR,0.0038,4,True
2017-09-01,USA,GBR,0.0377,4,True
2017-10-01,USA,GBR,0.1199,4,False
2017-11-01,USA,GBR,0.1466,2,False
2017-12-01,USA,GBR,0.1214,2,False
2018-01-01,USA,GBR,0.1989,3,False
2018-02-01,USA,GBR,0.2117,1,False
2018-03-01,USA,GBR,0.098,1,False
2018-04-01,USA,GBR,0.0585,2,False
2018-05-01,USA,GBR,0.0282,1,True
2018-06-01,USA,GBR,0.0171,2,True
2018-07-01,USA,GBR,0.0129,2,True
2018-08-01,USA,GBR,0.0032,2,True
2018-09-01,USA,GBR,0.0034,1,True
2018-10-01,USA,GBR,0.0042,2,True
2018-11-01,USA,GBR,0.0034,2,True
2018-12-01,USA,GBR,0.0034,2,True
2019-01-01,USA,GBR,0.0074,2,True
2019-02-01,USA,GBR,0.0178,1,True
2019-03-01,USA,GBR,0.0089,1,True
2019-04-01,USA,GBR,0.0094,1,True
2019-05-01,USA,GBR,0.0094,1,True
2019-06-01,USA,GBR,0.0154,1,True
2019-07-01,USA,GBR,0.0329,1,True
2019-08-01,USA,GBR,0.0452,1,True
2019-09-01,USA,GBR,0.053,1,False
2019-10-01,USA,GBR,0.0692,1,False
2019-11-01,USA,GBR,0.0757,1,False
2019-12-01,USA,GBR,0.0637,1,False
2020-01-01,USA,GBR,0.0927,2,False
2020-02-01,USA,GBR,0.2998,2,False
2020-03-01,USA,GBR,0.5983,3,False
2020-04-01,USA,GBR,0.5457,3,False
2020-05-01,USA,GBR,0.5971,3,False
2020-06-01,USA,GBR,0.6519,4,False
2020-07-01,USA,GBR,0.5258,4,False
2020-08-01,USA,GBR,0.2999,4,False
2020-09-01,USA,GBR,0.3888,4,False
2020-10-01,USA,GBR,0.3999,4,False
2020-11-01,USA,GBR,0.4046,3,False
2020-12-01,USA,GBR,0.3484,4,False
2021-01-01,USA,GBR,0.2432,1,False
2021-02-01,USA,GBR,0.4974,3,False
2021-03-01,USA,GBR,0.4366,4,False
2021-04-01,USA,GBR,0.1958,3,False
2021-05-01,USA,GBR,0.2285,3,False
2021-06-01,USA,GBR,0.213,3,False
2021-07-01,USA,GBR,0.2652,3,False
2021-08-01,USA,GBR,0.1403,3,False
2021-09-01,USA,GBR,0.2033,3,False
2021-10-01,USA,GBR,0.207,3,False
2021-11-01,USA,GBR,0.2768,3,False
2021-12-01,USA,GBR,0.2614,3,False
2022-01-01,USA,GBR,0.1838,3,False
2022-02-01,USA,GBR,0.1839,1,False
2022-03-01,USA,GBR,0.0825,1,False
2022-04-01,USA,GBR,0.1252,1,False
2022-05-01,USA,GBR,0.1142,1,False
2022-06-01,USA,GBR,0.08,1,False
2022-07-01,USA,GBR,0.062,1,False
2022-08-01,USA,GBR,0.0299,1,True
2022-09-01,USA,GBR,0.0265,1,True
2022-10-01,USA,GBR,0.041,1,True
2022-11-01,USA,GBR,0.037,1,True
2022-12-01,USA,GBR,0.0315,1,True
2023-01-01,USA,GBR,0.0342,1,True
2023-02-01,USA,GBR,0.0222,1,True
2023-03-01,USA,GBR,0.0106,1,True
2023-04-01,USA,GBR,0.0098,1,True
2023-05-01,USA,GBR,0.0109,1,True
2023-06-01,USA,GBR,0.0089,1,True
2023-07-01,USA,GBR,0.0094,1,True
2023-08-01,USA,GBR,0.0026,1,True
2023-09-01,USA,GBR,0.0011,1,True
2023-10-01,USA,GBR,0.0007,1,True
2023-11-01,USA,GBR,0.0019,1,True
2023-12-01,USA,GBR,0.003,1,True
2024-01-01,USA,GBR,0.0038,1,True
2024-02-01,USA,GBR,0.0007,1,True
2024-03-01,USA,GBR,0.0005,1,True
2024-04-01,USA,GBR,0.0002,1,True
2024-05-01,USA,GBR,0.0,1,True
2024-06-01,USA,GBR,0.0,1,True
2024-07-01,USA,GBR,0.0,1,True
2024-08-01,USA,GBR,0.0,1,True
2024-09-01,USA,GBR,0.0,1,True
2024-10-01,USA,GBR,0.0,1,True
2024-11-01,USA,GBR,0.0,1,True
2024-12-01,USA,GBR,0.0,1,True
2025-01-01,USA,GBR,0.0,1,True
2025-02-01,USA,GBR,0.0,1,True
2025-03-01,USA,GBR,0.0,1,True
2025-04-01,USA,GBR,0.0,1,True
2025-05-01,USA,GBR,0.0002,1,True
2025-06-01,USA,GBR,0.0003,1,True
2025-07-01,USA,GBR,0.0006,1,True
2025-08-01,USA,GBR,0.0009,1,True
2025-09-01,USA,GBR,0.0016,1,True
2025-10-01,USA,GBR,0.0068,1,True
2025-11-01,USA,GBR,0.0053,1,True
2025-12-01,USA,GBR,0.0415,1,True
2026-01-01,USA,GBR,0.0528,1,False
2026-02-01,USA,GBR,0.0075,1,True
2026-03-01,USA,GBR,0.0127,1,True
2015-01-01,USA,DEU,0.0054,4,True
2015-02-01,USA,DEU,0.0024,3,True
2015-03-01,USA,DEU,0.0026,3,True
2015-04-01,USA,DEU,0.0032,3,True
2015-05-01,USA,DEU,0.018,3,True
2015-06-01,USA,DEU,0.0063,3,True
2015-07-01,USA,DEU,0.0823,2,False
2015-08-01,USA,DEU,0.0274,1,True
2015-09-01,USA,DEU,0.1533,1,False
2015-10-01,USA,DEU,0.1613,1,False
2015-11-01,USA,DEU,0.1171,1,False
2015-12-01,USA,DEU,0.0616,1,False
2016-01-01,USA,DEU,0.0395,1,True
2016-02-01,USA,DEU,0.112,1,False
2016-03-01,USA,DEU,0.1468,1,False
2016-04-01,USA,DEU,0.282,1,False
2016-05-01,USA,DEU,0.0461,1,True
2016-06-01,USA,DEU,0.043,1,True
2016-07-01,USA,DEU,0.0188,1,True
2016-08-01,USA,DEU,0.0167,1,True
2016-09-01,USA,DEU,0.0073,1,True
2016-10-01,USA,DEU,0.0081,1,True
2016-11-01,USA,DEU,0.0127,1,True
2016-12-01,USA,DEU,0.0152,1,True
2017-01-01,USA,DEU,0.0405,1,True
2017-02-01,USA,DEU,0.1031,1,False
2017-03-01,USA,DEU,0.1476,1,False
2017-04-01,USA,DEU,0.2245,1,False
2017-05-01,USA,DEU,0.1097,1,False
2017-06-01,USA,DEU,0.088,1,False
2017-07-01,USA,DEU,0.1303,1,False
2017-08-01,USA,DEU,0.2,1,False
2017-09-01,USA,DEU,0.3092,1,False
2017-10-01,USA,DEU,0.3637,1,False
2017-11-01,USA,DEU,0.4525,3,False
2017-12-01,USA,DEU,0.4689,4,False
2018-01-01,USA,DEU,0.4148,4,False
2018-02-01,USA,DEU,0.2903,4,False
2018-03-01,USA,DEU,0.074,4,False
2018-04-01,USA,DEU,0.0497,4,True
2018-05-01,USA,DEU,0.1549,1,False
2018-06-01,USA,DEU,0.1675,1,False
2018-07-01,USA,DEU,0.151,4,False
2018-08-01,USA,DEU,0.0844,4,False
2018-09-01,USA,DEU,0.0785,4,False
2018-10-01,USA,DEU,0.0596,4,False
2018-11-01,USA,DEU,0.0566,4,False
2018-12-01,USA,DEU,0.0292,4,True
2019-01-01,USA,DEU,0.0602,4,False
2019-02-01,USA,DEU,0.0665,1,False
2019-03-01,USA,DEU,0.034,1,True
2019-04-01,USA,DEU,0.1664,1,False
2019-05-01,USA,DEU,0.0914,1,False
2019-06-01,USA,DEU,0.1206,1,False
2019-07-01,USA,DEU,0.2367,4,False
2019-08-01,USA,DEU,0.1142,4,False
2019-09-01,USA,DEU,0.1472,1,False
2019-10-01,USA,DEU,0.1653,2,False
2019-11-01,USA,DEU,0.1223,1,False
2019-12-01,USA,DEU,0.2969,1,False
2020-01-01,USA,DEU,0.2986,4,False
2020-02-01,USA,DEU,0.4199,3,False
2020-03-01,USA,DEU,0.4826,3,False
2020-04-01,USA,DEU,0.5801,3,False
2020-05-01,USA,DEU,0.5716,3,False
2020-06-01,USA,DEU,0.5485,3,False
2020-07-01,USA,DEU,0.4399,3,False
2020-08-01,USA,DEU,0.4625,3,False
2020-09-01,USA,DEU,0.1785,3,False
2020-10-01,USA,DEU,0.1675,3,False
2020-11-01,USA,DEU,0.1857,1,False
2020-12-01,USA,DEU,0.1767,1,False
2021-01-01,USA,DEU,0.0944,1,False
2021-02-01,USA,DEU,0.2056,1,False
2021-03-01,USA,DEU,0.4275,3,False
2021-04-01,USA,DEU,0.4186,3,False
2021-05-01,USA,DEU,0.4118,3,False
2021-06-01,USA,DEU,0.6046,3,False
2021-07-01,USA,DEU,0.6248,1,False
2021-08-01,USA,DEU,0.5512,4,False
2021-09-01,USA,DEU,0.4603,4,False
2021-10-01,USA,DEU,0.5437,2,False
2021-11-01,USA,DEU,0.4319,2,False
2021-12-01,USA,DEU,0.2143,1,False
2022-01-01,USA,DEU,0.2412,1,False
2022-02-01,USA,DEU,0.2571,1,False
2022-03-01,USA,DEU,0.2508,1,False
2022-04-01,USA,DEU,0.2717,1,False
2022-05-01,USA,DEU,0.2828,1,False
2022-06-01,USA,DEU,0.2313,1,False
2022-07-01,USA,DEU,0.2027,1,False
2022-08-01,USA,DEU,0.2187,1,False
2022-09-01,USA,DEU,0.2091,1,False
2022-10-01,USA,DEU,0.0955,4,False
2022-11-01,USA,DEU,0.0997,4,False
2022-12-01,USA,DEU,0.0905,4,False
2023-01-01,USA,DEU,0.1342,4,False
2023-02-01,USA,DEU,0.0818,1,False
2023-03-01,USA,DEU,0.0312,1,True
2023-04-01,USA,DEU,0.0083,1,True
2023-05-01,USA,DEU,0.0065,1,True
2023-06-01,USA,DEU,0.0011,4,True
2023-07-01,USA,DEU,0.0014,4,True
2023-08-01,USA,DEU,0.0012,4,True
2023-09-01,USA,DEU,0.0009,1,True
2023-10-01,USA,DEU,0.0007,1,True
2023-11-01,USA,DEU,0.0006,1,True
2023-12-01,USA,DEU,0.0025,1,True
2024-01-01,USA,DEU,0.0048,1,True
2024-02-01,USA,DEU,0.0011,1,True
2024-03-01,USA,DEU,0.0012,1,True
2024-04-01,USA,DEU,0.0002,1,True
2024-05-01,USA,DEU,0.0001,1,True
2024-06-01,USA,DEU,0.0002,1,True
2024-07-01,USA,DEU,0.0002,1,True
2024-08-01,USA,DEU,0.0,1,True
2024-09-01,USA,DEU,0.0,1,True
2024-10-01,USA,DEU,0.0,1,True
2024-11-01,USA,DEU,0.0,1,True
2024-12-01,USA,DEU,0.0,1,True
2025-01-01,USA,DEU,0.0,1,True
2025-02-01,USA,DEU,0.0,1,True
2025-03-01,USA,DEU,0.0001,1,True
2025-04-01,USA,DEU,0.0001,1,True
2025-05-01,USA,DEU,0.0005,1,True
2025-06-01,USA,DEU,0.0014,1,True
2025-07-01,USA,DEU,0.0006,1,True
2025-08-01,USA,DEU,0.0012,1,True
2025-09-01,USA,DEU,0.0003,1,True
2025-10-01,USA,DEU,0.0007,1,True
2025-11-01,USA,DEU,0.0009,1,True
2025-12-01,USA,DEU,0.007,1,True
2026-01-01,USA,DEU,0.0101,1,True
2026-02-01,USA,DEU,0.0197,1,True
2026-03-01,USA,DEU,0.0119,1,True
2015-01-01,USA,FRA,0.0033,1,True
2015-02-01,USA,FRA,0.0064,1,True
2015-03-01,USA,FRA,0.0321,1,True
2015-04-01,USA,FRA,0.0342,2,True
2015-05-01,USA,FRA,0.0254,2,True
2015-06-01,USA,FRA,0.0284,1,True
2015-07-01,USA,FRA,0.05,1,True
2015-08-01,USA,FRA,0.201,2,False
2015-09-01,USA,FRA,0.1418,1,False
2015-10-01,USA,FRA,0.076,1,False
2015-11-01,USA,FRA,0.0345,1,True
2015-12-01,USA,FRA,0.017,1,True
2016-01-01,USA,FRA,0.0213,1,True
2016-02-01,USA,FRA,0.0242,1,True
2016-03-01,USA,FRA,0.047,1,True
2016-04-01,USA,FRA,0.1102,1,False
2016-05-01,USA,FRA,0.1027,1,False
2016-06-01,USA,FRA,0.1183,1,False
2016-07-01,USA,FRA,0.2002,1,False
2016-08-01,USA,FRA,0.2068,2,False
2016-09-01,USA,FRA,0.1874,2,False
2016-10-01,USA,FRA,0.1797,2,False
2016-11-01,USA,FRA,0.1631,1,False
2016-12-01,USA,FRA,0.2098,2,False
2017-01-01,USA,FRA,0.1685,1,False
2017-02-01,USA,FRA,0.2985,1,False
2017-03-01,USA,FRA,0.3765,2,False
2017-04-01,USA,FRA,0.3812,1,False
2017-05-01,USA,FRA,0.1078,2,False
2017-06-01,USA,FRA,0.0819,1,False
2017-07-01,USA,FRA,0.0909,1,False
2017-08-01,USA,FRA,0.2082,1,False
2017-09-01,USA,FRA,0.2019,1,False
2017-10-01,USA,FRA,0.2045,1,False
2017-11-01,USA,FRA,0.1747,1,False
2017-12-01,USA,FRA,0.194,1,False
2018-01-01,USA,FRA,0.255,1,False
2018-02-01,USA,FRA,0.2366,1,False
2018-03-01,USA,FRA,0.4411,1,False
2018-04-01,USA,FRA,0.3717,4,False
2018-05-01,USA,FRA,0.5388,4,False
2018-06-01,USA,FRA,0.223,1,False
2018-07-01,USA,FRA,0.1691,1,False
2018-08-01,USA,FRA,0.0872,1,False
2018-09-01,USA,FRA,0.0653,1,False
2018-10-01,USA,FRA,0.0837,1,False
2018-11-01,USA,FRA,0.0957,1,False
2018-12-01,USA,FRA,0.0851,1,False
2019-01-01,USA,FRA,0.0884,1,False
2019-02-01,USA,FRA,0.0961,1,False
2019-03-01,USA,FRA,0.0538,1,False
2019-04-01,USA,FRA,0.1339,1,False
2019-05-01,USA,FRA,0.0884,2,False
2019-06-01,USA,FRA,0.0557,1,False
2019-07-01,USA,FRA,0.0772,1,False
2019-08-01,USA,FRA,0.0929,1,False
2019-09-01,USA,FRA,0.1223,2,False
2019-10-01,USA,FRA,0.1096,1,False
2019-11-01,USA,FRA,0.1209,2,False
2019-12-01,USA,FRA,0.1626,2,False
2020-01-01,USA,FRA,0.1485,2,False
2020-02-01,USA,FRA,0.1111,3,False
2020-03-01,USA,FRA,0.0445,2,True
2020-04-01,USA,FRA,0.0185,3,True
2020-05-01,USA,FRA,0.0086,2,True
2020-06-01,USA,FRA,0.0582,1,False
2020-07-01,USA,FRA,0.0785,2,False
2020-08-01,USA,FRA,0.0524,1,False
2020-09-01,USA,FRA,0.0608,2,False
2020-10-01,USA,FRA,0.0556,2,False
2020-11-01,USA,FRA,0.0522,1,False
2020-12-01,USA,FRA,0.0204,2,True
2021-01-01,USA,FRA,0.0131,1,True
2021-02-01,USA,FRA,0.0767,2,False
2021-03-01,USA,FRA,0.0844,2,False
2021-04-01,USA,FRA,0.092,1,False
2021-05-01,USA,FRA,0.1299,3,False
2021-06-01,USA,FRA,0.0756,3,False
2021-07-01,USA,FRA,0.0704,3,False
2021-08-01,USA,FRA,0.0405,3,True
2021-09-01,USA,FRA,0.0295,3,True
2021-10-01,USA,FRA,0.0393,3,True
2021-11-01,USA,FRA,0.0309,3,True
2021-12-01,USA,FRA,0.0289,4,True
2022-01-01,USA,FRA,0.0051,3,True
2022-02-01,USA,FRA,0.0196,3,True
2022-03-01,USA,FRA,0.03,3,True
2022-04-01,USA,FRA,0.0048,1,True
2022-05-01,USA,FRA,0.0128,4,True
2022-06-01,USA,FRA,0.0068,1,True
2022-07-01,USA,FRA,0.004,1,True
2022-08-01,USA,FRA,0.0025,1,True
2022-09-01,USA,FRA,0.0036,3,True
2022-10-01,USA,FRA,0.0072,3,True
2022-11-01,USA,FRA,0.0056,3,True
2022-12-01,USA,FRA,0.0073,3,True
2023-01-01,USA,FRA,0.0061,3,True
2023-02-01,USA,FRA,0.0142,3,True
2023-03-01,USA,FRA,0.021,3,True
2023-04-01,USA,FRA,0.0224,4,True
2023-05-01,USA,FRA,0.0241,4,True
2023-06-01,USA,FRA,0.0309,4,True
2023-07-01,USA,FRA,0.1084,4,False
2023-08-01,USA,FRA,0.1371,1,False
2023-09-01,USA,FRA,0.3216,1,False
2023-10-01,USA,FRA,0.5441,1,False
2023-11-01,USA,FRA,0.3676,1,False
2023-12-01,USA,FRA,0.2911,1,False
2024-01-01,USA,FRA,0.2403,1,False
2024-02-01,USA,FRA,0.1369,1,False
2024-03-01,USA,FRA,0.0875,1,False
2024-04-01,USA,FRA,0.0221,1,True
2024-05-01,USA,FRA,0.0067,1,True
2024-06-01,USA,FRA,0.0075,1,True
2024-07-01,USA,FRA,0.0049,1,True
2024-08-01,USA,FRA,0.0036,1,True
2024-09-01,USA,FRA,0.0084,1,True
2024-10-01,USA,FRA,0.0074,1,True
2024-11-01,USA,FRA,0.0032,1,True
2024-12-01,USA,FRA,0.0015,1,True
2025-01-01,USA,FRA,0.0013,1,True
2025-02-01,USA,FRA,0.0015,1,True
2025-03-01,USA,FRA,0.0026,1,True
2025-04-01,USA,FRA,0.0026,1,True
2025-05-01,USA,FRA,0.0053,1,True
2025-06-01,USA,FRA,0.0096,1,True
2025-07-01,USA,FRA,0.0136,1,True
2025-08-01,USA,FRA,0.0181,1,True
2025-09-01,USA,FRA,0.0129,1,True
2025-10-01,USA,FRA,0.0185,1,True
2025-11-01,USA,FRA,0.0135,1,True
2025-12-01,USA,FRA,0.0317,1,True
2026-01-01,USA,FRA,0.0495,1,True
2026-02-01,USA,FRA,0.063,1,False
2026-03-01,USA,FRA,0.0919,1,False
2015-01-01,USA,JPN,0.0873,1,False
2015-02-01,USA,JPN,0.0747,1,False
2015-03-01,USA,JPN,0.1018,1,False
2015-04-01,USA,JPN,0.1207,1,False
2015-05-01,USA,JPN,0.1223,2,False
2015-06-01,USA,JPN,0.097,1,False
2015-07-01,USA,JPN,0.1106,1,False
2015-08-01,USA,JPN,0.3298,2,False
2015-09-01,USA,JPN,0.2549,2,False
2015-10-01,USA,JPN,0.1959,1,False
2015-11-01,USA,JPN,0.2049,1,False
2015-12-01,USA,JPN,0.1234,2,False
2016-01-01,USA,JPN,0.257,1,False
2016-02-01,USA,JPN,0.2858,1,False
2016-03-01,USA,JPN,0.2964,2,False
2016-04-01,USA,JPN,0.6618,2,False
2016-05-01,USA,JPN,0.6905,2,False
2016-06-01,USA,JPN,0.8183,2,False
2016-07-01,USA,JPN,0.5824,1,False
2016-08-01,USA,JPN,0.2782,1,False
2016-09-01,USA,JPN,0.2653,1,False
2016-10-01,USA,JPN,0.1756,1,False
2016-11-01,USA,JPN,0.0912,1,False
2016-12-01,USA,JPN,0.0922,1,False
2017-01-01,USA,JPN,0.222,1,False
2017-02-01,USA,JPN,0.2,1,False
2017-03-01,USA,JPN,0.2306,3,False
2017-04-01,USA,JPN,0.3212,1,False
2017-05-01,USA,JPN,0.4686,1,False
2017-06-01,USA,JPN,0.4165,1,False
2017-07-01,USA,JPN,0.4328,3,False
2017-08-01,USA,JPN,0.3192,3,False
2017-09-01,USA,JPN,0.1846,4,False
2017-10-01,USA,JPN,0.1489,4,False
2017-11-01,USA,JPN,0.2304,3,False
2017-12-01,USA,JPN,0.3346,3,False
2018-01-01,USA,JPN,0.3469,1,False
2018-02-01,USA,JPN,0.3005,3,False
2018-03-01,USA,JPN,0.2643,3,False
2018-04-01,USA,JPN,0.2215,4,False
2018-05-01,USA,JPN,0.4637,3,False
2018-06-01,USA,JPN,0.39,4,False
2018-07-01,USA,JPN,0.3553,3,False
2018-08-01,USA,JPN,0.3982,3,False
2018-09-01,USA,JPN,0.5955,3,False
2018-10-01,USA,JPN,0.6568,3,False
2018-11-01,USA,JPN,0.6884,1,False
2018-12-01,USA,JPN,0.6279,4,False
2019-01-01,USA,JPN,0.43,1,False
2019-02-01,USA,JPN,0.1582,1,False
2019-03-01,USA,JPN,0.3262,1,False
2019-04-01,USA,JPN,0.1392,1,False
2019-05-01,USA,JPN,0.1348,1,False
2019-06-01,USA,JPN,0.2347,1,False
2019-07-01,USA,JPN,0.0618,4,False
2019-08-01,USA,JPN,0.1435,3,False
2019-09-01,USA,JPN,0.047,2,True
2019-10-01,USA,JPN,0.0386,1,True
2019-11-01,USA,JPN,0.4279,1,False
2019-12-01,USA,JPN,0.7072,4,False
2020-01-01,USA,JPN,0.5393,1,False
2020-02-01,USA,JPN,0.862,1,False
2020-03-01,USA,JPN,0.9003,4,False
2020-04-01,USA,JPN,0.6843,1,False
2020-05-01,USA,JPN,0.6935,3,False
2020-06-01,USA,JPN,0.5762,2,False
2020-07-01,USA,JPN,0.5555,2,False
2020-08-01,USA,JPN,0.5513,2,False
2020-09-01,USA,JPN,0.6253,2,False
2020-10-01,USA,JPN,0.6018,4,False
2020-11-01,USA,JPN,0.4904,3,False
2020-12-01,USA,JPN,0.2628,3,False
2021-01-01,USA,JPN,0.3992,3,False
2021-02-01,USA,JPN,0.4959,1,False
2021-03-01,USA,JPN,0.4817,1,False
2021-04-01,USA,JPN,0.4116,1,False
2021-05-01,USA,JPN,0.3091,1,False
2021-06-01,USA,JPN,0.4015,1,False
2021-07-01,USA,JPN,0.4308,1,False
2021-08-01,USA,JPN,0.5034,2,False
2021-09-01,USA,JPN,0.2921,1,False
2021-10-01,USA,JPN,0.1211,1,False
2021-11-01,USA,JPN,0.2092,1,False
2021-12-01,USA,JPN,0.4498,1,False
2022-01-01,USA,JPN,0.5291,3,False
2022-02-01,USA,JPN,0.3793,1,False
2022-03-01,USA,JPN,0.0231,1,True
2022-04-01,USA,JPN,0.0031,1,True
2022-05-01,USA,JPN,0.0038,1,True
2022-06-01,USA,JPN,0.004,3,True
2022-07-01,USA,JPN,0.0001,2,True
2022-08-01,USA,JPN,0.0,2,True
2022-09-01,USA,JPN,0.0001,1,True
2022-10-01,USA,JPN,0.0001,2,True
2022-11-01,USA,JPN,0.0,2,True
2022-12-01,USA,JPN,0.0,2,True
2023-01-01,USA,JPN,0.0,2,True
2023-02-01,USA,JPN,0.0,2,True
2023-03-01,USA,JPN,0.0,2,True
2023-04-01,USA,JPN,0.0008,2,True
2023-05-01,USA,JPN,0.0009,2,True
2023-06-01,USA,JPN,0.0081,1,True
2023-07-01,USA,JPN,0.0714,1,False
2023-08-01,USA,JPN,0.2323,1,False
2023-09-01,USA,JPN,0.2325,1,False
2023-10-01,USA,JPN,0.0751,1,False
2023-11-01,USA,JPN,0.1327,1,False
2023-12-01,USA,JPN,0.2058,1,False
2024-01-01,USA,JPN,0.3243,1,False
2024-02-01,USA,JPN,0.1505,1,False
2024-03-01,USA,JPN,0.1815,1,False
2024-04-01,USA,JPN,0.3308,1,False
2024-05-01,USA,JPN,0.4467,1,False
2024-06-01,USA,JPN,0.4839,4,False
2024-07-01,USA,JPN,0.6005,4,False
2024-08-01,USA,JPN,0.6482,1,False
2024-09-01,USA,JPN,0.59,1,False
2024-10-01,USA,JPN,0.545,1,False
2024-11-01,USA,JPN,0.3748,3,False
2024-12-01,USA,JPN,0.1632,2,False
2025-01-01,USA,JPN,0.1775,2,False
2025-02-01,USA,JPN,0.1753,2,False
2025-03-01,USA,JPN,0.2366,2,False
2025-04-01,USA,JPN,0.3073,2,False
2025-05-01,USA,JPN,0.2992,1,False
2025-06-01,USA,JPN,0.5796,2,False
2025-07-01,USA,JPN,0.4931,2,False
2025-08-01,USA,JPN,0.3855,1,False
2025-09-01,USA,JPN,0.2727,2,False
2025-10-01,USA,JPN,0.2636,2,False
2025-11-01,USA,JPN,0.4183,2,False
2025-12-01,USA,JPN,0.6214,2,False
2026-01-01,USA,JPN,0.4599,4,False
2026-02-01,USA,JPN,0.2791,4,False
2026-03-01,USA,JPN,0.2051,4,False
2015-01-01,DEU,IND,0.186,1,False
2015-02-01,DEU,IND,0.1298,1,False
2015-03-01,DEU,IND,0.1444,1,False
2015-04-01,DEU,IND,0.1531,1,False
2015-05-01,DEU,IND,0.2098,4,False
2015-06-01,DEU,IND,0.2555,1,False
2015-07-01,DEU,IND,0.2301,1,False
2015-08-01,DEU,IND,0.1469,1,False
2015-09-01,DEU,IND,0.1588,1,False
2015-10-01,DEU,IND,0.1089,4,False
2015-11-01,DEU,IND,0.0871,4,False
2015-12-01,DEU,IND,0.1079,4,False
2016-01-01,DEU,IND,0.1315,1,False
2016-02-01,DEU,IND,0.185,4,False
2016-03-01,DEU,IND,0.2536,4,False
2016-04-01,DEU,IND,0.2389,4,False
2016-05-01,DEU,IND,0.2353,4,False
2016-06-01,DEU,IND,0.2315,4,False
2016-07-01,DEU,IND,0.1159,4,False
2016-08-01,DEU,IND,0.1964,3,False
2016-09-01,DEU,IND,0.1545,2,False
2016-10-01,DEU,IND,0.0924,2,False
2016-11-01,DEU,IND,0.1686,2,False
2016-12-01,DEU,IND,0.1824,2,False
2017-01-01,DEU,IND,0.1379,2,False
2017-02-01,DEU,IND,0.1279,2,False
2017-03-01,DEU,IND,0.0903,2,False
2017-04-01,DEU,IND,0.093,2,False
2017-05-01,DEU,IND,0.1158,2,False
2017-06-01,DEU,IND,0.3602,2,False
2017-07-01,DEU,IND,0.4231,2,False
2017-08-01,DEU,IND,0.1455,4,False
2017-09-01,DEU,IND,0.1318,3,False
2017-10-01,DEU,IND,0.1334,3,False
2017-11-01,DEU,IND,0.1279,3,False
2017-12-01,DEU,IND,0.1387,3,False
2018-01-01,DEU,IND,0.1453,3,False
2018-02-01,DEU,IND,0.1324,3,False
2018-03-01,DEU,IND,0.1309,3,False
2018-04-01,DEU,IND,0.1117,3,False
2018-05-01,DEU,IND,0.1666,1,False
2018-06-01,DEU,IND,0.2398,1,False
2018-07-01,DEU,IND,0.2239,4,False
2018-08-01,DEU,IND,0.2186,3,False
2018-09-01,DEU,IND,0.2077,3,False
2018-10-01,DEU,IND,0.2247,3,False
2018-11-01,DEU,IND,0.218,3,False
2018-12-01,DEU,IND,0.1546,1,False
2019-01-01,DEU,IND,0.5084,2,False
2019-02-01,DEU,IND,0.2687,1,False
2019-03-01,DEU,IND,0.1701,1,False
2019-04-01,DEU,IND,0.226,1,False
2019-05-01,DEU,IND,0.1696,1,False
2019-06-01,DEU,IND,0.1232,1,False
2019-07-01,DEU,IND,0.1126,3,False
2019-08-01,DEU,IND,0.059,2,False
2019-09-01,DEU,IND,0.0555,1,False
2019-10-01,DEU,IND,0.029,4,True
2019-11-01,DEU,IND,0.057,3,False
2019-12-01,DEU,IND,0.0215,1,True
2020-01-01,DEU,IND,0.0073,1,True
2020-02-01,DEU,IND,0.0158,1,True
2020-03-01,DEU,IND,0.1422,2,False
2020-04-01,DEU,IND,0.1811,4,False
2020-05-01,DEU,IND,0.2316,4,False
2020-06-01,DEU,IND,0.7276,4,False
2020-07-01,DEU,IND,0.7588,4,False
2020-08-01,DEU,IND,0.7965,1,False
2020-09-01,DEU,IND,0.9021,4,False
2020-10-01,DEU,IND,0.62,3,False
2020-11-01,DEU,IND,0.2938,1,False
2020-12-01,DEU,IND,0.155,1,False
2021-01-01,DEU,IND,0.122,1,False
2021-02-01,DEU,IND,0.0948,1,False
2021-03-01,DEU,IND,0.0836,1,False
2021-04-01,DEU,IND,0.0514,1,False
2021-05-01,DEU,IND,0.0279,1,True
2021-06-01,DEU,IND,0.0137,1,True
2021-07-01,DEU,IND,0.0166,1,True
2021-08-01,DEU,IND,0.0119,1,True
2021-09-01,DEU,IND,0.0077,1,True
2021-10-01,DEU,IND,0.0071,1,True
2021-11-01,DEU,IND,0.0077,1,True
2021-12-01,DEU,IND,0.0978,2,False
2022-01-01,DEU,IND,0.1449,2,False
2022-02-01,DEU,IND,0.5931,1,False
2022-03-01,DEU,IND,0.6252,1,False
2022-04-01,DEU,IND,0.8516,1,False
2022-05-01,DEU,IND,0.6921,1,False
2022-06-01,DEU,IND,0.4631,1,False
2022-07-01,DEU,IND,0.4232,1,False
2022-08-01,DEU,IND,0.3963,1,False
2022-09-01,DEU,IND,0.1467,1,False
2022-10-01,DEU,IND,0.1133,3,False
2022-11-01,DEU,IND,0.0567,2,False
2022-12-01,DEU,IND,0.0142,1,True
2023-01-01,DEU,IND,0.0294,1,True
2023-02-01,DEU,IND,0.3297,1,False
2023-03-01,DEU,IND,0.2753,1,False
2023-04-01,DEU,IND,0.3373,1,False
2023-05-01,DEU,IND,0.149,4,False
2023-06-01,DEU,IND,0.1335,4,False
2023-07-01,DEU,IND,0.2456,4,False
2023-08-01,DEU,IND,0.2781,2,False
2023-09-01,DEU,IND,0.0479,4,True
2023-10-01,DEU,IND,0.0743,3,False
2023-11-01,DEU,IND,0.026,2,True
2023-12-01,DEU,IND,0.1235,2,False
2024-01-01,DEU,IND,0.3995,2,False
2024-02-01,DEU,IND,0.381,2,False
2024-03-01,DEU,IND,0.1876,2,False
2024-04-01,DEU,IND,0.0335,2,True
2024-05-01,DEU,IND,0.0141,1,True
2024-06-01,DEU,IND,0.0199,1,True
2024-07-01,DEU,IND,0.0067,1,True
2024-08-01,DEU,IND,0.0022,1,True
2024-09-01,DEU,IND,0.0005,1,True
2024-10-01,DEU,IND,0.0006,1,True
2024-11-01,DEU,IND,0.0014,1,True
2024-12-01,DEU,IND,0.0009,1,True
2025-01-01,DEU,IND,0.0083,1,True
2025-02-01,DEU,IND,0.0261,2,True
2025-03-01,DEU,IND,0.0142,1,True
2025-04-01,DEU,IND,0.4268,2,False
2025-05-01,DEU,IND,0.8207,2,False
2025-06-01,DEU,IND,0.823,1,False
2025-07-01,DEU,IND,0.6272,1,False
2025-08-01,DEU,IND,0.4337,1,False
2025-09-01,DEU,IND,0.3629,4,False
2025-10-01,DEU,IND,0.3656,3,False
2025-11-01,DEU,IND,0.364,4,False
2025-12-01,DEU,IND,0.1884,3,False
2026-01-01,DEU,IND,0.1755,1,False
2026-02-01,DEU,IND,0.1765,3,False
2026-03-01,DEU,IND,0.1504,1,False
2015-01-01,DEU,CHN,0.0083,3,True
2015-02-01,DEU,CHN,0.0038,3,True
2015-03-01,DEU,CHN,0.0517,3,False
2015-04-01,DEU,CHN,0.1565,3,False
2015-05-01,DEU,CHN,0.2907,3,False
2015-06-01,DEU,CHN,0.4951,3,False
2015-07-01,DEU,CHN,0.6133,3,False
2015-08-01,DEU,CHN,0.451,3,False
2015-09-01,DEU,CHN,0.6351,2,False
2015-10-01,DEU,CHN,0.3842,1,False
2015-11-01,DEU,CHN,0.6678,2,False
2015-12-01,DEU,CHN,0.6696,2,False
2016-01-01,DEU,CHN,0.8981,2,False
2016-02-01,DEU,CHN,0.2806,1,False
2016-03-01,DEU,CHN,0.2563,1,False
2016-04-01,DEU,CHN,0.3536,1,False
2016-05-01,DEU,CHN,0.239,1,False
2016-06-01,DEU,CHN,0.2023,1,False
2016-07-01,DEU,CHN,0.1871,1,False
2016-08-01,DEU,CHN,0.1942,1,False
2016-09-01,DEU,CHN,0.1207,1,False
2016-10-01,DEU,CHN,0.1205,1,False
2016-11-01,DEU,CHN,0.0932,1,False
2016-12-01,DEU,CHN,0.0993,1,False
2017-01-01,DEU,CHN,0.0868,1,False
2017-02-01,DEU,CHN,0.1676,2,False
2017-03-01,DEU,CHN,0.0828,1,False
2017-04-01,DEU,CHN,0.0622,2,False
2017-05-01,DEU,CHN,0.0365,2,True
2017-06-01,DEU,CHN,0.0355,2,True
2017-07-01,DEU,CHN,0.0456,2,True
2017-08-01,DEU,CHN,0.0326,4,True
2017-09-01,DEU,CHN,0.0289,4,True
2017-10-01,DEU,CHN,0.0336,2,True
2017-11-01,DEU,CHN,0.0193,2,True
2017-12-01,DEU,CHN,0.0091,1,True
2018-01-01,DEU,CHN,0.0342,1,True
2018-02-01,DEU,CHN,0.048,1,True
2018-03-01,DEU,CHN,0.0047,4,True
2018-04-01,DEU,CHN,0.0091,3,True
2018-05-01,DEU,CHN,0.0702,4,False
2018-06-01,DEU,CHN,0.0455,4,True
2018-07-01,DEU,CHN,0.1539,2,False
2018-08-01,DEU,CHN,0.3061,2,False
2018-09-01,DEU,CHN,0.2463,4,False
2018-10-01,DEU,CHN,0.5397,3,False
2018-11-01,DEU,CHN,0.4584,4,False
2018-12-01,DEU,CHN,0.2994,1,False
2019-01-01,DEU,CHN,0.6025,4,False
2019-02-01,DEU,CHN,0.2093,1,False
2019-03-01,DEU,CHN,0.134,1,False
2019-04-01,DEU,CHN,0.121,1,False
2019-05-01,DEU,CHN,0.1401,1,False
2019-06-01,DEU,CHN,0.1459,1,False
2019-07-01,DEU,CHN,0.1559,1,False
2019-08-01,DEU,CHN,0.1445,1,False
2019-09-01,DEU,CHN,0.1378,1,False
2019-10-01,DEU,CHN,0.1321,1,False
2019-11-01,DEU,CHN,0.1409,1,False
2019-12-01,DEU,CHN,0.1284,1,False
2020-01-01,DEU,CHN,0.1826,3,False
2020-02-01,DEU,CHN,0.1482,2,False
2020-03-01,DEU,CHN,0.0891,1,False
2020-04-01,DEU,CHN,0.0807,1,False
2020-05-01,DEU,CHN,0.0735,1,False
2020-06-01,DEU,CHN,0.0673,1,False
2020-07-01,DEU,CHN,0.0558,1,False
2020-08-01,DEU,CHN,0.1178,3,False
2020-09-01,DEU,CHN,0.0587,3,False
2020-10-01,DEU,CHN,0.0613,3,False
2020-11-01,DEU,CHN,0.1861,2,False
2020-12-01,DEU,CHN,0.303,2,False
2021-01-01,DEU,CHN,0.3827,4,False
2021-02-01,DEU,CHN,0.3111,3,False
2021-03-01,DEU,CHN,0.1354,4,False
2021-04-01,DEU,CHN,0.0219,3,True
2021-05-01,DEU,CHN,0.0219,3,True
2021-06-01,DEU,CHN,0.0248,3,True
2021-07-01,DEU,CHN,0.0744,4,False
2021-08-01,DEU,CHN,0.0479,3,True
2021-09-01,DEU,CHN,0.0488,3,True
2021-10-01,DEU,CHN,0.0546,2,False
2021-11-01,DEU,CHN,0.0947,2,False
2021-12-01,DEU,CHN,0.1679,3,False
2022-01-01,DEU,CHN,0.2041,3,False
2022-02-01,DEU,CHN,0.1447,3,False
2022-03-01,DEU,CHN,0.1782,3,False
2022-04-01,DEU,CHN,0.1181,4,False
2022-05-01,DEU,CHN,0.1061,3,False
2022-06-01,DEU,CHN,0.1184,4,False
2022-07-01,DEU,CHN,0.1216,4,False
2022-08-01,DEU,CHN,0.0671,4,False
2022-09-01,DEU,CHN,0.0794,4,False
2022-10-01,DEU,CHN,0.1098,4,False
2022-11-01,DEU,CHN,0.2172,4,False
2022-12-01,DEU,CHN,0.2188,4,False
2023-01-01,DEU,CHN,0.1947,2,False
2023-02-01,DEU,CHN,0.1131,4,False
2023-03-01,DEU,CHN,0.1457,4,False
2023-04-01,DEU,CHN,0.1692,4,False
2023-05-01,DEU,CHN,0.2174,2,False
2023-06-01,DEU,CHN,0.2108,2,False
2023-07-01,DEU,CHN,0.6537,2,False
2023-08-01,DEU,CHN,0.7857,4,False
2023-09-01,DEU,CHN,0.2212,4,False
2023-10-01,DEU,CHN,0.2252,4,False
2023-11-01,DEU,CHN,0.1791,4,False
2023-12-01,DEU,CHN,0.2571,3,False
2024-01-01,DEU,CHN,0.2928,3,False
2024-02-01,DEU,CHN,0.3057,3,False
2024-03-01,DEU,CHN,0.2757,3,False
2024-04-01,DEU,CHN,0.3491,4,False
2024-05-01,DEU,CHN,0.1895,4,False
2024-06-01,DEU,CHN,0.0903,4,False
2024-07-01,DEU,CHN,0.0686,3,False
2024-08-01,DEU,CHN,0.0931,2,False
2024-09-01,DEU,CHN,0.0541,1,False
2024-10-01,DEU,CHN,0.056,3,False
2024-11-01,DEU,CHN,0.0198,1,True
2024-12-01,DEU,CHN,0.011,1,True
2025-01-01,DEU,CHN,0.1729,1,False
2025-02-01,DEU,CHN,0.32,2,False
2025-03-01,DEU,CHN,0.4763,2,False
2025-04-01,DEU,CHN,0.4292,2,False
2025-05-01,DEU,CHN,0.2884,2,False
2025-06-01,DEU,CHN,0.365,2,False
2025-07-01,DEU,CHN,0.4713,2,False
2025-08-01,DEU,CHN,0.5841,1,False
2025-09-01,DEU,CHN,0.6155,1,False
2025-10-01,DEU,CHN,0.7572,1,False
2025-11-01,DEU,CHN,0.8183,3,False
2025-12-01,DEU,CHN,0.6596,2,False
2026-01-01,DEU,CHN,0.6624,1,False
2026-02-01,DEU,CHN,0.7239,2,False
2026-03-01,DEU,CHN,0.7321,2,False
2015-01-01,DEU,VNM,0.4082,1,False
2015-02-01,DEU,VNM,0.6444,4,False
2015-03-01,DEU,VNM,0.0839,4,False
2015-04-01,DEU,VNM,0.202,2,False
2015-05-01,DEU,VNM,0.0646,2,False
2015-06-01,DEU,VNM,0.1245,4,False
2015-07-01,DEU,VNM,0.2171,1,False
2015-08-01,DEU,VNM,0.114,4,False
2015-09-01,DEU,VNM,0.0524,4,False
2015-10-01,DEU,VNM,0.0123,3,True
2015-11-01,DEU,VNM,0.0115,2,True
2015-12-01,DEU,VNM,0.0035,1,True
2016-01-01,DEU,VNM,0.0066,1,True
2016-02-01,DEU,VNM,0.0067,1,True
2016-03-01,DEU,VNM,0.0126,1,True
2016-04-01,DEU,VNM,0.0246,1,True
2016-05-01,DEU,VNM,0.0211,1,True
2016-06-01,DEU,VNM,0.0166,1,True
2016-07-01,DEU,VNM,0.0147,1,True
2016-08-01,DEU,VNM,0.0098,1,True
2016-09-01,DEU,VNM,0.004,1,True
2016-10-01,DEU,VNM,0.0063,1,True
2016-11-01,DEU,VNM,0.0055,1,True
2016-12-01,DEU,VNM,0.0038,1,True
2017-01-01,DEU,VNM,0.003,1,True
2017-02-01,DEU,VNM,0.0018,1,True
2017-03-01,DEU,VNM,0.0006,1,True
2017-04-01,DEU,VNM,0.0056,1,True
2017-05-01,DEU,VNM,0.0113,1,True
2017-06-01,DEU,VNM,0.0109,1,True
2017-07-01,DEU,VNM,0.0092,1,True
2017-08-01,DEU,VNM,0.0125,1,True
2017-09-01,DEU,VNM,0.0156,1,True
2017-10-01,DEU,VNM,0.0094,1,True
2017-11-01,DEU,VNM,0.007,1,True
2017-12-01,DEU,VNM,0.0009,1,True
2018-01-01,DEU,VNM,0.0002,1,True
2018-02-01,DEU,VNM,0.0007,1,True
2018-03-01,DEU,VNM,0.0042,1,True
2018-04-01,DEU,VNM,0.0484,1,True
2018-05-01,DEU,VNM,0.187,1,False
2018-06-01,DEU,VNM,0.1008,1,False
2018-07-01,DEU,VNM,0.1389,1,False
2018-08-01,DEU,VNM,0.2013,1,False
2018-09-01,DEU,VNM,0.2664,1,False
2018-10-01,DEU,VNM,0.2744,1,False
2018-11-01,DEU,VNM,0.0924,1,False
2018-12-01,DEU,VNM,0.2255,1,False
2019-01-01,DEU,VNM,0.3607,1,False
2019-02-01,DEU,VNM,0.5484,1,False
2019-03-01,DEU,VNM,0.5556,1,False
2019-04-01,DEU,VNM,0.8094,3,False
2019-05-01,DEU,VNM,0.8068,1,False
2019-06-01,DEU,VNM,0.6107,4,False
2019-07-01,DEU,VNM,0.5505,3,False
2019-08-01,DEU,VNM,0.4927,3,False
2019-09-01,DEU,VNM,0.5005,3,False
2019-10-01,DEU,VNM,0.681,3,False
2019-11-01,DEU,VNM,0.6494,1,False
2019-12-01,DEU,VNM,0.5269,1,False
2020-01-01,DEU,VNM,0.584,1,False
2020-02-01,DEU,VNM,0.735,2,False
2020-03-01,DEU,VNM,0.4092,1,False
2020-04-01,DEU,VNM,0.272,1,False
2020-05-01,DEU,VNM,0.2358,1,False
2020-06-01,DEU,VNM,0.1859,2,False
2020-07-01,DEU,VNM,0.0562,1,False
2020-08-01,DEU,VNM,0.0454,1,True
2020-09-01,DEU,VNM,0.1199,1,False
2020-10-01,DEU,VNM,0.153,1,False
2020-11-01,DEU,VNM,0.2857,2,False
2020-12-01,DEU,VNM,0.2767,3,False
2021-01-01,DEU,VNM,0.0599,4,False
2021-02-01,DEU,VNM,0.0178,3,True
2021-03-01,DEU,VNM,0.0606,4,False
2021-04-01,DEU,VNM,0.0253,4,True
2021-05-01,DEU,VNM,0.018,3,True
2021-06-01,DEU,VNM,0.0301,3,True
2021-07-01,DEU,VNM,0.0678,2,False
2021-08-01,DEU,VNM,0.056,2,False
2021-09-01,DEU,VNM,0.0786,3,False
2021-10-01,DEU,VNM,0.308,1,False
2021-11-01,DEU,VNM,0.4742,2,False
2021-12-01,DEU,VNM,0.4906,3,False
2022-01-01,DEU,VNM,0.5856,2,False
2022-02-01,DEU,VNM,0.3613,2,False
2022-03-01,DEU,VNM,0.2325,1,False
2022-04-01,DEU,VNM,0.1463,1,False
2022-05-01,DEU,VNM,0.1889,1,False
2022-06-01,DEU,VNM,0.0641,1,False
2022-07-01,DEU,VNM,0.0923,1,False
2022-08-01,DEU,VNM,0.047,1,True
2022-09-01,DEU,VNM,0.0479,1,True
2022-10-01,DEU,VNM,0.0131,1,True
2022-11-01,DEU,VNM,0.0178,1,True
2022-12-01,DEU,VNM,0.0263,1,True
2023-01-01,DEU,VNM,0.073,4,False
2023-02-01,DEU,VNM,0.0225,3,True
2023-03-01,DEU,VNM,0.0073,2,True
2023-04-01,DEU,VNM,0.0003,1,True
2023-05-01,DEU,VNM,0.0003,1,True
2023-06-01,DEU,VNM,0.0007,1,True
2023-07-01,DEU,VNM,0.0017,3,True
2023-08-01,DEU,VNM,0.0035,1,True
2023-09-01,DEU,VNM,0.0008,1,True
2023-10-01,DEU,VNM,0.003,1,True
2023-11-01,DEU,VNM,0.0041,4,True
2023-12-01,DEU,VNM,0.0037,3,True
2024-01-01,DEU,VNM,0.002,4,True
2024-02-01,DEU,VNM,0.0014,3,True
2024-03-01,DEU,VNM,0.002,3,True
2024-04-01,DEU,VNM,0.0011,4,True
2024-05-01,DEU,VNM,0.0024,3,True
2024-06-01,DEU,VNM,0.0038,3,True
2024-07-01,DEU,VNM,0.0323,3,True
2024-08-01,DEU,VNM,0.1221,1,False
2024-09-01,DEU,VNM,0.2204,1,False
2024-10-01,DEU,VNM,0.4929,3,False
2024-11-01,DEU,VNM,0.4474,3,False
2024-12-01,DEU,VNM,0.4048,3,False
2025-01-01,DEU,VNM,0.3878,3,False
2025-02-01,DEU,VNM,0.2492,3,False
2025-03-01,DEU,VNM,0.1109,3,False
2025-04-01,DEU,VNM,0.1738,3,False
2025-05-01,DEU,VNM,0.0804,3,False
2025-06-01,DEU,VNM,0.0973,3,False
2025-07-01,DEU,VNM,0.0477,3,True
2025-08-01,DEU,VNM,0.0385,3,True
2025-09-01,DEU,VNM,0.0899,3,False
2025-10-01,DEU,VNM,0.1074,1,False
2025-11-01,DEU,VNM,0.1353,1,False
2025-12-01,DEU,VNM,0.222,1,False
2026-01-01,DEU,VNM,0.1917,4,False
2026-02-01,DEU,VNM,0.1676,4,False
2026-03-01,DEU,VNM,0.1839,4,False
2015-01-01,DEU,IDN,0.1796,4,False
2015-02-01,DEU,IDN,0.1842,4,False
2015-03-01,DEU,IDN,0.1515,1,False
2015-04-01,DEU,IDN,0.2072,1,False
2015-05-01,DEU,IDN,0.2292,1,False
2015-06-01,DEU,IDN,0.4258,2,False
2015-07-01,DEU,IDN,0.2817,2,False
2015-08-01,DEU,IDN,0.5356,2,False
2015-09-01,DEU,IDN,0.5853,2,False
2015-10-01,DEU,IDN,0.0903,1,False
2015-11-01,DEU,IDN,0.0579,1,False
2015-12-01,DEU,IDN,0.056,1,False
2016-01-01,DEU,IDN,0.0615,1,False
2016-02-01,DEU,IDN,0.0198,1,True
2016-03-01,DEU,IDN,0.0194,1,True
2016-04-01,DEU,IDN,0.021,1,True
2016-05-01,DEU,IDN,0.005,1,True
2016-06-01,DEU,IDN,0.0025,1,True
2016-07-01,DEU,IDN,0.0035,1,True
2016-08-01,DEU,IDN,0.004,1,True
2016-09-01,DEU,IDN,0.0277,1,True
2016-10-01,DEU,IDN,0.0074,1,True
2016-11-01,DEU,IDN,0.0073,1,True
2016-12-01,DEU,IDN,0.0079,1,True
2017-01-01,DEU,IDN,0.0047,1,True
2017-02-01,DEU,IDN,0.0097,1,True
2017-03-01,DEU,IDN,0.0078,1,True
2017-04-01,DEU,IDN,0.0058,1,True
2017-05-01,DEU,IDN,0.0141,3,True
2017-06-01,DEU,IDN,0.0114,3,True
2017-07-01,DEU,IDN,0.0058,1,True
2017-08-01,DEU,IDN,0.0051,1,True
2017-09-01,DEU,IDN,0.0074,1,True
2017-10-01,DEU,IDN,0.0072,1,True
2017-11-01,DEU,IDN,0.0047,4,True
2017-12-01,DEU,IDN,0.0022,3,True
2018-01-01,DEU,IDN,0.0108,3,True
2018-02-01,DEU,IDN,0.0096,3,True
2018-03-01,DEU,IDN,0.0358,2,True
2018-04-01,DEU,IDN,0.4,1,False
2018-05-01,DEU,IDN,0.5312,3,False
2018-06-01,DEU,IDN,0.5031,2,False
2018-07-01,DEU,IDN,0.2016,4,False
2018-08-01,DEU,IDN,0.3178,4,False
2018-09-01,DEU,IDN,0.1142,2,False
2018-10-01,DEU,IDN,0.0798,1,False
2018-11-01,DEU,IDN,0.2973,1,False
2018-12-01,DEU,IDN,0.3671,1,False
2019-01-01,DEU,IDN,0.5199,1,False
2019-02-01,DEU,IDN,0.4061,1,False
2019-03-01,DEU,IDN,0.3598,1,False
2019-04-01,DEU,IDN,0.2347,3,False
2019-05-01,DEU,IDN,0.1821,3,False
2019-06-01,DEU,IDN,0.2243,1,False
2019-07-01,DEU,IDN,0.2597,1,False
2019-08-01,DEU,IDN,0.3206,1,False
2019-09-01,DEU,IDN,0.2967,1,False
2019-10-01,DEU,IDN,0.3189,1,False
2019-11-01,DEU,IDN,0.3396,1,False
2019-12-01,DEU,IDN,0.3847,1,False
2020-01-01,DEU,IDN,0.3218,2,False
2020-02-01,DEU,IDN,0.2361,2,False
2020-03-01,DEU,IDN,0.1781,1,False
2020-04-01,DEU,IDN,0.7379,3,False
2020-05-01,DEU,IDN,0.6139,3,False
2020-06-01,DEU,IDN,0.5311,3,False
2020-07-01,DEU,IDN,0.4439,3,False
2020-08-01,DEU,IDN,0.4443,3,False
2020-09-01,DEU,IDN,0.0415,4,True
2020-10-01,DEU,IDN,0.0333,3,True
2020-11-01,DEU,IDN,0.013,3,True
2020-12-01,DEU,IDN,0.012,3,True
2021-01-01,DEU,IDN,0.0077,3,True
2021-02-01,DEU,IDN,0.0056,3,True
2021-03-01,DEU,IDN,0.0053,3,True
2021-04-01,DEU,IDN,0.014,3,True
2021-05-01,DEU,IDN,0.0085,3,True
2021-06-01,DEU,IDN,0.0105,3,True
2021-07-01,DEU,IDN,0.0093,3,True
2021-08-01,DEU,IDN,0.0023,3,True
2021-09-01,DEU,IDN,0.0023,3,True
2021-10-01,DEU,IDN,0.0019,3,True
2021-11-01,DEU,IDN,0.0044,2,True
2021-12-01,DEU,IDN,0.0044,2,True
2022-01-01,DEU,IDN,0.0088,3,True
2022-02-01,DEU,IDN,0.0003,2,True
2022-03-01,DEU,IDN,0.0002,2,True
2022-04-01,DEU,IDN,0.0,2,True
2022-05-01,DEU,IDN,0.0,2,True
2022-06-01,DEU,IDN,0.0,4,True
2022-07-01,DEU,IDN,0.0,2,True
2022-08-01,DEU,IDN,0.0,2,True
2022-09-01,DEU,IDN,0.0,2,True
2022-10-01,DEU,IDN,0.0,2,True
2022-11-01,DEU,IDN,0.0,2,True
2022-12-01,DEU,IDN,0.0,2,True
2023-01-01,DEU,IDN,0.0002,4,True
2023-02-01,DEU,IDN,0.0001,1,True
2023-03-01,DEU,IDN,0.0002,4,True
2023-04-01,DEU,IDN,0.0004,4,True
2023-05-01,DEU,IDN,0.0004,4,True
2023-06-01,DEU,IDN,0.0009,3,True
2023-07-01,DEU,IDN,0.0013,3,True
2023-08-01,DEU,IDN,0.0019,3,True
2023-09-01,DEU,IDN,0.0054,1,True
2023-10-01,DEU,IDN,0.0076,1,True
2023-11-01,DEU,IDN,0.0151,1,True
2023-12-01,DEU,IDN,0.0312,1,True
2024-01-01,DEU,IDN,0.039,1,True
2024-02-01,DEU,IDN,0.0362,1,True
2024-03-01,DEU,IDN,0.0302,1,True
2024-04-01,DEU,IDN,0.03,1,True
2024-05-01,DEU,IDN,0.0206,1,True
2024-06-01,DEU,IDN,0.0218,3,True
2024-07-01,DEU,IDN,0.0249,1,True
2024-08-01,DEU,IDN,0.0192,1,True
2024-09-01,DEU,IDN,0.0295,1,True
2024-10-01,DEU,IDN,0.1146,1,False
2024-11-01,DEU,IDN,0.0853,1,False
2024-12-01,DEU,IDN,0.1156,2,False
2025-01-01,DEU,IDN,0.0084,2,True
2025-02-01,DEU,IDN,0.0299,2,True
2025-03-01,DEU,IDN,0.0292,2,True
2025-04-01,DEU,IDN,0.0165,2,True
2025-05-01,DEU,IDN,0.0364,2,True
2025-06-01,DEU,IDN,0.0544,4,False
2025-07-01,DEU,IDN,0.06,4,False
2025-08-01,DEU,IDN,0.0495,4,True
2025-09-01,DEU,IDN,0.037,4,True
2025-10-01,DEU,IDN,0.0589,4,False
2025-11-01,DEU,IDN,0.044,4,True
2025-12-01,DEU,IDN,0.0473,4,True
2026-01-01,DEU,IDN,0.0372,4,True
2026-02-01,DEU,IDN,0.0758,4,False
2026-03-01,DEU,IDN,0.0245,4,True
2015-01-01,DEU,THA,0.4913,1,False
2015-02-01,DEU,THA,0.4968,1,False
2015-03-01,DEU,THA,0.7411,1,False
2015-04-01,DEU,THA,0.3634,1,False
2015-05-01,DEU,THA,0.1921,1,False
2015-06-01,DEU,THA,0.1955,1,False
2015-07-01,DEU,THA,0.1192,1,False
2015-08-01,DEU,THA,0.1408,1,False
2015-09-01,DEU,THA,0.144,1,False
2015-10-01,DEU,THA,0.0469,1,True
2015-11-01,DEU,THA,0.0352,1,True
2015-12-01,DEU,THA,0.0244,1,True
2016-01-01,DEU,THA,0.0298,1,True
2016-02-01,DEU,THA,0.0221,1,True
2016-03-01,DEU,THA,0.0221,1,True
2016-04-01,DEU,THA,0.0155,1,True
2016-05-01,DEU,THA,0.0303,1,True
2016-06-01,DEU,THA,0.0252,1,True
2016-07-01,DEU,THA,0.0504,1,False
2016-08-01,DEU,THA,0.0802,1,False
2016-09-01,DEU,THA,0.0759,1,False
2016-10-01,DEU,THA,0.0684,1,False
2016-11-01,DEU,THA,0.0674,1,False
2016-12-01,DEU,THA,0.071,1,False
2017-01-01,DEU,THA,0.0847,1,False
2017-02-01,DEU,THA,0.0741,1,False
2017-03-01,DEU,THA,0.0332,1,True
2017-04-01,DEU,THA,0.0497,1,True
2017-05-01,DEU,THA,0.0282,1,True
2017-06-01,DEU,THA,0.0346,1,True
2017-07-01,DEU,THA,0.0412,1,True
2017-08-01,DEU,THA,0.0407,1,True
2017-09-01,DEU,THA,0.0188,4,True
2017-10-01,DEU,THA,0.0209,3,True
2017-11-01,DEU,THA,0.0663,3,False
2017-12-01,DEU,THA,0.0729,1,False
2018-01-01,DEU,THA,0.0597,3,False
2018-02-01,DEU,THA,0.0487,3,True
2018-03-01,DEU,THA,0.0528,3,False
2018-04-01,DEU,THA,0.073,3,False
2018-05-01,DEU,THA,0.1346,3,False
2018-06-01,DEU,THA,0.1066,3,False
2018-07-01,DEU,THA,0.1505,3,False
2018-08-01,DEU,THA,0.1142,2,False
2018-09-01,DEU,THA,0.0343,1,True
2018-10-01,DEU,THA,0.066,1,False
2018-11-01,DEU,THA,0.3056,1,False
2018-12-01,DEU,THA,0.3838,2,False
2019-01-01,DEU,THA,0.7046,2,False
2019-02-01,DEU,THA,0.5124,2,False
2019-03-01,DEU,THA,0.276,2,False
2019-04-01,DEU,THA,0.4712,2,False
2019-05-01,DEU,THA,0.6128,2,False
2019-06-01,DEU,THA,0.4878,2,False
2019-07-01,DEU,THA,0.5297,2,False
2019-08-01,DEU,THA,0.562,2,False
2019-09-01,DEU,THA,0.4735,4,False
2019-10-01,DEU,THA,0.3854,4,False
2019-11-01,DEU,THA,0.3773,4,False
2019-12-01,DEU,THA,0.5501,2,False
2020-01-01,DEU,THA,0.5652,4,False
2020-02-01,DEU,THA,0.703,3,False
2020-03-01,DEU,THA,0.7254,4,False
2020-04-01,DEU,THA,0.6831,4,False
2020-05-01,DEU,THA,0.6216,4,False
2020-06-01,DEU,THA,0.5914,2,False
2020-07-01,DEU,THA,0.3676,1,False
2020-08-01,DEU,THA,0.5757,1,False
2020-09-01,DEU,THA,0.429,1,False
2020-10-01,DEU,THA,0.4632,4,False
2020-11-01,DEU,THA,0.4591,4,False
2020-12-01,DEU,THA,0.2882,4,False
2021-01-01,DEU,THA,0.1924,4,False
2021-02-01,DEU,THA,0.2137,4,False
2021-03-01,DEU,THA,0.1683,4,False
2021-04-01,DEU,THA,0.0675,4,False
2021-05-01,DEU,THA,0.0186,4,True
2021-06-01,DEU,THA,0.0193,4,True
2021-07-01,DEU,THA,0.0246,2,True
2021-08-01,DEU,THA,0.0258,2,True
2021-09-01,DEU,THA,0.0145,4,True
2021-10-01,DEU,THA,0.0192,4,True
2021-11-01,DEU,THA,0.0097,2,True
2021-12-01,DEU,THA,0.0075,2,True
2022-01-01,DEU,THA,0.0272,2,True
2022-02-01,DEU,THA,0.0026,2,True
2022-03-01,DEU,THA,0.0002,1,True
2022-04-01,DEU,THA,0.0,1,True
2022-05-01,DEU,THA,0.0,1,True
2022-06-01,DEU,THA,0.0,1,True
2022-07-01,DEU,THA,0.0001,1,True
2022-08-01,DEU,THA,0.0001,1,True
2022-09-01,DEU,THA,0.0002,1,True
2022-10-01,DEU,THA,0.0004,1,True
2022-11-01,DEU,THA,0.0003,1,True
2022-12-01,DEU,THA,0.0003,1,True
2023-01-01,DEU,THA,0.0005,1,True
2023-02-01,DEU,THA,0.0046,2,True
2023-03-01,DEU,THA,0.0376,2,True
2023-04-01,DEU,THA,0.0827,2,False
2023-05-01,DEU,THA,0.0433,3,True
2023-06-01,DEU,THA,0.2045,3,False
2023-07-01,DEU,THA,0.1464,4,False
2023-08-01,DEU,THA,0.126,1,False
2023-09-01,DEU,THA,0.0955,1,False
2023-10-01,DEU,THA,0.1293,1,False
2023-11-01,DEU,THA,0.0945,1,False
2023-12-01,DEU,THA,0.0673,1,False
2024-01-01,DEU,THA,0.0754,1,False
2024-02-01,DEU,THA,0.0432,1,True
2024-03-01,DEU,THA,0.0459,1,True
2024-04-01,DEU,THA,0.0361,1,True
2024-05-01,DEU,THA,0.0281,1,True
2024-06-01,DEU,THA,0.017,1,True
2024-07-01,DEU,THA,0.013,1,True
2024-08-01,DEU,THA,0.0118,1,True
2024-09-01,DEU,THA,0.0093,1,True
2024-10-01,DEU,THA,0.0088,3,True
2024-11-01,DEU,THA,0.0053,1,True
2024-12-01,DEU,THA,0.0016,1,True
2025-01-01,DEU,THA,0.0064,1,True
2025-02-01,DEU,THA,0.007,1,True
2025-03-01,DEU,THA,0.0254,1,True
2025-04-01,DEU,THA,0.104,1,False
2025-05-01,DEU,THA,0.102,1,False
2025-06-01,DEU,THA,0.1599,1,False
2025-07-01,DEU,THA,0.2104,1,False
2025-08-01,DEU,THA,0.1568,1,False
2025-09-01,DEU,THA,0.0075,4,True
2025-10-01,DEU,THA,0.0538,3,False
2025-11-01,DEU,THA,0.0392,2,True
2025-12-01,DEU,THA,0.0507,2,False
2026-01-01,DEU,THA,0.0577,2,False
2026-02-01,DEU,THA,0.0321,3,True
2026-03-01,DEU,THA,0.0195,2,True
2015-01-01,DEU,BRA,0.2678,2,False
2015-02-01,DEU,BRA,0.7669,1,False
2015-03-01,DEU,BRA,0.6878,1,False
2015-04-01,DEU,BRA,0.8485,1,False
2015-05-01,DEU,BRA,0.8097,1,False
2015-06-01,DEU,BRA,0.9049,1,False
2015-07-01,DEU,BRA,0.883,1,False
2015-08-01,DEU,BRA,0.8017,1,False
2015-09-01,DEU,BRA,0.5435,4,False
2015-10-01,DEU,BRA,0.3856,3,False
2015-11-01,DEU,BRA,0.282,2,False
2015-12-01,DEU,BRA,0.3172,1,False
2016-01-01,DEU,BRA,0.3596,2,False
2016-02-01,DEU,BRA,0.3056,2,False
2016-03-01,DEU,BRA,0.0509,4,False
2016-04-01,DEU,BRA,0.0097,3,True
2016-05-01,DEU,BRA,0.0151,3,True
2016-06-01,DEU,BRA,0.007,3,True
2016-07-01,DEU,BRA,0.0107,3,True
2016-08-01,DEU,BRA,0.0367,3,True
2016-09-01,DEU,BRA,0.0176,4,True
2016-10-01,DEU,BRA,0.0253,4,True
2016-11-01,DEU,BRA,0.0245,4,True
2016-12-01,DEU,BRA,0.0024,4,True
2017-01-01,DEU,BRA,0.004,4,True
2017-02-01,DEU,BRA,0.0024,4,True
2017-03-01,DEU,BRA,0.0311,1,True
2017-04-01,DEU,BRA,0.0043,1,True
2017-05-01,DEU,BRA,0.001,1,True
2017-06-01,DEU,BRA,0.0004,1,True
2017-07-01,DEU,BRA,0.0002,1,True
2017-08-01,DEU,BRA,0.0006,1,True
2017-09-01,DEU,BRA,0.0016,1,True
2017-10-01,DEU,BRA,0.0012,1,True
2017-11-01,DEU,BRA,0.0015,1,True
2017-12-01,DEU,BRA,0.0013,1,True
2018-01-01,DEU,BRA,0.0011,1,True
2018-02-01,DEU,BRA,0.002,1,True
2018-03-01,DEU,BRA,0.0023,1,True
2018-04-01,DEU,BRA,0.0067,1,True
2018-05-01,DEU,BRA,0.0014,1,True
2018-06-01,DEU,BRA,0.0049,1,True
2018-07-01,DEU,BRA,0.009,1,True
2018-08-01,DEU,BRA,0.0055,1,True
2018-09-01,DEU,BRA,0.01,1,True
2018-10-01,DEU,BRA,0.0103,1,True
2018-11-01,DEU,BRA,0.0157,1,True
2018-12-01,DEU,BRA,0.0184,1,True
2019-01-01,DEU,BRA,0.0191,1,True
2019-02-01,DEU,BRA,0.0316,1,True
2019-03-01,DEU,BRA,0.0216,1,True
2019-04-01,DEU,BRA,0.0249,1,True
2019-05-01,DEU,BRA,0.0243,1,True
2019-06-01,DEU,BRA,0.0352,1,True
2019-07-01,DEU,BRA,0.0447,1,True
2019-08-01,DEU,BRA,0.0399,1,True
2019-09-01,DEU,BRA,0.0452,1,True
2019-10-01,DEU,BRA,0.0959,1,False
2019-11-01,DEU,BRA,0.1452,1,False
2019-12-01,DEU,BRA,0.4397,4,False
2020-01-01,DEU,BRA,0.3727,4,False
2020-02-01,DEU,BRA,0.2445,4,False
2020-03-01,DEU,BRA,0.2243,4,False
2020-04-01,DEU,BRA,0.2358,3,False
2020-05-01,DEU,BRA,0.5822,2,False
2020-06-01,DEU,BRA,0.6605,2,False
2020-07-01,DEU,BRA,0.3722,2,False
2020-08-01,DEU,BRA,0.3493,2,False
2020-09-01,DEU,BRA,0.1389,3,False
2020-10-01,DEU,BRA,0.1134,2,False
2020-11-01,DEU,BRA,0.2609,1,False
2020-12-01,DEU,BRA,0.2407,1,False
2021-01-01,DEU,BRA,0.3131,1,False
2021-02-01,DEU,BRA,0.4223,2,False
2021-03-01,DEU,BRA,0.0492,1,True
2021-04-01,DEU,BRA,0.0263,1,True
2021-05-01,DEU,BRA,0.0302,1,True
2021-06-01,DEU,BRA,0.0444,1,True
2021-07-01,DEU,BRA,0.0372,1,True
2021-08-01,DEU,BRA,0.0488,1,True
2021-09-01,DEU,BRA,0.052,1,False
2021-10-01,DEU,BRA,0.0475,1,True
2021-11-01,DEU,BRA,0.0433,2,True
2021-12-01,DEU,BRA,0.0178,1,True
2022-01-01,DEU,BRA,0.0255,2,True
2022-02-01,DEU,BRA,0.0307,1,True
2022-03-01,DEU,BRA,0.011,1,True
2022-04-01,DEU,BRA,0.02,3,True
2022-05-01,DEU,BRA,0.0597,3,False
2022-06-01,DEU,BRA,0.0845,1,False
2022-07-01,DEU,BRA,0.1921,1,False
2022-08-01,DEU,BRA,0.2423,1,False
2022-09-01,DEU,BRA,0.2401,1,False
2022-10-01,DEU,BRA,0.0696,1,False
2022-11-01,DEU,BRA,0.1518,1,False
2022-12-01,DEU,BRA,0.221,1,False
2023-01-01,DEU,BRA,0.3348,1,False
2023-02-01,DEU,BRA,0.1433,1,False
2023-03-01,DEU,BRA,0.0648,1,False
2023-04-01,DEU,BRA,0.0233,1,True
2023-05-01,DEU,BRA,0.0161,1,True
2023-06-01,DEU,BRA,0.0108,1,True
2023-07-01,DEU,BRA,0.0067,1,True
2023-08-01,DEU,BRA,0.0031,1,True
2023-09-01,DEU,BRA,0.0012,1,True
2023-10-01,DEU,BRA,0.0016,1,True
2023-11-01,DEU,BRA,0.0013,1,True
2023-12-01,DEU,BRA,0.0006,1,True
2024-01-01,DEU,BRA,0.0002,1,True
2024-02-01,DEU,BRA,0.0001,1,True
2024-03-01,DEU,BRA,0.0001,1,True
2024-04-01,DEU,BRA,0.0001,1,True
2024-05-01,DEU,BRA,0.0001,1,True
2024-06-01,DEU,BRA,0.0003,1,True
2024-07-01,DEU,BRA,0.0001,1,True
2024-08-01,DEU,BRA,0.0003,1,True
2024-09-01,DEU,BRA,0.0023,1,True
2024-10-01,DEU,BRA,0.0047,1,True
2024-11-01,DEU,BRA,0.0031,1,True
2024-12-01,DEU,BRA,0.0128,1,True
2025-01-01,DEU,BRA,0.011,1,True
2025-02-01,DEU,BRA,0.0052,1,True
2025-03-01,DEU,BRA,0.0095,1,True
2025-04-01,DEU,BRA,0.0153,1,True
2025-05-01,DEU,BRA,0.0332,1,True
2025-06-01,DEU,BRA,0.2286,1,False
2025-07-01,DEU,BRA,0.2359,1,False
2025-08-01,DEU,BRA,0.3627,2,False
2025-09-01,DEU,BRA,0.3983,2,False
2025-10-01,DEU,BRA,0.5594,1,False
2025-11-01,DEU,BRA,0.8024,3,False
2025-12-01,DEU,BRA,0.6758,1,False
2026-01-01,DEU,BRA,0.5613,1,False
2026-02-01,DEU,BRA,0.5048,3,False
2026-03-01,DEU,BRA,0.413,3,False
2015-01-01,DEU,ZAF,0.0478,1,True
2015-02-01,DEU,ZAF,0.0313,1,True
2015-03-01,DEU,ZAF,0.4082,1,False
2015-04-01,DEU,ZAF,0.4404,1,False
2015-05-01,DEU,ZAF,0.4253,1,False
2015-06-01,DEU,ZAF,0.4764,4,False
2015-07-01,DEU,ZAF,0.3345,4,False
2015-08-01,DEU,ZAF,0.3791,4,False
2015-09-01,DEU,ZAF,0.2554,2,False
2015-10-01,DEU,ZAF,0.3397,3,False
2015-11-01,DEU,ZAF,0.5083,2,False
2015-12-01,DEU,ZAF,0.5338,2,False
2016-01-01,DEU,ZAF,0.3508,1,False
2016-02-01,DEU,ZAF,0.2879,1,False
2016-03-01,DEU,ZAF,0.3268,1,False
2016-04-01,DEU,ZAF,0.4078,4,False
2016-05-01,DEU,ZAF,0.2745,2,False
2016-06-01,DEU,ZAF,0.3619,2,False
2016-07-01,DEU,ZAF,0.3769,2,False
2016-08-01,DEU,ZAF,0.3837,1,False
2016-09-01,DEU,ZAF,0.3988,4,False
2016-10-01,DEU,ZAF,0.5183,4,False
2016-11-01,DEU,ZAF,0.4383,4,False
2016-12-01,DEU,ZAF,0.1778,4,False
2017-01-01,DEU,ZAF,0.1454,4,False
2017-02-01,DEU,ZAF,0.1428,4,False
2017-03-01,DEU,ZAF,0.139,4,False
2017-04-01,DEU,ZAF,0.121,4,False
2017-05-01,DEU,ZAF,0.099,4,False
2017-06-01,DEU,ZAF,0.0699,4,False
2017-07-01,DEU,ZAF,0.0701,4,False
2017-08-01,DEU,ZAF,0.1322,4,False
2017-09-01,DEU,ZAF,0.2088,4,False
2017-10-01,DEU,ZAF,0.1692,4,False
2017-11-01,DEU,ZAF,0.1603,4,False
2017-12-01,DEU,ZAF,0.1564,4,False
2018-01-01,DEU,ZAF,0.1273,4,False
2018-02-01,DEU,ZAF,0.0409,4,True
2018-03-01,DEU,ZAF,0.0141,4,True
2018-04-01,DEU,ZAF,0.0007,4,True
2018-05-01,DEU,ZAF,0.0033,4,True
2018-06-01,DEU,ZAF,0.0073,4,True
2018-07-01,DEU,ZAF,0.0108,4,True
2018-08-01,DEU,ZAF,0.0067,4,True
2018-09-01,DEU,ZAF,0.0232,4,True
2018-10-01,DEU,ZAF,0.0263,4,True
2018-11-01,DEU,ZAF,0.1363,4,False
2018-12-01,DEU,ZAF,0.0784,4,False
2019-01-01,DEU,ZAF,0.0347,4,True
2019-02-01,DEU,ZAF,0.0182,4,True
2019-03-01,DEU,ZAF,0.0195,4,True
2019-04-01,DEU,ZAF,0.0291,4,True
2019-05-01,DEU,ZAF,0.0064,4,True
2019-06-01,DEU,ZAF,0.0389,4,True
2019-07-01,DEU,ZAF,0.0401,4,True
2019-08-01,DEU,ZAF,0.0381,3,True
2019-09-01,DEU,ZAF,0.0525,2,False
2019-10-01,DEU,ZAF,0.0386,2,True
2019-11-01,DEU,ZAF,0.0433,2,True
2019-12-01,DEU,ZAF,0.0944,2,False
2020-01-01,DEU,ZAF,0.0754,2,False
2020-02-01,DEU,ZAF,0.0668,2,False
2020-03-01,DEU,ZAF,0.0684,2,False
2020-04-01,DEU,ZAF,0.1945,2,False
2020-05-01,DEU,ZAF,0.1512,4,False
2020-06-01,DEU,ZAF,0.0676,3,False
2020-07-01,DEU,ZAF,0.0717,2,False
2020-08-01,DEU,ZAF,0.0531,2,False
2020-09-01,DEU,ZAF,0.1058,3,False
2020-10-01,DEU,ZAF,0.1014,2,False
2020-11-01,DEU,ZAF,0.0655,2,False
2020-12-01,DEU,ZAF,0.0521,2,False
2021-01-01,DEU,ZAF,0.0596,2,False
2021-02-01,DEU,ZAF,0.086,2,False
2021-03-01,DEU,ZAF,0.0883,2,False
2021-04-01,DEU,ZAF,0.0671,2,False
2021-05-01,DEU,ZAF,0.0904,2,False
2021-06-01,DEU,ZAF,0.0882,2,False
2021-07-01,DEU,ZAF,0.069,2,False
2021-08-01,DEU,ZAF,0.0596,2,False
2021-09-01,DEU,ZAF,0.0434,1,True
2021-10-01,DEU,ZAF,0.0246,1,True
2021-11-01,DEU,ZAF,0.0216,1,True
2021-12-01,DEU,ZAF,0.0075,1,True
2022-01-01,DEU,ZAF,0.0013,4,True
2022-02-01,DEU,ZAF,0.0003,1,True
2022-03-01,DEU,ZAF,0.0,1,True
2022-04-01,DEU,ZAF,0.0,1,True
2022-05-01,DEU,ZAF,0.0024,1,True
2022-06-01,DEU,ZAF,0.0048,1,True
2022-07-01,DEU,ZAF,0.0054,1,True
2022-08-01,DEU,ZAF,0.0492,1,True
2022-09-01,DEU,ZAF,0.1652,4,False
2022-10-01,DEU,ZAF,0.1087,4,False
2022-11-01,DEU,ZAF,0.2278,4,False
2022-12-01,DEU,ZAF,0.2304,4,False
2023-01-01,DEU,ZAF,0.2552,4,False
2023-02-01,DEU,ZAF,0.1295,4,False
2023-03-01,DEU,ZAF,0.0747,4,False
2023-04-01,DEU,ZAF,0.1343,4,False
2023-05-01,DEU,ZAF,0.0555,4,False
2023-06-01,DEU,ZAF,0.0865,4,False
2023-07-01,DEU,ZAF,0.2223,1,False
2023-08-01,DEU,ZAF,0.2366,1,False
2023-09-01,DEU,ZAF,0.226,1,False
2023-10-01,DEU,ZAF,0.1962,1,False
2023-11-01,DEU,ZAF,0.3382,1,False
2023-12-01,DEU,ZAF,0.3247,1,False
2024-01-01,DEU,ZAF,0.2628,3,False
2024-02-01,DEU,ZAF,0.149,1,False
2024-03-01,DEU,ZAF,0.1569,1,False
2024-04-01,DEU,ZAF,0.195,1,False
2024-05-01,DEU,ZAF,0.1772,1,False
2024-06-01,DEU,ZAF,0.1979,1,False
2024-07-01,DEU,ZAF,0.2349,1,False
2024-08-01,DEU,ZAF,0.2107,1,False
2024-09-01,DEU,ZAF,0.0981,1,False
2024-10-01,DEU,ZAF,0.0844,1,False
2024-11-01,DEU,ZAF,0.0869,1,False
2024-12-01,DEU,ZAF,0.1366,1,False
2025-01-01,DEU,ZAF,0.2197,1,False
2025-02-01,DEU,ZAF,0.5524,4,False
2025-03-01,DEU,ZAF,0.5824,4,False
2025-04-01,DEU,ZAF,0.5882,4,False
2025-05-01,DEU,ZAF,0.2666,2,False
2025-06-01,DEU,ZAF,0.2374,2,False
2025-07-01,DEU,ZAF,0.2061,2,False
2025-08-01,DEU,ZAF,0.1516,2,False
2025-09-01,DEU,ZAF,0.1039,2,False
2025-10-01,DEU,ZAF,0.0283,2,True
2025-11-01,DEU,ZAF,0.0156,2,True
2025-12-01,DEU,ZAF,0.0343,2,True
2026-01-01,DEU,ZAF,0.0345,2,True
2026-02-01,DEU,ZAF,0.0347,2,True
2026-03-01,DEU,ZAF,0.0269,2,True
2015-01-01,DEU,MEX,0.1386,2,False
2015-02-01,DEU,MEX,0.1863,2,False
2015-03-01,DEU,MEX,0.2195,2,False
2015-04-01,DEU,MEX,0.2129,2,False
2015-05-01,DEU,MEX,0.242,2,False
2015-06-01,DEU,MEX,0.357,2,False
2015-07-01,DEU,MEX,0.4364,2,False
2015-08-01,DEU,MEX,0.5867,2,False
2015-09-01,DEU,MEX,0.4614,2,False
2015-10-01,DEU,MEX,0.4747,2,False
2015-11-01,DEU,MEX,0.3557,2,False
2015-12-01,DEU,MEX,0.2506,2,False
2016-01-01,DEU,MEX,0.1555,2,False
2016-02-01,DEU,MEX,0.1923,2,False
2016-03-01,DEU,MEX,0.2644,2,False
2016-04-01,DEU,MEX,0.2557,2,False
2016-05-01,DEU,MEX,0.3574,2,False
2016-06-01,DEU,MEX,0.346,2,False
2016-07-01,DEU,MEX,0.3273,2,False
2016-08-01,DEU,MEX,0.2872,2,False
2016-09-01,DEU,MEX,0.2053,2,False
2016-10-01,DEU,MEX,0.2093,2,False
2016-11-01,DEU,MEX,0.1489,2,False
2016-12-01,DEU,MEX,0.1068,4,False
2017-01-01,DEU,MEX,0.1,4,False
2017-02-01,DEU,MEX,0.1573,4,False
2017-03-01,DEU,MEX,0.0737,4,False
2017-04-01,DEU,MEX,0.0939,4,False
2017-05-01,DEU,MEX,0.1064,3,False
2017-06-01,DEU,MEX,0.0677,2,False
2017-07-01,DEU,MEX,0.0722,3,False
2017-08-01,DEU,MEX,0.1051,3,False
2017-09-01,DEU,MEX,0.0717,3,False
2017-10-01,DEU,MEX,0.0803,3,False
2017-11-01,DEU,MEX,0.0484,3,True
2017-12-01,DEU,MEX,0.0504,3,False
2018-01-01,DEU,MEX,0.0334,1,True
2018-02-01,DEU,MEX,0.0491,1,True
2018-03-01,DEU,MEX,0.0852,1,False
2018-04-01,DEU,MEX,0.1008,3,False
2018-05-01,DEU,MEX,0.0899,3,False
2018-06-01,DEU,MEX,0.1548,1,False
2018-07-01,DEU,MEX,0.1115,3,False
2018-08-01,DEU,MEX,0.1386,3,False
2018-09-01,DEU,MEX,0.0295,1,True
2018-10-01,DEU,MEX,0.1399,1,False
2018-11-01,DEU,MEX,0.0945,3,False
2018-12-01,DEU,MEX,0.247,1,False
2019-01-01,DEU,MEX,0.1005,1,False
2019-02-01,DEU,MEX,0.1071,1,False
2019-03-01,DEU,MEX,0.0963,1,False
2019-04-01,DEU,MEX,0.0871,1,False
2019-05-01,DEU,MEX,0.1134,1,False
2019-06-01,DEU,MEX,0.09,1,False
2019-07-01,DEU,MEX,0.0539,1,False
2019-08-01,DEU,MEX,0.0399,1,True
2019-09-01,DEU,MEX,0.0052,4,True
2019-10-01,DEU,MEX,0.0026,4,True
2019-11-01,DEU,MEX,0.0091,1,True
2019-12-01,DEU,MEX,0.0032,1,True
2020-01-01,DEU,MEX,0.0022,1,True
2020-02-01,DEU,MEX,0.01,1,True
2020-03-01,DEU,MEX,0.0057,2,True
2020-04-01,DEU,MEX,0.0032,1,True
2020-05-01,DEU,MEX,0.0113,4,True
2020-06-01,DEU,MEX,0.0125,4,True
2020-07-01,DEU,MEX,0.0303,4,True
2020-08-01,DEU,MEX,0.0765,1,False
2020-09-01,DEU,MEX,0.0874,1,False
2020-10-01,DEU,MEX,0.1027,1,False
2020-11-01,DEU,MEX,0.1458,4,False
2020-12-01,DEU,MEX,0.2629,4,False
2021-01-01,DEU,MEX,0.2381,4,False
2021-02-01,DEU,MEX,0.0774,4,False
2021-03-01,DEU,MEX,0.0574,4,False
2021-04-01,DEU,MEX,0.0518,4,False
2021-05-01,DEU,MEX,0.0316,4,True
2021-06-01,DEU,MEX,0.0347,4,True
2021-07-01,DEU,MEX,0.0664,4,False
2021-08-01,DEU,MEX,0.0502,1,False
2021-09-01,DEU,MEX,0.0417,4,True
2021-10-01,DEU,MEX,0.0387,4,True
2021-11-01,DEU,MEX,0.0151,4,True
2021-12-01,DEU,MEX,0.0217,4,True
2022-01-01,DEU,MEX,0.0095,4,True
2022-02-01,DEU,MEX,0.0087,4,True
2022-03-01,DEU,MEX,0.0069,4,True
2022-04-01,DEU,MEX,0.0127,4,True
2022-05-01,DEU,MEX,0.04,4,True
2022-06-01,DEU,MEX,0.0281,4,True
2022-07-01,DEU,MEX,0.0362,4,True
2022-08-01,DEU,MEX,0.1002,4,False
2022-09-01,DEU,MEX,0.097,4,False
2022-10-01,DEU,MEX,0.0346,4,True
2022-11-01,DEU,MEX,0.0244,4,True
2022-12-01,DEU,MEX,0.0213,4,True
2023-01-01,DEU,MEX,0.1627,4,False
2023-02-01,DEU,MEX,0.0581,4,False
2023-03-01,DEU,MEX,0.028,4,True
2023-04-01,DEU,MEX,0.0008,4,True
2023-05-01,DEU,MEX,0.0003,4,True
2023-06-01,DEU,MEX,0.0004,4,True
2023-07-01,DEU,MEX,0.0007,4,True
2023-08-01,DEU,MEX,0.0007,4,True
2023-09-01,DEU,MEX,0.001,4,True
2023-10-01,DEU,MEX,0.0079,4,True
2023-11-01,DEU,MEX,0.0067,4,True
2023-12-01,DEU,MEX,0.0058,4,True
2024-01-01,DEU,MEX,0.0048,4,True
2024-02-01,DEU,MEX,0.0029,1,True
2024-03-01,DEU,MEX,0.0024,1,True
2024-04-01,DEU,MEX,0.0018,1,True
2024-05-01,DEU,MEX,0.0008,1,True
2024-06-01,DEU,MEX,0.002,1,True
2024-07-01,DEU,MEX,0.0032,1,True
2024-08-01,DEU,MEX,0.0016,1,True
2024-09-01,DEU,MEX,0.0007,1,True
2024-10-01,DEU,MEX,0.0004,1,True
2024-11-01,DEU,MEX,0.0002,1,True
2024-12-01,DEU,MEX,0.0019,1,True
2025-01-01,DEU,MEX,0.0199,1,True
2025-02-01,DEU,MEX,0.1651,1,False
2025-03-01,DEU,MEX,0.3438,1,False
2025-04-01,DEU,MEX,0.449,1,False
2025-05-01,DEU,MEX,0.5749,1,False
2025-06-01,DEU,MEX,0.813,1,False
2025-07-01,DEU,MEX,0.7369,1,False
2025-08-01,DEU,MEX,0.4166,1,False
2025-09-01,DEU,MEX,0.2683,4,False
2025-10-01,DEU,MEX,0.3393,4,False
2025-11-01,DEU,MEX,0.161,4,False
2025-12-01,DEU,MEX,0.1406,1,False
2026-01-01,DEU,MEX,0.2095,1,False
2026-02-01,DEU,MEX,0.2167,1,False
2026-03-01,DEU,MEX,0.2044,1,False
2015-01-01,DEU,SGP,0.8486,1,False
2015-02-01,DEU,SGP,0.7753,4,False
2015-03-01,DEU,SGP,0.5955,3,False
2015-04-01,DEU,SGP,0.5564,3,False
2015-05-01,DEU,SGP,0.5218,3,False
2015-06-01,DEU,SGP,0.4732,3,False
2015-07-01,DEU,SGP,0.5773,3,False
2015-08-01,DEU,SGP,0.7211,3,False
2015-09-01,DEU,SGP,0.0629,4,False
2015-10-01,DEU,SGP,0.0629,4,False
2015-11-01,DEU,SGP,0.0695,4,False
2015-12-01,DEU,SGP,0.2021,4,False
2016-01-01,DEU,SGP,0.2194,4,False
2016-02-01,DEU,SGP,0.3133,3,False
2016-03-01,DEU,SGP,0.5087,4,False
2016-04-01,DEU,SGP,0.5542,2,False
2016-05-01,DEU,SGP,0.6305,3,False
2016-06-01,DEU,SGP,0.5043,1,False
2016-07-01,DEU,SGP,0.3887,3,False
2016-08-01,DEU,SGP,0.3966,1,False
2016-09-01,DEU,SGP,0.5438,3,False
2016-10-01,DEU,SGP,0.544,3,False
2016-11-01,DEU,SGP,0.577,2,False
2016-12-01,DEU,SGP,0.5701,2,False
2017-01-01,DEU,SGP,0.563,2,False
2017-02-01,DEU,SGP,0.3298,4,False
2017-03-01,DEU,SGP,0.3405,4,False
2017-04-01,DEU,SGP,0.2783,2,False
2017-05-01,DEU,SGP,0.2458,4,False
2017-06-01,DEU,SGP,0.3595,3,False
2017-07-01,DEU,SGP,0.1095,3,False
2017-08-01,DEU,SGP,0.0864,2,False
2017-09-01,DEU,SGP,0.0831,1,False
2017-10-01,DEU,SGP,0.056,2,False
2017-11-01,DEU,SGP,0.0314,2,True
2017-12-01,DEU,SGP,0.0101,2,True
2018-01-01,DEU,SGP,0.0232,2,True
2018-02-01,DEU,SGP,0.0272,2,True
2018-03-01,DEU,SGP,0.0193,2,True
2018-04-01,DEU,SGP,0.0391,2,True
2018-05-01,DEU,SGP,0.0281,2,True
2018-06-01,DEU,SGP,0.0035,2,True
2018-07-01,DEU,SGP,0.0024,2,True
2018-08-01,DEU,SGP,0.0028,2,True
2018-09-01,DEU,SGP,0.0022,2,True
2018-10-01,DEU,SGP,0.0015,2,True
2018-11-01,DEU,SGP,0.0005,1,True
2018-12-01,DEU,SGP,0.0013,1,True
2019-01-01,DEU,SGP,0.0062,2,True
2019-02-01,DEU,SGP,0.0169,1,True
2019-03-01,DEU,SGP,0.0389,1,True
2019-04-01,DEU,SGP,0.0251,1,True
2019-05-01,DEU,SGP,0.0642,1,False
2019-06-01,DEU,SGP,0.0464,1,True
2019-07-01,DEU,SGP,0.0313,1,True
2019-08-01,DEU,SGP,0.014,1,True
2019-09-01,DEU,SGP,0.0238,1,True
2019-10-01,DEU,SGP,0.0331,1,True
2019-11-01,DEU,SGP,0.0375,1,True
2019-12-01,DEU,SGP,0.0398,1,True
2020-01-01,DEU,SGP,0.0372,1,True
2020-02-01,DEU,SGP,0.1561,1,False
2020-03-01,DEU,SGP,0.1628,1,False
2020-04-01,DEU,SGP,0.1651,1,False
2020-05-01,DEU,SGP,0.2523,1,False
2020-06-01,DEU,SGP,0.156,1,False
2020-07-01,DEU,SGP,0.1526,1,False
2020-08-01,DEU,SGP,0.1388,1,False
2020-09-01,DEU,SGP,0.108,1,False
2020-10-01,DEU,SGP,0.0738,1,False
2020-11-01,DEU,SGP,0.3219,1,False
2020-12-01,DEU,SGP,0.4002,1,False
2021-01-01,DEU,SGP,0.4636,1,False
2021-02-01,DEU,SGP,0.5249,2,False
2021-03-01,DEU,SGP,0.3816,4,False
2021-04-01,DEU,SGP,0.1338,4,False
2021-05-01,DEU,SGP,0.1709,4,False
2021-06-01,DEU,SGP,0.1487,4,False
2021-07-01,DEU,SGP,0.1503,2,False
2021-08-01,DEU,SGP,0.1392,2,False
2021-09-01,DEU,SGP,0.1766,4,False
2021-10-01,DEU,SGP,0.3917,4,False
2021-11-01,DEU,SGP,0.2878,2,False
2021-12-01,DEU,SGP,0.2685,2,False
2022-01-01,DEU,SGP,0.0893,4,False
2022-02-01,DEU,SGP,0.0347,1,True
2022-03-01,DEU,SGP,0.0298,1,True
2022-04-01,DEU,SGP,0.0252,1,True
2022-05-01,DEU,SGP,0.0315,1,True
2022-06-01,DEU,SGP,0.0938,1,False
2022-07-01,DEU,SGP,0.1463,1,False
2022-08-01,DEU,SGP,0.1153,1,False
2022-09-01,DEU,SGP,0.2349,3,False
2022-10-01,DEU,SGP,0.1922,3,False
2022-11-01,DEU,SGP,0.155,3,False
2022-12-01,DEU,SGP,0.2307,2,False
2023-01-01,DEU,SGP,0.2742,3,False
2023-02-01,DEU,SGP,0.2603,3,False
2023-03-01,DEU,SGP,0.255,3,False
2023-04-01,DEU,SGP,0.2178,3,False
2023-05-01,DEU,SGP,0.3113,2,False
2023-06-01,DEU,SGP,0.1968,3,False
2023-07-01,DEU,SGP,0.2003,3,False
2023-08-01,DEU,SGP,0.1086,1,False
2023-09-01,DEU,SGP,0.0347,1,True
2023-10-01,DEU,SGP,0.0103,1,True
2023-11-01,DEU,SGP,0.0043,1,True
2023-12-01,DEU,SGP,0.008,1,True
2024-01-01,DEU,SGP,0.0101,1,True
2024-02-01,DEU,SGP,0.0057,1,True
2024-03-01,DEU,SGP,0.004,1,True
2024-04-01,DEU,SGP,0.0043,1,True
2024-05-01,DEU,SGP,0.0046,1,True
2024-06-01,DEU,SGP,0.0036,1,True
2024-07-01,DEU,SGP,0.0024,1,True
2024-08-01,DEU,SGP,0.0013,1,True
2024-09-01,DEU,SGP,0.0011,1,True
2024-10-01,DEU,SGP,0.0021,1,True
2024-11-01,DEU,SGP,0.001,1,True
2024-12-01,DEU,SGP,0.0006,1,True
2025-01-01,DEU,SGP,0.0003,1,True
2025-02-01,DEU,SGP,0.0001,1,True
2025-03-01,DEU,SGP,0.0001,1,True
2025-04-01,DEU,SGP,0.0003,1,True
2025-05-01,DEU,SGP,0.0004,1,True
2025-06-01,DEU,SGP,0.0007,1,True
2025-07-01,DEU,SGP,0.0012,1,True
2025-08-01,DEU,SGP,0.0015,1,True
2025-09-01,DEU,SGP,0.0029,1,True
2025-10-01,DEU,SGP,0.002,1,True
2025-11-01,DEU,SGP,0.0643,1,False
2025-12-01,DEU,SGP,0.0545,3,False
2026-01-01,DEU,SGP,0.0889,1,False
2026-02-01,DEU,SGP,0.2285,1,False
2026-03-01,DEU,SGP,0.346,3,False
2015-01-01,DEU,KOR,0.3521,3,False
2015-02-01,DEU,KOR,0.1939,4,False
2015-03-01,DEU,KOR,0.2667,4,False
2015-04-01,DEU,KOR,0.5307,3,False
2015-05-01,DEU,KOR,0.4851,3,False
2015-06-01,DEU,KOR,0.4782,3,False
2015-07-01,DEU,KOR,0.5337,3,False
2015-08-01,DEU,KOR,0.6182,3,False
2015-09-01,DEU,KOR,0.349,3,False
2015-10-01,DEU,KOR,0.2563,4,False
2015-11-01,DEU,KOR,0.2868,3,False
2015-12-01,DEU,KOR,0.208,2,False
2016-01-01,DEU,KOR,0.2534,3,False
2016-02-01,DEU,KOR,0.3858,2,False
2016-03-01,DEU,KOR,0.1795,2,False
2016-04-01,DEU,KOR,0.0957,4,False
2016-05-01,DEU,KOR,0.0236,4,True
2016-06-01,DEU,KOR,0.0565,4,False
2016-07-01,DEU,KOR,0.105,4,False
2016-08-01,DEU,KOR,0.1423,4,False
2016-09-01,DEU,KOR,0.142,4,False
2016-10-01,DEU,KOR,0.152,4,False
2016-11-01,DEU,KOR,0.2097,1,False
2016-12-01,DEU,KOR,0.1209,4,False
2017-01-01,DEU,KOR,0.1401,4,False
2017-02-01,DEU,KOR,0.1136,4,False
2017-03-01,DEU,KOR,0.1832,4,False
2017-04-01,DEU,KOR,0.1491,4,False
2017-05-01,DEU,KOR,0.1146,4,False
2017-06-01,DEU,KOR,0.131,4,False
2017-07-01,DEU,KOR,0.1265,1,False
2017-08-01,DEU,KOR,0.1204,4,False
2017-09-01,DEU,KOR,0.1189,4,False
2017-10-01,DEU,KOR,0.121,3,False
2017-11-01,DEU,KOR,0.1509,3,False
2017-12-01,DEU,KOR,0.103,1,False
2018-01-01,DEU,KOR,0.1451,1,False
2018-02-01,DEU,KOR,0.1421,1,False
2018-03-01,DEU,KOR,0.1671,1,False
2018-04-01,DEU,KOR,0.2909,1,False
2018-05-01,DEU,KOR,0.203,1,False
2018-06-01,DEU,KOR,0.2966,3,False
2018-07-01,DEU,KOR,0.3285,2,False
2018-08-01,DEU,KOR,0.2297,4,False
2018-09-01,DEU,KOR,0.0514,4,False
2018-10-01,DEU,KOR,0.054,4,False
2018-11-01,DEU,KOR,0.1039,2,False
2018-12-01,DEU,KOR,0.0762,2,False
2019-01-01,DEU,KOR,0.0893,2,False
2019-02-01,DEU,KOR,0.2956,1,False
2019-03-01,DEU,KOR,0.1609,1,False
2019-04-01,DEU,KOR,0.1082,1,False
2019-05-01,DEU,KOR,0.1204,1,False
2019-06-01,DEU,KOR,0.1087,1,False
2019-07-01,DEU,KOR,0.0881,1,False
2019-08-01,DEU,KOR,0.1201,1,False
2019-09-01,DEU,KOR,0.1066,1,False
2019-10-01,DEU,KOR,0.0586,1,False
2019-11-01,DEU,KOR,0.1113,1,False
2019-12-01,DEU,KOR,0.0794,1,False
2020-01-01,DEU,KOR,0.1819,2,False
2020-02-01,DEU,KOR,0.0577,1,False
2020-03-01,DEU,KOR,0.1852,1,False
2020-04-01,DEU,KOR,0.3117,1,False
2020-05-01,DEU,KOR,0.557,4,False
2020-06-01,DEU,KOR,0.7054,4,False
2020-07-01,DEU,KOR,0.58,4,False
2020-08-01,DEU,KOR,0.8853,1,False
2020-09-01,DEU,KOR,0.5194,4,False
2020-10-01,DEU,KOR,0.7091,1,False
2020-11-01,DEU,KOR,0.7664,4,False
2020-12-01,DEU,KOR,0.5711,1,False
2021-01-01,DEU,KOR,0.6745,4,False
2021-02-01,DEU,KOR,0.8523,3,False
2021-03-01,DEU,KOR,0.4432,2,False
2021-04-01,DEU,KOR,0.2987,2,False
2021-05-01,DEU,KOR,0.3245,2,False
2021-06-01,DEU,KOR,0.2605,2,False
2021-07-01,DEU,KOR,0.168,2,False
2021-08-01,DEU,KOR,0.1873,2,False
2021-09-01,DEU,KOR,0.185,2,False
2021-10-01,DEU,KOR,0.118,2,False
2021-11-01,DEU,KOR,0.1258,2,False
2021-12-01,DEU,KOR,0.1877,2,False
2022-01-01,DEU,KOR,0.2377,2,False
2022-02-01,DEU,KOR,0.6077,2,False
2022-03-01,DEU,KOR,0.4949,2,False
2022-04-01,DEU,KOR,0.4866,2,False
2022-05-01,DEU,KOR,0.4933,4,False
2022-06-01,DEU,KOR,0.4356,2,False
2022-07-01,DEU,KOR,0.4471,2,False
2022-08-01,DEU,KOR,0.2232,2,False
2022-09-01,DEU,KOR,0.4331,2,False
2022-10-01,DEU,KOR,0.4074,2,False
2022-11-01,DEU,KOR,0.4559,2,False
2022-12-01,DEU,KOR,0.4354,2,False
2023-01-01,DEU,KOR,0.4342,2,False
2023-02-01,DEU,KOR,0.4216,2,False
2023-03-01,DEU,KOR,0.0962,3,False
2023-04-01,DEU,KOR,0.0127,4,True
2023-05-01,DEU,KOR,0.0119,3,True
2023-06-01,DEU,KOR,0.0033,2,True
2023-07-01,DEU,KOR,0.0014,2,True
2023-08-01,DEU,KOR,0.001,2,True
2023-09-01,DEU,KOR,0.0034,2,True
2023-10-01,DEU,KOR,0.002,2,True
2023-11-01,DEU,KOR,0.0016,2,True
2023-12-01,DEU,KOR,0.001,2,True
2024-01-01,DEU,KOR,0.0036,2,True
2024-02-01,DEU,KOR,0.0075,2,True
2024-03-01,DEU,KOR,0.0106,2,True
2024-04-01,DEU,KOR,0.0116,2,True
2024-05-01,DEU,KOR,0.1607,2,False
2024-06-01,DEU,KOR,0.0698,2,False
2024-07-01,DEU,KOR,0.0251,4,True
2024-08-01,DEU,KOR,0.0306,4,True
2024-09-01,DEU,KOR,0.0283,4,True
2024-10-01,DEU,KOR,0.0285,4,True
2024-11-01,DEU,KOR,0.0231,2,True
2024-12-01,DEU,KOR,0.0073,2,True
2025-01-01,DEU,KOR,0.0118,2,True
2025-02-01,DEU,KOR,0.0154,2,True
2025-03-01,DEU,KOR,0.0278,2,True
2025-04-01,DEU,KOR,0.0394,2,True
2025-05-01,DEU,KOR,0.0304,1,True
2025-06-01,DEU,KOR,0.0173,1,True
2025-07-01,DEU,KOR,0.0202,1,True
2025-08-01,DEU,KOR,0.0217,1,True
2025-09-01,DEU,KOR,0.0177,1,True
2025-10-01,DEU,KOR,0.0151,1,True
2025-11-01,DEU,KOR,0.0162,1,True
2025-12-01,DEU,KOR,0.0041,2,True
2026-01-01,DEU,KOR,0.0055,1,True
2026-02-01,DEU,KOR,0.0048,2,True
2026-03-01,DEU,KOR,0.0053,2,True
2015-01-01,DEU,GBR,0.0003,1,True
2015-02-01,DEU,GBR,0.0301,1,True
2015-03-01,DEU,GBR,0.1226,2,False
2015-04-01,DEU,GBR,0.1123,2,False
2015-05-01,DEU,GBR,0.1063,2,False
2015-06-01,DEU,GBR,0.1087,2,False
2015-07-01,DEU,GBR,0.3486,2,False
2015-08-01,DEU,GBR,0.3919,2,False
2015-09-01,DEU,GBR,0.365,2,False
2015-10-01,DEU,GBR,0.425,2,False
2015-11-01,DEU,GBR,0.507,2,False
2015-12-01,DEU,GBR,0.4869,1,False
2016-01-01,DEU,GBR,0.6922,1,False
2016-02-01,DEU,GBR,0.303,4,False
2016-03-01,DEU,GBR,0.0651,3,False
2016-04-01,DEU,GBR,0.055,3,False
2016-05-01,DEU,GBR,0.0416,3,True
2016-06-01,DEU,GBR,0.0517,3,False
2016-07-01,DEU,GBR,0.0768,3,False
2016-08-01,DEU,GBR,0.2055,3,False
2016-09-01,DEU,GBR,0.1906,2,False
2016-10-01,DEU,GBR,0.1888,2,False
2016-11-01,DEU,GBR,0.2446,2,False
2016-12-01,DEU,GBR,0.231,2,False
2017-01-01,DEU,GBR,0.1688,2,False
2017-02-01,DEU,GBR,0.1364,1,False
2017-03-01,DEU,GBR,0.1945,3,False
2017-04-01,DEU,GBR,0.1091,4,False
2017-05-01,DEU,GBR,0.0269,3,True
2017-06-01,DEU,GBR,0.0259,3,True
2017-07-01,DEU,GBR,0.0091,3,True
2017-08-01,DEU,GBR,0.0153,3,True
2017-09-01,DEU,GBR,0.0211,3,True
2017-10-01,DEU,GBR,0.008,3,True
2017-11-01,DEU,GBR,0.0093,3,True
2017-12-01,DEU,GBR,0.0236,1,True
2018-01-01,DEU,GBR,0.0515,1,False
2018-02-01,DEU,GBR,0.0467,3,True
2018-03-01,DEU,GBR,0.0771,3,False
2018-04-01,DEU,GBR,0.045,3,True
2018-05-01,DEU,GBR,0.1377,3,False
2018-06-01,DEU,GBR,0.4245,3,False
2018-07-01,DEU,GBR,0.6012,1,False
2018-08-01,DEU,GBR,0.6885,3,False
2018-09-01,DEU,GBR,0.4649,1,False
2018-10-01,DEU,GBR,0.7367,1,False
2018-11-01,DEU,GBR,0.6361,3,False
2018-12-01,DEU,GBR,0.7452,3,False
2019-01-01,DEU,GBR,0.5757,3,False
2019-02-01,DEU,GBR,0.3344,1,False
2019-03-01,DEU,GBR,0.4746,1,False
2019-04-01,DEU,GBR,0.5406,1,False
2019-05-01,DEU,GBR,0.4141,1,False
2019-06-01,DEU,GBR,0.5288,1,False
2019-07-01,DEU,GBR,0.7132,2,False
2019-08-01,DEU,GBR,0.6991,1,False
2019-09-01,DEU,GBR,0.6038,3,False
2019-10-01,DEU,GBR,0.6362,3,False
2019-11-01,DEU,GBR,0.5943,3,False
2019-12-01,DEU,GBR,0.6936,3,False
2020-01-01,DEU,GBR,0.7706,2,False
2020-02-01,DEU,GBR,0.8274,3,False
2020-03-01,DEU,GBR,0.8884,3,False
2020-04-01,DEU,GBR,0.8367,3,False
2020-05-01,DEU,GBR,0.8452,3,False
2020-06-01,DEU,GBR,0.7612,1,False
2020-07-01,DEU,GBR,0.6258,1,False
2020-08-01,DEU,GBR,0.439,4,False
2020-09-01,DEU,GBR,0.2725,3,False
2020-10-01,DEU,GBR,0.3093,2,False
2020-11-01,DEU,GBR,0.1625,1,False
2020-12-01,DEU,GBR,0.4264,1,False
2021-01-01,DEU,GBR,0.5634,2,False
2021-02-01,DEU,GBR,0.5591,1,False
2021-03-01,DEU,GBR,0.5049,1,False
2021-04-01,DEU,GBR,0.4378,1,False
2021-05-01,DEU,GBR,0.6516,1,False
2021-06-01,DEU,GBR,0.6393,3,False
2021-07-01,DEU,GBR,0.3119,4,False
2021-08-01,DEU,GBR,0.2373,3,False
2021-09-01,DEU,GBR,0.1052,2,False
2021-10-01,DEU,GBR,0.1127,2,False
2021-11-01,DEU,GBR,0.1127,3,False
2021-12-01,DEU,GBR,0.0392,2,True
2022-01-01,DEU,GBR,0.1887,1,False
2022-02-01,DEU,GBR,0.0063,2,True
2022-03-01,DEU,GBR,0.0044,2,True
2022-04-01,DEU,GBR,0.0007,2,True
2022-05-01,DEU,GBR,0.0006,1,True
2022-06-01,DEU,GBR,0.0005,1,True
2022-07-01,DEU,GBR,0.0007,1,True
2022-08-01,DEU,GBR,0.0007,1,True
2022-09-01,DEU,GBR,0.0011,1,True
2022-10-01,DEU,GBR,0.0034,1,True
2022-11-01,DEU,GBR,0.0032,1,True
2022-12-01,DEU,GBR,0.0041,1,True
2023-01-01,DEU,GBR,0.007,1,True
2023-02-01,DEU,GBR,0.0168,1,True
2023-03-01,DEU,GBR,0.0381,1,True
2023-04-01,DEU,GBR,0.0341,1,True
2023-05-01,DEU,GBR,0.057,1,False
2023-06-01,DEU,GBR,0.0521,1,False
2023-07-01,DEU,GBR,0.0284,1,True
2023-08-01,DEU,GBR,0.0042,1,True
2023-09-01,DEU,GBR,0.0019,1,True
2023-10-01,DEU,GBR,0.0014,1,True
2023-11-01,DEU,GBR,0.0019,1,True
2023-12-01,DEU,GBR,0.0014,1,True
2024-01-01,DEU,GBR,0.0018,1,True
2024-02-01,DEU,GBR,0.0014,1,True
2024-03-01,DEU,GBR,0.0006,1,True
2024-04-01,DEU,GBR,0.001,1,True
2024-05-01,DEU,GBR,0.0005,1,True
2024-06-01,DEU,GBR,0.0004,1,True
2024-07-01,DEU,GBR,0.0007,1,True
2024-08-01,DEU,GBR,0.0019,1,True
2024-09-01,DEU,GBR,0.0055,1,True
2024-10-01,DEU,GBR,0.0066,1,True
2024-11-01,DEU,GBR,0.0038,1,True
2024-12-01,DEU,GBR,0.003,1,True
2025-01-01,DEU,GBR,0.0013,1,True
2025-02-01,DEU,GBR,0.002,1,True
2025-03-01,DEU,GBR,0.0136,1,True
2025-04-01,DEU,GBR,0.0825,1,False
2025-05-01,DEU,GBR,0.1796,1,False
2025-06-01,DEU,GBR,0.3641,2,False
2025-07-01,DEU,GBR,0.4131,2,False
2025-08-01,DEU,GBR,0.5207,4,False
2025-09-01,DEU,GBR,0.5057,2,False
2025-10-01,DEU,GBR,0.5836,4,False
2025-11-01,DEU,GBR,0.5949,4,False
2025-12-01,DEU,GBR,0.5466,1,False
2026-01-01,DEU,GBR,0.4733,1,False
2026-02-01,DEU,GBR,0.5267,4,False
2026-03-01,DEU,GBR,0.3236,1,False
2015-01-01,DEU,USA,0.4666,2,False
2015-02-01,DEU,USA,0.368,2,False
2015-03-01,DEU,USA,0.3454,2,False
2015-04-01,DEU,USA,0.3571,2,False
2015-05-01,DEU,USA,0.1864,2,False
2015-06-01,DEU,USA,0.0852,1,False
2015-07-01,DEU,USA,0.023,1,True
2015-08-01,DEU,USA,0.2159,1,False
2015-09-01,DEU,USA,0.1431,2,False
2015-10-01,DEU,USA,0.0797,1,False
2015-11-01,DEU,USA,0.059,1,False
2015-12-01,DEU,USA,0.0701,2,False
2016-01-01,DEU,USA,0.0217,2,True
2016-02-01,DEU,USA,0.0372,2,True
2016-03-01,DEU,USA,0.0297,2,True
2016-04-01,DEU,USA,0.0382,2,True
2016-05-01,DEU,USA,0.0582,2,False
2016-06-01,DEU,USA,0.0612,2,False
2016-07-01,DEU,USA,0.103,1,False
2016-08-01,DEU,USA,0.0834,4,False
2016-09-01,DEU,USA,0.0244,4,True
2016-10-01,DEU,USA,0.0176,4,True
2016-11-01,DEU,USA,0.0147,4,True
2016-12-01,DEU,USA,0.0124,2,True
2017-01-01,DEU,USA,0.0065,1,True
2017-02-01,DEU,USA,0.0088,1,True
2017-03-01,DEU,USA,0.007,1,True
2017-04-01,DEU,USA,0.004,1,True
2017-05-01,DEU,USA,0.008,1,True
2017-06-01,DEU,USA,0.0065,1,True
2017-07-01,DEU,USA,0.0106,3,True
2017-08-01,DEU,USA,0.0093,3,True
2017-09-01,DEU,USA,0.0092,2,True
2017-10-01,DEU,USA,0.0172,2,True
2017-11-01,DEU,USA,0.0095,2,True
2017-12-01,DEU,USA,0.0087,2,True
2018-01-01,DEU,USA,0.0375,1,True
2018-02-01,DEU,USA,0.0271,2,True
2018-03-01,DEU,USA,0.0353,3,True
2018-04-01,DEU,USA,0.0236,4,True
2018-05-01,DEU,USA,0.0184,3,True
2018-06-01,DEU,USA,0.0758,3,False
2018-07-01,DEU,USA,0.1959,3,False
2018-08-01,DEU,USA,0.1129,3,False
2018-09-01,DEU,USA,0.1217,3,False
2018-10-01,DEU,USA,0.097,3,False
2018-11-01,DEU,USA,0.1301,3,False
2018-12-01,DEU,USA,0.0892,4,False
2019-01-01,DEU,USA,0.0363,3,True
2019-02-01,DEU,USA,0.0359,3,True
2019-03-01,DEU,USA,0.022,3,True
2019-04-01,DEU,USA,0.0211,4,True
2019-05-01,DEU,USA,0.0067,3,True
2019-06-01,DEU,USA,0.0067,3,True
2019-07-01,DEU,USA,0.0041,3,True
2019-08-01,DEU,USA,0.0035,3,True
2019-09-01,DEU,USA,0.0033,3,True
2019-10-01,DEU,USA,0.0051,3,True
2019-11-01,DEU,USA,0.0021,3,True
2019-12-01,DEU,USA,0.0028,3,True
2020-01-01,DEU,USA,0.0025,3,True
2020-02-01,DEU,USA,0.003,3,True
2020-03-01,DEU,USA,0.0012,3,True
2020-04-01,DEU,USA,0.0048,3,True
2020-05-01,DEU,USA,0.0068,3,True
2020-06-01,DEU,USA,0.004,3,True
2020-07-01,DEU,USA,0.0076,2,True
2020-08-01,DEU,USA,0.0411,3,True
2020-09-01,DEU,USA,0.058,2,False
2020-10-01,DEU,USA,0.0577,3,False
2020-11-01,DEU,USA,0.0618,3,False
2020-12-01,DEU,USA,0.1977,3,False
2021-01-01,DEU,USA,0.3418,2,False
2021-02-01,DEU,USA,0.2335,1,False
2021-03-01,DEU,USA,0.1921,1,False
2021-04-01,DEU,USA,0.1378,1,False
2021-05-01,DEU,USA,0.1586,2,False
2021-06-01,DEU,USA,0.0496,1,True
2021-07-01,DEU,USA,0.0301,1,True
2021-08-01,DEU,USA,0.0254,1,True
2021-09-01,DEU,USA,0.021,1,True
2021-10-01,DEU,USA,0.0951,1,False
2021-11-01,DEU,USA,0.1617,1,False
2021-12-01,DEU,USA,0.0864,1,False
2022-01-01,DEU,USA,0.098,1,False
2022-02-01,DEU,USA,0.0359,1,True
2022-03-01,DEU,USA,0.0142,1,True
2022-04-01,DEU,USA,0.0097,1,True
2022-05-01,DEU,USA,0.0092,1,True
2022-06-01,DEU,USA,0.0316,1,True
2022-07-01,DEU,USA,0.0452,1,True
2022-08-01,DEU,USA,0.0601,1,False
2022-09-01,DEU,USA,0.0638,1,False
2022-10-01,DEU,USA,0.1052,1,False
2022-11-01,DEU,USA,0.1431,1,False
2022-12-01,DEU,USA,0.178,1,False
2023-01-01,DEU,USA,0.2084,1,False
2023-02-01,DEU,USA,0.3993,4,False
2023-03-01,DEU,USA,0.4137,4,False
2023-04-01,DEU,USA,0.2015,4,False
2023-05-01,DEU,USA,0.1924,4,False
2023-06-01,DEU,USA,0.2813,4,False
2023-07-01,DEU,USA,0.2789,4,False
2023-08-01,DEU,USA,0.2739,1,False
2023-09-01,DEU,USA,0.1538,1,False
2023-10-01,DEU,USA,0.1298,1,False
2023-11-01,DEU,USA,0.1111,1,False
2023-12-01,DEU,USA,0.1017,1,False
2024-01-01,DEU,USA,0.0449,4,True
2024-02-01,DEU,USA,0.0619,1,False
2024-03-01,DEU,USA,0.0358,1,True
2024-04-01,DEU,USA,0.0113,1,True
2024-05-01,DEU,USA,0.0058,1,True
2024-06-01,DEU,USA,0.005,1,True
2024-07-01,DEU,USA,0.0038,1,True
2024-08-01,DEU,USA,0.0029,1,True
2024-09-01,DEU,USA,0.0037,1,True
2024-10-01,DEU,USA,0.0016,1,True
2024-11-01,DEU,USA,0.0006,1,True
2024-12-01,DEU,USA,0.0007,1,True
2025-01-01,DEU,USA,0.0063,1,True
2025-02-01,DEU,USA,0.0234,1,True
2025-03-01,DEU,USA,0.0677,1,False
2025-04-01,DEU,USA,0.1064,1,False
2025-05-01,DEU,USA,0.087,1,False
2025-06-01,DEU,USA,0.1181,1,False
2025-07-01,DEU,USA,0.1246,1,False
2025-08-01,DEU,USA,0.0898,1,False
2025-09-01,DEU,USA,0.1499,1,False
2025-10-01,DEU,USA,0.3029,1,False
2025-11-01,DEU,USA,0.4361,3,False
2025-12-01,DEU,USA,0.3583,3,False
2026-01-01,DEU,USA,0.3905,4,False
2026-02-01,DEU,USA,0.2911,3,False
2026-03-01,DEU,USA,0.2384,3,False
2015-01-01,DEU,FRA,0.0142,1,True
2015-02-01,DEU,FRA,0.0445,1,True
2015-03-01,DEU,FRA,0.2226,1,False
2015-04-01,DEU,FRA,0.2438,1,False
2015-05-01,DEU,FRA,0.2794,1,False
2015-06-01,DEU,FRA,0.4415,1,False
2015-07-01,DEU,FRA,0.4585,1,False
2015-08-01,DEU,FRA,0.3005,1,False
2015-09-01,DEU,FRA,0.268,1,False
2015-10-01,DEU,FRA,0.4319,1,False
2015-11-01,DEU,FRA,0.5155,2,False
2015-12-01,DEU,FRA,0.4269,2,False
2016-01-01,DEU,FRA,0.6859,2,False
2016-02-01,DEU,FRA,0.5356,1,False
2016-03-01,DEU,FRA,0.4881,4,False
2016-04-01,DEU,FRA,0.3354,4,False
2016-05-01,DEU,FRA,0.2188,4,False
2016-06-01,DEU,FRA,0.2489,4,False
2016-07-01,DEU,FRA,0.3239,4,False
2016-08-01,DEU,FRA,0.2564,4,False
2016-09-01,DEU,FRA,0.2796,4,False
2016-10-01,DEU,FRA,0.3738,1,False
2016-11-01,DEU,FRA,0.388,1,False
2016-12-01,DEU,FRA,0.2982,1,False
2017-01-01,DEU,FRA,0.4093,1,False
2017-02-01,DEU,FRA,0.2665,1,False
2017-03-01,DEU,FRA,0.2175,4,False
2017-04-01,DEU,FRA,0.243,2,False
2017-05-01,DEU,FRA,0.2212,2,False
2017-06-01,DEU,FRA,0.2853,4,False
2017-07-01,DEU,FRA,0.4133,2,False
2017-08-01,DEU,FRA,0.2225,2,False
2017-09-01,DEU,FRA,0.3773,2,False
2017-10-01,DEU,FRA,0.3592,2,False
2017-11-01,DEU,FRA,0.412,2,False
2017-12-01,DEU,FRA,0.4198,2,False
2018-01-01,DEU,FRA,0.4384,2,False
2018-02-01,DEU,FRA,0.3322,2,False
2018-03-01,DEU,FRA,0.4873,2,False
2018-04-01,DEU,FRA,0.3232,4,False
2018-05-01,DEU,FRA,0.1902,3,False
2018-06-01,DEU,FRA,0.6471,1,False
2018-07-01,DEU,FRA,0.7066,3,False
2018-08-01,DEU,FRA,0.4404,1,False
2018-09-01,DEU,FRA,0.1181,1,False
2018-10-01,DEU,FRA,0.0722,1,False
2018-11-01,DEU,FRA,0.0848,1,False
2018-12-01,DEU,FRA,0.0505,1,False
2019-01-01,DEU,FRA,0.0127,1,True
2019-02-01,DEU,FRA,0.0097,1,True
2019-03-01,DEU,FRA,0.014,1,True
2019-04-01,DEU,FRA,0.0281,4,True
2019-05-01,DEU,FRA,0.029,1,True
2019-06-01,DEU,FRA,0.0241,1,True
2019-07-01,DEU,FRA,0.0291,4,True
2019-08-01,DEU,FRA,0.036,1,True
2019-09-01,DEU,FRA,0.0434,4,True
2019-10-01,DEU,FRA,0.0152,4,True
2019-11-01,DEU,FRA,0.0195,4,True
2019-12-01,DEU,FRA,0.0098,4,True
2020-01-01,DEU,FRA,0.0076,4,True
2020-02-01,DEU,FRA,0.0048,4,True
2020-03-01,DEU,FRA,0.0016,4,True
2020-04-01,DEU,FRA,0.0102,4,True
2020-05-01,DEU,FRA,0.0126,1,True
2020-06-01,DEU,FRA,0.0111,1,True
2020-07-01,DEU,FRA,0.0493,1,True
2020-08-01,DEU,FRA,0.056,4,False
2020-09-01,DEU,FRA,0.0383,1,True
2020-10-01,DEU,FRA,0.0239,1,True
2020-11-01,DEU,FRA,0.0135,1,True
2020-12-01,DEU,FRA,0.0151,2,True
2021-01-01,DEU,FRA,0.0062,1,True
2021-02-01,DEU,FRA,0.0152,1,True
2021-03-01,DEU,FRA,0.0167,1,True
2021-04-01,DEU,FRA,0.0067,1,True
2021-05-01,DEU,FRA,0.0075,1,True
2021-06-01,DEU,FRA,0.0054,1,True
2021-07-01,DEU,FRA,0.0055,1,True
2021-08-01,DEU,FRA,0.0046,1,True
2021-09-01,DEU,FRA,0.0046,1,True
2021-10-01,DEU,FRA,0.0026,1,True
2021-11-01,DEU,FRA,0.0009,4,True
2021-12-01,DEU,FRA,0.0007,3,True
2022-01-01,DEU,FRA,0.0128,2,True
2022-02-01,DEU,FRA,0.001,2,True
2022-03-01,DEU,FRA,0.0003,3,True
2022-04-01,DEU,FRA,0.0,1,True
2022-05-01,DEU,FRA,0.0004,1,True
2022-06-01,DEU,FRA,0.0003,1,True
2022-07-01,DEU,FRA,0.0003,1,True
2022-08-01,DEU,FRA,0.0007,1,True
2022-09-01,DEU,FRA,0.0043,1,True
2022-10-01,DEU,FRA,0.0158,1,True
2022-11-01,DEU,FRA,0.0168,1,True
2022-12-01,DEU,FRA,0.0436,1,True
2023-01-01,DEU,FRA,0.0451,1,True
2023-02-01,DEU,FRA,0.0587,1,False
2023-03-01,DEU,FRA,0.073,1,False
2023-04-01,DEU,FRA,0.1708,3,False
2023-05-01,DEU,FRA,0.1721,3,False
2023-06-01,DEU,FRA,0.1668,3,False
2023-07-01,DEU,FRA,0.2738,1,False
2023-08-01,DEU,FRA,0.2078,1,False
2023-09-01,DEU,FRA,0.3257,1,False
2023-10-01,DEU,FRA,0.4775,1,False
2023-11-01,DEU,FRA,0.3061,1,False
2023-12-01,DEU,FRA,0.16,1,False
2024-01-01,DEU,FRA,0.1402,1,False
2024-02-01,DEU,FRA,0.0546,1,False
2024-03-01,DEU,FRA,0.0264,1,True
2024-04-01,DEU,FRA,0.0122,1,True
2024-05-01,DEU,FRA,0.0111,1,True
2024-06-01,DEU,FRA,0.0086,1,True
2024-07-01,DEU,FRA,0.0071,1,True
2024-08-01,DEU,FRA,0.0053,1,True
2024-09-01,DEU,FRA,0.0101,1,True
2024-10-01,DEU,FRA,0.0152,4,True
2024-11-01,DEU,FRA,0.0035,1,True
2024-12-01,DEU,FRA,0.001,1,True
2025-01-01,DEU,FRA,0.0011,1,True
2025-02-01,DEU,FRA,0.0015,1,True
2025-03-01,DEU,FRA,0.0029,1,True
2025-04-01,DEU,FRA,0.0026,1,True
2025-05-01,DEU,FRA,0.0046,1,True
2025-06-01,DEU,FRA,0.0101,1,True
2025-07-01,DEU,FRA,0.0286,1,True
2025-08-01,DEU,FRA,0.0349,1,True
2025-09-01,DEU,FRA,0.0332,1,True
2025-10-01,DEU,FRA,0.0469,1,True
2025-11-01,DEU,FRA,0.0448,1,True
2025-12-01,DEU,FRA,0.095,1,False
2026-01-01,DEU,FRA,0.1589,1,False
2026-02-01,DEU,FRA,0.2054,1,False
2026-03-01,DEU,FRA,0.2191,1,False
2015-01-01,DEU,JPN,0.5075,1,False
2015-02-01,DEU,JPN,0.4215,1,False
2015-03-01,DEU,JPN,0.3191,2,False
2015-04-01,DEU,JPN,0.3495,2,False
2015-05-01,DEU,JPN,0.3209,2,False
2015-06-01,DEU,JPN,0.3944,2,False
2015-07-01,DEU,JPN,0.4612,1,False
2015-08-01,DEU,JPN,0.3912,1,False
2015-09-01,DEU,JPN,0.3537,2,False
2015-10-01,DEU,JPN,0.1605,1,False
2015-11-01,DEU,JPN,0.1548,1,False
2015-12-01,DEU,JPN,0.1275,1,False
2016-01-01,DEU,JPN,0.2178,1,False
2016-02-01,DEU,JPN,0.2414,1,False
2016-03-01,DEU,JPN,0.308,1,False
2016-04-01,DEU,JPN,0.3317,1,False
2016-05-01,DEU,JPN,0.4764,1,False
2016-06-01,DEU,JPN,0.6873,1,False
2016-07-01,DEU,JPN,0.8202,1,False
2016-08-01,DEU,JPN,0.8382,1,False
2016-09-01,DEU,JPN,0.9295,1,False
2016-10-01,DEU,JPN,0.9818,4,False
2016-11-01,DEU,JPN,0.9344,1,False
2016-12-01,DEU,JPN,0.677,1,False
2017-01-01,DEU,JPN,0.6711,4,False
2017-02-01,DEU,JPN,0.6092,4,False
2017-03-01,DEU,JPN,0.8091,4,False
2017-04-01,DEU,JPN,0.6541,1,False
2017-05-01,DEU,JPN,0.9253,4,False
2017-06-01,DEU,JPN,0.6554,2,False
2017-07-01,DEU,JPN,0.5548,1,False
2017-08-01,DEU,JPN,0.5076,1,False
2017-09-01,DEU,JPN,0.3969,1,False
2017-10-01,DEU,JPN,0.3604,1,False
2017-11-01,DEU,JPN,0.3469,1,False
2017-12-01,DEU,JPN,0.3997,1,False
2018-01-01,DEU,JPN,0.3865,1,False
2018-02-01,DEU,JPN,0.3257,1,False
2018-03-01,DEU,JPN,0.1951,1,False
2018-04-01,DEU,JPN,0.1416,4,False
2018-05-01,DEU,JPN,0.1349,4,False
2018-06-01,DEU,JPN,0.0822,1,False
2018-07-01,DEU,JPN,0.0652,1,False
2018-08-01,DEU,JPN,0.0721,1,False
2018-09-01,DEU,JPN,0.1654,1,False
2018-10-01,DEU,JPN,0.1486,2,False
2018-11-01,DEU,JPN,0.2198,1,False
2018-12-01,DEU,JPN,0.201,2,False
2019-01-01,DEU,JPN,0.0681,1,False
2019-02-01,DEU,JPN,0.0076,1,True
2019-03-01,DEU,JPN,0.0226,1,True
2019-04-01,DEU,JPN,0.0128,1,True
2019-05-01,DEU,JPN,0.0129,1,True
2019-06-01,DEU,JPN,0.0328,1,True
2019-07-01,DEU,JPN,0.0552,2,False
2019-08-01,DEU,JPN,0.0536,2,False
2019-09-01,DEU,JPN,0.0392,2,True
2019-10-01,DEU,JPN,0.0454,1,True
2019-11-01,DEU,JPN,0.0918,4,False
2019-12-01,DEU,JPN,0.0625,4,False
2020-01-01,DEU,JPN,0.0412,2,True
2020-02-01,DEU,JPN,0.0502,2,False
2020-03-01,DEU,JPN,0.1555,2,False
2020-04-01,DEU,JPN,0.0756,4,False
2020-05-01,DEU,JPN,0.075,3,False
2020-06-01,DEU,JPN,0.0538,4,False
2020-07-01,DEU,JPN,0.0259,4,True
2020-08-01,DEU,JPN,0.0237,3,True
2020-09-01,DEU,JPN,0.0399,3,True
2020-10-01,DEU,JPN,0.0891,3,False
2020-11-01,DEU,JPN,0.1367,3,False
2020-12-01,DEU,JPN,0.2053,3,False
2021-01-01,DEU,JPN,0.2028,3,False
2021-02-01,DEU,JPN,0.3366,3,False
2021-03-01,DEU,JPN,0.3374,1,False
2021-04-01,DEU,JPN,0.2509,1,False
2021-05-01,DEU,JPN,0.1839,1,False
2021-06-01,DEU,JPN,0.1224,1,False
2021-07-01,DEU,JPN,0.0803,1,False
2021-08-01,DEU,JPN,0.1258,1,False
2021-09-01,DEU,JPN,0.0439,1,True
2021-10-01,DEU,JPN,0.0369,1,True
2021-11-01,DEU,JPN,0.0363,1,True
2021-12-01,DEU,JPN,0.1455,1,False
2022-01-01,DEU,JPN,0.3172,2,False
2022-02-01,DEU,JPN,0.066,2,False
2022-03-01,DEU,JPN,0.003,2,True
2022-04-01,DEU,JPN,0.0004,1,True
2022-05-01,DEU,JPN,0.0007,1,True
2022-06-01,DEU,JPN,0.0009,2,True
2022-07-01,DEU,JPN,0.0,2,True
2022-08-01,DEU,JPN,0.0,2,True
2022-09-01,DEU,JPN,0.0,2,True
2022-10-01,DEU,JPN,0.0,2,True
2022-11-01,DEU,JPN,0.0,2,True
2022-12-01,DEU,JPN,0.0,2,True
2023-01-01,DEU,JPN,0.0,2,True
2023-02-01,DEU,JPN,0.0,2,True
2023-03-01,DEU,JPN,0.0,2,True
2023-04-01,DEU,JPN,0.0,2,True
2023-05-01,DEU,JPN,0.0,2,True
2023-06-01,DEU,JPN,0.0002,1,True
2023-07-01,DEU,JPN,0.0097,1,True
2023-08-01,DEU,JPN,0.0794,1,False
2023-09-01,DEU,JPN,0.0938,1,False
2023-10-01,DEU,JPN,0.0288,1,True
2023-11-01,DEU,JPN,0.0532,1,False
2023-12-01,DEU,JPN,0.0939,1,False
2024-01-01,DEU,JPN,0.1638,1,False
2024-02-01,DEU,JPN,0.0802,1,False
2024-03-01,DEU,JPN,0.0962,1,False
2024-04-01,DEU,JPN,0.1698,1,False
2024-05-01,DEU,JPN,0.3064,1,False
2024-06-01,DEU,JPN,0.3642,1,False
2024-07-01,DEU,JPN,0.4141,1,False
2024-08-01,DEU,JPN,0.4235,1,False
2024-09-01,DEU,JPN,0.3787,1,False
2024-10-01,DEU,JPN,0.2699,4,False
2024-11-01,DEU,JPN,0.3349,1,False
2024-12-01,DEU,JPN,0.4708,4,False
2025-01-01,DEU,JPN,0.1551,4,False
2025-02-01,DEU,JPN,0.2711,3,False
2025-03-01,DEU,JPN,0.3473,4,False
2025-04-01,DEU,JPN,0.2508,3,False
2025-05-01,DEU,JPN,0.4433,3,False
2025-06-01,DEU,JPN,0.5017,3,False
2025-07-01,DEU,JPN,0.4744,3,False
2025-08-01,DEU,JPN,0.5481,3,False
2025-09-01,DEU,JPN,0.1523,3,False
2025-10-01,DEU,JPN,0.1716,3,False
2025-11-01,DEU,JPN,0.1082,3,False
2025-12-01,DEU,JPN,0.154,3,False
2026-01-01,DEU,JPN,0.1324,4,False
2026-02-01,DEU,JPN,0.0553,3,False
2026-03-01,DEU,JPN,0.0456,3,True
2015-01-01,FRA,IND,0.2981,1,False
2015-02-01,FRA,IND,0.1934,1,False
2015-03-01,FRA,IND,0.1867,1,False
2015-04-01,FRA,IND,0.1884,1,False
2015-05-01,FRA,IND,0.3153,1,False
2015-06-01,FRA,IND,0.2386,3,False
2015-07-01,FRA,IND,0.2117,2,False
2015-08-01,FRA,IND,0.18,1,False
2015-09-01,FRA,IND,0.2628,1,False
2015-10-01,FRA,IND,0.2632,4,False
2015-11-01,FRA,IND,0.194,3,False
2015-12-01,FRA,IND,0.0933,2,False
2016-01-01,FRA,IND,0.1339,1,False
2016-02-01,FRA,IND,0.4834,1,False
2016-03-01,FRA,IND,0.6478,1,False
2016-04-01,FRA,IND,0.8978,4,False
2016-05-01,FRA,IND,0.8163,1,False
2016-06-01,FRA,IND,0.7088,1,False
2016-07-01,FRA,IND,0.5677,4,False
2016-08-01,FRA,IND,0.3599,3,False
2016-09-01,FRA,IND,0.2773,2,False
2016-10-01,FRA,IND,0.2098,2,False
2016-11-01,FRA,IND,0.2015,2,False
2016-12-01,FRA,IND,0.2056,2,False
2017-01-01,FRA,IND,0.2869,2,False
2017-02-01,FRA,IND,0.2481,3,False
2017-03-01,FRA,IND,0.1962,4,False
2017-04-01,FRA,IND,0.1556,3,False
2017-05-01,FRA,IND,0.0711,2,False
2017-06-01,FRA,IND,0.0464,2,True
2017-07-01,FRA,IND,0.0661,2,False
2017-08-01,FRA,IND,0.0368,4,True
2017-09-01,FRA,IND,0.0489,3,True
2017-10-01,FRA,IND,0.0337,3,True
2017-11-01,FRA,IND,0.0345,3,True
2017-12-01,FRA,IND,0.0337,3,True
2018-01-01,FRA,IND,0.0298,3,True
2018-02-01,FRA,IND,0.0192,3,True
2018-03-01,FRA,IND,0.01,3,True
2018-04-01,FRA,IND,0.0061,3,True
2018-05-01,FRA,IND,0.005,3,True
2018-06-01,FRA,IND,0.008,3,True
2018-07-01,FRA,IND,0.0143,3,True
2018-08-01,FRA,IND,0.0347,3,True
2018-09-01,FRA,IND,0.0464,3,True
2018-10-01,FRA,IND,0.1114,1,False
2018-11-01,FRA,IND,0.1489,4,False
2018-12-01,FRA,IND,0.0871,3,False
2019-01-01,FRA,IND,0.1469,4,False
2019-02-01,FRA,IND,0.2228,4,False
2019-03-01,FRA,IND,0.2101,3,False
2019-04-01,FRA,IND,0.4366,4,False
2019-05-01,FRA,IND,0.082,4,False
2019-06-01,FRA,IND,0.1278,3,False
2019-07-01,FRA,IND,0.0187,4,True
2019-08-01,FRA,IND,0.0188,4,True
2019-09-01,FRA,IND,0.0113,4,True
2019-10-01,FRA,IND,0.0107,4,True
2019-11-01,FRA,IND,0.045,4,True
2019-12-01,FRA,IND,0.0371,4,True
2020-01-01,FRA,IND,0.0395,1,True
2020-02-01,FRA,IND,0.0835,1,False
2020-03-01,FRA,IND,0.2609,4,False
2020-04-01,FRA,IND,0.2675,4,False
2020-05-01,FRA,IND,0.2659,4,False
2020-06-01,FRA,IND,0.505,4,False
2020-07-01,FRA,IND,0.6159,4,False
2020-08-01,FRA,IND,0.6208,1,False
2020-09-01,FRA,IND,0.6535,4,False
2020-10-01,FRA,IND,0.6555,1,False
2020-11-01,FRA,IND,0.4848,1,False
2020-12-01,FRA,IND,0.4808,1,False
2021-01-01,FRA,IND,0.2334,1,False
2021-02-01,FRA,IND,0.4357,1,False
2021-03-01,FRA,IND,0.3817,1,False
2021-04-01,FRA,IND,0.4696,1,False
2021-05-01,FRA,IND,0.3171,1,False
2021-06-01,FRA,IND,0.2523,1,False
2021-07-01,FRA,IND,0.2083,1,False
2021-08-01,FRA,IND,0.1433,1,False
2021-09-01,FRA,IND,0.1067,1,False
2021-10-01,FRA,IND,0.1136,1,False
2021-11-01,FRA,IND,0.2122,1,False
2021-12-01,FRA,IND,0.2723,1,False
2022-01-01,FRA,IND,0.3586,1,False
2022-02-01,FRA,IND,0.6958,1,False
2022-03-01,FRA,IND,0.8281,1,False
2022-04-01,FRA,IND,0.8876,3,False
2022-05-01,FRA,IND,0.7888,1,False
2022-06-01,FRA,IND,0.5492,1,False
2022-07-01,FRA,IND,0.4995,1,False
2022-08-01,FRA,IND,0.3498,3,False
2022-09-01,FRA,IND,0.0921,2,False
2022-10-01,FRA,IND,0.0944,2,False
2022-11-01,FRA,IND,0.0894,2,False
2022-12-01,FRA,IND,0.0346,1,True
2023-01-01,FRA,IND,0.0645,1,False
2023-02-01,FRA,IND,0.3222,4,False
2023-03-01,FRA,IND,0.2846,1,False
2023-04-01,FRA,IND,0.2859,1,False
2023-05-01,FRA,IND,0.1197,4,False
2023-06-01,FRA,IND,0.1034,4,False
2023-07-01,FRA,IND,0.2036,4,False
2023-08-01,FRA,IND,0.2709,4,False
2023-09-01,FRA,IND,0.2378,4,False
2023-10-01,FRA,IND,0.3905,4,False
2023-11-01,FRA,IND,0.2968,4,False
2023-12-01,FRA,IND,0.5358,1,False
2024-01-01,FRA,IND,0.5981,1,False
2024-02-01,FRA,IND,0.4491,4,False
2024-03-01,FRA,IND,0.2348,1,False
2024-04-01,FRA,IND,0.0368,2,True
2024-05-01,FRA,IND,0.0064,1,True
2024-06-01,FRA,IND,0.0099,1,True
2024-07-01,FRA,IND,0.0023,1,True
2024-08-01,FRA,IND,0.0006,1,True
2024-09-01,FRA,IND,0.0002,1,True
2024-10-01,FRA,IND,0.0002,1,True
2024-11-01,FRA,IND,0.0006,1,True
2024-12-01,FRA,IND,0.0003,1,True
2025-01-01,FRA,IND,0.0034,1,True
2025-02-01,FRA,IND,0.0146,2,True
2025-03-01,FRA,IND,0.0063,1,True
2025-04-01,FRA,IND,0.2384,1,False
2025-05-01,FRA,IND,0.3641,2,False
2025-06-01,FRA,IND,0.2891,2,False
2025-07-01,FRA,IND,0.1791,2,False
2025-08-01,FRA,IND,0.0518,2,False
2025-09-01,FRA,IND,0.0621,3,False
2025-10-01,FRA,IND,0.0631,3,False
2025-11-01,FRA,IND,0.0907,2,False
2025-12-01,FRA,IND,0.1109,3,False
2026-01-01,FRA,IND,0.1104,2,False
2026-02-01,FRA,IND,0.0783,4,False
2026-03-01,FRA,IND,0.0681,3,False
2015-01-01,FRA,CHN,0.011,1,True
2015-02-01,FRA,CHN,0.0322,1,True
2015-03-01,FRA,CHN,0.048,1,True
2015-04-01,FRA,CHN,0.2279,4,False
2015-05-01,FRA,CHN,0.2201,3,False
2015-06-01,FRA,CHN,0.1884,2,False
2015-07-01,FRA,CHN,0.174,3,False
2015-08-01,FRA,CHN,0.1388,2,False
2015-09-01,FRA,CHN,0.1941,3,False
2015-10-01,FRA,CHN,0.1308,2,False
2015-11-01,FRA,CHN,0.0818,3,False
2015-12-01,FRA,CHN,0.0401,2,True
2016-01-01,FRA,CHN,0.0485,1,True
2016-02-01,FRA,CHN,0.4258,1,False
2016-03-01,FRA,CHN,0.3251,2,False
2016-04-01,FRA,CHN,0.1607,1,False
2016-05-01,FRA,CHN,0.1903,1,False
2016-06-01,FRA,CHN,0.1718,1,False
2016-07-01,FRA,CHN,0.1702,1,False
2016-08-01,FRA,CHN,0.2308,3,False
2016-09-01,FRA,CHN,0.1897,3,False
2016-10-01,FRA,CHN,0.1957,3,False
2016-11-01,FRA,CHN,0.218,3,False
2016-12-01,FRA,CHN,0.1537,3,False
2017-01-01,FRA,CHN,0.1749,3,False
2017-02-01,FRA,CHN,0.1124,3,False
2017-03-01,FRA,CHN,0.0917,3,False
2017-04-01,FRA,CHN,0.2117,3,False
2017-05-01,FRA,CHN,0.1698,3,False
2017-06-01,FRA,CHN,0.3069,4,False
2017-07-01,FRA,CHN,0.1408,3,False
2017-08-01,FRA,CHN,0.1943,3,False
2017-09-01,FRA,CHN,0.3605,3,False
2017-10-01,FRA,CHN,0.78,3,False
2017-11-01,FRA,CHN,0.9146,4,False
2017-12-01,FRA,CHN,0.9031,4,False
2018-01-01,FRA,CHN,0.8823,4,False
2018-02-01,FRA,CHN,0.7607,1,False
2018-03-01,FRA,CHN,0.4435,1,False
2018-04-01,FRA,CHN,0.6051,1,False
2018-05-01,FRA,CHN,0.7636,4,False
2018-06-01,FRA,CHN,0.6049,1,False
2018-07-01,FRA,CHN,0.5747,1,False
2018-08-01,FRA,CHN,0.4621,1,False
2018-09-01,FRA,CHN,0.3924,1,False
2018-10-01,FRA,CHN,0.1009,1,False
2018-11-01,FRA,CHN,0.0872,1,False
2018-12-01,FRA,CHN,0.0745,1,False
2019-01-01,FRA,CHN,0.0854,1,False
2019-02-01,FRA,CHN,0.0294,1,True
2019-03-01,FRA,CHN,0.0229,1,True
2019-04-01,FRA,CHN,0.0188,1,True
2019-05-01,FRA,CHN,0.0144,1,True
2019-06-01,FRA,CHN,0.0147,2,True
2019-07-01,FRA,CHN,0.0022,1,True
2019-08-01,FRA,CHN,0.0014,1,True
2019-09-01,FRA,CHN,0.0011,1,True
2019-10-01,FRA,CHN,0.0016,1,True
2019-11-01,FRA,CHN,0.002,1,True
2019-12-01,FRA,CHN,0.0016,1,True
2020-01-01,FRA,CHN,0.0015,1,True
2020-02-01,FRA,CHN,0.0014,2,True
2020-03-01,FRA,CHN,0.0003,2,True
2020-04-01,FRA,CHN,0.0002,2,True
2020-05-01,FRA,CHN,0.0002,1,True
2020-06-01,FRA,CHN,0.0003,3,True
2020-07-01,FRA,CHN,0.0,2,True
2020-08-01,FRA,CHN,0.0,2,True
2020-09-01,FRA,CHN,0.0131,2,True
2020-10-01,FRA,CHN,0.1119,1,False
2020-11-01,FRA,CHN,0.2429,4,False
2020-12-01,FRA,CHN,0.3637,4,False
2021-01-01,FRA,CHN,0.2946,4,False
2021-02-01,FRA,CHN,0.2831,3,False
2021-03-01,FRA,CHN,0.1714,3,False
2021-04-01,FRA,CHN,0.0612,1,False
2021-05-01,FRA,CHN,0.0539,1,False
2021-06-01,FRA,CHN,0.0476,1,True
2021-07-01,FRA,CHN,0.1321,2,False
2021-08-01,FRA,CHN,0.195,1,False
2021-09-01,FRA,CHN,0.2095,2,False
2021-10-01,FRA,CHN,0.3176,2,False
2021-11-01,FRA,CHN,0.2045,2,False
2021-12-01,FRA,CHN,0.1661,2,False
2022-01-01,FRA,CHN,0.1528,2,False
2022-02-01,FRA,CHN,0.106,2,False
2022-03-01,FRA,CHN,0.0547,2,False
2022-04-01,FRA,CHN,0.0417,2,True
2022-05-01,FRA,CHN,0.109,2,False
2022-06-01,FRA,CHN,0.158,2,False
2022-07-01,FRA,CHN,0.1734,2,False
2022-08-01,FRA,CHN,0.1701,2,False
2022-09-01,FRA,CHN,0.1724,2,False
2022-10-01,FRA,CHN,0.1644,2,False
2022-11-01,FRA,CHN,0.3323,2,False
2022-12-01,FRA,CHN,0.393,2,False
2023-01-01,FRA,CHN,0.3222,2,False
2023-02-01,FRA,CHN,0.3435,2,False
2023-03-01,FRA,CHN,0.3526,2,False
2023-04-01,FRA,CHN,0.4107,3,False
2023-05-01,FRA,CHN,0.2955,2,False
2023-06-01,FRA,CHN,0.2554,2,False
2023-07-01,FRA,CHN,0.5088,2,False
2023-08-01,FRA,CHN,0.4125,2,False
2023-09-01,FRA,CHN,0.5557,2,False
2023-10-01,FRA,CHN,0.5693,2,False
2023-11-01,FRA,CHN,0.3869,4,False
2023-12-01,FRA,CHN,0.277,4,False
2024-01-01,FRA,CHN,0.3859,4,False
2024-02-01,FRA,CHN,0.5147,4,False
2024-03-01,FRA,CHN,0.4871,4,False
2024-04-01,FRA,CHN,0.384,4,False
2024-05-01,FRA,CHN,0.2601,4,False
2024-06-01,FRA,CHN,0.1733,1,False
2024-07-01,FRA,CHN,0.0552,3,False
2024-08-01,FRA,CHN,0.0489,1,True
2024-09-01,FRA,CHN,0.0139,1,True
2024-10-01,FRA,CHN,0.0214,1,True
2024-11-01,FRA,CHN,0.0085,1,True
2024-12-01,FRA,CHN,0.0042,1,True
2025-01-01,FRA,CHN,0.0813,1,False
2025-02-01,FRA,CHN,0.2405,2,False
2025-03-01,FRA,CHN,0.2525,4,False
2025-04-01,FRA,CHN,0.3198,4,False
2025-05-01,FRA,CHN,0.4901,4,False
2025-06-01,FRA,CHN,0.6882,4,False
2025-07-01,FRA,CHN,0.6469,4,False
2025-08-01,FRA,CHN,0.668,1,False
2025-09-01,FRA,CHN,0.5586,3,False
2025-10-01,FRA,CHN,0.5365,4,False
2025-11-01,FRA,CHN,0.578,4,False
2025-12-01,FRA,CHN,0.6234,4,False
2026-01-01,FRA,CHN,0.5485,1,False
2026-02-01,FRA,CHN,0.6371,4,False
2026-03-01,FRA,CHN,0.6066,4,False
2015-01-01,FRA,VNM,0.0908,1,False
2015-02-01,FRA,VNM,0.101,1,False
2015-03-01,FRA,VNM,0.1628,1,False
2015-04-01,FRA,VNM,0.2364,1,False
2015-05-01,FRA,VNM,0.6175,1,False
2015-06-01,FRA,VNM,0.6359,2,False
2015-07-01,FRA,VNM,0.6433,3,False
2015-08-01,FRA,VNM,0.5827,2,False
2015-09-01,FRA,VNM,0.2133,4,False
2015-10-01,FRA,VNM,0.2525,3,False
2015-11-01,FRA,VNM,0.1998,1,False
2015-12-01,FRA,VNM,0.031,1,True
2016-01-01,FRA,VNM,0.0655,1,False
2016-02-01,FRA,VNM,0.0754,1,False
2016-03-01,FRA,VNM,0.0354,1,True
2016-04-01,FRA,VNM,0.0386,1,True
2016-05-01,FRA,VNM,0.0571,1,False
2016-06-01,FRA,VNM,0.0644,1,False
2016-07-01,FRA,VNM,0.0557,1,False
2016-08-01,FRA,VNM,0.1552,1,False
2016-09-01,FRA,VNM,0.2813,1,False
2016-10-01,FRA,VNM,0.2622,1,False
2016-11-01,FRA,VNM,0.2868,1,False
2016-12-01,FRA,VNM,0.4408,1,False
2017-01-01,FRA,VNM,0.2796,1,False
2017-02-01,FRA,VNM,0.2177,1,False
2017-03-01,FRA,VNM,0.0961,1,False
2017-04-01,FRA,VNM,0.3386,1,False
2017-05-01,FRA,VNM,0.4396,1,False
2017-06-01,FRA,VNM,0.4671,1,False
2017-07-01,FRA,VNM,0.4516,1,False
2017-08-01,FRA,VNM,0.326,1,False
2017-09-01,FRA,VNM,0.3975,1,False
2017-10-01,FRA,VNM,0.5744,1,False
2017-11-01,FRA,VNM,0.3428,4,False
2017-12-01,FRA,VNM,0.36,4,False
2018-01-01,FRA,VNM,0.2088,4,False
2018-02-01,FRA,VNM,0.2268,4,False
2018-03-01,FRA,VNM,0.1724,4,False
2018-04-01,FRA,VNM,0.1695,4,False
2018-05-01,FRA,VNM,0.1649,4,False
2018-06-01,FRA,VNM,0.1863,4,False
2018-07-01,FRA,VNM,0.1251,4,False
2018-08-01,FRA,VNM,0.1973,4,False
2018-09-01,FRA,VNM,0.1101,4,False
2018-10-01,FRA,VNM,0.0938,4,False
2018-11-01,FRA,VNM,0.0611,4,False
2018-12-01,FRA,VNM,0.0511,4,False
2019-01-01,FRA,VNM,0.0675,4,False
2019-02-01,FRA,VNM,0.0851,4,False
2019-03-01,FRA,VNM,0.1578,4,False
2019-04-01,FRA,VNM,0.1782,4,False
2019-05-01,FRA,VNM,0.1838,4,False
2019-06-01,FRA,VNM,0.2434,4,False
2019-07-01,FRA,VNM,0.2131,4,False
2019-08-01,FRA,VNM,0.3339,4,False
2019-09-01,FRA,VNM,0.4945,1,False
2019-10-01,FRA,VNM,0.503,4,False
2019-11-01,FRA,VNM,0.3771,1,False
2019-12-01,FRA,VNM,0.4786,1,False
2020-01-01,FRA,VNM,0.528,1,False
2020-02-01,FRA,VNM,0.6013,3,False
2020-03-01,FRA,VNM,0.4326,1,False
2020-04-01,FRA,VNM,0.3224,1,False
2020-05-01,FRA,VNM,0.3167,1,False
2020-06-01,FRA,VNM,0.2358,2,False
2020-07-01,FRA,VNM,0.2361,2,False
2020-08-01,FRA,VNM,0.3487,2,False
2020-09-01,FRA,VNM,0.3674,2,False
2020-10-01,FRA,VNM,0.3769,2,False
2020-11-01,FRA,VNM,0.3028,2,False
2020-12-01,FRA,VNM,0.3146,1,False
2021-01-01,FRA,VNM,0.1475,2,False
2021-02-01,FRA,VNM,0.0484,3,True
2021-03-01,FRA,VNM,0.0131,2,True
2021-04-01,FRA,VNM,0.0053,4,True
2021-05-01,FRA,VNM,0.0017,3,True
2021-06-01,FRA,VNM,0.0004,2,True
2021-07-01,FRA,VNM,0.0032,1,True
2021-08-01,FRA,VNM,0.001,1,True
2021-09-01,FRA,VNM,0.0026,1,True
2021-10-01,FRA,VNM,0.2362,1,False
2021-11-01,FRA,VNM,0.4521,2,False
2021-12-01,FRA,VNM,0.3697,4,False
2022-01-01,FRA,VNM,0.351,3,False
2022-02-01,FRA,VNM,0.5139,2,False
2022-03-01,FRA,VNM,0.2374,1,False
2022-04-01,FRA,VNM,0.1641,1,False
2022-05-01,FRA,VNM,0.1875,1,False
2022-06-01,FRA,VNM,0.081,1,False
2022-07-01,FRA,VNM,0.0903,1,False
2022-08-01,FRA,VNM,0.0475,1,True
2022-09-01,FRA,VNM,0.0511,1,False
2022-10-01,FRA,VNM,0.0176,1,True
2022-11-01,FRA,VNM,0.0213,1,True
2022-12-01,FRA,VNM,0.0286,1,True
2023-01-01,FRA,VNM,0.0659,1,False
2023-02-01,FRA,VNM,0.0471,1,True
2023-03-01,FRA,VNM,0.0243,1,True
2023-04-01,FRA,VNM,0.0023,1,True
2023-05-01,FRA,VNM,0.0031,1,True
2023-06-01,FRA,VNM,0.0064,1,True
2023-07-01,FRA,VNM,0.0313,1,True
2023-08-01,FRA,VNM,0.0241,1,True
2023-09-01,FRA,VNM,0.0133,1,True
2023-10-01,FRA,VNM,0.0896,1,False
2023-11-01,FRA,VNM,0.2279,1,False
2023-12-01,FRA,VNM,0.1953,3,False
2024-01-01,FRA,VNM,0.0589,2,False
2024-02-01,FRA,VNM,0.0351,3,True
2024-03-01,FRA,VNM,0.0166,2,True
2024-04-01,FRA,VNM,0.006,4,True
2024-05-01,FRA,VNM,0.0071,4,True
2024-06-01,FRA,VNM,0.007,3,True
2024-07-01,FRA,VNM,0.0337,2,True
2024-08-01,FRA,VNM,0.2776,1,False
2024-09-01,FRA,VNM,0.3491,2,False
2024-10-01,FRA,VNM,0.2953,4,False
2024-11-01,FRA,VNM,0.263,3,False
2024-12-01,FRA,VNM,0.3424,3,False
2025-01-01,FRA,VNM,0.389,3,False
2025-02-01,FRA,VNM,0.4178,3,False
2025-03-01,FRA,VNM,0.1905,3,False
2025-04-01,FRA,VNM,0.1418,3,False
2025-05-01,FRA,VNM,0.1352,3,False
2025-06-01,FRA,VNM,0.1758,3,False
2025-07-01,FRA,VNM,0.1121,3,False
2025-08-01,FRA,VNM,0.1134,3,False
2025-09-01,FRA,VNM,0.0996,3,False
2025-10-01,FRA,VNM,0.102,1,False
2025-11-01,FRA,VNM,0.116,1,False
2025-12-01,FRA,VNM,0.1133,1,False
2026-01-01,FRA,VNM,0.1135,1,False
2026-02-01,FRA,VNM,0.1536,1,False
2026-03-01,FRA,VNM,0.1918,1,False
2015-01-01,FRA,IDN,0.2381,1,False
2015-02-01,FRA,IDN,0.2771,1,False
2015-03-01,FRA,IDN,0.2886,1,False
2015-04-01,FRA,IDN,0.4137,1,False
2015-05-01,FRA,IDN,0.3896,1,False
2015-06-01,FRA,IDN,0.4594,4,False
2015-07-01,FRA,IDN,0.3739,3,False
2015-08-01,FRA,IDN,0.4121,2,False
2015-09-01,FRA,IDN,0.4544,3,False
2015-10-01,FRA,IDN,0.1382,4,False
2015-11-01,FRA,IDN,0.0689,4,False
2015-12-01,FRA,IDN,0.0338,4,True
2016-01-01,FRA,IDN,0.0613,4,False
2016-02-01,FRA,IDN,0.3431,1,False
2016-03-01,FRA,IDN,0.1783,1,False
2016-04-01,FRA,IDN,0.0697,1,False
2016-05-01,FRA,IDN,0.036,1,True
2016-06-01,FRA,IDN,0.021,1,True
2016-07-01,FRA,IDN,0.0385,1,True
2016-08-01,FRA,IDN,0.0316,1,True
2016-09-01,FRA,IDN,0.0278,1,True
2016-10-01,FRA,IDN,0.0217,1,True
2016-11-01,FRA,IDN,0.019,1,True
2016-12-01,FRA,IDN,0.0185,1,True
2017-01-01,FRA,IDN,0.0164,1,True
2017-02-01,FRA,IDN,0.0287,1,True
2017-03-01,FRA,IDN,0.0231,1,True
2017-04-01,FRA,IDN,0.0139,1,True
2017-05-01,FRA,IDN,0.0286,1,True
2017-06-01,FRA,IDN,0.0282,1,True
2017-07-01,FRA,IDN,0.0322,1,True
2017-08-01,FRA,IDN,0.0234,1,True
2017-09-01,FRA,IDN,0.0244,1,True
2017-10-01,FRA,IDN,0.0255,1,True
2017-11-01,FRA,IDN,0.0316,1,True
2017-12-01,FRA,IDN,0.0495,1,True
2018-01-01,FRA,IDN,0.0453,1,True
2018-02-01,FRA,IDN,0.0273,1,True
2018-03-01,FRA,IDN,0.0393,1,True
2018-04-01,FRA,IDN,0.027,1,True
2018-05-01,FRA,IDN,0.0293,1,True
2018-06-01,FRA,IDN,0.0229,1,True
2018-07-01,FRA,IDN,0.028,1,True
2018-08-01,FRA,IDN,0.029,1,True
2018-09-01,FRA,IDN,0.0639,1,False
2018-10-01,FRA,IDN,0.1012,1,False
2018-11-01,FRA,IDN,0.0371,1,True
2018-12-01,FRA,IDN,0.0286,1,True
2019-01-01,FRA,IDN,0.0588,1,False
2019-02-01,FRA,IDN,0.163,1,False
2019-03-01,FRA,IDN,0.4545,1,False
2019-04-01,FRA,IDN,0.4935,4,False
2019-05-01,FRA,IDN,0.3845,3,False
2019-06-01,FRA,IDN,0.148,4,False
2019-07-01,FRA,IDN,0.1023,4,False
2019-08-01,FRA,IDN,0.4251,3,False
2019-09-01,FRA,IDN,0.5012,3,False
2019-10-01,FRA,IDN,0.4012,3,False
2019-11-01,FRA,IDN,0.3668,3,False
2019-12-01,FRA,IDN,0.2031,3,False
2020-01-01,FRA,IDN,0.2006,3,False
2020-02-01,FRA,IDN,0.2609,3,False
2020-03-01,FRA,IDN,0.2594,3,False
2020-04-01,FRA,IDN,0.539,3,False
2020-05-01,FRA,IDN,0.5615,3,False
2020-06-01,FRA,IDN,0.6246,3,False
2020-07-01,FRA,IDN,0.6138,3,False
2020-08-01,FRA,IDN,0.5686,1,False
2020-09-01,FRA,IDN,0.7023,3,False
2020-10-01,FRA,IDN,0.6355,3,False
2020-11-01,FRA,IDN,0.7862,3,False
2020-12-01,FRA,IDN,0.6214,1,False
2021-01-01,FRA,IDN,0.8406,3,False
2021-02-01,FRA,IDN,0.7117,1,False
2021-03-01,FRA,IDN,0.7876,3,False
2021-04-01,FRA,IDN,0.8516,3,False
2021-05-01,FRA,IDN,0.8898,1,False
2021-06-01,FRA,IDN,0.7699,3,False
2021-07-01,FRA,IDN,0.8552,1,False
2021-08-01,FRA,IDN,0.7799,4,False
2021-09-01,FRA,IDN,0.7247,4,False
2021-10-01,FRA,IDN,0.5754,2,False
2021-11-01,FRA,IDN,0.5447,2,False
2021-12-01,FRA,IDN,0.3814,4,False
2022-01-01,FRA,IDN,0.3426,3,False
2022-02-01,FRA,IDN,0.1287,2,False
2022-03-01,FRA,IDN,0.0815,1,False
2022-04-01,FRA,IDN,0.0116,1,True
2022-05-01,FRA,IDN,0.0033,1,True
2022-06-01,FRA,IDN,0.0032,1,True
2022-07-01,FRA,IDN,0.0039,1,True
2022-08-01,FRA,IDN,0.005,1,True
2022-09-01,FRA,IDN,0.0101,1,True
2022-10-01,FRA,IDN,0.017,1,True
2022-11-01,FRA,IDN,0.0085,1,True
2022-12-01,FRA,IDN,0.0099,1,True
2023-01-01,FRA,IDN,0.0184,1,True
2023-02-01,FRA,IDN,0.0105,1,True
2023-03-01,FRA,IDN,0.0082,1,True
2023-04-01,FRA,IDN,0.0191,1,True
2023-05-01,FRA,IDN,0.0177,1,True
2023-06-01,FRA,IDN,0.0149,1,True
2023-07-01,FRA,IDN,0.0207,1,True
2023-08-01,FRA,IDN,0.0425,1,True
2023-09-01,FRA,IDN,0.0252,1,True
2023-10-01,FRA,IDN,0.0503,1,False
2023-11-01,FRA,IDN,0.025,1,True
2023-12-01,FRA,IDN,0.0195,1,True
2024-01-01,FRA,IDN,0.0372,1,True
2024-02-01,FRA,IDN,0.0421,1,True
2024-03-01,FRA,IDN,0.0446,3,True
2024-04-01,FRA,IDN,0.0446,3,True
2024-05-01,FRA,IDN,0.0378,2,True
2024-06-01,FRA,IDN,0.032,3,True
2024-07-01,FRA,IDN,0.0308,3,True
2024-08-01,FRA,IDN,0.0219,3,True
2024-09-01,FRA,IDN,0.0348,3,True
2024-10-01,FRA,IDN,0.0083,4,True
2024-11-01,FRA,IDN,0.0026,3,True
2024-12-01,FRA,IDN,0.092,3,False
2025-01-01,FRA,IDN,0.0591,2,False
2025-02-01,FRA,IDN,0.0599,4,False
2025-03-01,FRA,IDN,0.0315,4,True
2025-04-01,FRA,IDN,0.0222,4,True
2025-05-01,FRA,IDN,0.022,4,True
2025-06-01,FRA,IDN,0.015,4,True
2025-07-01,FRA,IDN,0.0158,4,True
2025-08-01,FRA,IDN,0.0173,2,True
2025-09-01,FRA,IDN,0.003,1,True
2025-10-01,FRA,IDN,0.0028,1,True
2025-11-01,FRA,IDN,0.0059,1,True
2025-12-01,FRA,IDN,0.0096,1,True
2026-01-01,FRA,IDN,0.0109,1,True
2026-02-01,FRA,IDN,0.0111,1,True
2026-03-01,FRA,IDN,0.0114,1,True
2015-01-01,FRA,THA,0.1349,1,False
2015-02-01,FRA,THA,0.0254,1,True
2015-03-01,FRA,THA,0.0369,2,True
2015-04-01,FRA,THA,0.0278,3,True
2015-05-01,FRA,THA,0.0608,2,False
2015-06-01,FRA,THA,0.0956,1,False
2015-07-01,FRA,THA,0.1207,2,False
2015-08-01,FRA,THA,0.1996,1,False
2015-09-01,FRA,THA,0.1126,1,False
2015-10-01,FRA,THA,0.1735,1,False
2015-11-01,FRA,THA,0.1766,2,False
2015-12-01,FRA,THA,0.2175,1,False
2016-01-01,FRA,THA,0.1893,1,False
2016-02-01,FRA,THA,0.0902,4,False
2016-03-01,FRA,THA,0.2031,4,False
2016-04-01,FRA,THA,0.3525,4,False
2016-05-01,FRA,THA,0.363,4,False
2016-06-01,FRA,THA,0.3737,4,False
2016-07-01,FRA,THA,0.2418,4,False
2016-08-01,FRA,THA,0.2483,4,False
2016-09-01,FRA,THA,0.2199,4,False
2016-10-01,FRA,THA,0.2342,4,False
2016-11-01,FRA,THA,0.2538,4,False
2016-12-01,FRA,THA,0.2763,4,False
2017-01-01,FRA,THA,0.3005,4,False
2017-02-01,FRA,THA,0.4143,2,False
2017-03-01,FRA,THA,0.454,2,False
2017-04-01,FRA,THA,0.4211,4,False
2017-05-01,FRA,THA,0.4731,4,False
2017-06-01,FRA,THA,0.3531,4,False
2017-07-01,FRA,THA,0.3443,3,False
2017-08-01,FRA,THA,0.2842,3,False
2017-09-01,FRA,THA,0.4764,1,False
2017-10-01,FRA,THA,0.5258,1,False
2017-11-01,FRA,THA,0.6177,4,False
2017-12-01,FRA,THA,0.6411,4,False
2018-01-01,FRA,THA,0.5991,4,False
2018-02-01,FRA,THA,0.6113,2,False
2018-03-01,FRA,THA,0.6232,2,False
2018-04-01,FRA,THA,0.8697,1,False
2018-05-01,FRA,THA,0.8706,4,False
2018-06-01,FRA,THA,0.7535,1,False
2018-07-01,FRA,THA,0.845,4,False
2018-08-01,FRA,THA,0.475,4,False
2018-09-01,FRA,THA,0.7107,4,False
2018-10-01,FRA,THA,0.6621,4,False
2018-11-01,FRA,THA,0.7295,4,False
2018-12-01,FRA,THA,0.3847,1,False
2019-01-01,FRA,THA,0.1174,1,False
2019-02-01,FRA,THA,0.3828,1,False
2019-03-01,FRA,THA,0.6138,4,False
2019-04-01,FRA,THA,0.5628,4,False
2019-05-01,FRA,THA,0.4199,4,False
2019-06-01,FRA,THA,0.4043,4,False
2019-07-01,FRA,THA,0.4157,4,False
2019-08-01,FRA,THA,0.5367,3,False
2019-09-01,FRA,THA,0.4309,4,False
2019-10-01,FRA,THA,0.4469,4,False
2019-11-01,FRA,THA,0.4455,4,False
2019-12-01,FRA,THA,0.4932,4,False
2020-01-01,FRA,THA,0.6119,4,False
2020-02-01,FRA,THA,0.7181,4,False
2020-03-01,FRA,THA,0.5219,3,False
2020-04-01,FRA,THA,0.6044,3,False
2020-05-01,FRA,THA,0.6031,1,False
2020-06-01,FRA,THA,0.5983,3,False
2020-07-01,FRA,THA,0.4985,3,False
2020-08-01,FRA,THA,0.4023,3,False
2020-09-01,FRA,THA,0.3478,3,False
2020-10-01,FRA,THA,0.3911,3,False
2020-11-01,FRA,THA,0.324,1,False
2020-12-01,FRA,THA,0.395,1,False
2021-01-01,FRA,THA,0.4607,3,False
2021-02-01,FRA,THA,0.5346,3,False
2021-03-01,FRA,THA,0.4978,4,False
2021-04-01,FRA,THA,0.4117,4,False
2021-05-01,FRA,THA,0.2872,4,False
2021-06-01,FRA,THA,0.3056,4,False
2021-07-01,FRA,THA,0.4034,1,False
2021-08-01,FRA,THA,0.3059,1,False
2021-09-01,FRA,THA,0.3262,1,False
2021-10-01,FRA,THA,0.2908,1,False
2021-11-01,FRA,THA,0.277,1,False
2021-12-01,FRA,THA,0.2719,1,False
2022-01-01,FRA,THA,0.1815,4,False
2022-02-01,FRA,THA,0.4447,3,False
2022-03-01,FRA,THA,0.2182,2,False
2022-04-01,FRA,THA,0.2999,2,False
2022-05-01,FRA,THA,0.3778,2,False
2022-06-01,FRA,THA,0.4304,2,False
2022-07-01,FRA,THA,0.4354,2,False
2022-08-01,FRA,THA,0.4203,2,False
2022-09-01,FRA,THA,0.4287,2,False
2022-10-01,FRA,THA,0.4359,2,False
2022-11-01,FRA,THA,0.4347,2,False
2022-12-01,FRA,THA,0.4909,4,False
2023-01-01,FRA,THA,0.2685,2,False
2023-02-01,FRA,THA,0.3134,1,False
2023-03-01,FRA,THA,0.3549,2,False
2023-04-01,FRA,THA,0.3771,2,False
2023-05-01,FRA,THA,0.3565,2,False
2023-06-01,FRA,THA,0.7226,1,False
2023-07-01,FRA,THA,0.3129,1,False
2023-08-01,FRA,THA,0.1529,1,False
2023-09-01,FRA,THA,0.1196,1,False
2023-10-01,FRA,THA,0.1736,1,False
2023-11-01,FRA,THA,0.136,1,False
2023-12-01,FRA,THA,0.0957,1,False
2024-01-01,FRA,THA,0.1013,1,False
2024-02-01,FRA,THA,0.0475,1,True
2024-03-01,FRA,THA,0.0363,1,True
2024-04-01,FRA,THA,0.0342,1,True
2024-05-01,FRA,THA,0.0208,1,True
2024-06-01,FRA,THA,0.0109,1,True
2024-07-01,FRA,THA,0.0075,1,True
2024-08-01,FRA,THA,0.0062,1,True
2024-09-01,FRA,THA,0.0058,1,True
2024-10-01,FRA,THA,0.0064,1,True
2024-11-01,FRA,THA,0.0016,1,True
2024-12-01,FRA,THA,0.0002,1,True
2025-01-01,FRA,THA,0.0006,1,True
2025-02-01,FRA,THA,0.0024,1,True
2025-03-01,FRA,THA,0.0358,1,True
2025-04-01,FRA,THA,0.102,1,False
2025-05-01,FRA,THA,0.1076,1,False
2025-06-01,FRA,THA,0.1715,1,False
2025-07-01,FRA,THA,0.2088,1,False
2025-08-01,FRA,THA,0.1678,1,False
2025-09-01,FRA,THA,0.2061,1,False
2025-10-01,FRA,THA,0.2794,1,False
2025-11-01,FRA,THA,0.3736,1,False
2025-12-01,FRA,THA,0.7182,3,False
2026-01-01,FRA,THA,0.653,4,False
2026-02-01,FRA,THA,0.5972,3,False
2026-03-01,FRA,THA,0.5486,3,False
2015-01-01,FRA,BRA,0.1033,1,False
2015-02-01,FRA,BRA,0.0365,1,True
2015-03-01,FRA,BRA,0.2434,1,False
2015-04-01,FRA,BRA,0.371,1,False
2015-05-01,FRA,BRA,0.6697,1,False
2015-06-01,FRA,BRA,0.6666,1,False
2015-07-01,FRA,BRA,0.6194,1,False
2015-08-01,FRA,BRA,0.5692,1,False
2015-09-01,FRA,BRA,0.2363,4,False
2015-10-01,FRA,BRA,0.2935,4,False
2015-11-01,FRA,BRA,0.216,2,False
2015-12-01,FRA,BRA,0.2474,1,False
2016-01-01,FRA,BRA,0.3373,2,False
2016-02-01,FRA,BRA,0.3234,3,False
2016-03-01,FRA,BRA,0.481,1,False
2016-04-01,FRA,BRA,0.8308,2,False
2016-05-01,FRA,BRA,0.61,1,False
2016-06-01,FRA,BRA,0.72,4,False
2016-07-01,FRA,BRA,0.6303,2,False
2016-08-01,FRA,BRA,0.697,2,False
2016-09-01,FRA,BRA,0.6255,1,False
2016-10-01,FRA,BRA,0.8064,1,False
2016-11-01,FRA,BRA,0.6985,1,False
2016-12-01,FRA,BRA,0.5169,1,False
2017-01-01,FRA,BRA,0.3735,1,False
2017-02-01,FRA,BRA,0.3769,1,False
2017-03-01,FRA,BRA,0.6799,1,False
2017-04-01,FRA,BRA,0.0953,1,False
2017-05-01,FRA,BRA,0.0074,1,True
2017-06-01,FRA,BRA,0.0091,1,True
2017-07-01,FRA,BRA,0.0115,1,True
2017-08-01,FRA,BRA,0.0084,1,True
2017-09-01,FRA,BRA,0.0176,1,True
2017-10-01,FRA,BRA,0.0147,1,True
2017-11-01,FRA,BRA,0.0212,1,True
2017-12-01,FRA,BRA,0.0203,1,True
2018-01-01,FRA,BRA,0.0219,1,True
2018-02-01,FRA,BRA,0.0322,1,True
2018-03-01,FRA,BRA,0.0448,1,True
2018-04-01,FRA,BRA,0.0946,1,False
2018-05-01,FRA,BRA,0.2354,1,False
2018-06-01,FRA,BRA,0.2418,1,False
2018-07-01,FRA,BRA,0.25,1,False
2018-08-01,FRA,BRA,0.2917,4,False
2018-09-01,FRA,BRA,0.3233,4,False
2018-10-01,FRA,BRA,0.2286,4,False
2018-11-01,FRA,BRA,0.1941,1,False
2018-12-01,FRA,BRA,0.1217,1,False
2019-01-01,FRA,BRA,0.0644,1,False
2019-02-01,FRA,BRA,0.1182,1,False
2019-03-01,FRA,BRA,0.0473,1,True
2019-04-01,FRA,BRA,0.0905,1,False
2019-05-01,FRA,BRA,0.0917,1,False
2019-06-01,FRA,BRA,0.1158,1,False
2019-07-01,FRA,BRA,0.1294,1,False
2019-08-01,FRA,BRA,0.1188,1,False
2019-09-01,FRA,BRA,0.1777,1,False
2019-10-01,FRA,BRA,0.3559,1,False
2019-11-01,FRA,BRA,0.3183,4,False
2019-12-01,FRA,BRA,0.2683,4,False
2020-01-01,FRA,BRA,0.1906,4,False
2020-02-01,FRA,BRA,0.298,4,False
2020-03-01,FRA,BRA,0.1629,4,False
2020-04-01,FRA,BRA,0.2927,4,False
2020-05-01,FRA,BRA,0.3423,3,False
2020-06-01,FRA,BRA,0.4781,4,False
2020-07-01,FRA,BRA,0.3045,4,False
2020-08-01,FRA,BRA,0.2026,4,False
2020-09-01,FRA,BRA,0.2563,4,False
2020-10-01,FRA,BRA,0.2325,1,False
2020-11-01,FRA,BRA,0.2796,1,False
2020-12-01,FRA,BRA,0.267,1,False
2021-01-01,FRA,BRA,0.3621,1,False
2021-02-01,FRA,BRA,0.2935,2,False
2021-03-01,FRA,BRA,0.0222,1,True
2021-04-01,FRA,BRA,0.0163,3,True
2021-05-01,FRA,BRA,0.0094,1,True
2021-06-01,FRA,BRA,0.0094,1,True
2021-07-01,FRA,BRA,0.0281,2,True
2021-08-01,FRA,BRA,0.0164,2,True
2021-09-01,FRA,BRA,0.0199,2,True
2021-10-01,FRA,BRA,0.0328,2,True
2021-11-01,FRA,BRA,0.0375,2,True
2021-12-01,FRA,BRA,0.0236,2,True
2022-01-01,FRA,BRA,0.0231,2,True
2022-02-01,FRA,BRA,0.0341,2,True
2022-03-01,FRA,BRA,0.0405,1,True
2022-04-01,FRA,BRA,0.0374,1,True
2022-05-01,FRA,BRA,0.0462,3,True
2022-06-01,FRA,BRA,0.0381,1,True
2022-07-01,FRA,BRA,0.0553,1,False
2022-08-01,FRA,BRA,0.0777,3,False
2022-09-01,FRA,BRA,0.053,2,False
2022-10-01,FRA,BRA,0.035,2,True
2022-11-01,FRA,BRA,0.0635,2,False
2022-12-01,FRA,BRA,0.0985,2,False
2023-01-01,FRA,BRA,0.1294,2,False
2023-02-01,FRA,BRA,0.1502,2,False
2023-03-01,FRA,BRA,0.1192,2,False
2023-04-01,FRA,BRA,0.0289,1,True
2023-05-01,FRA,BRA,0.0206,1,True
2023-06-01,FRA,BRA,0.0141,1,True
2023-07-01,FRA,BRA,0.0073,1,True
2023-08-01,FRA,BRA,0.0022,1,True
2023-09-01,FRA,BRA,0.0007,1,True
2023-10-01,FRA,BRA,0.0017,1,True
2023-11-01,FRA,BRA,0.0017,1,True
2023-12-01,FRA,BRA,0.0004,1,True
2024-01-01,FRA,BRA,0.0003,1,True
2024-02-01,FRA,BRA,0.0002,1,True
2024-03-01,FRA,BRA,0.0004,1,True
2024-04-01,FRA,BRA,0.0003,1,True
2024-05-01,FRA,BRA,0.0001,1,True
2024-06-01,FRA,BRA,0.0003,1,True
2024-07-01,FRA,BRA,0.0001,1,True
2024-08-01,FRA,BRA,0.0001,1,True
2024-09-01,FRA,BRA,0.0014,1,True
2024-10-01,FRA,BRA,0.0028,1,True
2024-11-01,FRA,BRA,0.0021,1,True
2024-12-01,FRA,BRA,0.0093,1,True
2025-01-01,FRA,BRA,0.0066,1,True
2025-02-01,FRA,BRA,0.0051,1,True
2025-03-01,FRA,BRA,0.0115,1,True
2025-04-01,FRA,BRA,0.0149,1,True
2025-05-01,FRA,BRA,0.03,1,True
2025-06-01,FRA,BRA,0.2078,1,False
2025-07-01,FRA,BRA,0.1892,1,False
2025-08-01,FRA,BRA,0.3359,2,False
2025-09-01,FRA,BRA,0.1379,4,False
2025-10-01,FRA,BRA,0.2643,3,False
2025-11-01,FRA,BRA,0.2164,3,False
2025-12-01,FRA,BRA,0.2641,3,False
2026-01-01,FRA,BRA,0.2883,3,False
2026-02-01,FRA,BRA,0.3121,3,False
2026-03-01,FRA,BRA,0.3071,3,False
2015-01-01,FRA,ZAF,0.004,1,True
2015-02-01,FRA,ZAF,0.0038,1,True
2015-03-01,FRA,ZAF,0.0234,2,True
2015-04-01,FRA,ZAF,0.0618,2,False
2015-05-01,FRA,ZAF,0.0979,2,False
2015-06-01,FRA,ZAF,0.0483,2,True
2015-07-01,FRA,ZAF,0.0339,2,True
2015-08-01,FRA,ZAF,0.0642,2,False
2015-09-01,FRA,ZAF,0.2458,2,False
2015-10-01,FRA,ZAF,0.315,3,False
2015-11-01,FRA,ZAF,0.3545,3,False
2015-12-01,FRA,ZAF,0.2874,3,False
2016-01-01,FRA,ZAF,0.1851,3,False
2016-02-01,FRA,ZAF,0.0655,1,False
2016-03-01,FRA,ZAF,0.0844,1,False
2016-04-01,FRA,ZAF,0.2091,2,False
2016-05-01,FRA,ZAF,0.1674,1,False
2016-06-01,FRA,ZAF,0.1908,1,False
2016-07-01,FRA,ZAF,0.1031,4,False
2016-08-01,FRA,ZAF,0.2015,4,False
2016-09-01,FRA,ZAF,0.104,4,False
2016-10-01,FRA,ZAF,0.1898,3,False
2016-11-01,FRA,ZAF,0.1865,2,False
2016-12-01,FRA,ZAF,0.1944,4,False
2017-01-01,FRA,ZAF,0.3015,4,False
2017-02-01,FRA,ZAF,0.243,4,False
2017-03-01,FRA,ZAF,0.2206,4,False
2017-04-01,FRA,ZAF,0.1501,4,False
2017-05-01,FRA,ZAF,0.2619,4,False
2017-06-01,FRA,ZAF,0.4493,1,False
2017-07-01,FRA,ZAF,0.4021,1,False
2017-08-01,FRA,ZAF,0.4578,1,False
2017-09-01,FRA,ZAF,0.4536,1,False
2017-10-01,FRA,ZAF,0.5148,4,False
2017-11-01,FRA,ZAF,0.4648,4,False
2017-12-01,FRA,ZAF,0.4678,4,False
2018-01-01,FRA,ZAF,0.5102,4,False
2018-02-01,FRA,ZAF,0.4208,4,False
2018-03-01,FRA,ZAF,0.4107,4,False
2018-04-01,FRA,ZAF,0.4641,4,False
2018-05-01,FRA,ZAF,0.5311,4,False
2018-06-01,FRA,ZAF,0.491,1,False
2018-07-01,FRA,ZAF,0.508,3,False
2018-08-01,FRA,ZAF,0.7273,1,False
2018-09-01,FRA,ZAF,0.7602,1,False
2018-10-01,FRA,ZAF,0.8783,2,False
2018-11-01,FRA,ZAF,0.562,1,False
2018-12-01,FRA,ZAF,0.7599,3,False
2019-01-01,FRA,ZAF,0.6963,3,False
2019-02-01,FRA,ZAF,0.3584,1,False
2019-03-01,FRA,ZAF,0.2439,1,False
2019-04-01,FRA,ZAF,0.2349,1,False
2019-05-01,FRA,ZAF,0.2781,1,False
2019-06-01,FRA,ZAF,0.0585,1,False
2019-07-01,FRA,ZAF,0.0498,1,True
2019-08-01,FRA,ZAF,0.0498,1,True
2019-09-01,FRA,ZAF,0.0468,1,True
2019-10-01,FRA,ZAF,0.039,1,True
2019-11-01,FRA,ZAF,0.3101,1,False
2019-12-01,FRA,ZAF,0.509,1,False
2020-01-01,FRA,ZAF,0.4489,1,False
2020-02-01,FRA,ZAF,0.5399,2,False
2020-03-01,FRA,ZAF,0.5521,2,False
2020-04-01,FRA,ZAF,0.6976,1,False
2020-05-01,FRA,ZAF,0.625,1,False
2020-06-01,FRA,ZAF,0.3431,4,False
2020-07-01,FRA,ZAF,0.2275,4,False
2020-08-01,FRA,ZAF,0.2089,4,False
2020-09-01,FRA,ZAF,0.1529,4,False
2020-10-01,FRA,ZAF,0.12,4,False
2020-11-01,FRA,ZAF,0.1292,3,False
2020-12-01,FRA,ZAF,0.1577,4,False
2021-01-01,FRA,ZAF,0.1891,3,False
2021-02-01,FRA,ZAF,0.2262,4,False
2021-03-01,FRA,ZAF,0.0871,4,False
2021-04-01,FRA,ZAF,0.1157,4,False
2021-05-01,FRA,ZAF,0.0208,4,True
2021-06-01,FRA,ZAF,0.0175,4,True
2021-07-01,FRA,ZAF,0.0036,4,True
2021-08-01,FRA,ZAF,0.0072,4,True
2021-09-01,FRA,ZAF,0.0075,4,True
2021-10-01,FRA,ZAF,0.0055,4,True
2021-11-01,FRA,ZAF,0.0064,4,True
2021-12-01,FRA,ZAF,0.0131,4,True
2022-01-01,FRA,ZAF,0.0315,4,True
2022-02-01,FRA,ZAF,0.2015,3,False
2022-03-01,FRA,ZAF,0.1185,1,False
2022-04-01,FRA,ZAF,0.0998,1,False
2022-05-01,FRA,ZAF,0.0373,1,True
2022-06-01,FRA,ZAF,0.0311,1,True
2022-07-01,FRA,ZAF,0.0264,1,True
2022-08-01,FRA,ZAF,0.0233,1,True
2022-09-01,FRA,ZAF,0.0233,1,True
2022-10-01,FRA,ZAF,0.0123,1,True
2022-11-01,FRA,ZAF,0.0192,1,True
2022-12-01,FRA,ZAF,0.0136,1,True
2023-01-01,FRA,ZAF,0.0183,1,True
2023-02-01,FRA,ZAF,0.0282,1,True
2023-03-01,FRA,ZAF,0.0491,1,True
2023-04-01,FRA,ZAF,0.1247,1,False
2023-05-01,FRA,ZAF,0.0734,1,False
2023-06-01,FRA,ZAF,0.0779,1,False
2023-07-01,FRA,ZAF,0.091,1,False
2023-08-01,FRA,ZAF,0.1667,1,False
2023-09-01,FRA,ZAF,0.1982,1,False
2023-10-01,FRA,ZAF,0.1017,1,False
2023-11-01,FRA,ZAF,0.0295,1,True
2023-12-01,FRA,ZAF,0.0056,1,True
2024-01-01,FRA,ZAF,0.0137,1,True
2024-02-01,FRA,ZAF,0.0035,1,True
2024-03-01,FRA,ZAF,0.0049,1,True
2024-04-01,FRA,ZAF,0.0111,1,True
2024-05-01,FRA,ZAF,0.0047,1,True
2024-06-01,FRA,ZAF,0.0038,1,True
2024-07-01,FRA,ZAF,0.0033,1,True
2024-08-01,FRA,ZAF,0.0022,1,True
2024-09-01,FRA,ZAF,0.0006,1,True
2024-10-01,FRA,ZAF,0.0002,1,True
2024-11-01,FRA,ZAF,0.0002,1,True
2024-12-01,FRA,ZAF,0.0003,1,True
2025-01-01,FRA,ZAF,0.0022,1,True
2025-02-01,FRA,ZAF,0.0653,1,False
2025-03-01,FRA,ZAF,0.369,1,False
2025-04-01,FRA,ZAF,0.4434,1,False
2025-05-01,FRA,ZAF,0.7346,1,False
2025-06-01,FRA,ZAF,0.7832,2,False
2025-07-01,FRA,ZAF,0.8509,2,False
2025-08-01,FRA,ZAF,0.7551,2,False
2025-09-01,FRA,ZAF,0.6778,2,False
2025-10-01,FRA,ZAF,0.4684,2,False
2025-11-01,FRA,ZAF,0.401,2,False
2025-12-01,FRA,ZAF,0.2504,1,False
2026-01-01,FRA,ZAF,0.4613,1,False
2026-02-01,FRA,ZAF,0.4454,2,False
2026-03-01,FRA,ZAF,0.4121,1,False
2015-01-01,FRA,MEX,0.0386,4,True
2015-02-01,FRA,MEX,0.1388,4,False
2015-03-01,FRA,MEX,0.0971,4,False
2015-04-01,FRA,MEX,0.0865,4,False
2015-05-01,FRA,MEX,0.0823,4,False
2015-06-01,FRA,MEX,0.0737,4,False
2015-07-01,FRA,MEX,0.1303,4,False
2015-08-01,FRA,MEX,0.12,4,False
2015-09-01,FRA,MEX,0.1223,4,False
2015-10-01,FRA,MEX,0.1389,2,False
2015-11-01,FRA,MEX,0.1552,4,False
2015-12-01,FRA,MEX,0.1929,2,False
2016-01-01,FRA,MEX,0.0709,2,False
2016-02-01,FRA,MEX,0.1031,2,False
2016-03-01,FRA,MEX,0.0932,2,False
2016-04-01,FRA,MEX,0.083,2,False
2016-05-01,FRA,MEX,0.037,4,True
2016-06-01,FRA,MEX,0.0378,4,True
2016-07-01,FRA,MEX,0.0312,2,True
2016-08-01,FRA,MEX,0.0349,2,True
2016-09-01,FRA,MEX,0.0458,4,True
2016-10-01,FRA,MEX,0.0124,4,True
2016-11-01,FRA,MEX,0.0122,4,True
2016-12-01,FRA,MEX,0.0343,4,True
2017-01-01,FRA,MEX,0.0566,2,False
2017-02-01,FRA,MEX,0.0531,4,False
2017-03-01,FRA,MEX,0.0502,4,False
2017-04-01,FRA,MEX,0.0581,2,False
2017-05-01,FRA,MEX,0.0508,2,False
2017-06-01,FRA,MEX,0.4479,2,False
2017-07-01,FRA,MEX,0.5013,1,False
2017-08-01,FRA,MEX,0.3691,1,False
2017-09-01,FRA,MEX,0.3908,1,False
2017-10-01,FRA,MEX,0.3561,2,False
2017-11-01,FRA,MEX,0.203,1,False
2017-12-01,FRA,MEX,0.1834,1,False
2018-01-01,FRA,MEX,0.2198,1,False
2018-02-01,FRA,MEX,0.0957,1,False
2018-03-01,FRA,MEX,0.0572,1,False
2018-04-01,FRA,MEX,0.0925,1,False
2018-05-01,FRA,MEX,0.0657,1,False
2018-06-01,FRA,MEX,0.0678,1,False
2018-07-01,FRA,MEX,0.0799,1,False
2018-08-01,FRA,MEX,0.0462,1,True
2018-09-01,FRA,MEX,0.1467,1,False
2018-10-01,FRA,MEX,0.0552,1,False
2018-11-01,FRA,MEX,0.1295,1,False
2018-12-01,FRA,MEX,0.174,1,False
2019-01-01,FRA,MEX,0.408,1,False
2019-02-01,FRA,MEX,0.5923,1,False
2019-03-01,FRA,MEX,0.6382,3,False
2019-04-01,FRA,MEX,0.3999,3,False
2019-05-01,FRA,MEX,0.4351,3,False
2019-06-01,FRA,MEX,0.3534,3,False
2019-07-01,FRA,MEX,0.2642,3,False
2019-08-01,FRA,MEX,0.208,4,False
2019-09-01,FRA,MEX,0.0925,4,False
2019-10-01,FRA,MEX,0.0357,3,True
2019-11-01,FRA,MEX,0.0334,3,True
2019-12-01,FRA,MEX,0.0127,1,True
2020-01-01,FRA,MEX,0.009,1,True
2020-02-01,FRA,MEX,0.0153,3,True
2020-03-01,FRA,MEX,0.0085,2,True
2020-04-01,FRA,MEX,0.0065,1,True
2020-05-01,FRA,MEX,0.1153,1,False
2020-06-01,FRA,MEX,0.1337,1,False
2020-07-01,FRA,MEX,0.2594,1,False
2020-08-01,FRA,MEX,0.2975,1,False
2020-09-01,FRA,MEX,0.4483,1,False
2020-10-01,FRA,MEX,0.2836,1,False
2020-11-01,FRA,MEX,0.4391,1,False
2020-12-01,FRA,MEX,0.4012,1,False
2021-01-01,FRA,MEX,0.2449,1,False
2021-02-01,FRA,MEX,0.0551,1,False
2021-03-01,FRA,MEX,0.0541,1,False
2021-04-01,FRA,MEX,0.0431,1,True
2021-05-01,FRA,MEX,0.0408,1,True
2021-06-01,FRA,MEX,0.0232,1,True
2021-07-01,FRA,MEX,0.0126,2,True
2021-08-01,FRA,MEX,0.0151,1,True
2021-09-01,FRA,MEX,0.0078,1,True
2021-10-01,FRA,MEX,0.0082,1,True
2021-11-01,FRA,MEX,0.0088,1,True
2021-12-01,FRA,MEX,0.0058,1,True
2022-01-01,FRA,MEX,0.0076,1,True
2022-02-01,FRA,MEX,0.0105,1,True
2022-03-01,FRA,MEX,0.0125,1,True
2022-04-01,FRA,MEX,0.007,1,True
2022-05-01,FRA,MEX,0.0086,1,True
2022-06-01,FRA,MEX,0.0117,1,True
2022-07-01,FRA,MEX,0.0158,1,True
2022-08-01,FRA,MEX,0.0557,1,False
2022-09-01,FRA,MEX,0.0583,1,False
2022-10-01,FRA,MEX,0.0149,4,True
2022-11-01,FRA,MEX,0.0011,4,True
2022-12-01,FRA,MEX,0.0059,4,True
2023-01-01,FRA,MEX,0.0154,1,True
2023-02-01,FRA,MEX,0.0025,1,True
2023-03-01,FRA,MEX,0.0032,1,True
2023-04-01,FRA,MEX,0.0051,1,True
2023-05-01,FRA,MEX,0.0006,1,True
2023-06-01,FRA,MEX,0.0007,1,True
2023-07-01,FRA,MEX,0.0019,1,True
2023-08-01,FRA,MEX,0.0138,1,True
2023-09-01,FRA,MEX,0.0096,1,True
2023-10-01,FRA,MEX,0.025,1,True
2023-11-01,FRA,MEX,0.0147,1,True
2023-12-01,FRA,MEX,0.0088,1,True
2024-01-01,FRA,MEX,0.0053,1,True
2024-02-01,FRA,MEX,0.0016,1,True
2024-03-01,FRA,MEX,0.0006,1,True
2024-04-01,FRA,MEX,0.0002,1,True
2024-05-01,FRA,MEX,0.0002,1,True
2024-06-01,FRA,MEX,0.0006,1,True
2024-07-01,FRA,MEX,0.0017,1,True
2024-08-01,FRA,MEX,0.0007,1,True
2024-09-01,FRA,MEX,0.0005,1,True
2024-10-01,FRA,MEX,0.0004,1,True
2024-11-01,FRA,MEX,0.0002,1,True
2024-12-01,FRA,MEX,0.0022,1,True
2025-01-01,FRA,MEX,0.0181,1,True
2025-02-01,FRA,MEX,0.016,2,True
2025-03-01,FRA,MEX,0.0885,2,False
2025-04-01,FRA,MEX,0.0162,2,True
2025-05-01,FRA,MEX,0.0251,2,True
2025-06-01,FRA,MEX,0.0932,2,False
2025-07-01,FRA,MEX,0.0679,2,False
2025-08-01,FRA,MEX,0.0273,2,True
2025-09-01,FRA,MEX,0.0255,2,True
2025-10-01,FRA,MEX,0.0202,3,True
2025-11-01,FRA,MEX,0.0046,2,True
2025-12-01,FRA,MEX,0.0035,2,True
2026-01-01,FRA,MEX,0.0018,2,True
2026-02-01,FRA,MEX,0.0022,2,True
2026-03-01,FRA,MEX,0.0038,1,True
2015-01-01,FRA,SGP,0.1599,1,False
2015-02-01,FRA,SGP,0.143,1,False
2015-03-01,FRA,SGP,0.1677,1,False
2015-04-01,FRA,SGP,0.1521,1,False
2015-05-01,FRA,SGP,0.2423,3,False
2015-06-01,FRA,SGP,0.2911,3,False
2015-07-01,FRA,SGP,0.218,4,False
2015-08-01,FRA,SGP,0.2225,4,False
2015-09-01,FRA,SGP,0.0512,4,False
2015-10-01,FRA,SGP,0.1011,4,False
2015-11-01,FRA,SGP,0.1025,4,False
2015-12-01,FRA,SGP,0.0797,4,False
2016-01-01,FRA,SGP,0.0902,4,False
2016-02-01,FRA,SGP,0.1555,4,False
2016-03-01,FRA,SGP,0.0393,4,True
2016-04-01,FRA,SGP,0.0395,4,True
2016-05-01,FRA,SGP,0.0238,4,True
2016-06-01,FRA,SGP,0.0116,4,True
2016-07-01,FRA,SGP,0.0391,4,True
2016-08-01,FRA,SGP,0.0491,3,True
2016-09-01,FRA,SGP,0.1331,3,False
2016-10-01,FRA,SGP,0.0756,3,False
2016-11-01,FRA,SGP,0.1594,3,False
2016-12-01,FRA,SGP,0.2574,3,False
2017-01-01,FRA,SGP,0.2856,3,False
2017-02-01,FRA,SGP,0.2375,3,False
2017-03-01,FRA,SGP,0.21,3,False
2017-04-01,FRA,SGP,0.2671,3,False
2017-05-01,FRA,SGP,0.2452,3,False
2017-06-01,FRA,SGP,0.2221,3,False
2017-07-01,FRA,SGP,0.2371,1,False
2017-08-01,FRA,SGP,0.2194,1,False
2017-09-01,FRA,SGP,0.1605,1,False
2017-10-01,FRA,SGP,0.1441,1,False
2017-11-01,FRA,SGP,0.1415,1,False
2017-12-01,FRA,SGP,0.3255,1,False
2018-01-01,FRA,SGP,0.3995,1,False
2018-02-01,FRA,SGP,0.3471,1,False
2018-03-01,FRA,SGP,0.3431,1,False
2018-04-01,FRA,SGP,0.3677,1,False
2018-05-01,FRA,SGP,0.4445,1,False
2018-06-01,FRA,SGP,0.6554,1,False
2018-07-01,FRA,SGP,0.5679,1,False
2018-08-01,FRA,SGP,0.5299,1,False
2018-09-01,FRA,SGP,0.4652,1,False
2018-10-01,FRA,SGP,0.5203,1,False
2018-11-01,FRA,SGP,0.1239,1,False
2018-12-01,FRA,SGP,0.2206,1,False
2019-01-01,FRA,SGP,0.3803,1,False
2019-02-01,FRA,SGP,0.4964,1,False
2019-03-01,FRA,SGP,0.7803,1,False
2019-04-01,FRA,SGP,0.5425,1,False
2019-05-01,FRA,SGP,0.8091,3,False
2019-06-01,FRA,SGP,0.8037,1,False
2019-07-01,FRA,SGP,0.5026,1,False
2019-08-01,FRA,SGP,0.4593,1,False
2019-09-01,FRA,SGP,0.5501,1,False
2019-10-01,FRA,SGP,0.4087,1,False
2019-11-01,FRA,SGP,0.4058,1,False
2019-12-01,FRA,SGP,0.4384,1,False
2020-01-01,FRA,SGP,0.418,1,False
2020-02-01,FRA,SGP,0.2862,2,False
2020-03-01,FRA,SGP,0.2449,2,False
2020-04-01,FRA,SGP,0.3371,2,False
2020-05-01,FRA,SGP,0.2929,2,False
2020-06-01,FRA,SGP,0.557,2,False
2020-07-01,FRA,SGP,0.5607,2,False
2020-08-01,FRA,SGP,0.6555,2,False
2020-09-01,FRA,SGP,0.4198,1,False
2020-10-01,FRA,SGP,0.3092,1,False
2020-11-01,FRA,SGP,0.3523,1,False
2020-12-01,FRA,SGP,0.3249,2,False
2021-01-01,FRA,SGP,0.327,2,False
2021-02-01,FRA,SGP,0.3048,4,False
2021-03-01,FRA,SGP,0.6757,4,False
2021-04-01,FRA,SGP,0.6103,1,False
2021-05-01,FRA,SGP,0.4203,4,False
2021-06-01,FRA,SGP,0.4499,1,False
2021-07-01,FRA,SGP,0.4338,1,False
2021-08-01,FRA,SGP,0.4137,4,False
2021-09-01,FRA,SGP,0.4432,4,False
2021-10-01,FRA,SGP,0.585,1,False
2021-11-01,FRA,SGP,0.4853,4,False
2021-12-01,FRA,SGP,0.539,3,False
2022-01-01,FRA,SGP,0.8229,3,False
2022-02-01,FRA,SGP,0.9077,2,False
2022-03-01,FRA,SGP,0.855,4,False
2022-04-01,FRA,SGP,0.8657,1,False
2022-05-01,FRA,SGP,0.9145,2,False
2022-06-01,FRA,SGP,0.6857,1,False
2022-07-01,FRA,SGP,0.6262,1,False
2022-08-01,FRA,SGP,0.6738,2,False
2022-09-01,FRA,SGP,0.3041,1,False
2022-10-01,FRA,SGP,0.3146,1,False
2022-11-01,FRA,SGP,0.312,1,False
2022-12-01,FRA,SGP,0.3886,1,False
2023-01-01,FRA,SGP,0.2859,1,False
2023-02-01,FRA,SGP,0.3751,1,False
2023-03-01,FRA,SGP,0.4376,1,False
2023-04-01,FRA,SGP,0.4537,1,False
2023-05-01,FRA,SGP,0.3014,4,False
2023-06-01,FRA,SGP,0.1548,4,False
2023-07-01,FRA,SGP,0.16,4,False
2023-08-01,FRA,SGP,0.142,4,False
2023-09-01,FRA,SGP,0.0951,4,False
2023-10-01,FRA,SGP,0.0459,4,True
2023-11-01,FRA,SGP,0.047,4,True
2023-12-01,FRA,SGP,0.0546,4,False
2024-01-01,FRA,SGP,0.0248,4,True
2024-02-01,FRA,SGP,0.4883,4,False
2024-03-01,FRA,SGP,0.5046,1,False
2024-04-01,FRA,SGP,0.3197,1,False
2024-05-01,FRA,SGP,0.075,1,False
2024-06-01,FRA,SGP,0.0697,1,False
2024-07-01,FRA,SGP,0.071,1,False
2024-08-01,FRA,SGP,0.0651,1,False
2024-09-01,FRA,SGP,0.0416,1,True
2024-10-01,FRA,SGP,0.0658,1,False
2024-11-01,FRA,SGP,0.0647,1,False
2024-12-01,FRA,SGP,0.0844,1,False
2025-01-01,FRA,SGP,0.2062,1,False
2025-02-01,FRA,SGP,0.0508,2,False
2025-03-01,FRA,SGP,0.0988,4,False
2025-04-01,FRA,SGP,0.0958,2,False
2025-05-01,FRA,SGP,0.1015,2,False
2025-06-01,FRA,SGP,0.1264,2,False
2025-07-01,FRA,SGP,0.1234,2,False
2025-08-01,FRA,SGP,0.1229,1,False
2025-09-01,FRA,SGP,0.1427,1,False
2025-10-01,FRA,SGP,0.1193,1,False
2025-11-01,FRA,SGP,0.2577,1,False
2025-12-01,FRA,SGP,0.1604,1,False
2026-01-01,FRA,SGP,0.1391,1,False
2026-02-01,FRA,SGP,0.1222,1,False
2026-03-01,FRA,SGP,0.0985,1,False
2015-01-01,FRA,KOR,0.0453,1,True
2015-02-01,FRA,KOR,0.0322,4,True
2015-03-01,FRA,KOR,0.0036,4,True
2015-04-01,FRA,KOR,0.0015,3,True
2015-05-01,FRA,KOR,0.0006,2,True
2015-06-01,FRA,KOR,0.0005,1,True
2015-07-01,FRA,KOR,0.0115,2,True
2015-08-01,FRA,KOR,0.0308,1,True
2015-09-01,FRA,KOR,0.0206,2,True
2015-10-01,FRA,KOR,0.0248,2,True
2015-11-01,FRA,KOR,0.0613,2,False
2015-12-01,FRA,KOR,0.0555,3,False
2016-01-01,FRA,KOR,0.0765,2,False
2016-02-01,FRA,KOR,0.0653,2,False
2016-03-01,FRA,KOR,0.2953,2,False
2016-04-01,FRA,KOR,0.3763,2,False
2016-05-01,FRA,KOR,0.429,4,False
2016-06-01,FRA,KOR,0.2308,4,False
2016-07-01,FRA,KOR,0.2257,4,False
2016-08-01,FRA,KOR,0.2441,4,False
2016-09-01,FRA,KOR,0.162,4,False
2016-10-01,FRA,KOR,0.1428,4,False
2016-11-01,FRA,KOR,0.1732,4,False
2016-12-01,FRA,KOR,0.266,4,False
2017-01-01,FRA,KOR,0.2976,4,False
2017-02-01,FRA,KOR,0.2043,4,False
2017-03-01,FRA,KOR,0.1607,4,False
2017-04-01,FRA,KOR,0.0986,4,False
2017-05-01,FRA,KOR,0.0379,4,True
2017-06-01,FRA,KOR,0.0359,4,True
2017-07-01,FRA,KOR,0.0101,4,True
2017-08-01,FRA,KOR,0.0102,4,True
2017-09-01,FRA,KOR,0.0114,4,True
2017-10-01,FRA,KOR,0.0203,4,True
2017-11-01,FRA,KOR,0.2644,4,False
2017-12-01,FRA,KOR,0.2791,4,False
2018-01-01,FRA,KOR,0.3369,4,False
2018-02-01,FRA,KOR,0.2595,4,False
2018-03-01,FRA,KOR,0.1895,4,False
2018-04-01,FRA,KOR,0.1189,4,False
2018-05-01,FRA,KOR,0.2036,4,False
2018-06-01,FRA,KOR,0.2986,4,False
2018-07-01,FRA,KOR,0.3571,4,False
2018-08-01,FRA,KOR,0.3142,1,False
2018-09-01,FRA,KOR,0.321,1,False
2018-10-01,FRA,KOR,0.2429,1,False
2018-11-01,FRA,KOR,0.3137,1,False
2018-12-01,FRA,KOR,0.1634,1,False
2019-01-01,FRA,KOR,0.1695,1,False
2019-02-01,FRA,KOR,0.6846,2,False
2019-03-01,FRA,KOR,0.5541,1,False
2019-04-01,FRA,KOR,0.2681,1,False
2019-05-01,FRA,KOR,0.2272,1,False
2019-06-01,FRA,KOR,0.1729,1,False
2019-07-01,FRA,KOR,0.0867,1,False
2019-08-01,FRA,KOR,0.0676,1,False
2019-09-01,FRA,KOR,0.0574,1,False
2019-10-01,FRA,KOR,0.0331,1,True
2019-11-01,FRA,KOR,0.0738,1,False
2019-12-01,FRA,KOR,0.0329,1,True
2020-01-01,FRA,KOR,0.0973,1,False
2020-02-01,FRA,KOR,0.0249,1,True
2020-03-01,FRA,KOR,0.0998,1,False
2020-04-01,FRA,KOR,0.1757,1,False
2020-05-01,FRA,KOR,0.437,1,False
2020-06-01,FRA,KOR,0.6272,1,False
2020-07-01,FRA,KOR,0.3296,1,False
2020-08-01,FRA,KOR,0.8589,1,False
2020-09-01,FRA,KOR,0.4152,1,False
2020-10-01,FRA,KOR,0.3204,1,False
2020-11-01,FRA,KOR,0.4786,1,False
2020-12-01,FRA,KOR,0.3477,2,False
2021-01-01,FRA,KOR,0.3134,2,False
2021-02-01,FRA,KOR,0.2754,2,False
2021-03-01,FRA,KOR,0.0384,2,True
2021-04-01,FRA,KOR,0.0312,1,True
2021-05-01,FRA,KOR,0.0324,2,True
2021-06-01,FRA,KOR,0.0245,2,True
2021-07-01,FRA,KOR,0.0088,2,True
2021-08-01,FRA,KOR,0.0117,2,True
2021-09-01,FRA,KOR,0.0043,3,True
2021-10-01,FRA,KOR,0.0019,2,True
2021-11-01,FRA,KOR,0.0043,2,True
2021-12-01,FRA,KOR,0.0086,2,True
2022-01-01,FRA,KOR,0.0083,2,True
2022-02-01,FRA,KOR,0.0143,2,True
2022-03-01,FRA,KOR,0.0132,3,True
2022-04-01,FRA,KOR,0.0187,2,True
2022-05-01,FRA,KOR,0.0427,2,True
2022-06-01,FRA,KOR,0.0669,2,False
2022-07-01,FRA,KOR,0.07,2,False
2022-08-01,FRA,KOR,0.0311,2,True
2022-09-01,FRA,KOR,0.109,1,False
2022-10-01,FRA,KOR,0.0992,2,False
2022-11-01,FRA,KOR,0.083,1,False
2022-12-01,FRA,KOR,0.1186,1,False
2023-01-01,FRA,KOR,0.1029,1,False
2023-02-01,FRA,KOR,0.1177,1,False
2023-03-01,FRA,KOR,0.1115,1,False
2023-04-01,FRA,KOR,0.2648,1,False
2023-05-01,FRA,KOR,0.1835,2,False
2023-06-01,FRA,KOR,0.2302,1,False
2023-07-01,FRA,KOR,0.2126,2,False
2023-08-01,FRA,KOR,0.2043,1,False
2023-09-01,FRA,KOR,0.2495,1,False
2023-10-01,FRA,KOR,0.2239,1,False
2023-11-01,FRA,KOR,0.3883,1,False
2023-12-01,FRA,KOR,0.4125,1,False
2024-01-01,FRA,KOR,0.4072,1,False
2024-02-01,FRA,KOR,0.1731,1,False
2024-03-01,FRA,KOR,0.0797,1,False
2024-04-01,FRA,KOR,0.2452,1,False
2024-05-01,FRA,KOR,0.2134,1,False
2024-06-01,FRA,KOR,0.2954,1,False
2024-07-01,FRA,KOR,0.0538,4,False
2024-08-01,FRA,KOR,0.0366,4,True
2024-09-01,FRA,KOR,0.0203,4,True
2024-10-01,FRA,KOR,0.0474,4,True
2024-11-01,FRA,KOR,0.0604,4,False
2024-12-01,FRA,KOR,0.1053,4,False
2025-01-01,FRA,KOR,0.1392,4,False
2025-02-01,FRA,KOR,0.2442,4,False
2025-03-01,FRA,KOR,0.3281,4,False
2025-04-01,FRA,KOR,0.4022,4,False
2025-05-01,FRA,KOR,0.4043,1,False
2025-06-01,FRA,KOR,0.3668,1,False
2025-07-01,FRA,KOR,0.4223,1,False
2025-08-01,FRA,KOR,0.2752,1,False
2025-09-01,FRA,KOR,0.2342,1,False
2025-10-01,FRA,KOR,0.0678,4,False
2025-11-01,FRA,KOR,0.0223,3,True
2025-12-01,FRA,KOR,0.0056,2,True
2026-01-01,FRA,KOR,0.004,1,True
2026-02-01,FRA,KOR,0.0094,2,True
2026-03-01,FRA,KOR,0.0204,2,True
2015-01-01,FRA,GBR,0.0829,1,False
2015-02-01,FRA,GBR,0.1476,1,False
2015-03-01,FRA,GBR,0.3296,1,False
2015-04-01,FRA,GBR,0.4281,1,False
2015-05-01,FRA,GBR,0.2129,1,False
2015-06-01,FRA,GBR,0.2381,1,False
2015-07-01,FRA,GBR,0.1581,1,False
2015-08-01,FRA,GBR,0.1533,1,False
2015-09-01,FRA,GBR,0.2065,1,False
2015-10-01,FRA,GBR,0.2044,3,False
2015-11-01,FRA,GBR,0.103,2,False
2015-12-01,FRA,GBR,0.0854,1,False
2016-01-01,FRA,GBR,0.105,2,False
2016-02-01,FRA,GBR,0.3564,1,False
2016-03-01,FRA,GBR,0.5499,4,False
2016-04-01,FRA,GBR,0.428,4,False
2016-05-01,FRA,GBR,0.4555,4,False
2016-06-01,FRA,GBR,0.6413,4,False
2016-07-01,FRA,GBR,0.6776,1,False
2016-08-01,FRA,GBR,0.6494,1,False
2016-09-01,FRA,GBR,0.7287,1,False
2016-10-01,FRA,GBR,0.7748,1,False
2016-11-01,FRA,GBR,0.7748,1,False
2016-12-01,FRA,GBR,0.9137,1,False
2017-01-01,FRA,GBR,0.7623,1,False
2017-02-01,FRA,GBR,0.6346,1,False
2017-03-01,FRA,GBR,0.9123,4,False
2017-04-01,FRA,GBR,0.6445,1,False
2017-05-01,FRA,GBR,0.1583,1,False
2017-06-01,FRA,GBR,0.1711,1,False
2017-07-01,FRA,GBR,0.1478,1,False
2017-08-01,FRA,GBR,0.188,1,False
2017-09-01,FRA,GBR,0.1131,1,False
2017-10-01,FRA,GBR,0.1216,1,False
2017-11-01,FRA,GBR,0.1204,1,False
2017-12-01,FRA,GBR,0.0929,1,False
2018-01-01,FRA,GBR,0.1273,1,False
2018-02-01,FRA,GBR,0.1058,1,False
2018-03-01,FRA,GBR,0.1895,1,False
2018-04-01,FRA,GBR,0.366,1,False
2018-05-01,FRA,GBR,0.3186,1,False
2018-06-01,FRA,GBR,0.1704,1,False
2018-07-01,FRA,GBR,0.2355,1,False
2018-08-01,FRA,GBR,0.4082,1,False
2018-09-01,FRA,GBR,0.5769,2,False
2018-10-01,FRA,GBR,0.4402,1,False
2018-11-01,FRA,GBR,0.3636,2,False
2018-12-01,FRA,GBR,0.2338,1,False
2019-01-01,FRA,GBR,0.1691,1,False
2019-02-01,FRA,GBR,0.1076,1,False
2019-03-01,FRA,GBR,0.1544,4,False
2019-04-01,FRA,GBR,0.1094,4,False
2019-05-01,FRA,GBR,0.033,4,True
2019-06-01,FRA,GBR,0.0453,4,True
2019-07-01,FRA,GBR,0.0573,4,False
2019-08-01,FRA,GBR,0.1152,4,False
2019-09-01,FRA,GBR,0.5122,1,False
2019-10-01,FRA,GBR,0.5098,1,False
2019-11-01,FRA,GBR,0.4247,4,False
2019-12-01,FRA,GBR,0.3581,4,False
2020-01-01,FRA,GBR,0.3016,4,False
2020-02-01,FRA,GBR,0.2508,1,False
2020-03-01,FRA,GBR,0.1536,1,False
2020-04-01,FRA,GBR,0.1709,1,False
2020-05-01,FRA,GBR,0.148,1,False
2020-06-01,FRA,GBR,0.2755,1,False
2020-07-01,FRA,GBR,0.4139,4,False
2020-08-01,FRA,GBR,0.1735,4,False
2020-09-01,FRA,GBR,0.2883,4,False
2020-10-01,FRA,GBR,0.285,4,False
2020-11-01,FRA,GBR,0.3188,4,False
2020-12-01,FRA,GBR,0.4118,4,False
2021-01-01,FRA,GBR,0.4529,4,False
2021-02-01,FRA,GBR,0.1657,4,False
2021-03-01,FRA,GBR,0.2289,4,False
2021-04-01,FRA,GBR,0.2903,4,False
2021-05-01,FRA,GBR,0.2827,4,False
2021-06-01,FRA,GBR,0.248,4,False
2021-07-01,FRA,GBR,0.2692,4,False
2021-08-01,FRA,GBR,0.2915,4,False
2021-09-01,FRA,GBR,0.237,3,False
2021-10-01,FRA,GBR,0.282,4,False
2021-11-01,FRA,GBR,0.1361,3,False
2021-12-01,FRA,GBR,0.4095,3,False
2022-01-01,FRA,GBR,0.195,4,False
2022-02-01,FRA,GBR,0.2264,3,False
2022-03-01,FRA,GBR,0.0519,2,False
2022-04-01,FRA,GBR,0.0132,2,True
2022-05-01,FRA,GBR,0.0025,2,True
2022-06-01,FRA,GBR,0.0041,2,True
2022-07-01,FRA,GBR,0.0279,2,True
2022-08-01,FRA,GBR,0.1079,2,False
2022-09-01,FRA,GBR,0.1633,2,False
2022-10-01,FRA,GBR,0.174,2,False
2022-11-01,FRA,GBR,0.1572,2,False
2022-12-01,FRA,GBR,0.2267,2,False
2023-01-01,FRA,GBR,0.1909,2,False
2023-02-01,FRA,GBR,0.1937,2,False
2023-03-01,FRA,GBR,0.2901,2,False
2023-04-01,FRA,GBR,0.2292,4,False
2023-05-01,FRA,GBR,0.3116,1,False
2023-06-01,FRA,GBR,0.2983,4,False
2023-07-01,FRA,GBR,0.2671,4,False
2023-08-01,FRA,GBR,0.3857,4,False
2023-09-01,FRA,GBR,0.3556,4,False
2023-10-01,FRA,GBR,0.4329,4,False
2023-11-01,FRA,GBR,0.3935,4,False
2023-12-01,FRA,GBR,0.482,4,False
2024-01-01,FRA,GBR,0.4591,4,False
2024-02-01,FRA,GBR,0.5107,1,False
2024-03-01,FRA,GBR,0.1135,1,False
2024-04-01,FRA,GBR,0.0413,1,True
2024-05-01,FRA,GBR,0.0294,1,True
2024-06-01,FRA,GBR,0.0149,1,True
2024-07-01,FRA,GBR,0.009,1,True
2024-08-01,FRA,GBR,0.0047,1,True
2024-09-01,FRA,GBR,0.0031,1,True
2024-10-01,FRA,GBR,0.0014,1,True
2024-11-01,FRA,GBR,0.0009,1,True
2024-12-01,FRA,GBR,0.0001,1,True
2025-01-01,FRA,GBR,0.0003,1,True
2025-02-01,FRA,GBR,0.0018,1,True
2025-03-01,FRA,GBR,0.0091,1,True
2025-04-01,FRA,GBR,0.0064,1,True
2025-05-01,FRA,GBR,0.0148,1,True
2025-06-01,FRA,GBR,0.0178,1,True
2025-07-01,FRA,GBR,0.0214,1,True
2025-08-01,FRA,GBR,0.0256,1,True
2025-09-01,FRA,GBR,0.0265,1,True
2025-10-01,FRA,GBR,0.0518,1,False
2025-11-01,FRA,GBR,0.0569,1,False
2025-12-01,FRA,GBR,0.1246,1,False
2026-01-01,FRA,GBR,0.1973,1,False
2026-02-01,FRA,GBR,0.1444,1,False
2026-03-01,FRA,GBR,0.1601,1,False
2015-01-01,FRA,USA,0.1257,4,False
2015-02-01,FRA,USA,0.0998,4,False
2015-03-01,FRA,USA,0.0344,3,True
2015-04-01,FRA,USA,0.0329,3,True
2015-05-01,FRA,USA,0.0462,3,True
2015-06-01,FRA,USA,0.0565,1,False
2015-07-01,FRA,USA,0.0641,3,False
2015-08-01,FRA,USA,0.0698,3,False
2015-09-01,FRA,USA,0.0827,3,False
2015-10-01,FRA,USA,0.1128,3,False
2015-11-01,FRA,USA,0.1416,3,False
2015-12-01,FRA,USA,0.2433,3,False
2016-01-01,FRA,USA,0.1037,3,False
2016-02-01,FRA,USA,0.051,3,False
2016-03-01,FRA,USA,0.0592,3,False
2016-04-01,FRA,USA,0.0522,3,False
2016-05-01,FRA,USA,0.0764,3,False
2016-06-01,FRA,USA,0.0885,3,False
2016-07-01,FRA,USA,0.1636,3,False
2016-08-01,FRA,USA,0.203,3,False
2016-09-01,FRA,USA,0.1837,1,False
2016-10-01,FRA,USA,0.0851,3,False
2016-11-01,FRA,USA,0.094,3,False
2016-12-01,FRA,USA,0.1007,3,False
2017-01-01,FRA,USA,0.0952,4,False
2017-02-01,FRA,USA,0.0377,3,True
2017-03-01,FRA,USA,0.1496,3,False
2017-04-01,FRA,USA,0.2101,3,False
2017-05-01,FRA,USA,0.498,3,False
2017-06-01,FRA,USA,0.6925,1,False
2017-07-01,FRA,USA,0.7414,3,False
2017-08-01,FRA,USA,0.6857,3,False
2017-09-01,FRA,USA,0.5641,3,False
2017-10-01,FRA,USA,0.4994,3,False
2017-11-01,FRA,USA,0.3347,4,False
2017-12-01,FRA,USA,0.4146,3,False
2018-01-01,FRA,USA,0.3102,4,False
2018-02-01,FRA,USA,0.401,4,False
2018-03-01,FRA,USA,0.5457,4,False
2018-04-01,FRA,USA,0.5065,4,False
2018-05-01,FRA,USA,0.3729,4,False
2018-06-01,FRA,USA,0.3327,4,False
2018-07-01,FRA,USA,0.3864,3,False
2018-08-01,FRA,USA,0.5377,4,False
2018-09-01,FRA,USA,0.5878,4,False
2018-10-01,FRA,USA,0.5283,4,False
2018-11-01,FRA,USA,0.4935,4,False
2018-12-01,FRA,USA,0.4601,4,False
2019-01-01,FRA,USA,0.2625,3,False
2019-02-01,FRA,USA,0.1512,1,False
2019-03-01,FRA,USA,0.0411,1,True
2019-04-01,FRA,USA,0.0152,1,True
2019-05-01,FRA,USA,0.1911,1,False
2019-06-01,FRA,USA,0.1003,1,False
2019-07-01,FRA,USA,0.3063,1,False
2019-08-01,FRA,USA,0.4219,1,False
2019-09-01,FRA,USA,0.4475,1,False
2019-10-01,FRA,USA,0.5057,1,False
2019-11-01,FRA,USA,0.4168,1,False
2019-12-01,FRA,USA,0.5511,1,False
2020-01-01,FRA,USA,0.5717,1,False
2020-02-01,FRA,USA,0.5255,1,False
2020-03-01,FRA,USA,0.4255,4,False
2020-04-01,FRA,USA,0.3433,2,False
2020-05-01,FRA,USA,0.3286,4,False
2020-06-01,FRA,USA,0.2461,4,False
2020-07-01,FRA,USA,0.1272,3,False
2020-08-01,FRA,USA,0.132,2,False
2020-09-01,FRA,USA,0.1107,3,False
2020-10-01,FRA,USA,0.1423,3,False
2020-11-01,FRA,USA,0.1174,3,False
2020-12-01,FRA,USA,0.1583,3,False
2021-01-01,FRA,USA,0.0643,3,False
2021-02-01,FRA,USA,0.1197,3,False
2021-03-01,FRA,USA,0.0331,3,True
2021-04-01,FRA,USA,0.0558,3,False
2021-05-01,FRA,USA,0.2496,2,False
2021-06-01,FRA,USA,0.0999,2,False
2021-07-01,FRA,USA,0.0282,2,True
2021-08-01,FRA,USA,0.0319,4,True
2021-09-01,FRA,USA,0.0128,3,True
2021-10-01,FRA,USA,0.0135,2,True
2021-11-01,FRA,USA,0.0258,2,True
2021-12-01,FRA,USA,0.0245,2,True
2022-01-01,FRA,USA,0.0212,2,True
2022-02-01,FRA,USA,0.0362,4,True
2022-03-01,FRA,USA,0.0278,4,True
2022-04-01,FRA,USA,0.0191,4,True
2022-05-01,FRA,USA,0.019,4,True
2022-06-01,FRA,USA,0.016,4,True
2022-07-01,FRA,USA,0.0364,4,True
2022-08-01,FRA,USA,0.0409,2,True
2022-09-01,FRA,USA,0.0543,4,False
2022-10-01,FRA,USA,0.0542,4,False
2022-11-01,FRA,USA,0.0663,2,False
2022-12-01,FRA,USA,0.0736,4,False
2023-01-01,FRA,USA,0.0465,4,True
2023-02-01,FRA,USA,0.1187,4,False
2023-03-01,FRA,USA,0.2352,2,False
2023-04-01,FRA,USA,0.2745,2,False
2023-05-01,FRA,USA,0.2936,2,False
2023-06-01,FRA,USA,0.2773,4,False
2023-07-01,FRA,USA,0.264,2,False
2023-08-01,FRA,USA,0.319,2,False
2023-09-01,FRA,USA,0.1565,1,False
2023-10-01,FRA,USA,0.1823,1,False
2023-11-01,FRA,USA,0.159,1,False
2023-12-01,FRA,USA,0.0756,1,False
2024-01-01,FRA,USA,0.0578,1,False
2024-02-01,FRA,USA,0.0555,1,False
2024-03-01,FRA,USA,0.0279,1,True
2024-04-01,FRA,USA,0.0008,1,True
2024-05-01,FRA,USA,0.0008,1,True
2024-06-01,FRA,USA,0.0008,1,True
2024-07-01,FRA,USA,0.0006,1,True
2024-08-01,FRA,USA,0.0004,1,True
2024-09-01,FRA,USA,0.0006,1,True
2024-10-01,FRA,USA,0.0008,1,True
2024-11-01,FRA,USA,0.0003,1,True
2024-12-01,FRA,USA,0.0001,1,True
2025-01-01,FRA,USA,0.0015,1,True
2025-02-01,FRA,USA,0.0106,1,True
2025-03-01,FRA,USA,0.0732,1,False
2025-04-01,FRA,USA,0.0982,1,False
2025-05-01,FRA,USA,0.0823,1,False
2025-06-01,FRA,USA,0.129,1,False
2025-07-01,FRA,USA,0.135,1,False
2025-08-01,FRA,USA,0.0972,3,False
2025-09-01,FRA,USA,0.063,4,False
2025-10-01,FRA,USA,0.0288,3,True
2025-11-01,FRA,USA,0.0324,3,True
2025-12-01,FRA,USA,0.0241,3,True
2026-01-01,FRA,USA,0.0358,3,True
2026-02-01,FRA,USA,0.0266,3,True
2026-03-01,FRA,USA,0.0113,3,True
2015-01-01,FRA,DEU,0.0733,3,False
2015-02-01,FRA,DEU,0.0227,1,True
2015-03-01,FRA,DEU,0.0478,1,True
2015-04-01,FRA,DEU,0.0779,1,False
2015-05-01,FRA,DEU,0.1935,3,False
2015-06-01,FRA,DEU,0.0646,1,False
2015-07-01,FRA,DEU,0.2097,1,False
2015-08-01,FRA,DEU,0.0968,1,False
2015-09-01,FRA,DEU,0.3782,1,False
2015-10-01,FRA,DEU,0.3853,1,False
2015-11-01,FRA,DEU,0.3409,1,False
2015-12-01,FRA,DEU,0.3342,1,False
2016-01-01,FRA,DEU,0.165,1,False
2016-02-01,FRA,DEU,0.262,2,False
2016-03-01,FRA,DEU,0.3301,2,False
2016-04-01,FRA,DEU,0.4035,2,False
2016-05-01,FRA,DEU,0.4852,1,False
2016-06-01,FRA,DEU,0.4753,1,False
2016-07-01,FRA,DEU,0.3583,1,False
2016-08-01,FRA,DEU,0.5585,1,False
2016-09-01,FRA,DEU,0.4458,1,False
2016-10-01,FRA,DEU,0.4958,1,False
2016-11-01,FRA,DEU,0.5659,1,False
2016-12-01,FRA,DEU,0.6089,1,False
2017-01-01,FRA,DEU,0.4625,1,False
2017-02-01,FRA,DEU,0.4945,1,False
2017-03-01,FRA,DEU,0.4713,1,False
2017-04-01,FRA,DEU,0.3381,1,False
2017-05-01,FRA,DEU,0.2497,1,False
2017-06-01,FRA,DEU,0.1202,1,False
2017-07-01,FRA,DEU,0.2708,1,False
2017-08-01,FRA,DEU,0.4611,1,False
2017-09-01,FRA,DEU,0.5929,1,False
2017-10-01,FRA,DEU,0.6244,1,False
2017-11-01,FRA,DEU,0.6422,1,False
2017-12-01,FRA,DEU,0.5359,1,False
2018-01-01,FRA,DEU,0.7399,1,False
2018-02-01,FRA,DEU,0.7064,1,False
2018-03-01,FRA,DEU,0.7131,1,False
2018-04-01,FRA,DEU,0.4741,1,False
2018-05-01,FRA,DEU,0.4658,1,False
2018-06-01,FRA,DEU,0.4848,1,False
2018-07-01,FRA,DEU,0.7139,1,False
2018-08-01,FRA,DEU,0.6409,1,False
2018-09-01,FRA,DEU,0.7332,3,False
2018-10-01,FRA,DEU,0.6259,1,False
2018-11-01,FRA,DEU,0.7658,3,False
2018-12-01,FRA,DEU,0.4598,2,False
2019-01-01,FRA,DEU,0.5569,2,False
2019-02-01,FRA,DEU,0.5392,2,False
2019-03-01,FRA,DEU,0.9018,2,False
2019-04-01,FRA,DEU,0.8322,1,False
2019-05-01,FRA,DEU,0.7722,1,False
2019-06-01,FRA,DEU,0.7357,1,False
2019-07-01,FRA,DEU,0.7398,2,False
2019-08-01,FRA,DEU,0.8331,4,False
2019-09-01,FRA,DEU,0.7548,4,False
2019-10-01,FRA,DEU,0.6757,1,False
2019-11-01,FRA,DEU,0.6112,2,False
2019-12-01,FRA,DEU,0.5386,4,False
2020-01-01,FRA,DEU,0.3956,4,False
2020-02-01,FRA,DEU,0.4979,1,False
2020-03-01,FRA,DEU,0.3879,1,False
2020-04-01,FRA,DEU,0.1175,4,False
2020-05-01,FRA,DEU,0.1217,4,False
2020-06-01,FRA,DEU,0.0818,4,False
2020-07-01,FRA,DEU,0.2004,4,False
2020-08-01,FRA,DEU,0.0269,4,True
2020-09-01,FRA,DEU,0.0156,4,True
2020-10-01,FRA,DEU,0.0093,4,True
2020-11-01,FRA,DEU,0.0112,4,True
2020-12-01,FRA,DEU,0.0213,4,True
2021-01-01,FRA,DEU,0.0293,4,True
2021-02-01,FRA,DEU,0.0479,4,True
2021-03-01,FRA,DEU,0.211,4,False
2021-04-01,FRA,DEU,0.2059,4,False
2021-05-01,FRA,DEU,0.2029,4,False
2021-06-01,FRA,DEU,0.2024,4,False
2021-07-01,FRA,DEU,0.2727,4,False
2021-08-01,FRA,DEU,0.2836,4,False
2021-09-01,FRA,DEU,0.5394,4,False
2021-10-01,FRA,DEU,0.473,2,False
2021-11-01,FRA,DEU,0.3146,4,False
2021-12-01,FRA,DEU,0.358,4,False
2022-01-01,FRA,DEU,0.3164,4,False
2022-02-01,FRA,DEU,0.7552,1,False
2022-03-01,FRA,DEU,0.411,1,False
2022-04-01,FRA,DEU,0.5468,1,False
2022-05-01,FRA,DEU,0.5998,1,False
2022-06-01,FRA,DEU,0.5085,1,False
2022-07-01,FRA,DEU,0.6424,1,False
2022-08-01,FRA,DEU,0.8149,1,False
2022-09-01,FRA,DEU,0.8499,2,False
2022-10-01,FRA,DEU,0.7296,2,False
2022-11-01,FRA,DEU,0.6852,2,False
2022-12-01,FRA,DEU,0.5959,2,False
2023-01-01,FRA,DEU,0.5022,1,False
2023-02-01,FRA,DEU,0.3983,1,False
2023-03-01,FRA,DEU,0.2586,1,False
2023-04-01,FRA,DEU,0.3655,1,False
2023-05-01,FRA,DEU,0.3451,4,False
2023-06-01,FRA,DEU,0.2843,4,False
2023-07-01,FRA,DEU,0.2896,4,False
2023-08-01,FRA,DEU,0.2945,4,False
2023-09-01,FRA,DEU,0.2188,4,False
2023-10-01,FRA,DEU,0.2239,4,False
2023-11-01,FRA,DEU,0.2905,4,False
2023-12-01,FRA,DEU,0.1668,4,False
2024-01-01,FRA,DEU,0.2413,4,False
2024-02-01,FRA,DEU,0.3837,1,False
2024-03-01,FRA,DEU,0.1713,1,False
2024-04-01,FRA,DEU,0.0364,1,True
2024-05-01,FRA,DEU,0.0125,1,True
2024-06-01,FRA,DEU,0.0076,1,True
2024-07-01,FRA,DEU,0.0048,1,True
2024-08-01,FRA,DEU,0.0021,1,True
2024-09-01,FRA,DEU,0.002,1,True
2024-10-01,FRA,DEU,0.001,1,True
2024-11-01,FRA,DEU,0.0008,1,True
2024-12-01,FRA,DEU,0.0001,1,True
2025-01-01,FRA,DEU,0.001,1,True
2025-02-01,FRA,DEU,0.0099,1,True
2025-03-01,FRA,DEU,0.0711,1,False
2025-04-01,FRA,DEU,0.0992,1,False
2025-05-01,FRA,DEU,0.1849,1,False
2025-06-01,FRA,DEU,0.2958,1,False
2025-07-01,FRA,DEU,0.2882,1,False
2025-08-01,FRA,DEU,0.4157,1,False
2025-09-01,FRA,DEU,0.4065,1,False
2025-10-01,FRA,DEU,0.3751,3,False
2025-11-01,FRA,DEU,0.3351,3,False
2025-12-01,FRA,DEU,0.2997,3,False
2026-01-01,FRA,DEU,0.2902,3,False
2026-02-01,FRA,DEU,0.2142,3,False
2026-03-01,FRA,DEU,0.255,3,False
2015-01-01,FRA,JPN,0.3942,4,False
2015-02-01,FRA,JPN,0.3175,4,False
2015-03-01,FRA,JPN,0.3261,4,False
2015-04-01,FRA,JPN,0.2354,4,False
2015-05-01,FRA,JPN,0.4237,4,False
2015-06-01,FRA,JPN,0.4986,4,False
2015-07-01,FRA,JPN,0.334,4,False
2015-08-01,FRA,JPN,0.3772,4,False
2015-09-01,FRA,JPN,0.3689,4,False
2015-10-01,FRA,JPN,0.3273,4,False
2015-11-01,FRA,JPN,0.2699,4,False
2015-12-01,FRA,JPN,0.4409,4,False
2016-01-01,FRA,JPN,0.1889,4,False
2016-02-01,FRA,JPN,0.2629,4,False
2016-03-01,FRA,JPN,0.1974,4,False
2016-04-01,FRA,JPN,0.2745,4,False
2016-05-01,FRA,JPN,0.2977,4,False
2016-06-01,FRA,JPN,0.2086,3,False
2016-07-01,FRA,JPN,0.0959,2,False
2016-08-01,FRA,JPN,0.0775,2,False
2016-09-01,FRA,JPN,0.0784,2,False
2016-10-01,FRA,JPN,0.0482,2,True
2016-11-01,FRA,JPN,0.0362,2,True
2016-12-01,FRA,JPN,0.0269,2,True
2017-01-01,FRA,JPN,0.0436,2,True
2017-02-01,FRA,JPN,0.0577,1,False
2017-03-01,FRA,JPN,0.1044,2,False
2017-04-01,FRA,JPN,0.0561,2,False
2017-05-01,FRA,JPN,0.0373,1,True
2017-06-01,FRA,JPN,0.073,1,False
2017-07-01,FRA,JPN,0.3793,1,False
2017-08-01,FRA,JPN,0.6409,1,False
2017-09-01,FRA,JPN,0.6323,1,False
2017-10-01,FRA,JPN,0.6759,1,False
2017-11-01,FRA,JPN,0.6926,3,False
2017-12-01,FRA,JPN,0.5838,2,False
2018-01-01,FRA,JPN,0.5272,1,False
2018-02-01,FRA,JPN,0.5382,2,False
2018-03-01,FRA,JPN,0.6563,2,False
2018-04-01,FRA,JPN,0.4117,1,False
2018-05-01,FRA,JPN,0.445,1,False
2018-06-01,FRA,JPN,0.3395,1,False
2018-07-01,FRA,JPN,0.4037,1,False
2018-08-01,FRA,JPN,0.3514,1,False
2018-09-01,FRA,JPN,0.1851,1,False
2018-10-01,FRA,JPN,0.2288,1,False
2018-11-01,FRA,JPN,0.3009,1,False
2018-12-01,FRA,JPN,0.2842,1,False
2019-01-01,FRA,JPN,0.6544,1,False
2019-02-01,FRA,JPN,0.516,1,False
2019-03-01,FRA,JPN,0.7492,2,False
2019-04-01,FRA,JPN,0.7851,2,False
2019-05-01,FRA,JPN,0.8645,2,False
2019-06-01,FRA,JPN,0.671,1,False
2019-07-01,FRA,JPN,0.4629,1,False
2019-08-01,FRA,JPN,0.6026,1,False
2019-09-01,FRA,JPN,0.5871,4,False
2019-10-01,FRA,JPN,0.4363,3,False
2019-11-01,FRA,JPN,0.1167,2,False
2019-12-01,FRA,JPN,0.0937,1,False
2020-01-01,FRA,JPN,0.0727,1,False
2020-02-01,FRA,JPN,0.1072,1,False
2020-03-01,FRA,JPN,0.0629,2,False
2020-04-01,FRA,JPN,0.0518,1,False
2020-05-01,FRA,JPN,0.0704,1,False
2020-06-01,FRA,JPN,0.0547,1,False
2020-07-01,FRA,JPN,0.0489,1,True
2020-08-01,FRA,JPN,0.204,1,False
2020-09-01,FRA,JPN,0.2321,2,False
2020-10-01,FRA,JPN,0.1975,1,False
2020-11-01,FRA,JPN,0.2293,1,False
2020-12-01,FRA,JPN,0.5587,1,False
2021-01-01,FRA,JPN,0.5536,1,False
2021-02-01,FRA,JPN,0.4752,1,False
2021-03-01,FRA,JPN,0.5317,1,False
2021-04-01,FRA,JPN,0.449,2,False
2021-05-01,FRA,JPN,0.5687,2,False
2021-06-01,FRA,JPN,0.3721,2,False
2021-07-01,FRA,JPN,0.6016,2,False
2021-08-01,FRA,JPN,0.6576,2,False
2021-09-01,FRA,JPN,0.3934,2,False
2021-10-01,FRA,JPN,0.2343,2,False
2021-11-01,FRA,JPN,0.203,2,False
2021-12-01,FRA,JPN,0.1735,2,False
2022-01-01,FRA,JPN,0.1783,1,False
2022-02-01,FRA,JPN,0.0858,2,False
2022-03-01,FRA,JPN,0.0302,2,True
2022-04-01,FRA,JPN,0.0221,2,True
2022-05-01,FRA,JPN,0.0211,2,True
2022-06-01,FRA,JPN,0.0204,2,True
2022-07-01,FRA,JPN,0.0065,2,True
2022-08-01,FRA,JPN,0.0078,2,True
2022-09-01,FRA,JPN,0.0181,2,True
2022-10-01,FRA,JPN,0.0172,2,True
2022-11-01,FRA,JPN,0.0045,2,True
2022-12-01,FRA,JPN,0.0039,1,True
2023-01-01,FRA,JPN,0.0052,1,True
2023-02-01,FRA,JPN,0.0044,2,True
2023-03-01,FRA,JPN,0.0018,1,True
2023-04-01,FRA,JPN,0.0019,1,True
2023-05-01,FRA,JPN,0.0015,1,True
2023-06-01,FRA,JPN,0.0018,1,True
2023-07-01,FRA,JPN,0.0157,1,True
2023-08-01,FRA,JPN,0.047,3,True
2023-09-01,FRA,JPN,0.0528,1,False
2023-10-01,FRA,JPN,0.0237,1,True
2023-11-01,FRA,JPN,0.0473,1,True
2023-12-01,FRA,JPN,0.0511,1,False
2024-01-01,FRA,JPN,0.0435,3,True
2024-02-01,FRA,JPN,0.0199,1,True
2024-03-01,FRA,JPN,0.0156,1,True
2024-04-01,FRA,JPN,0.0357,3,True
2024-05-01,FRA,JPN,0.1906,1,False
2024-06-01,FRA,JPN,0.2902,1,False
2024-07-01,FRA,JPN,0.3109,3,False
2024-08-01,FRA,JPN,0.4199,1,False
2024-09-01,FRA,JPN,0.5006,1,False
2024-10-01,FRA,JPN,0.2409,3,False
2024-11-01,FRA,JPN,0.0552,3,False
2024-12-01,FRA,JPN,0.062,3,False
2025-01-01,FRA,JPN,0.055,3,False
2025-02-01,FRA,JPN,0.0332,3,True
2025-03-01,FRA,JPN,0.1047,3,False
2025-04-01,FRA,JPN,0.1101,3,False
2025-05-01,FRA,JPN,0.1002,2,False
2025-06-01,FRA,JPN,0.1228,2,False
2025-07-01,FRA,JPN,0.0924,2,False
2025-08-01,FRA,JPN,0.106,2,False
2025-09-01,FRA,JPN,0.1454,2,False
2025-10-01,FRA,JPN,0.1605,2,False
2025-11-01,FRA,JPN,0.1428,2,False
2025-12-01,FRA,JPN,0.1748,2,False
2026-01-01,FRA,JPN,0.1871,2,False
2026-02-01,FRA,JPN,0.1512,2,False
2026-03-01,FRA,JPN,0.0984,2,False
2015-01-01,JPN,IND,0.0384,3,True
2015-02-01,JPN,IND,0.0319,3,True
2015-03-01,JPN,IND,0.0486,3,True
2015-04-01,JPN,IND,0.0621,1,False
2015-05-01,JPN,IND,0.1493,3,False
2015-06-01,JPN,IND,0.2063,1,False
2015-07-01,JPN,IND,0.1765,1,False
2015-08-01,JPN,IND,0.0657,1,False
2015-09-01,JPN,IND,0.1842,1,False
2015-10-01,JPN,IND,0.1264,1,False
2015-11-01,JPN,IND,0.095,1,False
2015-12-01,JPN,IND,0.1138,1,False
2016-01-01,JPN,IND,0.1014,1,False
2016-02-01,JPN,IND,0.1564,1,False
2016-03-01,JPN,IND,0.2002,1,False
2016-04-01,JPN,IND,0.2473,3,False
2016-05-01,JPN,IND,0.3037,3,False
2016-06-01,JPN,IND,0.5604,1,False
2016-07-01,JPN,IND,0.4975,1,False
2016-08-01,JPN,IND,0.5874,2,False
2016-09-01,JPN,IND,0.2688,4,False
2016-10-01,JPN,IND,0.1638,3,False
2016-11-01,JPN,IND,0.1,2,False
2016-12-01,JPN,IND,0.0869,2,False
2017-01-01,JPN,IND,0.2022,2,False
2017-02-01,JPN,IND,0.1909,2,False
2017-03-01,JPN,IND,0.3393,2,False
2017-04-01,JPN,IND,0.2993,1,False
2017-05-01,JPN,IND,0.2903,1,False
2017-06-01,JPN,IND,0.5211,2,False
2017-07-01,JPN,IND,0.6785,3,False
2017-08-01,JPN,IND,0.5676,1,False
2017-09-01,JPN,IND,0.5788,1,False
2017-10-01,JPN,IND,0.5629,1,False
2017-11-01,JPN,IND,0.4815,1,False
2017-12-01,JPN,IND,0.3512,1,False
2018-01-01,JPN,IND,0.3491,1,False
2018-02-01,JPN,IND,0.3735,1,False
2018-03-01,JPN,IND,0.3666,1,False
2018-04-01,JPN,IND,0.3973,1,False
2018-05-01,JPN,IND,0.3121,1,False
2018-06-01,JPN,IND,0.3222,4,False
2018-07-01,JPN,IND,0.2241,3,False
2018-08-01,JPN,IND,0.2373,3,False
2018-09-01,JPN,IND,0.24,3,False
2018-10-01,JPN,IND,0.2073,1,False
2018-11-01,JPN,IND,0.1873,1,False
2018-12-01,JPN,IND,0.2006,4,False
2019-01-01,JPN,IND,0.2523,1,False
2019-02-01,JPN,IND,0.2498,1,False
2019-03-01,JPN,IND,0.2159,1,False
2019-04-01,JPN,IND,0.2335,1,False
2019-05-01,JPN,IND,0.1158,1,False
2019-06-01,JPN,IND,0.1529,1,False
2019-07-01,JPN,IND,0.1008,1,False
2019-08-01,JPN,IND,0.18,1,False
2019-09-01,JPN,IND,0.1477,1,False
2019-10-01,JPN,IND,0.1645,1,False
2019-11-01,JPN,IND,0.1683,1,False
2019-12-01,JPN,IND,0.1293,1,False
2020-01-01,JPN,IND,0.1238,1,False
2020-02-01,JPN,IND,0.4303,4,False
2020-03-01,JPN,IND,0.2269,4,False
2020-04-01,JPN,IND,0.2215,4,False
2020-05-01,JPN,IND,0.2603,2,False
2020-06-01,JPN,IND,0.1556,2,False
2020-07-01,JPN,IND,0.1414,2,False
2020-08-01,JPN,IND,0.1286,2,False
2020-09-01,JPN,IND,0.1019,2,False
2020-10-01,JPN,IND,0.0483,3,True
2020-11-01,JPN,IND,0.0316,2,True
2020-12-01,JPN,IND,0.0239,3,True
2021-01-01,JPN,IND,0.0318,1,True
2021-02-01,JPN,IND,0.0223,1,True
2021-03-01,JPN,IND,0.0249,1,True
2021-04-01,JPN,IND,0.0192,1,True
2021-05-01,JPN,IND,0.0179,1,True
2021-06-01,JPN,IND,0.0185,1,True
2021-07-01,JPN,IND,0.0247,1,True
2021-08-01,JPN,IND,0.0217,1,True
2021-09-01,JPN,IND,0.0288,1,True
2021-10-01,JPN,IND,0.0252,1,True
2021-11-01,JPN,IND,0.0329,1,True
2021-12-01,JPN,IND,0.0716,1,False
2022-01-01,JPN,IND,0.058,1,False
2022-02-01,JPN,IND,0.038,1,True
2022-03-01,JPN,IND,0.2177,1,False
2022-04-01,JPN,IND,0.1133,1,False
2022-05-01,JPN,IND,0.3171,1,False
2022-06-01,JPN,IND,0.5955,1,False
2022-07-01,JPN,IND,0.5391,4,False
2022-08-01,JPN,IND,0.478,4,False
2022-09-01,JPN,IND,0.0953,4,False
2022-10-01,JPN,IND,0.1466,4,False
2022-11-01,JPN,IND,0.1245,2,False
2022-12-01,JPN,IND,0.0641,1,False
2023-01-01,JPN,IND,0.1274,1,False
2023-02-01,JPN,IND,0.4174,4,False
2023-03-01,JPN,IND,0.402,4,False
2023-04-01,JPN,IND,0.4287,4,False
2023-05-01,JPN,IND,0.0671,4,False
2023-06-01,JPN,IND,0.0743,4,False
2023-07-01,JPN,IND,0.2242,4,False
2023-08-01,JPN,IND,0.2577,4,False
2023-09-01,JPN,IND,0.2358,3,False
2023-10-01,JPN,IND,0.4147,2,False
2023-11-01,JPN,IND,0.5017,4,False
2023-12-01,JPN,IND,0.5295,3,False
2024-01-01,JPN,IND,0.1898,1,False
2024-02-01,JPN,IND,0.1902,1,False
2024-03-01,JPN,IND,0.0638,3,False
2024-04-01,JPN,IND,0.0181,1,True
2024-05-01,JPN,IND,0.0055,1,True
2024-06-01,JPN,IND,0.0065,3,True
2024-07-01,JPN,IND,0.0026,3,True
2024-08-01,JPN,IND,0.0009,2,True
2024-09-01,JPN,IND,0.0001,1,True
2024-10-01,JPN,IND,0.0,1,True
2024-11-01,JPN,IND,0.0,2,True
2024-12-01,JPN,IND,0.0,1,True
2025-01-01,JPN,IND,0.0001,1,True
2025-02-01,JPN,IND,0.0002,3,True
2025-03-01,JPN,IND,0.0003,1,True
2025-04-01,JPN,IND,0.005,1,True
2025-05-01,JPN,IND,0.0245,1,True
2025-06-01,JPN,IND,0.0756,1,False
2025-07-01,JPN,IND,0.1458,1,False
2025-08-01,JPN,IND,0.4112,2,False
2025-09-01,JPN,IND,0.377,2,False
2025-10-01,JPN,IND,0.3152,2,False
2025-11-01,JPN,IND,0.4385,2,False
2025-12-01,JPN,IND,0.3637,2,False
2026-01-01,JPN,IND,0.226,1,False
2026-02-01,JPN,IND,0.2487,1,False
2026-03-01,JPN,IND,0.0916,1,False
2015-01-01,JPN,CHN,0.0044,1,True
2015-02-01,JPN,CHN,0.0025,1,True
2015-03-01,JPN,CHN,0.0038,1,True
2015-04-01,JPN,CHN,0.0824,1,False
2015-05-01,JPN,CHN,0.075,1,False
2015-06-01,JPN,CHN,0.0467,2,True
2015-07-01,JPN,CHN,0.0496,1,True
2015-08-01,JPN,CHN,0.0664,1,False
2015-09-01,JPN,CHN,0.0478,1,True
2015-10-01,JPN,CHN,0.1136,1,False
2015-11-01,JPN,CHN,0.1086,1,False
2015-12-01,JPN,CHN,0.1112,1,False
2016-01-01,JPN,CHN,0.1114,1,False
2016-02-01,JPN,CHN,0.117,1,False
2016-03-01,JPN,CHN,0.1233,1,False
2016-04-01,JPN,CHN,0.0969,1,False
2016-05-01,JPN,CHN,0.0997,1,False
2016-06-01,JPN,CHN,0.103,1,False
2016-07-01,JPN,CHN,0.1322,1,False
2016-08-01,JPN,CHN,0.0919,1,False
2016-09-01,JPN,CHN,0.0921,4,False
2016-10-01,JPN,CHN,0.0444,4,True
2016-11-01,JPN,CHN,0.0386,3,True
2016-12-01,JPN,CHN,0.0589,4,False
2017-01-01,JPN,CHN,0.0177,1,True
2017-02-01,JPN,CHN,0.0751,3,False
2017-03-01,JPN,CHN,0.0856,3,False
2017-04-01,JPN,CHN,0.0683,4,False
2017-05-01,JPN,CHN,0.0988,4,False
2017-06-01,JPN,CHN,0.0824,4,False
2017-07-01,JPN,CHN,0.0418,4,True
2017-08-01,JPN,CHN,0.0155,4,True
2017-09-01,JPN,CHN,0.0031,4,True
2017-10-01,JPN,CHN,0.0049,3,True
2017-11-01,JPN,CHN,0.0064,2,True
2017-12-01,JPN,CHN,0.0009,1,True
2018-01-01,JPN,CHN,0.0059,1,True
2018-02-01,JPN,CHN,0.0118,1,True
2018-03-01,JPN,CHN,0.0201,3,True
2018-04-01,JPN,CHN,0.0133,3,True
2018-05-01,JPN,CHN,0.0395,1,True
2018-06-01,JPN,CHN,0.0041,1,True
2018-07-01,JPN,CHN,0.0373,1,True
2018-08-01,JPN,CHN,0.1011,1,False
2018-09-01,JPN,CHN,0.1306,1,False
2018-10-01,JPN,CHN,0.3558,1,False
2018-11-01,JPN,CHN,0.5206,1,False
2018-12-01,JPN,CHN,0.3683,4,False
2019-01-01,JPN,CHN,0.4101,4,False
2019-02-01,JPN,CHN,0.2801,4,False
2019-03-01,JPN,CHN,0.1358,4,False
2019-04-01,JPN,CHN,0.1002,4,False
2019-05-01,JPN,CHN,0.1166,4,False
2019-06-01,JPN,CHN,0.1225,1,False
2019-07-01,JPN,CHN,0.1257,1,False
2019-08-01,JPN,CHN,0.1068,1,False
2019-09-01,JPN,CHN,0.0998,1,False
2019-10-01,JPN,CHN,0.1031,1,False
2019-11-01,JPN,CHN,0.0982,1,False
2019-12-01,JPN,CHN,0.0839,1,False
2020-01-01,JPN,CHN,0.0463,2,True
2020-02-01,JPN,CHN,0.046,2,True
2020-03-01,JPN,CHN,0.0263,2,True
2020-04-01,JPN,CHN,0.0189,2,True
2020-05-01,JPN,CHN,0.0102,2,True
2020-06-01,JPN,CHN,0.0402,2,True
2020-07-01,JPN,CHN,0.0083,2,True
2020-08-01,JPN,CHN,0.0079,2,True
2020-09-01,JPN,CHN,0.0108,3,True
2020-10-01,JPN,CHN,0.0464,2,True
2020-11-01,JPN,CHN,0.1523,2,False
2020-12-01,JPN,CHN,0.1171,2,False
2021-01-01,JPN,CHN,0.1458,2,False
2021-02-01,JPN,CHN,0.0917,2,False
2021-03-01,JPN,CHN,0.0443,2,True
2021-04-01,JPN,CHN,0.0432,2,True
2021-05-01,JPN,CHN,0.0368,2,True
2021-06-01,JPN,CHN,0.0395,2,True
2021-07-01,JPN,CHN,0.0165,2,True
2021-08-01,JPN,CHN,0.0453,2,True
2021-09-01,JPN,CHN,0.0441,2,True
2021-10-01,JPN,CHN,0.0532,2,False
2021-11-01,JPN,CHN,0.0321,2,True
2021-12-01,JPN,CHN,0.042,2,True
2022-01-01,JPN,CHN,0.0332,2,True
2022-02-01,JPN,CHN,0.0191,2,True
2022-03-01,JPN,CHN,0.0337,2,True
2022-04-01,JPN,CHN,0.0237,2,True
2022-05-01,JPN,CHN,0.0367,2,True
2022-06-01,JPN,CHN,0.0647,2,False
2022-07-01,JPN,CHN,0.1525,3,False
2022-08-01,JPN,CHN,0.2362,2,False
2022-09-01,JPN,CHN,0.2325,2,False
2022-10-01,JPN,CHN,0.2353,2,False
2022-11-01,JPN,CHN,0.1913,2,False
2022-12-01,JPN,CHN,0.2441,2,False
2023-01-01,JPN,CHN,0.2565,2,False
2023-02-01,JPN,CHN,0.3363,2,False
2023-03-01,JPN,CHN,0.3629,2,False
2023-04-01,JPN,CHN,0.3128,2,False
2023-05-01,JPN,CHN,0.342,2,False
2023-06-01,JPN,CHN,0.3281,2,False
2023-07-01,JPN,CHN,0.5882,2,False
2023-08-01,JPN,CHN,0.4677,3,False
2023-09-01,JPN,CHN,0.3673,2,False
2023-10-01,JPN,CHN,0.3688,2,False
2023-11-01,JPN,CHN,0.426,1,False
2023-12-01,JPN,CHN,0.4826,1,False
2024-01-01,JPN,CHN,0.471,1,False
2024-02-01,JPN,CHN,0.49,1,False
2024-03-01,JPN,CHN,0.3754,1,False
2024-04-01,JPN,CHN,0.3603,1,False
2024-05-01,JPN,CHN,0.2235,4,False
2024-06-01,JPN,CHN,0.0713,4,False
2024-07-01,JPN,CHN,0.0292,3,True
2024-08-01,JPN,CHN,0.0162,2,True
2024-09-01,JPN,CHN,0.0043,1,True
2024-10-01,JPN,CHN,0.0156,1,True
2024-11-01,JPN,CHN,0.0109,1,True
2024-12-01,JPN,CHN,0.008,1,True
2025-01-01,JPN,CHN,0.0543,1,False
2025-02-01,JPN,CHN,0.1165,1,False
2025-03-01,JPN,CHN,0.0541,1,False
2025-04-01,JPN,CHN,0.1441,1,False
2025-05-01,JPN,CHN,0.0649,2,False
2025-06-01,JPN,CHN,0.0244,1,True
2025-07-01,JPN,CHN,0.0336,1,True
2025-08-01,JPN,CHN,0.1352,1,False
2025-09-01,JPN,CHN,0.2999,1,False
2025-10-01,JPN,CHN,0.0394,1,True
2025-11-01,JPN,CHN,0.0332,1,True
2025-12-01,JPN,CHN,0.0367,1,True
2026-01-01,JPN,CHN,0.0332,1,True
2026-02-01,JPN,CHN,0.0394,1,True
2026-03-01,JPN,CHN,0.0773,1,False
2015-01-01,JPN,VNM,0.5371,1,False
2015-02-01,JPN,VNM,0.4372,1,False
2015-03-01,JPN,VNM,0.2781,1,False
2015-04-01,JPN,VNM,0.3008,1,False
2015-05-01,JPN,VNM,0.412,2,False
2015-06-01,JPN,VNM,0.2386,2,False
2015-07-01,JPN,VNM,0.1282,3,False
2015-08-01,JPN,VNM,0.0986,2,False
2015-09-01,JPN,VNM,0.0977,2,False
2015-10-01,JPN,VNM,0.1932,3,False
2015-11-01,JPN,VNM,0.2684,2,False
2015-12-01,JPN,VNM,0.2107,3,False
2016-01-01,JPN,VNM,0.2073,3,False
2016-02-01,JPN,VNM,0.2094,3,False
2016-03-01,JPN,VNM,0.2023,3,False
2016-04-01,JPN,VNM,0.1931,3,False
2016-05-01,JPN,VNM,0.2085,3,False
2016-06-01,JPN,VNM,0.2062,3,False
2016-07-01,JPN,VNM,0.1782,3,False
2016-08-01,JPN,VNM,0.1191,3,False
2016-09-01,JPN,VNM,0.1518,1,False
2016-10-01,JPN,VNM,0.1553,3,False
2016-11-01,JPN,VNM,0.1368,3,False
2016-12-01,JPN,VNM,0.1313,3,False
2017-01-01,JPN,VNM,0.1258,3,False
2017-02-01,JPN,VNM,0.0708,4,False
2017-03-01,JPN,VNM,0.0292,3,True
2017-04-01,JPN,VNM,0.1136,1,False
2017-05-01,JPN,VNM,0.1076,1,False
2017-06-01,JPN,VNM,0.1008,1,False
2017-07-01,JPN,VNM,0.1146,1,False
2017-08-01,JPN,VNM,0.1099,1,False
2017-09-01,JPN,VNM,0.0655,1,False
2017-10-01,JPN,VNM,0.018,1,True
2017-11-01,JPN,VNM,0.0071,1,True
2017-12-01,JPN,VNM,0.0005,1,True
2018-01-01,JPN,VNM,0.0,1,True
2018-02-01,JPN,VNM,0.0001,1,True
2018-03-01,JPN,VNM,0.0001,1,True
2018-04-01,JPN,VNM,0.0018,1,True
2018-05-01,JPN,VNM,0.0075,1,True
2018-06-01,JPN,VNM,0.0039,1,True
2018-07-01,JPN,VNM,0.0093,1,True
2018-08-01,JPN,VNM,0.0192,1,True
2018-09-01,JPN,VNM,0.0146,1,True
2018-10-01,JPN,VNM,0.0138,1,True
2018-11-01,JPN,VNM,0.0111,1,True
2018-12-01,JPN,VNM,0.0128,1,True
2019-01-01,JPN,VNM,0.0172,1,True
2019-02-01,JPN,VNM,0.0366,1,True
2019-03-01,JPN,VNM,0.025,1,True
2019-04-01,JPN,VNM,0.0542,1,False
2019-05-01,JPN,VNM,0.069,1,False
2019-06-01,JPN,VNM,0.1255,1,False
2019-07-01,JPN,VNM,0.1482,1,False
2019-08-01,JPN,VNM,0.173,1,False
2019-09-01,JPN,VNM,0.2366,1,False
2019-10-01,JPN,VNM,0.2547,1,False
2019-11-01,JPN,VNM,0.3737,1,False
2019-12-01,JPN,VNM,0.6742,2,False
2020-01-01,JPN,VNM,0.6731,4,False
2020-02-01,JPN,VNM,0.4603,1,False
2020-03-01,JPN,VNM,0.3577,4,False
2020-04-01,JPN,VNM,0.1455,4,False
2020-05-01,JPN,VNM,0.0837,4,False
2020-06-01,JPN,VNM,0.1159,3,False
2020-07-01,JPN,VNM,0.2464,2,False
2020-08-01,JPN,VNM,0.3611,1,False
2020-09-01,JPN,VNM,0.3536,4,False
2020-10-01,JPN,VNM,0.2471,3,False
2020-11-01,JPN,VNM,0.3425,4,False
2020-12-01,JPN,VNM,0.1868,3,False
2021-01-01,JPN,VNM,0.2717,2,False
2021-02-01,JPN,VNM,0.2084,1,False
2021-03-01,JPN,VNM,0.1251,1,False
2021-04-01,JPN,VNM,0.117,1,False
2021-05-01,JPN,VNM,0.069,1,False
2021-06-01,JPN,VNM,0.0749,1,False
2021-07-01,JPN,VNM,0.1085,4,False
2021-08-01,JPN,VNM,0.0592,3,False
2021-09-01,JPN,VNM,0.0243,2,True
2021-10-01,JPN,VNM,0.0422,1,True
2021-11-01,JPN,VNM,0.0774,2,False
2021-12-01,JPN,VNM,0.2813,2,False
2022-01-01,JPN,VNM,0.367,2,False
2022-02-01,JPN,VNM,0.4338,1,False
2022-03-01,JPN,VNM,0.5241,1,False
2022-04-01,JPN,VNM,0.3606,1,False
2022-05-01,JPN,VNM,0.4526,1,False
2022-06-01,JPN,VNM,0.2195,1,False
2022-07-01,JPN,VNM,0.2169,1,False
2022-08-01,JPN,VNM,0.106,1,False
2022-09-01,JPN,VNM,0.1296,1,False
2022-10-01,JPN,VNM,0.0587,1,False
2022-11-01,JPN,VNM,0.0736,1,False
2022-12-01,JPN,VNM,0.0927,1,False
2023-01-01,JPN,VNM,0.1215,4,False
2023-02-01,JPN,VNM,0.0381,3,True
2023-03-01,JPN,VNM,0.033,2,True
2023-04-01,JPN,VNM,0.0056,1,True
2023-05-01,JPN,VNM,0.006,1,True
2023-06-01,JPN,VNM,0.0081,4,True
2023-07-01,JPN,VNM,0.0202,3,True
2023-08-01,JPN,VNM,0.0171,2,True
2023-09-01,JPN,VNM,0.0342,4,True
2023-10-01,JPN,VNM,0.1589,4,False
2023-11-01,JPN,VNM,0.3814,4,False
2023-12-01,JPN,VNM,0.3549,3,False
2024-01-01,JPN,VNM,0.1353,4,False
2024-02-01,JPN,VNM,0.1221,4,False
2024-03-01,JPN,VNM,0.0994,2,False
2024-04-01,JPN,VNM,0.1129,2,False
2024-05-01,JPN,VNM,0.1003,3,False
2024-06-01,JPN,VNM,0.071,2,False
2024-07-01,JPN,VNM,0.0749,2,False
2024-08-01,JPN,VNM,0.1091,3,False
2024-09-01,JPN,VNM,0.4047,3,False
2024-10-01,JPN,VNM,0.2201,3,False
2024-11-01,JPN,VNM,0.2432,3,False
2024-12-01,JPN,VNM,0.3261,3,False
2025-01-01,JPN,VNM,0.2996,3,False
2025-02-01,JPN,VNM,0.2973,3,False
2025-03-01,JPN,VNM,0.2802,3,False
2025-04-01,JPN,VNM,0.3991,2,False
2025-05-01,JPN,VNM,0.3564,1,False
2025-06-01,JPN,VNM,0.3239,4,False
2025-07-01,JPN,VNM,0.2746,4,False
2025-08-01,JPN,VNM,0.2572,3,False
2025-09-01,JPN,VNM,0.2046,1,False
2025-10-01,JPN,VNM,0.3013,1,False
2025-11-01,JPN,VNM,0.4006,1,False
2025-12-01,JPN,VNM,0.3391,4,False
2026-01-01,JPN,VNM,0.397,4,False
2026-02-01,JPN,VNM,0.4085,4,False
2026-03-01,JPN,VNM,0.4486,4,False
2015-01-01,JPN,IDN,0.0361,1,True
2015-02-01,JPN,IDN,0.0484,1,True
2015-03-01,JPN,IDN,0.1454,1,False
2015-04-01,JPN,IDN,0.1509,1,False
2015-05-01,JPN,IDN,0.1476,1,False
2015-06-01,JPN,IDN,0.1174,1,False
2015-07-01,JPN,IDN,0.1354,1,False
2015-08-01,JPN,IDN,0.178,3,False
2015-09-01,JPN,IDN,0.1087,3,False
2015-10-01,JPN,IDN,0.1484,3,False
2015-11-01,JPN,IDN,0.2687,1,False
2015-12-01,JPN,IDN,0.2133,1,False
2016-01-01,JPN,IDN,0.2375,3,False
2016-02-01,JPN,IDN,0.1022,4,False
2016-03-01,JPN,IDN,0.0908,4,False
2016-04-01,JPN,IDN,0.0794,3,False
2016-05-01,JPN,IDN,0.0827,3,False
2016-06-01,JPN,IDN,0.4866,3,False
2016-07-01,JPN,IDN,0.5102,3,False
2016-08-01,JPN,IDN,0.5923,3,False
2016-09-01,JPN,IDN,0.6542,3,False
2016-10-01,JPN,IDN,0.7846,3,False
2016-11-01,JPN,IDN,0.7269,1,False
2016-12-01,JPN,IDN,0.6757,3,False
2017-01-01,JPN,IDN,0.5443,3,False
2017-02-01,JPN,IDN,0.5988,3,False
2017-03-01,JPN,IDN,0.4602,3,False
2017-04-01,JPN,IDN,0.2711,3,False
2017-05-01,JPN,IDN,0.4345,3,False
2017-06-01,JPN,IDN,0.3875,3,False
2017-07-01,JPN,IDN,0.3678,3,False
2017-08-01,JPN,IDN,0.4251,3,False
2017-09-01,JPN,IDN,0.3895,3,False
2017-10-01,JPN,IDN,0.4309,3,False
2017-11-01,JPN,IDN,0.1135,4,False
2017-12-01,JPN,IDN,0.0872,4,False
2018-01-01,JPN,IDN,0.2572,3,False
2018-02-01,JPN,IDN,0.2115,4,False
2018-03-01,JPN,IDN,0.1481,4,False
2018-04-01,JPN,IDN,0.115,3,False
2018-05-01,JPN,IDN,0.2229,3,False
2018-06-01,JPN,IDN,0.2171,3,False
2018-07-01,JPN,IDN,0.0551,4,False
2018-08-01,JPN,IDN,0.0505,3,False
2018-09-01,JPN,IDN,0.0469,3,True
2018-10-01,JPN,IDN,0.0306,3,True
2018-11-01,JPN,IDN,0.0279,3,True
2018-12-01,JPN,IDN,0.0284,3,True
2019-01-01,JPN,IDN,0.0374,3,True
2019-02-01,JPN,IDN,0.0412,2,True
2019-03-01,JPN,IDN,0.03,4,True
2019-04-01,JPN,IDN,0.0377,3,True
2019-05-01,JPN,IDN,0.0467,4,True
2019-06-01,JPN,IDN,0.1063,4,False
2019-07-01,JPN,IDN,0.1246,4,False
2019-08-01,JPN,IDN,0.106,4,False
2019-09-01,JPN,IDN,0.1098,4,False
2019-10-01,JPN,IDN,0.1901,4,False
2019-11-01,JPN,IDN,0.4245,4,False
2019-12-01,JPN,IDN,0.6237,3,False
2020-01-01,JPN,IDN,0.5319,4,False
2020-02-01,JPN,IDN,0.3402,3,False
2020-03-01,JPN,IDN,0.3663,3,False
2020-04-01,JPN,IDN,0.0593,4,False
2020-05-01,JPN,IDN,0.0906,3,False
2020-06-01,JPN,IDN,0.0982,3,False
2020-07-01,JPN,IDN,0.1764,3,False
2020-08-01,JPN,IDN,0.3539,3,False
2020-09-01,JPN,IDN,0.279,3,False
2020-10-01,JPN,IDN,0.2658,3,False
2020-11-01,JPN,IDN,0.1398,3,False
2020-12-01,JPN,IDN,0.115,3,False
2021-01-01,JPN,IDN,0.1557,2,False
2021-02-01,JPN,IDN,0.137,1,False
2021-03-01,JPN,IDN,0.2455,1,False
2021-04-01,JPN,IDN,0.2396,3,False
2021-05-01,JPN,IDN,0.2383,1,False
2021-06-01,JPN,IDN,0.2121,1,False
2021-07-01,JPN,IDN,0.2815,3,False
2021-08-01,JPN,IDN,0.3043,1,False
2021-09-01,JPN,IDN,0.5116,1,False
2021-10-01,JPN,IDN,0.8131,4,False
2021-11-01,JPN,IDN,0.5531,3,False
2021-12-01,JPN,IDN,0.3026,3,False
2022-01-01,JPN,IDN,0.2912,3,False
2022-02-01,JPN,IDN,0.0783,3,False
2022-03-01,JPN,IDN,0.0829,3,False
2022-04-01,JPN,IDN,0.0356,1,True
2022-05-01,JPN,IDN,0.0083,1,True
2022-06-01,JPN,IDN,0.004,1,True
2022-07-01,JPN,IDN,0.0112,1,True
2022-08-01,JPN,IDN,0.0102,1,True
2022-09-01,JPN,IDN,0.0114,1,True
2022-10-01,JPN,IDN,0.0123,3,True
2022-11-01,JPN,IDN,0.0057,3,True
2022-12-01,JPN,IDN,0.0041,3,True
2023-01-01,JPN,IDN,0.028,2,True
2023-02-01,JPN,IDN,0.0105,4,True
2023-03-01,JPN,IDN,0.0187,4,True
2023-04-01,JPN,IDN,0.1205,1,False
2023-05-01,JPN,IDN,0.1527,1,False
2023-06-01,JPN,IDN,0.1014,3,False
2023-07-01,JPN,IDN,0.1834,3,False
2023-08-01,JPN,IDN,0.2557,3,False
2023-09-01,JPN,IDN,0.1504,3,False
2023-10-01,JPN,IDN,0.3273,3,False
2023-11-01,JPN,IDN,0.1887,1,False
2023-12-01,JPN,IDN,0.1627,1,False
2024-01-01,JPN,IDN,0.2314,2,False
2024-02-01,JPN,IDN,0.2327,2,False
2024-03-01,JPN,IDN,0.3843,1,False
2024-04-01,JPN,IDN,0.5136,1,False
2024-05-01,JPN,IDN,0.542,3,False
2024-06-01,JPN,IDN,0.5695,2,False
2024-07-01,JPN,IDN,0.5865,2,False
2024-08-01,JPN,IDN,0.4985,1,False
2024-09-01,JPN,IDN,0.2403,2,False
2024-10-01,JPN,IDN,0.1501,1,False
2024-11-01,JPN,IDN,0.0879,2,False
2024-12-01,JPN,IDN,0.0456,1,True
2025-01-01,JPN,IDN,0.0128,2,True
2025-02-01,JPN,IDN,0.0014,1,True
2025-03-01,JPN,IDN,0.0078,1,True
2025-04-01,JPN,IDN,0.0199,1,True
2025-05-01,JPN,IDN,0.0216,1,True
2025-06-01,JPN,IDN,0.0739,1,False
2025-07-01,JPN,IDN,0.1775,1,False
2025-08-01,JPN,IDN,0.2723,1,False
2025-09-01,JPN,IDN,0.4147,2,False
2025-10-01,JPN,IDN,0.5079,2,False
2025-11-01,JPN,IDN,0.4223,2,False
2025-12-01,JPN,IDN,0.2686,1,False
2026-01-01,JPN,IDN,0.4426,2,False
2026-02-01,JPN,IDN,0.376,2,False
2026-03-01,JPN,IDN,0.2248,1,False
2015-01-01,JPN,THA,0.1048,4,False
2015-02-01,JPN,THA,0.348,4,False
2015-03-01,JPN,THA,0.2787,4,False
2015-04-01,JPN,THA,0.3129,2,False
2015-05-01,JPN,THA,0.1551,4,False
2015-06-01,JPN,THA,0.1496,4,False
2015-07-01,JPN,THA,0.0748,4,False
2015-08-01,JPN,THA,0.1024,4,False
2015-09-01,JPN,THA,0.0802,4,False
2015-10-01,JPN,THA,0.0689,4,False
2015-11-01,JPN,THA,0.0742,4,False
2015-12-01,JPN,THA,0.0594,4,False
2016-01-01,JPN,THA,0.1186,3,False
2016-02-01,JPN,THA,0.1267,3,False
2016-03-01,JPN,THA,0.1833,3,False
2016-04-01,JPN,THA,0.2151,3,False
2016-05-01,JPN,THA,0.2016,3,False
2016-06-01,JPN,THA,0.3002,3,False
2016-07-01,JPN,THA,0.3796,4,False
2016-08-01,JPN,THA,0.3892,4,False
2016-09-01,JPN,THA,0.3565,1,False
2016-10-01,JPN,THA,0.2532,1,False
2016-11-01,JPN,THA,0.2656,1,False
2016-12-01,JPN,THA,0.2909,1,False
2017-01-01,JPN,THA,0.5296,4,False
2017-02-01,JPN,THA,0.6332,3,False
2017-03-01,JPN,THA,0.4278,1,False
2017-04-01,JPN,THA,0.3629,1,False
2017-05-01,JPN,THA,0.3737,1,False
2017-06-01,JPN,THA,0.6044,1,False
2017-07-01,JPN,THA,0.5546,1,False
2017-08-01,JPN,THA,0.3635,1,False
2017-09-01,JPN,THA,0.431,1,False
2017-10-01,JPN,THA,0.1802,1,False
2017-11-01,JPN,THA,0.2172,2,False
2017-12-01,JPN,THA,0.2069,1,False
2018-01-01,JPN,THA,0.1835,1,False
2018-02-01,JPN,THA,0.1072,2,False
2018-03-01,JPN,THA,0.0932,2,False
2018-04-01,JPN,THA,0.0763,2,False
2018-05-01,JPN,THA,0.1024,2,False
2018-06-01,JPN,THA,0.0862,2,False
2018-07-01,JPN,THA,0.0749,2,False
2018-08-01,JPN,THA,0.0994,2,False
2018-09-01,JPN,THA,0.1183,2,False
2018-10-01,JPN,THA,0.071,3,False
2018-11-01,JPN,THA,0.0246,2,True
2018-12-01,JPN,THA,0.0213,2,True
2019-01-01,JPN,THA,0.0314,2,True
2019-02-01,JPN,THA,0.0196,2,True
2019-03-01,JPN,THA,0.0062,2,True
2019-04-01,JPN,THA,0.0049,2,True
2019-05-01,JPN,THA,0.0085,2,True
2019-06-01,JPN,THA,0.0142,2,True
2019-07-01,JPN,THA,0.0144,2,True
2019-08-01,JPN,THA,0.0171,2,True
2019-09-01,JPN,THA,0.0156,2,True
2019-10-01,JPN,THA,0.0088,2,True
2019-11-01,JPN,THA,0.0167,1,True
2019-12-01,JPN,THA,0.0398,1,True
2020-01-01,JPN,THA,0.0682,1,False
2020-02-01,JPN,THA,0.0177,1,True
2020-03-01,JPN,THA,0.0038,1,True
2020-04-01,JPN,THA,0.0039,1,True
2020-05-01,JPN,THA,0.0024,1,True
2020-06-01,JPN,THA,0.0039,1,True
2020-07-01,JPN,THA,0.0021,1,True
2020-08-01,JPN,THA,0.0046,1,True
2020-09-01,JPN,THA,0.0054,1,True
2020-10-01,JPN,THA,0.0058,1,True
2020-11-01,JPN,THA,0.0102,1,True
2020-12-01,JPN,THA,0.0093,1,True
2021-01-01,JPN,THA,0.0016,1,True
2021-02-01,JPN,THA,0.0023,1,True
2021-03-01,JPN,THA,0.0025,1,True
2021-04-01,JPN,THA,0.003,1,True
2021-05-01,JPN,THA,0.0059,1,True
2021-06-01,JPN,THA,0.0147,1,True
2021-07-01,JPN,THA,0.0233,1,True
2021-08-01,JPN,THA,0.0328,4,True
2021-09-01,JPN,THA,0.0498,1,True
2021-10-01,JPN,THA,0.052,1,False
2021-11-01,JPN,THA,0.0459,1,True
2021-12-01,JPN,THA,0.0188,1,True
2022-01-01,JPN,THA,0.0233,1,True
2022-02-01,JPN,THA,0.1768,1,False
2022-03-01,JPN,THA,0.1319,2,False
2022-04-01,JPN,THA,0.0574,1,False
2022-05-01,JPN,THA,0.0917,2,False
2022-06-01,JPN,THA,0.0637,1,False
2022-07-01,JPN,THA,0.0426,1,True
2022-08-01,JPN,THA,0.053,1,False
2022-09-01,JPN,THA,0.029,1,True
2022-10-01,JPN,THA,0.017,1,True
2022-11-01,JPN,THA,0.0176,1,True
2022-12-01,JPN,THA,0.0214,1,True
2023-01-01,JPN,THA,0.0829,1,False
2023-02-01,JPN,THA,0.1964,2,False
2023-03-01,JPN,THA,0.1873,2,False
2023-04-01,JPN,THA,0.161,2,False
2023-05-01,JPN,THA,0.2313,2,False
2023-06-01,JPN,THA,0.0803,3,False
2023-07-01,JPN,THA,0.0339,1,True
2023-08-01,JPN,THA,0.0186,1,True
2023-09-01,JPN,THA,0.0241,1,True
2023-10-01,JPN,THA,0.0551,1,False
2023-11-01,JPN,THA,0.0479,1,True
2023-12-01,JPN,THA,0.0359,1,True
2024-01-01,JPN,THA,0.0444,1,True
2024-02-01,JPN,THA,0.0252,1,True
2024-03-01,JPN,THA,0.0257,1,True
2024-04-01,JPN,THA,0.0196,1,True
2024-05-01,JPN,THA,0.006,1,True
2024-06-01,JPN,THA,0.0047,1,True
2024-07-01,JPN,THA,0.0033,1,True
2024-08-01,JPN,THA,0.0037,1,True
2024-09-01,JPN,THA,0.0041,1,True
2024-10-01,JPN,THA,0.0039,1,True
2024-11-01,JPN,THA,0.0004,1,True
2024-12-01,JPN,THA,0.0,1,True
2025-01-01,JPN,THA,0.0,1,True
2025-02-01,JPN,THA,0.0,1,True
2025-03-01,JPN,THA,0.0004,1,True
2025-04-01,JPN,THA,0.0011,1,True
2025-05-01,JPN,THA,0.0022,1,True
2025-06-01,JPN,THA,0.0032,1,True
2025-07-01,JPN,THA,0.0064,1,True
2025-08-01,JPN,THA,0.0133,1,True
2025-09-01,JPN,THA,0.0516,1,False
2025-10-01,JPN,THA,0.194,1,False
2025-11-01,JPN,THA,0.4271,1,False
2025-12-01,JPN,THA,0.4724,1,False
2026-01-01,JPN,THA,0.4071,1,False
2026-02-01,JPN,THA,0.3961,1,False
2026-03-01,JPN,THA,0.3769,1,False
2015-01-01,JPN,BRA,0.0014,2,True
2015-02-01,JPN,BRA,0.0001,1,True
2015-03-01,JPN,BRA,0.0018,1,True
2015-04-01,JPN,BRA,0.0061,1,True
2015-05-01,JPN,BRA,0.0673,1,False
2015-06-01,JPN,BRA,0.0295,3,True
2015-07-01,JPN,BRA,0.1588,1,False
2015-08-01,JPN,BRA,0.2836,1,False
2015-09-01,JPN,BRA,0.5728,1,False
2015-10-01,JPN,BRA,0.5456,1,False
2015-11-01,JPN,BRA,0.4943,1,False
2015-12-01,JPN,BRA,0.578,1,False
2016-01-01,JPN,BRA,0.4962,1,False
2016-02-01,JPN,BRA,0.4026,3,False
2016-03-01,JPN,BRA,0.3514,1,False
2016-04-01,JPN,BRA,0.2039,1,False
2016-05-01,JPN,BRA,0.1391,1,False
2016-06-01,JPN,BRA,0.2572,1,False
2016-07-01,JPN,BRA,0.2556,1,False
2016-08-01,JPN,BRA,0.55,3,False
2016-09-01,JPN,BRA,0.4593,2,False
2016-10-01,JPN,BRA,0.6603,1,False
2016-11-01,JPN,BRA,0.6588,3,False
2016-12-01,JPN,BRA,0.5017,3,False
2017-01-01,JPN,BRA,0.4505,2,False
2017-02-01,JPN,BRA,0.2166,1,False
2017-03-01,JPN,BRA,0.0546,1,False
2017-04-01,JPN,BRA,0.0068,1,True
2017-05-01,JPN,BRA,0.0026,1,True
2017-06-01,JPN,BRA,0.0002,1,True
2017-07-01,JPN,BRA,0.0002,1,True
2017-08-01,JPN,BRA,0.0018,1,True
2017-09-01,JPN,BRA,0.0037,1,True
2017-10-01,JPN,BRA,0.002,1,True
2017-11-01,JPN,BRA,0.0029,1,True
2017-12-01,JPN,BRA,0.0022,1,True
2018-01-01,JPN,BRA,0.0015,1,True
2018-02-01,JPN,BRA,0.0031,1,True
2018-03-01,JPN,BRA,0.003,1,True
2018-04-01,JPN,BRA,0.0047,1,True
2018-05-01,JPN,BRA,0.0014,1,True
2018-06-01,JPN,BRA,0.0031,1,True
2018-07-01,JPN,BRA,0.0056,1,True
2018-08-01,JPN,BRA,0.0037,1,True
2018-09-01,JPN,BRA,0.0051,1,True
2018-10-01,JPN,BRA,0.0055,1,True
2018-11-01,JPN,BRA,0.0086,1,True
2018-12-01,JPN,BRA,0.0125,1,True
2019-01-01,JPN,BRA,0.0174,2,True
2019-02-01,JPN,BRA,0.0032,3,True
2019-03-01,JPN,BRA,0.0006,2,True
2019-04-01,JPN,BRA,0.0025,1,True
2019-05-01,JPN,BRA,0.0045,1,True
2019-06-01,JPN,BRA,0.0107,1,True
2019-07-01,JPN,BRA,0.0175,2,True
2019-08-01,JPN,BRA,0.02,2,True
2019-09-01,JPN,BRA,0.0165,2,True
2019-10-01,JPN,BRA,0.0143,2,True
2019-11-01,JPN,BRA,0.0642,2,False
2019-12-01,JPN,BRA,0.091,2,False
2020-01-01,JPN,BRA,0.0492,2,True
2020-02-01,JPN,BRA,0.0191,4,True
2020-03-01,JPN,BRA,0.0435,3,True
2020-04-01,JPN,BRA,0.0158,2,True
2020-05-01,JPN,BRA,0.0275,2,True
2020-06-01,JPN,BRA,0.062,2,False
2020-07-01,JPN,BRA,0.0151,2,True
2020-08-01,JPN,BRA,0.0103,2,True
2020-09-01,JPN,BRA,0.0058,2,True
2020-10-01,JPN,BRA,0.0075,2,True
2020-11-01,JPN,BRA,0.0789,2,False
2020-12-01,JPN,BRA,0.105,1,False
2021-01-01,JPN,BRA,0.1468,1,False
2021-02-01,JPN,BRA,0.4985,4,False
2021-03-01,JPN,BRA,0.4127,1,False
2021-04-01,JPN,BRA,0.2421,1,False
2021-05-01,JPN,BRA,0.3252,1,False
2021-06-01,JPN,BRA,0.2327,2,False
2021-07-01,JPN,BRA,0.163,2,False
2021-08-01,JPN,BRA,0.12,2,False
2021-09-01,JPN,BRA,0.1119,2,False
2021-10-01,JPN,BRA,0.1072,2,False
2021-11-01,JPN,BRA,0.0969,2,False
2021-12-01,JPN,BRA,0.0722,2,False
2022-01-01,JPN,BRA,0.0556,2,False
2022-02-01,JPN,BRA,0.0785,1,False
2022-03-01,JPN,BRA,0.165,1,False
2022-04-01,JPN,BRA,0.0993,4,False
2022-05-01,JPN,BRA,0.1007,4,False
2022-06-01,JPN,BRA,0.1505,2,False
2022-07-01,JPN,BRA,0.1785,1,False
2022-08-01,JPN,BRA,0.2504,1,False
2022-09-01,JPN,BRA,0.226,2,False
2022-10-01,JPN,BRA,0.1655,2,False
2022-11-01,JPN,BRA,0.1756,2,False
2022-12-01,JPN,BRA,0.2235,2,False
2023-01-01,JPN,BRA,0.2428,2,False
2023-02-01,JPN,BRA,0.0878,2,False
2023-03-01,JPN,BRA,0.0292,2,True
2023-04-01,JPN,BRA,0.0213,1,True
2023-05-01,JPN,BRA,0.0125,1,True
2023-06-01,JPN,BRA,0.0081,1,True
2023-07-01,JPN,BRA,0.0042,1,True
2023-08-01,JPN,BRA,0.0011,1,True
2023-09-01,JPN,BRA,0.0003,1,True
2023-10-01,JPN,BRA,0.0009,1,True
2023-11-01,JPN,BRA,0.0007,1,True
2023-12-01,JPN,BRA,0.0001,1,True
2024-01-01,JPN,BRA,0.0001,1,True
2024-02-01,JPN,BRA,0.0,1,True
2024-03-01,JPN,BRA,0.0001,1,True
2024-04-01,JPN,BRA,0.0001,1,True
2024-05-01,JPN,BRA,0.0001,1,True
2024-06-01,JPN,BRA,0.0008,1,True
2024-07-01,JPN,BRA,0.0002,1,True
2024-08-01,JPN,BRA,0.0008,1,True
2024-09-01,JPN,BRA,0.0015,1,True
2024-10-01,JPN,BRA,0.0022,1,True
2024-11-01,JPN,BRA,0.0014,1,True
2024-12-01,JPN,BRA,0.0072,1,True
2025-01-01,JPN,BRA,0.004,2,True
2025-02-01,JPN,BRA,0.0005,1,True
2025-03-01,JPN,BRA,0.0007,1,True
2025-04-01,JPN,BRA,0.0014,1,True
2025-05-01,JPN,BRA,0.0017,1,True
2025-06-01,JPN,BRA,0.0089,1,True
2025-07-01,JPN,BRA,0.0168,1,True
2025-08-01,JPN,BRA,0.0454,1,True
2025-09-01,JPN,BRA,0.0224,1,True
2025-10-01,JPN,BRA,0.0111,1,True
2025-11-01,JPN,BRA,0.0537,1,False
2025-12-01,JPN,BRA,0.0412,1,True
2026-01-01,JPN,BRA,0.0663,1,False
2026-02-01,JPN,BRA,0.1008,1,False
2026-03-01,JPN,BRA,0.1213,1,False
2015-01-01,JPN,ZAF,0.0498,1,True
2015-02-01,JPN,ZAF,0.0958,1,False
2015-03-01,JPN,ZAF,0.3118,1,False
2015-04-01,JPN,ZAF,0.3812,3,False
2015-05-01,JPN,ZAF,0.3537,3,False
2015-06-01,JPN,ZAF,0.1106,2,False
2015-07-01,JPN,ZAF,0.1026,2,False
2015-08-01,JPN,ZAF,0.127,2,False
2015-09-01,JPN,ZAF,0.0593,2,False
2015-10-01,JPN,ZAF,0.2388,2,False
2015-11-01,JPN,ZAF,0.4059,2,False
2015-12-01,JPN,ZAF,0.3972,2,False
2016-01-01,JPN,ZAF,0.3983,2,False
2016-02-01,JPN,ZAF,0.3859,2,False
2016-03-01,JPN,ZAF,0.3686,2,False
2016-04-01,JPN,ZAF,0.2899,2,False
2016-05-01,JPN,ZAF,0.275,2,False
2016-06-01,JPN,ZAF,0.2737,2,False
2016-07-01,JPN,ZAF,0.2723,2,False
2016-08-01,JPN,ZAF,0.1498,2,False
2016-09-01,JPN,ZAF,0.0817,2,False
2016-10-01,JPN,ZAF,0.0825,2,False
2016-11-01,JPN,ZAF,0.0693,2,False
2016-12-01,JPN,ZAF,0.0969,2,False
2017-01-01,JPN,ZAF,0.1306,3,False
2017-02-01,JPN,ZAF,0.0724,2,False
2017-03-01,JPN,ZAF,0.0831,2,False
2017-04-01,JPN,ZAF,0.1474,2,False
2017-05-01,JPN,ZAF,0.1661,2,False
2017-06-01,JPN,ZAF,0.3202,2,False
2017-07-01,JPN,ZAF,0.3554,2,False
2017-08-01,JPN,ZAF,0.3517,2,False
2017-09-01,JPN,ZAF,0.3489,2,False
2017-10-01,JPN,ZAF,0.4898,2,False
2017-11-01,JPN,ZAF,0.4114,2,False
2017-12-01,JPN,ZAF,0.4206,2,False
2018-01-01,JPN,ZAF,0.4442,2,False
2018-02-01,JPN,ZAF,0.0736,4,False
2018-03-01,JPN,ZAF,0.0108,4,True
2018-04-01,JPN,ZAF,0.0182,4,True
2018-05-01,JPN,ZAF,0.0089,4,True
2018-06-01,JPN,ZAF,0.0253,2,True
2018-07-01,JPN,ZAF,0.0084,1,True
2018-08-01,JPN,ZAF,0.0118,1,True
2018-09-01,JPN,ZAF,0.1054,1,False
2018-10-01,JPN,ZAF,0.2202,1,False
2018-11-01,JPN,ZAF,0.1383,1,False
2018-12-01,JPN,ZAF,0.2266,4,False
2019-01-01,JPN,ZAF,0.2964,4,False
2019-02-01,JPN,ZAF,0.3373,1,False
2019-03-01,JPN,ZAF,0.2348,4,False
2019-04-01,JPN,ZAF,0.2424,4,False
2019-05-01,JPN,ZAF,0.2234,1,False
2019-06-01,JPN,ZAF,0.3223,4,False
2019-07-01,JPN,ZAF,0.3076,4,False
2019-08-01,JPN,ZAF,0.1731,4,False
2019-09-01,JPN,ZAF,0.2007,4,False
2019-10-01,JPN,ZAF,0.1817,4,False
2019-11-01,JPN,ZAF,0.227,4,False
2019-12-01,JPN,ZAF,0.6178,3,False
2020-01-01,JPN,ZAF,0.5519,4,False
2020-02-01,JPN,ZAF,0.526,4,False
2020-03-01,JPN,ZAF,0.5688,4,False
2020-04-01,JPN,ZAF,0.5188,4,False
2020-05-01,JPN,ZAF,0.7007,4,False
2020-06-01,JPN,ZAF,0.6035,4,False
2020-07-01,JPN,ZAF,0.6376,4,False
2020-08-01,JPN,ZAF,0.4673,4,False
2020-09-01,JPN,ZAF,0.3408,4,False
2020-10-01,JPN,ZAF,0.2883,4,False
2020-11-01,JPN,ZAF,0.2568,4,False
2020-12-01,JPN,ZAF,0.2604,4,False
2021-01-01,JPN,ZAF,0.0923,4,False
2021-02-01,JPN,ZAF,0.0244,3,True
2021-03-01,JPN,ZAF,0.0638,3,False
2021-04-01,JPN,ZAF,0.1277,3,False
2021-05-01,JPN,ZAF,0.1705,4,False
2021-06-01,JPN,ZAF,0.1715,4,False
2021-07-01,JPN,ZAF,0.1504,4,False
2021-08-01,JPN,ZAF,0.1657,4,False
2021-09-01,JPN,ZAF,0.1305,4,False
2021-10-01,JPN,ZAF,0.1419,4,False
2021-11-01,JPN,ZAF,0.1505,4,False
2021-12-01,JPN,ZAF,0.1193,4,False
2022-01-01,JPN,ZAF,0.0868,4,False
2022-02-01,JPN,ZAF,0.2952,1,False
2022-03-01,JPN,ZAF,0.091,1,False
2022-04-01,JPN,ZAF,0.0929,1,False
2022-05-01,JPN,ZAF,0.1577,1,False
2022-06-01,JPN,ZAF,0.1157,1,False
2022-07-01,JPN,ZAF,0.1048,1,False
2022-08-01,JPN,ZAF,0.0732,1,False
2022-09-01,JPN,ZAF,0.0862,1,False
2022-10-01,JPN,ZAF,0.1357,1,False
2022-11-01,JPN,ZAF,0.135,1,False
2022-12-01,JPN,ZAF,0.1153,1,False
2023-01-01,JPN,ZAF,0.0396,1,True
2023-02-01,JPN,ZAF,0.0044,1,True
2023-03-01,JPN,ZAF,0.0054,1,True
2023-04-01,JPN,ZAF,0.0269,1,True
2023-05-01,JPN,ZAF,0.0102,1,True
2023-06-01,JPN,ZAF,0.0118,1,True
2023-07-01,JPN,ZAF,0.0174,1,True
2023-08-01,JPN,ZAF,0.0738,1,False
2023-09-01,JPN,ZAF,0.1388,1,False
2023-10-01,JPN,ZAF,0.0686,1,False
2023-11-01,JPN,ZAF,0.0282,1,True
2023-12-01,JPN,ZAF,0.0074,1,True
2024-01-01,JPN,ZAF,0.0146,1,True
2024-02-01,JPN,ZAF,0.0041,1,True
2024-03-01,JPN,ZAF,0.0063,1,True
2024-04-01,JPN,ZAF,0.0143,1,True
2024-05-01,JPN,ZAF,0.019,1,True
2024-06-01,JPN,ZAF,0.0149,1,True
2024-07-01,JPN,ZAF,0.0052,1,True
2024-08-01,JPN,ZAF,0.0024,1,True
2024-09-01,JPN,ZAF,0.0004,1,True
2024-10-01,JPN,ZAF,0.0,1,True
2024-11-01,JPN,ZAF,0.0,1,True
2024-12-01,JPN,ZAF,0.0,1,True
2025-01-01,JPN,ZAF,0.0,1,True
2025-02-01,JPN,ZAF,0.0013,1,True
2025-03-01,JPN,ZAF,0.0075,1,True
2025-04-01,JPN,ZAF,0.0103,1,True
2025-05-01,JPN,ZAF,0.0307,1,True
2025-06-01,JPN,ZAF,0.1215,2,False
2025-07-01,JPN,ZAF,0.1154,1,False
2025-08-01,JPN,ZAF,0.1223,2,False
2025-09-01,JPN,ZAF,0.1102,1,False
2025-10-01,JPN,ZAF,0.3633,2,False
2025-11-01,JPN,ZAF,0.1962,2,False
2025-12-01,JPN,ZAF,0.0737,2,False
2026-01-01,JPN,ZAF,0.0904,2,False
2026-02-01,JPN,ZAF,0.1266,2,False
2026-03-01,JPN,ZAF,0.0738,2,False
2015-01-01,JPN,MEX,0.0551,3,False
2015-02-01,JPN,MEX,0.0397,2,True
2015-03-01,JPN,MEX,0.0322,2,True
2015-04-01,JPN,MEX,0.0108,2,True
2015-05-01,JPN,MEX,0.0142,2,True
2015-06-01,JPN,MEX,0.0557,3,False
2015-07-01,JPN,MEX,0.0498,3,True
2015-08-01,JPN,MEX,0.0345,3,True
2015-09-01,JPN,MEX,0.0093,3,True
2015-10-01,JPN,MEX,0.037,3,True
2015-11-01,JPN,MEX,0.029,3,True
2015-12-01,JPN,MEX,0.0427,3,True
2016-01-01,JPN,MEX,0.1459,3,False
2016-02-01,JPN,MEX,0.139,3,False
2016-03-01,JPN,MEX,0.1334,3,False
2016-04-01,JPN,MEX,0.1305,3,False
2016-05-01,JPN,MEX,0.0805,2,False
2016-06-01,JPN,MEX,0.0849,2,False
2016-07-01,JPN,MEX,0.0876,3,False
2016-08-01,JPN,MEX,0.1573,3,False
2016-09-01,JPN,MEX,0.1493,3,False
2016-10-01,JPN,MEX,0.1411,3,False
2016-11-01,JPN,MEX,0.1079,3,False
2016-12-01,JPN,MEX,0.2678,2,False
2017-01-01,JPN,MEX,0.2817,3,False
2017-02-01,JPN,MEX,0.3742,3,False
2017-03-01,JPN,MEX,0.2201,2,False
2017-04-01,JPN,MEX,0.2356,2,False
2017-05-01,JPN,MEX,0.2409,3,False
2017-06-01,JPN,MEX,0.1127,4,False
2017-07-01,JPN,MEX,0.0403,4,True
2017-08-01,JPN,MEX,0.0079,3,True
2017-09-01,JPN,MEX,0.0051,1,True
2017-10-01,JPN,MEX,0.0031,1,True
2017-11-01,JPN,MEX,0.0035,1,True
2017-12-01,JPN,MEX,0.0018,1,True
2018-01-01,JPN,MEX,0.0003,1,True
2018-02-01,JPN,MEX,0.0025,1,True
2018-03-01,JPN,MEX,0.0053,1,True
2018-04-01,JPN,MEX,0.0063,1,True
2018-05-01,JPN,MEX,0.0086,1,True
2018-06-01,JPN,MEX,0.0058,1,True
2018-07-01,JPN,MEX,0.0049,1,True
2018-08-01,JPN,MEX,0.0055,1,True
2018-09-01,JPN,MEX,0.0011,1,True
2018-10-01,JPN,MEX,0.0025,1,True
2018-11-01,JPN,MEX,0.0033,1,True
2018-12-01,JPN,MEX,0.0113,1,True
2019-01-01,JPN,MEX,0.0136,1,True
2019-02-01,JPN,MEX,0.012,1,True
2019-03-01,JPN,MEX,0.0136,1,True
2019-04-01,JPN,MEX,0.024,1,True
2019-05-01,JPN,MEX,0.0358,1,True
2019-06-01,JPN,MEX,0.0383,1,True
2019-07-01,JPN,MEX,0.0323,1,True
2019-08-01,JPN,MEX,0.0412,1,True
2019-09-01,JPN,MEX,0.043,1,True
2019-10-01,JPN,MEX,0.0313,1,True
2019-11-01,JPN,MEX,0.0567,1,False
2019-12-01,JPN,MEX,0.1005,1,False
2020-01-01,JPN,MEX,0.2608,1,False
2020-02-01,JPN,MEX,0.151,1,False
2020-03-01,JPN,MEX,0.1034,1,False
2020-04-01,JPN,MEX,0.1843,1,False
2020-05-01,JPN,MEX,0.347,4,False
2020-06-01,JPN,MEX,0.3466,4,False
2020-07-01,JPN,MEX,0.2749,4,False
2020-08-01,JPN,MEX,0.2463,4,False
2020-09-01,JPN,MEX,0.2739,3,False
2020-10-01,JPN,MEX,0.3901,1,False
2020-11-01,JPN,MEX,0.5436,4,False
2020-12-01,JPN,MEX,0.5965,2,False
2021-01-01,JPN,MEX,0.6136,2,False
2021-02-01,JPN,MEX,0.2989,4,False
2021-03-01,JPN,MEX,0.2684,4,False
2021-04-01,JPN,MEX,0.251,1,False
2021-05-01,JPN,MEX,0.1922,1,False
2021-06-01,JPN,MEX,0.0654,1,False
2021-07-01,JPN,MEX,0.026,1,True
2021-08-01,JPN,MEX,0.0111,2,True
2021-09-01,JPN,MEX,0.0095,1,True
2021-10-01,JPN,MEX,0.0116,1,True
2021-11-01,JPN,MEX,0.0057,1,True
2021-12-01,JPN,MEX,0.0086,1,True
2022-01-01,JPN,MEX,0.0089,1,True
2022-02-01,JPN,MEX,0.0144,1,True
2022-03-01,JPN,MEX,0.0628,1,False
2022-04-01,JPN,MEX,0.0267,1,True
2022-05-01,JPN,MEX,0.0375,1,True
2022-06-01,JPN,MEX,0.0541,1,False
2022-07-01,JPN,MEX,0.0633,1,False
2022-08-01,JPN,MEX,0.1137,3,False
2022-09-01,JPN,MEX,0.0872,4,False
2022-10-01,JPN,MEX,0.0719,3,False
2022-11-01,JPN,MEX,0.0814,1,False
2022-12-01,JPN,MEX,0.0766,1,False
2023-01-01,JPN,MEX,0.1366,3,False
2023-02-01,JPN,MEX,0.0757,1,False
2023-03-01,JPN,MEX,0.0576,1,False
2023-04-01,JPN,MEX,0.0081,1,True
2023-05-01,JPN,MEX,0.0011,1,True
2023-06-01,JPN,MEX,0.001,1,True
2023-07-01,JPN,MEX,0.0028,1,True
2023-08-01,JPN,MEX,0.0198,1,True
2023-09-01,JPN,MEX,0.0213,1,True
2023-10-01,JPN,MEX,0.0403,1,True
2023-11-01,JPN,MEX,0.0248,1,True
2023-12-01,JPN,MEX,0.0131,1,True
2024-01-01,JPN,MEX,0.0076,1,True
2024-02-01,JPN,MEX,0.0024,1,True
2024-03-01,JPN,MEX,0.0013,1,True
2024-04-01,JPN,MEX,0.0007,1,True
2024-05-01,JPN,MEX,0.0003,1,True
2024-06-01,JPN,MEX,0.0022,1,True
2024-07-01,JPN,MEX,0.003,1,True
2024-08-01,JPN,MEX,0.0012,1,True
2024-09-01,JPN,MEX,0.0003,1,True
2024-10-01,JPN,MEX,0.0003,1,True
2024-11-01,JPN,MEX,0.0001,1,True
2024-12-01,JPN,MEX,0.0006,1,True
2025-01-01,JPN,MEX,0.0092,1,True
2025-02-01,JPN,MEX,0.0119,4,True
2025-03-01,JPN,MEX,0.1833,2,False
2025-04-01,JPN,MEX,0.1123,2,False
2025-05-01,JPN,MEX,0.1174,2,False
2025-06-01,JPN,MEX,0.462,4,False
2025-07-01,JPN,MEX,0.2129,4,False
2025-08-01,JPN,MEX,0.2218,4,False
2025-09-01,JPN,MEX,0.3528,4,False
2025-10-01,JPN,MEX,0.233,4,False
2025-11-01,JPN,MEX,0.2308,4,False
2025-12-01,JPN,MEX,0.1154,4,False
2026-01-01,JPN,MEX,0.0939,1,False
2026-02-01,JPN,MEX,0.0589,1,False
2026-03-01,JPN,MEX,0.1346,1,False
2015-01-01,JPN,SGP,0.0448,1,True
2015-02-01,JPN,SGP,0.0627,1,False
2015-03-01,JPN,SGP,0.0492,1,True
2015-04-01,JPN,SGP,0.0484,1,True
2015-05-01,JPN,SGP,0.0646,1,False
2015-06-01,JPN,SGP,0.0661,1,False
2015-07-01,JPN,SGP,0.0654,1,False
2015-08-01,JPN,SGP,0.0632,1,False
2015-09-01,JPN,SGP,0.1088,1,False
2015-10-01,JPN,SGP,0.0993,1,False
2015-11-01,JPN,SGP,0.0852,1,False
2015-12-01,JPN,SGP,0.0193,1,True
2016-01-01,JPN,SGP,0.0435,1,True
2016-02-01,JPN,SGP,0.0741,1,False
2016-03-01,JPN,SGP,0.0711,1,False
2016-04-01,JPN,SGP,0.053,1,False
2016-05-01,JPN,SGP,0.0627,1,False
2016-06-01,JPN,SGP,0.1069,1,False
2016-07-01,JPN,SGP,0.1798,1,False
2016-08-01,JPN,SGP,0.2343,1,False
2016-09-01,JPN,SGP,0.2809,1,False
2016-10-01,JPN,SGP,0.3566,1,False
2016-11-01,JPN,SGP,0.6165,1,False
2016-12-01,JPN,SGP,0.5804,1,False
2017-01-01,JPN,SGP,0.6815,1,False
2017-02-01,JPN,SGP,0.4244,1,False
2017-03-01,JPN,SGP,0.3614,4,False
2017-04-01,JPN,SGP,0.3568,4,False
2017-05-01,JPN,SGP,0.0719,4,False
2017-06-01,JPN,SGP,0.7349,4,False
2017-07-01,JPN,SGP,0.3324,4,False
2017-08-01,JPN,SGP,0.5698,1,False
2017-09-01,JPN,SGP,0.531,4,False
2017-10-01,JPN,SGP,0.5684,4,False
2017-11-01,JPN,SGP,0.4597,4,False
2017-12-01,JPN,SGP,0.2914,1,False
2018-01-01,JPN,SGP,0.3958,1,False
2018-02-01,JPN,SGP,0.4892,1,False
2018-03-01,JPN,SGP,0.57,4,False
2018-04-01,JPN,SGP,0.5586,1,False
2018-05-01,JPN,SGP,0.4282,4,False
2018-06-01,JPN,SGP,0.2444,4,False
2018-07-01,JPN,SGP,0.1913,4,False
2018-08-01,JPN,SGP,0.2002,4,False
2018-09-01,JPN,SGP,0.104,4,False
2018-10-01,JPN,SGP,0.0985,4,False
2018-11-01,JPN,SGP,0.088,4,False
2018-12-01,JPN,SGP,0.0899,4,False
2019-01-01,JPN,SGP,0.0792,4,False
2019-02-01,JPN,SGP,0.0556,4,False
2019-03-01,JPN,SGP,0.1793,4,False
2019-04-01,JPN,SGP,0.1349,4,False
2019-05-01,JPN,SGP,0.2204,4,False
2019-06-01,JPN,SGP,0.1977,1,False
2019-07-01,JPN,SGP,0.2335,1,False
2019-08-01,JPN,SGP,0.3704,1,False
2019-09-01,JPN,SGP,0.344,1,False
2019-10-01,JPN,SGP,0.3107,1,False
2019-11-01,JPN,SGP,0.2748,1,False
2019-12-01,JPN,SGP,0.4895,1,False
2020-01-01,JPN,SGP,0.3698,1,False
2020-02-01,JPN,SGP,0.7363,2,False
2020-03-01,JPN,SGP,0.8227,2,False
2020-04-01,JPN,SGP,0.9045,2,False
2020-05-01,JPN,SGP,0.7421,1,False
2020-06-01,JPN,SGP,0.8474,3,False
2020-07-01,JPN,SGP,0.8798,1,False
2020-08-01,JPN,SGP,0.3945,4,False
2020-09-01,JPN,SGP,0.7205,1,False
2020-10-01,JPN,SGP,0.5359,1,False
2020-11-01,JPN,SGP,0.5881,4,False
2020-12-01,JPN,SGP,0.4676,4,False
2021-01-01,JPN,SGP,0.5019,4,False
2021-02-01,JPN,SGP,0.3233,4,False
2021-03-01,JPN,SGP,0.1589,4,False
2021-04-01,JPN,SGP,0.1827,4,False
2021-05-01,JPN,SGP,0.2405,4,False
2021-06-01,JPN,SGP,0.2568,1,False
2021-07-01,JPN,SGP,0.0522,4,False
2021-08-01,JPN,SGP,0.0398,4,True
2021-09-01,JPN,SGP,0.057,4,False
2021-10-01,JPN,SGP,0.3445,4,False
2021-11-01,JPN,SGP,0.2681,4,False
2021-12-01,JPN,SGP,0.2355,4,False
2022-01-01,JPN,SGP,0.5398,4,False
2022-02-01,JPN,SGP,0.5776,1,False
2022-03-01,JPN,SGP,0.6391,1,False
2022-04-01,JPN,SGP,0.4749,1,False
2022-05-01,JPN,SGP,0.5658,1,False
2022-06-01,JPN,SGP,0.8359,4,False
2022-07-01,JPN,SGP,0.8703,4,False
2022-08-01,JPN,SGP,0.8196,1,False
2022-09-01,JPN,SGP,0.6025,1,False
2022-10-01,JPN,SGP,0.7219,1,False
2022-11-01,JPN,SGP,0.6082,1,False
2022-12-01,JPN,SGP,0.6201,1,False
2023-01-01,JPN,SGP,0.627,1,False
2023-02-01,JPN,SGP,0.4804,1,False
2023-03-01,JPN,SGP,0.5308,1,False
2023-04-01,JPN,SGP,0.5051,1,False
2023-05-01,JPN,SGP,0.3914,1,False
2023-06-01,JPN,SGP,0.3995,2,False
2023-07-01,JPN,SGP,0.245,1,False
2023-08-01,JPN,SGP,0.094,1,False
2023-09-01,JPN,SGP,0.0621,1,False
2023-10-01,JPN,SGP,0.0118,1,True
2023-11-01,JPN,SGP,0.0097,1,True
2023-12-01,JPN,SGP,0.046,1,True
2024-01-01,JPN,SGP,0.0721,1,False
2024-02-01,JPN,SGP,0.0178,1,True
2024-03-01,JPN,SGP,0.0073,1,True
2024-04-01,JPN,SGP,0.0014,1,True
2024-05-01,JPN,SGP,0.0013,1,True
2024-06-01,JPN,SGP,0.0017,1,True
2024-07-01,JPN,SGP,0.0008,1,True
2024-08-01,JPN,SGP,0.0,1,True
2024-09-01,JPN,SGP,0.0,1,True
2024-10-01,JPN,SGP,0.0,1,True
2024-11-01,JPN,SGP,0.0,1,True
2024-12-01,JPN,SGP,0.0,1,True
2025-01-01,JPN,SGP,0.0,1,True
2025-02-01,JPN,SGP,0.0001,1,True
2025-03-01,JPN,SGP,0.0001,1,True
2025-04-01,JPN,SGP,0.0007,1,True
2025-05-01,JPN,SGP,0.0019,1,True
2025-06-01,JPN,SGP,0.0031,1,True
2025-07-01,JPN,SGP,0.0076,1,True
2025-08-01,JPN,SGP,0.0135,1,True
2025-09-01,JPN,SGP,0.0181,1,True
2025-10-01,JPN,SGP,0.01,1,True
2025-11-01,JPN,SGP,0.1042,1,False
2025-12-01,JPN,SGP,0.1102,1,False
2026-01-01,JPN,SGP,0.1382,1,False
2026-02-01,JPN,SGP,0.271,1,False
2026-03-01,JPN,SGP,0.4735,1,False
2015-01-01,JPN,KOR,0.7702,4,False
2015-02-01,JPN,KOR,0.6011,1,False
2015-03-01,JPN,KOR,0.3285,1,False
2015-04-01,JPN,KOR,0.3242,2,False
2015-05-01,JPN,KOR,0.2726,1,False
2015-06-01,JPN,KOR,0.2522,1,False
2015-07-01,JPN,KOR,0.4079,1,False
2015-08-01,JPN,KOR,0.5015,1,False
2015-09-01,JPN,KOR,0.5282,2,False
2015-10-01,JPN,KOR,0.55,2,False
2015-11-01,JPN,KOR,0.4115,3,False
2015-12-01,JPN,KOR,0.3077,2,False
2016-01-01,JPN,KOR,0.3211,2,False
2016-02-01,JPN,KOR,0.2452,2,False
2016-03-01,JPN,KOR,0.322,2,False
2016-04-01,JPN,KOR,0.3313,2,False
2016-05-01,JPN,KOR,0.4996,2,False
2016-06-01,JPN,KOR,0.5973,3,False
2016-07-01,JPN,KOR,0.6104,2,False
2016-08-01,JPN,KOR,0.6176,3,False
2016-09-01,JPN,KOR,0.5275,3,False
2016-10-01,JPN,KOR,0.4003,3,False
2016-11-01,JPN,KOR,0.4828,3,False
2016-12-01,JPN,KOR,0.2997,3,False
2017-01-01,JPN,KOR,0.2379,3,False
2017-02-01,JPN,KOR,0.0607,2,False
2017-03-01,JPN,KOR,0.1399,1,False
2017-04-01,JPN,KOR,0.0962,1,False
2017-05-01,JPN,KOR,0.0967,1,False
2017-06-01,JPN,KOR,0.1108,1,False
2017-07-01,JPN,KOR,0.1137,1,False
2017-08-01,JPN,KOR,0.106,1,False
2017-09-01,JPN,KOR,0.0649,1,False
2017-10-01,JPN,KOR,0.0566,1,False
2017-11-01,JPN,KOR,0.053,2,False
2017-12-01,JPN,KOR,0.0339,1,True
2018-01-01,JPN,KOR,0.0439,1,True
2018-02-01,JPN,KOR,0.2503,1,False
2018-03-01,JPN,KOR,0.364,1,False
2018-04-01,JPN,KOR,0.2051,1,False
2018-05-01,JPN,KOR,0.1878,1,False
2018-06-01,JPN,KOR,0.338,1,False
2018-07-01,JPN,KOR,0.2281,1,False
2018-08-01,JPN,KOR,0.1761,1,False
2018-09-01,JPN,KOR,0.1024,1,False
2018-10-01,JPN,KOR,0.1046,1,False
2018-11-01,JPN,KOR,0.1432,1,False
2018-12-01,JPN,KOR,0.2518,1,False
2019-01-01,JPN,KOR,0.1905,1,False
2019-02-01,JPN,KOR,0.123,1,False
2019-03-01,JPN,KOR,0.114,1,False
2019-04-01,JPN,KOR,0.1746,1,False
2019-05-01,JPN,KOR,0.1046,1,False
2019-06-01,JPN,KOR,0.107,1,False
2019-07-01,JPN,KOR,0.2138,1,False
2019-08-01,JPN,KOR,0.4203,1,False
2019-09-01,JPN,KOR,0.5634,2,False
2019-10-01,JPN,KOR,0.5761,1,False
2019-11-01,JPN,KOR,0.634,2,False
2019-12-01,JPN,KOR,0.5502,1,False
2020-01-01,JPN,KOR,0.7422,1,False
2020-02-01,JPN,KOR,0.8447,3,False
2020-03-01,JPN,KOR,0.8157,2,False
2020-04-01,JPN,KOR,0.6914,4,False
2020-05-01,JPN,KOR,0.4246,4,False
2020-06-01,JPN,KOR,0.5028,1,False
2020-07-01,JPN,KOR,0.4518,1,False
2020-08-01,JPN,KOR,0.3091,4,False
2020-09-01,JPN,KOR,0.4666,1,False
2020-10-01,JPN,KOR,0.4438,3,False
2020-11-01,JPN,KOR,0.307,2,False
2020-12-01,JPN,KOR,0.1439,1,False
2021-01-01,JPN,KOR,0.2752,1,False
2021-02-01,JPN,KOR,0.1532,4,False
2021-03-01,JPN,KOR,0.331,4,False
2021-04-01,JPN,KOR,0.6902,1,False
2021-05-01,JPN,KOR,0.4747,1,False
2021-06-01,JPN,KOR,0.3851,1,False
2021-07-01,JPN,KOR,0.2388,1,False
2021-08-01,JPN,KOR,0.2604,1,False
2021-09-01,JPN,KOR,0.1761,1,False
2021-10-01,JPN,KOR,0.1755,1,False
2021-11-01,JPN,KOR,0.0863,1,False
2021-12-01,JPN,KOR,0.1132,1,False
2022-01-01,JPN,KOR,0.2318,1,False
2022-02-01,JPN,KOR,0.2854,1,False
2022-03-01,JPN,KOR,0.3709,1,False
2022-04-01,JPN,KOR,0.3913,1,False
2022-05-01,JPN,KOR,0.6023,1,False
2022-06-01,JPN,KOR,0.8119,1,False
2022-07-01,JPN,KOR,0.736,4,False
2022-08-01,JPN,KOR,0.5137,4,False
2022-09-01,JPN,KOR,0.3076,3,False
2022-10-01,JPN,KOR,0.3185,4,False
2022-11-01,JPN,KOR,0.3849,4,False
2022-12-01,JPN,KOR,0.4268,3,False
2023-01-01,JPN,KOR,0.2517,4,False
2023-02-01,JPN,KOR,0.1228,3,False
2023-03-01,JPN,KOR,0.1513,3,False
2023-04-01,JPN,KOR,0.129,3,False
2023-05-01,JPN,KOR,0.0802,3,False
2023-06-01,JPN,KOR,0.0557,3,False
2023-07-01,JPN,KOR,0.0163,3,True
2023-08-01,JPN,KOR,0.0457,3,True
2023-09-01,JPN,KOR,0.0523,3,False
2023-10-01,JPN,KOR,0.0394,3,True
2023-11-01,JPN,KOR,0.1065,3,False
2023-12-01,JPN,KOR,0.1444,3,False
2024-01-01,JPN,KOR,0.1404,3,False
2024-02-01,JPN,KOR,0.1134,1,False
2024-03-01,JPN,KOR,0.0357,1,True
2024-04-01,JPN,KOR,0.2129,1,False
2024-05-01,JPN,KOR,0.2951,1,False
2024-06-01,JPN,KOR,0.1635,1,False
2024-07-01,JPN,KOR,0.0416,1,True
2024-08-01,JPN,KOR,0.0523,1,False
2024-09-01,JPN,KOR,0.0165,1,True
2024-10-01,JPN,KOR,0.0042,1,True
2024-11-01,JPN,KOR,0.0039,1,True
2024-12-01,JPN,KOR,0.0007,1,True
2025-01-01,JPN,KOR,0.001,1,True
2025-02-01,JPN,KOR,0.0023,1,True
2025-03-01,JPN,KOR,0.0094,1,True
2025-04-01,JPN,KOR,0.0305,1,True
2025-05-01,JPN,KOR,0.0936,1,False
2025-06-01,JPN,KOR,0.0728,2,False
2025-07-01,JPN,KOR,0.0544,1,False
2025-08-01,JPN,KOR,0.2151,2,False
2025-09-01,JPN,KOR,0.2282,1,False
2025-10-01,JPN,KOR,0.3456,4,False
2025-11-01,JPN,KOR,0.3136,3,False
2025-12-01,JPN,KOR,0.458,4,False
2026-01-01,JPN,KOR,0.5116,2,False
2026-02-01,JPN,KOR,0.4084,1,False
2026-03-01,JPN,KOR,0.2162,4,False
2015-01-01,JPN,GBR,0.1934,4,False
2015-02-01,JPN,GBR,0.1401,1,False
2015-03-01,JPN,GBR,0.2248,4,False
2015-04-01,JPN,GBR,0.0823,4,False
2015-05-01,JPN,GBR,0.0942,4,False
2015-06-01,JPN,GBR,0.0992,4,False
2015-07-01,JPN,GBR,0.2163,1,False
2015-08-01,JPN,GBR,0.2814,1,False
2015-09-01,JPN,GBR,0.3812,1,False
2015-10-01,JPN,GBR,0.5224,1,False
2015-11-01,JPN,GBR,0.2852,1,False
2015-12-01,JPN,GBR,0.2482,1,False
2016-01-01,JPN,GBR,0.2997,1,False
2016-02-01,JPN,GBR,0.2218,1,False
2016-03-01,JPN,GBR,0.2127,1,False
2016-04-01,JPN,GBR,0.2195,1,False
2016-05-01,JPN,GBR,0.2178,1,False
2016-06-01,JPN,GBR,0.2587,1,False
2016-07-01,JPN,GBR,0.3131,1,False
2016-08-01,JPN,GBR,0.4623,1,False
2016-09-01,JPN,GBR,0.4386,1,False
2016-10-01,JPN,GBR,0.4812,1,False
2016-11-01,JPN,GBR,0.4451,1,False
2016-12-01,JPN,GBR,0.5637,3,False
2017-01-01,JPN,GBR,0.3802,1,False
2017-02-01,JPN,GBR,0.1138,1,False
2017-03-01,JPN,GBR,0.2063,1,False
2017-04-01,JPN,GBR,0.1962,1,False
2017-05-01,JPN,GBR,0.062,3,False
2017-06-01,JPN,GBR,0.0489,3,True
2017-07-01,JPN,GBR,0.0283,1,True
2017-08-01,JPN,GBR,0.0182,1,True
2017-09-01,JPN,GBR,0.0151,1,True
2017-10-01,JPN,GBR,0.0092,3,True
2017-11-01,JPN,GBR,0.0151,1,True
2017-12-01,JPN,GBR,0.0084,1,True
2018-01-01,JPN,GBR,0.0335,1,True
2018-02-01,JPN,GBR,0.1061,1,False
2018-03-01,JPN,GBR,0.1378,1,False
2018-04-01,JPN,GBR,0.14,1,False
2018-05-01,JPN,GBR,0.273,1,False
2018-06-01,JPN,GBR,0.4959,1,False
2018-07-01,JPN,GBR,0.5225,4,False
2018-08-01,JPN,GBR,0.3625,4,False
2018-09-01,JPN,GBR,0.2668,4,False
2018-10-01,JPN,GBR,0.1992,4,False
2018-11-01,JPN,GBR,0.2488,4,False
2018-12-01,JPN,GBR,0.1948,4,False
2019-01-01,JPN,GBR,0.1732,4,False
2019-02-01,JPN,GBR,0.2085,4,False
2019-03-01,JPN,GBR,0.2385,4,False
2019-04-01,JPN,GBR,0.221,4,False
2019-05-01,JPN,GBR,0.3267,4,False
2019-06-01,JPN,GBR,0.3862,4,False
2019-07-01,JPN,GBR,0.3118,1,False
2019-08-01,JPN,GBR,0.1686,4,False
2019-09-01,JPN,GBR,0.1611,3,False
2019-10-01,JPN,GBR,0.1071,2,False
2019-11-01,JPN,GBR,0.0219,1,True
2019-12-01,JPN,GBR,0.0283,1,True
2020-01-01,JPN,GBR,0.0226,1,True
2020-02-01,JPN,GBR,0.0042,1,True
2020-03-01,JPN,GBR,0.0008,1,True
2020-04-01,JPN,GBR,0.0008,1,True
2020-05-01,JPN,GBR,0.0006,1,True
2020-06-01,JPN,GBR,0.0007,1,True
2020-07-01,JPN,GBR,0.0041,1,True
2020-08-01,JPN,GBR,0.0085,1,True
2020-09-01,JPN,GBR,0.0101,1,True
2020-10-01,JPN,GBR,0.0099,1,True
2020-11-01,JPN,GBR,0.0201,1,True
2020-12-01,JPN,GBR,0.0156,1,True
2021-01-01,JPN,GBR,0.0046,1,True
2021-02-01,JPN,GBR,0.0079,1,True
2021-03-01,JPN,GBR,0.0072,1,True
2021-04-01,JPN,GBR,0.0104,1,True
2021-05-01,JPN,GBR,0.0318,1,True
2021-06-01,JPN,GBR,0.1659,1,False
2021-07-01,JPN,GBR,0.1523,1,False
2021-08-01,JPN,GBR,0.4134,1,False
2021-09-01,JPN,GBR,0.6829,1,False
2021-10-01,JPN,GBR,0.6824,1,False
2021-11-01,JPN,GBR,0.6724,1,False
2021-12-01,JPN,GBR,0.7049,1,False
2022-01-01,JPN,GBR,0.4338,1,False
2022-02-01,JPN,GBR,0.5567,1,False
2022-03-01,JPN,GBR,0.3971,1,False
2022-04-01,JPN,GBR,0.9036,2,False
2022-05-01,JPN,GBR,0.8042,1,False
2022-06-01,JPN,GBR,0.8888,1,False
2022-07-01,JPN,GBR,0.4982,1,False
2022-08-01,JPN,GBR,0.6383,1,False
2022-09-01,JPN,GBR,0.4621,1,False
2022-10-01,JPN,GBR,0.2489,1,False
2022-11-01,JPN,GBR,0.2713,1,False
2022-12-01,JPN,GBR,0.3453,1,False
2023-01-01,JPN,GBR,0.6133,1,False
2023-02-01,JPN,GBR,0.9018,4,False
2023-03-01,JPN,GBR,0.7964,1,False
2023-04-01,JPN,GBR,0.7164,1,False
2023-05-01,JPN,GBR,0.4126,1,False
2023-06-01,JPN,GBR,0.4368,1,False
2023-07-01,JPN,GBR,0.5851,1,False
2023-08-01,JPN,GBR,0.2456,1,False
2023-09-01,JPN,GBR,0.112,1,False
2023-10-01,JPN,GBR,0.0665,1,False
2023-11-01,JPN,GBR,0.1152,1,False
2023-12-01,JPN,GBR,0.0743,1,False
2024-01-01,JPN,GBR,0.0935,1,False
2024-02-01,JPN,GBR,0.0206,1,True
2024-03-01,JPN,GBR,0.0092,1,True
2024-04-01,JPN,GBR,0.0033,1,True
2024-05-01,JPN,GBR,0.0005,1,True
2024-06-01,JPN,GBR,0.0001,1,True
2024-07-01,JPN,GBR,0.0002,1,True
2024-08-01,JPN,GBR,0.0,1,True
2024-09-01,JPN,GBR,0.0,1,True
2024-10-01,JPN,GBR,0.0,1,True
2024-11-01,JPN,GBR,0.0,1,True
2024-12-01,JPN,GBR,0.0,1,True
2025-01-01,JPN,GBR,0.0,1,True
2025-02-01,JPN,GBR,0.0,1,True
2025-03-01,JPN,GBR,0.0,1,True
2025-04-01,JPN,GBR,0.0,1,True
2025-05-01,JPN,GBR,0.0,1,True
2025-06-01,JPN,GBR,0.0,1,True
2025-07-01,JPN,GBR,0.0,1,True
2025-08-01,JPN,GBR,0.0,1,True
2025-09-01,JPN,GBR,0.0001,1,True
2025-10-01,JPN,GBR,0.0012,1,True
2025-11-01,JPN,GBR,0.0015,1,True
2025-12-01,JPN,GBR,0.0065,1,True
2026-01-01,JPN,GBR,0.0223,1,True
2026-02-01,JPN,GBR,0.0085,1,True
2026-03-01,JPN,GBR,0.0141,1,True
2015-01-01,JPN,USA,0.0569,2,False
2015-02-01,JPN,USA,0.0523,2,False
2015-03-01,JPN,USA,0.0626,2,False
2015-04-01,JPN,USA,0.0471,2,True
2015-05-01,JPN,USA,0.0242,2,True
2015-06-01,JPN,USA,0.3306,2,False
2015-07-01,JPN,USA,0.1745,2,False
2015-08-01,JPN,USA,0.1644,2,False
2015-09-01,JPN,USA,0.1027,2,False
2015-10-01,JPN,USA,0.1085,2,False
2015-11-01,JPN,USA,0.115,2,False
2015-12-01,JPN,USA,0.1109,2,False
2016-01-01,JPN,USA,0.1129,2,False
2016-02-01,JPN,USA,0.1083,2,False
2016-03-01,JPN,USA,0.1059,2,False
2016-04-01,JPN,USA,0.0797,2,False
2016-05-01,JPN,USA,0.2422,2,False
2016-06-01,JPN,USA,0.1931,4,False
2016-07-01,JPN,USA,0.0922,4,False
2016-08-01,JPN,USA,0.0823,4,False
2016-09-01,JPN,USA,0.1261,2,False
2016-10-01,JPN,USA,0.1464,2,False
2016-11-01,JPN,USA,0.1417,2,False
2016-12-01,JPN,USA,0.168,2,False
2017-01-01,JPN,USA,0.0191,4,True
2017-02-01,JPN,USA,0.0298,4,True
2017-03-01,JPN,USA,0.0077,4,True
2017-04-01,JPN,USA,0.0168,4,True
2017-05-01,JPN,USA,0.0324,2,True
2017-06-01,JPN,USA,0.0436,4,True
2017-07-01,JPN,USA,0.0067,4,True
2017-08-01,JPN,USA,0.0042,2,True
2017-09-01,JPN,USA,0.0026,1,True
2017-10-01,JPN,USA,0.0035,4,True
2017-11-01,JPN,USA,0.0036,2,True
2017-12-01,JPN,USA,0.0017,2,True
2018-01-01,JPN,USA,0.0073,1,True
2018-02-01,JPN,USA,0.0035,2,True
2018-03-01,JPN,USA,0.0072,2,True
2018-04-01,JPN,USA,0.0084,2,True
2018-05-01,JPN,USA,0.025,3,True
2018-06-01,JPN,USA,0.0356,2,True
2018-07-01,JPN,USA,0.1135,2,False
2018-08-01,JPN,USA,0.0829,2,False
2018-09-01,JPN,USA,0.0638,2,False
2018-10-01,JPN,USA,0.0566,2,False
2018-11-01,JPN,USA,0.0559,2,False
2018-12-01,JPN,USA,0.085,2,False
2019-01-01,JPN,USA,0.0498,4,True
2019-02-01,JPN,USA,0.0671,3,False
2019-03-01,JPN,USA,0.0963,2,False
2019-04-01,JPN,USA,0.0519,2,False
2019-05-01,JPN,USA,0.0875,2,False
2019-06-01,JPN,USA,0.0846,2,False
2019-07-01,JPN,USA,0.1042,2,False
2019-08-01,JPN,USA,0.1337,2,False
2019-09-01,JPN,USA,0.1274,2,False
2019-10-01,JPN,USA,0.1114,2,False
2019-11-01,JPN,USA,0.0546,1,False
2019-12-01,JPN,USA,0.3055,1,False
2020-01-01,JPN,USA,0.4157,2,False
2020-02-01,JPN,USA,0.3934,3,False
2020-03-01,JPN,USA,0.2761,1,False
2020-04-01,JPN,USA,0.2056,1,False
2020-05-01,JPN,USA,0.0859,1,False
2020-06-01,JPN,USA,0.15,1,False
2020-07-01,JPN,USA,0.0967,1,False
2020-08-01,JPN,USA,0.1061,1,False
2020-09-01,JPN,USA,0.0183,4,True
2020-10-01,JPN,USA,0.0426,4,True
2020-11-01,JPN,USA,0.0469,4,True
2020-12-01,JPN,USA,0.0296,4,True
2021-01-01,JPN,USA,0.0451,4,True
2021-02-01,JPN,USA,0.0135,4,True
2021-03-01,JPN,USA,0.0293,4,True
2021-04-01,JPN,USA,0.0586,3,False
2021-05-01,JPN,USA,0.0896,3,False
2021-06-01,JPN,USA,0.1184,4,False
2021-07-01,JPN,USA,0.242,3,False
2021-08-01,JPN,USA,0.389,3,False
2021-09-01,JPN,USA,0.3856,3,False
2021-10-01,JPN,USA,0.2923,3,False
2021-11-01,JPN,USA,0.3162,3,False
2021-12-01,JPN,USA,0.3819,3,False
2022-01-01,JPN,USA,0.5126,2,False
2022-02-01,JPN,USA,0.4937,1,False
2022-03-01,JPN,USA,0.5998,2,False
2022-04-01,JPN,USA,0.5752,3,False
2022-05-01,JPN,USA,0.5428,2,False
2022-06-01,JPN,USA,0.356,2,False
2022-07-01,JPN,USA,0.3545,2,False
2022-08-01,JPN,USA,0.4026,2,False
2022-09-01,JPN,USA,0.6558,4,False
2022-10-01,JPN,USA,0.3545,2,False
2022-11-01,JPN,USA,0.2883,4,False
2022-12-01,JPN,USA,0.3312,4,False
2023-01-01,JPN,USA,0.1642,2,False
2023-02-01,JPN,USA,0.0592,2,False
2023-03-01,JPN,USA,0.0271,2,True
2023-04-01,JPN,USA,0.0301,2,True
2023-05-01,JPN,USA,0.0117,1,True
2023-06-01,JPN,USA,0.0494,1,True
2023-07-01,JPN,USA,0.0419,1,True
2023-08-01,JPN,USA,0.0094,1,True
2023-09-01,JPN,USA,0.0053,1,True
2023-10-01,JPN,USA,0.0138,1,True
2023-11-01,JPN,USA,0.015,1,True
2023-12-01,JPN,USA,0.006,1,True
2024-01-01,JPN,USA,0.0048,1,True
2024-02-01,JPN,USA,0.0066,1,True
2024-03-01,JPN,USA,0.0035,1,True
2024-04-01,JPN,USA,0.0002,1,True
2024-05-01,JPN,USA,0.0003,1,True
2024-06-01,JPN,USA,0.0001,1,True
2024-07-01,JPN,USA,0.0001,1,True
2024-08-01,JPN,USA,0.0,1,True
2024-09-01,JPN,USA,0.0,1,True
2024-10-01,JPN,USA,0.0001,1,True
2024-11-01,JPN,USA,0.0,2,True
2024-12-01,JPN,USA,0.0,1,True
2025-01-01,JPN,USA,0.0,1,True
2025-02-01,JPN,USA,0.0,1,True
2025-03-01,JPN,USA,0.0002,1,True
2025-04-01,JPN,USA,0.0009,1,True
2025-05-01,JPN,USA,0.0005,1,True
2025-06-01,JPN,USA,0.002,1,True
2025-07-01,JPN,USA,0.006,1,True
2025-08-01,JPN,USA,0.026,1,True
2025-09-01,JPN,USA,0.0703,1,False
2025-10-01,JPN,USA,0.252,1,False
2025-11-01,JPN,USA,0.4472,1,False
2025-12-01,JPN,USA,0.5828,1,False
2026-01-01,JPN,USA,0.4762,1,False
2026-02-01,JPN,USA,0.3587,1,False
2026-03-01,JPN,USA,0.5184,1,False
2015-01-01,JPN,DEU,0.7908,1,False
2015-02-01,JPN,DEU,0.5256,1,False
2015-03-01,JPN,DEU,0.5981,1,False
2015-04-01,JPN,DEU,0.714,1,False
2015-05-01,JPN,DEU,0.5851,2,False
2015-06-01,JPN,DEU,0.4081,2,False
2015-07-01,JPN,DEU,0.3119,2,False
2015-08-01,JPN,DEU,0.3205,2,False
2015-09-01,JPN,DEU,0.267,2,False
2015-10-01,JPN,DEU,0.2256,2,False
2015-11-01,JPN,DEU,0.1585,2,False
2015-12-01,JPN,DEU,0.1851,3,False
2016-01-01,JPN,DEU,0.1185,3,False
2016-02-01,JPN,DEU,0.0744,3,False
2016-03-01,JPN,DEU,0.0749,2,False
2016-04-01,JPN,DEU,0.1007,2,False
2016-05-01,JPN,DEU,0.555,2,False
2016-06-01,JPN,DEU,0.5528,2,False
2016-07-01,JPN,DEU,0.6474,2,False
2016-08-01,JPN,DEU,0.4858,1,False
2016-09-01,JPN,DEU,0.6823,4,False
2016-10-01,JPN,DEU,0.5762,2,False
2016-11-01,JPN,DEU,0.3135,2,False
2016-12-01,JPN,DEU,0.1636,4,False
2017-01-01,JPN,DEU,0.043,4,True
2017-02-01,JPN,DEU,0.0105,1,True
2017-03-01,JPN,DEU,0.0037,1,True
2017-04-01,JPN,DEU,0.003,1,True
2017-05-01,JPN,DEU,0.0049,1,True
2017-06-01,JPN,DEU,0.0108,1,True
2017-07-01,JPN,DEU,0.0142,1,True
2017-08-01,JPN,DEU,0.0024,1,True
2017-09-01,JPN,DEU,0.0099,1,True
2017-10-01,JPN,DEU,0.0081,1,True
2017-11-01,JPN,DEU,0.0168,1,True
2017-12-01,JPN,DEU,0.0191,1,True
2018-01-01,JPN,DEU,0.0258,1,True
2018-02-01,JPN,DEU,0.132,1,False
2018-03-01,JPN,DEU,0.5629,1,False
2018-04-01,JPN,DEU,0.4528,2,False
2018-05-01,JPN,DEU,0.1218,4,False
2018-06-01,JPN,DEU,0.1239,4,False
2018-07-01,JPN,DEU,0.0548,2,False
2018-08-01,JPN,DEU,0.0719,2,False
2018-09-01,JPN,DEU,0.047,4,True
2018-10-01,JPN,DEU,0.1733,2,False
2018-11-01,JPN,DEU,0.1338,3,False
2018-12-01,JPN,DEU,0.0821,2,False
2019-01-01,JPN,DEU,0.1096,2,False
2019-02-01,JPN,DEU,0.2238,2,False
2019-03-01,JPN,DEU,0.6048,1,False
2019-04-01,JPN,DEU,0.7332,2,False
2019-05-01,JPN,DEU,0.8086,2,False
2019-06-01,JPN,DEU,0.8193,2,False
2019-07-01,JPN,DEU,0.9541,1,False
2019-08-01,JPN,DEU,0.915,1,False
2019-09-01,JPN,DEU,0.7801,2,False
2019-10-01,JPN,DEU,0.7233,1,False
2019-11-01,JPN,DEU,0.6294,2,False
2019-12-01,JPN,DEU,0.5767,2,False
2020-01-01,JPN,DEU,0.5965,2,False
2020-02-01,JPN,DEU,0.203,1,False
2020-03-01,JPN,DEU,0.2046,1,False
2020-04-01,JPN,DEU,0.2133,1,False
2020-05-01,JPN,DEU,0.4167,1,False
2020-06-01,JPN,DEU,0.34,1,False
2020-07-01,JPN,DEU,0.3147,1,False
2020-08-01,JPN,DEU,0.0667,4,False
2020-09-01,JPN,DEU,0.0367,3,True
2020-10-01,JPN,DEU,0.0238,2,True
2020-11-01,JPN,DEU,0.0199,1,True
2020-12-01,JPN,DEU,0.022,1,True
2021-01-01,JPN,DEU,0.0171,1,True
2021-02-01,JPN,DEU,0.0361,1,True
2021-03-01,JPN,DEU,0.0994,1,False
2021-04-01,JPN,DEU,0.0736,2,False
2021-05-01,JPN,DEU,0.0395,4,True
2021-06-01,JPN,DEU,0.0323,3,True
2021-07-01,JPN,DEU,0.0518,2,False
2021-08-01,JPN,DEU,0.0891,1,False
2021-09-01,JPN,DEU,0.2194,1,False
2021-10-01,JPN,DEU,0.2866,1,False
2021-11-01,JPN,DEU,0.2652,2,False
2021-12-01,JPN,DEU,0.2476,3,False
2022-01-01,JPN,DEU,0.2027,3,False
2022-02-01,JPN,DEU,0.6075,3,False
2022-03-01,JPN,DEU,0.3927,4,False
2022-04-01,JPN,DEU,0.4328,3,False
2022-05-01,JPN,DEU,0.4788,2,False
2022-06-01,JPN,DEU,0.5669,2,False
2022-07-01,JPN,DEU,0.4629,2,False
2022-08-01,JPN,DEU,0.5933,3,False
2022-09-01,JPN,DEU,0.5118,1,False
2022-10-01,JPN,DEU,0.1645,4,False
2022-11-01,JPN,DEU,0.1396,4,False
2022-12-01,JPN,DEU,0.2369,4,False
2023-01-01,JPN,DEU,0.2954,4,False
2023-02-01,JPN,DEU,0.3848,4,False
2023-03-01,JPN,DEU,0.3005,2,False
2023-04-01,JPN,DEU,0.2047,2,False
2023-05-01,JPN,DEU,0.2072,2,False
2023-06-01,JPN,DEU,0.1089,2,False
2023-07-01,JPN,DEU,0.1177,2,False
2023-08-01,JPN,DEU,0.1176,2,False
2023-09-01,JPN,DEU,0.1555,1,False
2023-10-01,JPN,DEU,0.1113,1,False
2023-11-01,JPN,DEU,0.0875,1,False
2023-12-01,JPN,DEU,0.1276,1,False
2024-01-01,JPN,DEU,0.1645,1,False
2024-02-01,JPN,DEU,0.0799,1,False
2024-03-01,JPN,DEU,0.0539,1,False
2024-04-01,JPN,DEU,0.012,1,True
2024-05-01,JPN,DEU,0.0035,1,True
2024-06-01,JPN,DEU,0.005,1,True
2024-07-01,JPN,DEU,0.0042,1,True
2024-08-01,JPN,DEU,0.0006,1,True
2024-09-01,JPN,DEU,0.0001,1,True
2024-10-01,JPN,DEU,0.0,1,True
2024-11-01,JPN,DEU,0.0,1,True
2024-12-01,JPN,DEU,0.0,1,True
2025-01-01,JPN,DEU,0.0,1,True
2025-02-01,JPN,DEU,0.0,1,True
2025-03-01,JPN,DEU,0.0002,1,True
2025-04-01,JPN,DEU,0.0009,1,True
2025-05-01,JPN,DEU,0.0055,1,True
2025-06-01,JPN,DEU,0.0156,1,True
2025-07-01,JPN,DEU,0.0393,1,True
2025-08-01,JPN,DEU,0.1094,1,False
2025-09-01,JPN,DEU,0.0786,1,False
2025-10-01,JPN,DEU,0.1365,1,False
2025-11-01,JPN,DEU,0.2339,1,False
2025-12-01,JPN,DEU,0.3848,3,False
2026-01-01,JPN,DEU,0.3099,4,False
2026-02-01,JPN,DEU,0.1635,4,False
2026-03-01,JPN,DEU,0.1433,4,False
2015-01-01,JPN,FRA,0.2383,3,False
2015-02-01,JPN,FRA,0.1829,4,False
2015-03-01,JPN,FRA,0.0944,3,False
2015-04-01,JPN,FRA,0.0866,3,False
2015-05-01,JPN,FRA,0.0744,3,False
2015-06-01,JPN,FRA,0.0925,3,False
2015-07-01,JPN,FRA,0.089,3,False
2015-08-01,JPN,FRA,0.0241,4,True
2015-09-01,JPN,FRA,0.0058,4,True
2015-10-01,JPN,FRA,0.013,4,True
2015-11-01,JPN,FRA,0.0242,4,True
2015-12-01,JPN,FRA,0.0425,4,True
2016-01-01,JPN,FRA,0.065,4,False
2016-02-01,JPN,FRA,0.1305,4,False
2016-03-01,JPN,FRA,0.1166,4,False
2016-04-01,JPN,FRA,0.2655,4,False
2016-05-01,JPN,FRA,0.2561,4,False
2016-06-01,JPN,FRA,0.2418,4,False
2016-07-01,JPN,FRA,0.2603,1,False
2016-08-01,JPN,FRA,0.2525,4,False
2016-09-01,JPN,FRA,0.2396,4,False
2016-10-01,JPN,FRA,0.1921,4,False
2016-11-01,JPN,FRA,0.1863,4,False
2016-12-01,JPN,FRA,0.2256,4,False
2017-01-01,JPN,FRA,0.1636,4,False
2017-02-01,JPN,FRA,0.0709,3,False
2017-03-01,JPN,FRA,0.0432,3,True
2017-04-01,JPN,FRA,0.0512,3,False
2017-05-01,JPN,FRA,0.1419,3,False
2017-06-01,JPN,FRA,0.2588,3,False
2017-07-01,JPN,FRA,0.2586,3,False
2017-08-01,JPN,FRA,0.4906,1,False
2017-09-01,JPN,FRA,0.6325,4,False
2017-10-01,JPN,FRA,0.7228,4,False
2017-11-01,JPN,FRA,0.7239,4,False
2017-12-01,JPN,FRA,0.673,1,False
2018-01-01,JPN,FRA,0.6978,3,False
2018-02-01,JPN,FRA,0.5817,1,False
2018-03-01,JPN,FRA,0.6529,1,False
2018-04-01,JPN,FRA,0.5782,4,False
2018-05-01,JPN,FRA,0.4158,3,False
2018-06-01,JPN,FRA,0.3826,3,False
2018-07-01,JPN,FRA,0.5229,1,False
2018-08-01,JPN,FRA,0.5504,3,False
2018-09-01,JPN,FRA,0.5442,1,False
2018-10-01,JPN,FRA,0.3285,1,False
2018-11-01,JPN,FRA,0.2467,1,False
2018-12-01,JPN,FRA,0.132,2,False
2019-01-01,JPN,FRA,0.0673,1,False
2019-02-01,JPN,FRA,0.0345,1,True
2019-03-01,JPN,FRA,0.0808,1,False
2019-04-01,JPN,FRA,0.0482,2,True
2019-05-01,JPN,FRA,0.0508,1,False
2019-06-01,JPN,FRA,0.0456,2,True
2019-07-01,JPN,FRA,0.0405,2,True
2019-08-01,JPN,FRA,0.0417,2,True
2019-09-01,JPN,FRA,0.0608,2,False
2019-10-01,JPN,FRA,0.0292,2,True
2019-11-01,JPN,FRA,0.0314,2,True
2019-12-01,JPN,FRA,0.0407,2,True
2020-01-01,JPN,FRA,0.0298,4,True
2020-02-01,JPN,FRA,0.0268,3,True
2020-03-01,JPN,FRA,0.0106,4,True
2020-04-01,JPN,FRA,0.0204,3,True
2020-05-01,JPN,FRA,0.0101,3,True
2020-06-01,JPN,FRA,0.0038,2,True
2020-07-01,JPN,FRA,0.0027,2,True
2020-08-01,JPN,FRA,0.0021,2,True
2020-09-01,JPN,FRA,0.0021,2,True
2020-10-01,JPN,FRA,0.0012,2,True
2020-11-01,JPN,FRA,0.0014,2,True
2020-12-01,JPN,FRA,0.0014,2,True
2021-01-01,JPN,FRA,0.003,2,True
2021-02-01,JPN,FRA,0.0055,3,True
2021-03-01,JPN,FRA,0.0125,3,True
2021-04-01,JPN,FRA,0.0147,1,True
2021-05-01,JPN,FRA,0.0285,2,True
2021-06-01,JPN,FRA,0.0597,1,False
2021-07-01,JPN,FRA,0.1016,1,False
2021-08-01,JPN,FRA,0.0883,2,False
2021-09-01,JPN,FRA,0.0782,2,False
2021-10-01,JPN,FRA,0.113,2,False
2021-11-01,JPN,FRA,0.1665,2,False
2021-12-01,JPN,FRA,0.1675,2,False
2022-01-01,JPN,FRA,0.1686,2,False
2022-02-01,JPN,FRA,0.363,3,False
2022-03-01,JPN,FRA,0.4221,1,False
2022-04-01,JPN,FRA,0.8024,2,False
2022-05-01,JPN,FRA,0.7978,3,False
2022-06-01,JPN,FRA,0.6806,4,False
2022-07-01,JPN,FRA,0.4616,3,False
2022-08-01,JPN,FRA,0.5336,2,False
2022-09-01,JPN,FRA,0.5492,2,False
2022-10-01,JPN,FRA,0.5543,1,False
2022-11-01,JPN,FRA,0.5578,1,False
2022-12-01,JPN,FRA,0.5569,3,False
2023-01-01,JPN,FRA,0.4943,3,False
2023-02-01,JPN,FRA,0.6364,3,False
2023-03-01,JPN,FRA,0.6379,3,False
2023-04-01,JPN,FRA,0.3634,1,False
2023-05-01,JPN,FRA,0.1894,1,False
2023-06-01,JPN,FRA,0.1802,1,False
2023-07-01,JPN,FRA,0.375,1,False
2023-08-01,JPN,FRA,0.2767,1,False
2023-09-01,JPN,FRA,0.4808,1,False
2023-10-01,JPN,FRA,0.6396,3,False
2023-11-01,JPN,FRA,0.8312,1,False
2023-12-01,JPN,FRA,0.8565,1,False
2024-01-01,JPN,FRA,0.7517,1,False
2024-02-01,JPN,FRA,0.7256,1,False
2024-03-01,JPN,FRA,0.6515,1,False
2024-04-01,JPN,FRA,0.2183,1,False
2024-05-01,JPN,FRA,0.0438,1,True
2024-06-01,JPN,FRA,0.0577,1,False
2024-07-01,JPN,FRA,0.0557,1,False
2024-08-01,JPN,FRA,0.0578,1,False
2024-09-01,JPN,FRA,0.0933,1,False
2024-10-01,JPN,FRA,0.0612,1,False
2024-11-01,JPN,FRA,0.0117,1,True
2024-12-01,JPN,FRA,0.0012,1,True
2025-01-01,JPN,FRA,0.0006,1,True
2025-02-01,JPN,FRA,0.0016,1,True
2025-03-01,JPN,FRA,0.0195,1,True
2025-04-01,JPN,FRA,0.0169,1,True
2025-05-01,JPN,FRA,0.0405,4,True
2025-06-01,JPN,FRA,0.0356,4,True
2025-07-01,JPN,FRA,0.0445,4,True
2025-08-01,JPN,FRA,0.0313,4,True
2025-09-01,JPN,FRA,0.0446,3,True
2025-10-01,JPN,FRA,0.0627,4,False
2025-11-01,JPN,FRA,0.0593,4,False
2025-12-01,JPN,FRA,0.0627,4,False
2026-01-01,JPN,FRA,0.0921,4,False
2026-02-01,JPN,FRA,0.1037,4,False
2026-03-01,JPN,FRA,0.0702,4,False
