date,cause,effect,p_value,lag,significant
2015-01-01,IND,CHN,0.053,3,False
2015-02-01,IND,CHN,0.0315,1,True
2015-03-01,IND,CHN,0.1698,1,False
2015-04-01,IND,CHN,0.3835,1,False
2015-05-01,IND,CHN,0.268,1,False
2015-06-01,IND,CHN,0.2345,1,False
2015-07-01,IND,CHN,0.2322,1,False
2015-08-01,IND,CHN,0.2267,1,False
2015-09-01,IND,CHN,0.2217,1,False
2015-10-01,IND,CHN,0.1684,1,False
2015-11-01,IND,CHN,0.2377,1,False
2015-12-01,IND,CHN,0.2013,3,False
2016-01-01,IND,CHN,0.1925,3,False
2016-02-01,IND,CHN,0.0789,3,False
2016-03-01,IND,CHN,0.1209,3,False
2016-04-01,IND,CHN,0.171,3,False
2016-05-01,IND,CHN,0.1655,3,False
2016-06-01,IND,CHN,0.1355,3,False
2016-07-01,IND,CHN,0.2164,3,False
2016-08-01,IND,CHN,0.2426,3,False
2016-09-01,IND,CHN,0.2124,3,False
2016-10-01,IND,CHN,0.128,4,False
2016-11-01,IND,CHN,0.0472,3,True
2016-12-01,IND,CHN,0.0395,3,True
2017-01-01,IND,CHN,0.1715,3,False
2017-02-01,IND,CHN,0.0886,3,False
2017-03-01,IND,CHN,0.2224,3,False
2017-04-01,IND,CHN,0.312,3,False
2017-05-01,IND,CHN,0.227,4,False
2017-06-01,IND,CHN,0.1326,4,False
2017-07-01,IND,CHN,0.0344,2,True
2017-08-01,IND,CHN,0.0197,2,True
2017-09-01,IND,CHN,0.0132,2,True
2017-10-01,IND,CHN,0.007,1,True
2017-11-01,IND,CHN,0.003,1,True
2017-12-01,IND,CHN,0.0018,1,True
2018-01-01,IND,CHN,0.018,1,True
2018-02-01,IND,CHN,0.0262,1,True
2018-03-01,IND,CHN,0.0488,1,True
2018-04-01,IND,CHN,0.0663,1,False
2018-05-01,IND,CHN,0.0997,1,False
2018-06-01,IND,CHN,0.021,4,True
2018-07-01,IND,CHN,0.0464,4,True
2018-08-01,IND,CHN,0.0799,4,False
2018-09-01,IND,CHN,0.0355,4,True
2018-10-01,IND,CHN,0.2745,1,False
2018-11-01,IND,CHN,0.4656,1,False
2018-12-01,IND,CHN,0.4922,3,False
2019-01-01,IND,CHN,0.6,4,False
2019-02-01,IND,CHN,0.4785,2,False
2019-03-01,IND,CHN,0.4274,2,False
2019-04-01,IND,CHN,0.3944,1,False
2019-05-01,IND,CHN,0.2986,3,False
2019-06-01,IND,CHN,0.2059,2,False
2019-07-01,IND,CHN,0.082,1,False
2019-08-01,IND,CHN,0.0848,1,False
2019-09-01,IND,CHN,0.0625,1,False
2019-10-01,IND,CHN,0.0711,1,False
2019-11-01,IND,CHN,0.0644,1,False
2019-12-01,IND,CHN,0.0619,1,False
2020-01-01,IND,CHN,0.2553,1,False
2020-02-01,IND,CHN,0.1406,1,False
2020-03-01,IND,CHN,0.1822,1,False
2020-04-01,IND,CHN,0.2218,1,False
2020-05-01,IND,CHN,0.2234,1,False
2020-06-01,IND,CHN,0.1455,1,False
2020-07-01,IND,CHN,0.0608,1,False
2020-08-01,IND,CHN,0.2195,1,False
2020-09-01,IND,CHN,0.0882,1,False
2020-10-01,IND,CHN,0.1133,1,False
2020-11-01,IND,CHN,0.1386,1,False
2020-12-01,IND,CHN,0.1273,1,False
2021-01-01,IND,CHN,0.2994,1,False
2021-02-01,IND,CHN,0.0915,1,False
2021-03-01,IND,CHN,0.0315,1,True
2021-04-01,IND,CHN,0.0231,1,True
2021-05-01,IND,CHN,0.0583,1,False
2021-06-01,IND,CHN,0.0888,1,False
2021-07-01,IND,CHN,0.1584,1,False
2021-08-01,IND,CHN,0.2097,1,False
2021-09-01,IND,CHN,0.2034,1,False
2021-10-01,IND,CHN,0.2038,1,False
2021-11-01,IND,CHN,0.1661,1,False
2021-12-01,IND,CHN,0.1938,1,False
2022-01-01,IND,CHN,0.1072,1,False
2022-02-01,IND,CHN,0.0827,1,False
2022-03-01,IND,CHN,0.0768,1,False
2022-04-01,IND,CHN,0.0909,1,False
2022-05-01,IND,CHN,0.1004,1,False
2022-06-01,IND,CHN,0.1859,1,False
2022-07-01,IND,CHN,0.2922,1,False
2022-08-01,IND,CHN,0.2744,1,False
2022-09-01,IND,CHN,0.2584,1,False
2022-10-01,IND,CHN,0.2672,1,False
2022-11-01,IND,CHN,0.378,1,False
2022-12-01,IND,CHN,0.1647,1,False
2023-01-01,IND,CHN,0.3843,1,False
2023-02-01,IND,CHN,0.2574,1,False
2023-03-01,IND,CHN,0.2751,1,False
2023-04-01,IND,CHN,0.3191,1,False
2023-05-01,IND,CHN,0.3508,1,False
2023-06-01,IND,CHN,0.3775,1,False
2023-07-01,IND,CHN,0.354,1,False
2023-08-01,IND,CHN,0.22,2,False
2023-09-01,IND,CHN,0.1442,2,False
2023-10-01,IND,CHN,0.1741,2,False
2023-11-01,IND,CHN,0.7131,1,False
2023-12-01,IND,CHN,0.5739,4,False
2024-01-01,IND,CHN,0.7038,4,False
2024-02-01,IND,CHN,0.7765,4,False
2024-03-01,IND,CHN,0.7123,1,False
2024-04-01,IND,CHN,0.7044,1,False
2024-05-01,IND,CHN,0.7572,1,False
2024-06-01,IND,CHN,0.5752,1,False
2024-07-01,IND,CHN,0.4729,1,False
2024-08-01,IND,CHN,0.5652,1,False
2024-09-01,IND,CHN,0.445,1,False
2024-10-01,IND,CHN,0.307,1,False
2024-11-01,IND,CHN,0.2564,1,False
2024-12-01,IND,CHN,0.1728,3,False
2025-01-01,IND,CHN,0.2324,3,False
2025-02-01,IND,CHN,0.5399,1,False
2025-03-01,IND,CHN,0.5498,1,False
2025-04-01,IND,CHN,0.7038,1,False
2025-05-01,IND,CHN,0.5984,4,False
2025-06-01,IND,CHN,0.7325,4,False
2025-07-01,IND,CHN,0.7253,4,False
2025-08-01,IND,CHN,0.6662,1,False
2025-09-01,IND,CHN,0.6918,1,False
2025-10-01,IND,CHN,0.688,1,False
2025-11-01,IND,CHN,0.4978,1,False
2025-12-01,IND,CHN,0.4659,1,False
2026-01-01,IND,CHN,0.3738,1,False
2026-02-01,IND,CHN,0.4472,1,False
2026-03-01,IND,CHN,0.4337,1,False
2015-01-01,IND,VNM,0.1468,1,False
2015-02-01,IND,VNM,0.4259,1,False
2015-03-01,IND,VNM,0.4885,1,False
2015-04-01,IND,VNM,0.5149,3,False
2015-05-01,IND,VNM,0.6428,3,False
2015-06-01,IND,VNM,0.5544,4,False
2015-07-01,IND,VNM,0.2884,3,False
2015-08-01,IND,VNM,0.2795,3,False
2015-09-01,IND,VNM,0.1865,3,False
2015-10-01,IND,VNM,0.1208,2,False
2015-11-01,IND,VNM,0.096,2,False
2015-12-01,IND,VNM,0.1867,1,False
2016-01-01,IND,VNM,0.1978,1,False
2016-02-01,IND,VNM,0.1682,1,False
2016-03-01,IND,VNM,0.0987,1,False
2016-04-01,IND,VNM,0.0454,1,True
2016-05-01,IND,VNM,0.0443,1,True
2016-06-01,IND,VNM,0.0372,1,True
2016-07-01,IND,VNM,0.0214,1,True
2016-08-01,IND,VNM,0.0158,1,True
2016-09-01,IND,VNM,0.013,1,True
2016-10-01,IND,VNM,0.0355,1,True
2016-11-01,IND,VNM,0.2075,1,False
2016-12-01,IND,VNM,0.4591,2,False
2017-01-01,IND,VNM,0.2577,1,False
2017-02-01,IND,VNM,0.1336,1,False
2017-03-01,IND,VNM,0.0439,1,True
2017-04-01,IND,VNM,0.1504,1,False
2017-05-01,IND,VNM,0.2028,1,False
2017-06-01,IND,VNM,0.1842,1,False
2017-07-01,IND,VNM,0.1167,2,False
2017-08-01,IND,VNM,0.1377,2,False
2017-09-01,IND,VNM,0.1277,2,False
2017-10-01,IND,VNM,0.0379,1,True
2017-11-01,IND,VNM,0.0175,3,True
2017-12-01,IND,VNM,0.0106,1,True
2018-01-01,IND,VNM,0.009,1,True
2018-02-01,IND,VNM,0.0554,1,False
2018-03-01,IND,VNM,0.1673,1,False
2018-04-01,IND,VNM,0.4123,3,False
2018-05-01,IND,VNM,0.5709,3,False
2018-06-01,IND,VNM,0.4015,3,False
2018-07-01,IND,VNM,0.9427,3,False
2018-08-01,IND,VNM,0.9433,1,False
2018-09-01,IND,VNM,0.6865,1,False
2018-10-01,IND,VNM,0.4281,1,False
2018-11-01,IND,VNM,0.2737,1,False
2018-12-01,IND,VNM,0.3472,1,False
2019-01-01,IND,VNM,0.417,1,False
2019-02-01,IND,VNM,0.5141,1,False
2019-03-01,IND,VNM,0.5437,1,False
2019-04-01,IND,VNM,0.8571,3,False
2019-05-01,IND,VNM,0.767,3,False
2019-06-01,IND,VNM,0.6365,4,False
2019-07-01,IND,VNM,0.4468,3,False
2019-08-01,IND,VNM,0.4629,3,False
2019-09-01,IND,VNM,0.5003,3,False
2019-10-01,IND,VNM,0.4619,2,False
2019-11-01,IND,VNM,0.4491,4,False
2019-12-01,IND,VNM,0.6976,3,False
2020-01-01,IND,VNM,0.6245,2,False
2020-02-01,IND,VNM,0.4772,2,False
2020-03-01,IND,VNM,0.6528,1,False
2020-04-01,IND,VNM,0.4392,4,False
2020-05-01,IND,VNM,0.1873,4,False
2020-06-01,IND,VNM,0.2273,2,False
2020-07-01,IND,VNM,0.0958,1,False
2020-08-01,IND,VNM,0.1375,1,False
2020-09-01,IND,VNM,0.3983,1,False
2020-10-01,IND,VNM,0.5068,1,False
2020-11-01,IND,VNM,0.7685,1,False
2020-12-01,IND,VNM,0.906,3,False
2021-01-01,IND,VNM,0.8697,3,False
2021-02-01,IND,VNM,0.6943,1,False
2021-03-01,IND,VNM,0.8406,3,False
2021-04-01,IND,VNM,0.7551,1,False
2021-05-01,IND,VNM,0.8482,3,False
2021-06-01,IND,VNM,0.8024,1,False
2021-07-01,IND,VNM,0.5404,1,False
2021-08-01,IND,VNM,0.5529,1,False
2021-09-01,IND,VNM,0.6675,1,False
2021-10-01,IND,VNM,0.6649,1,False
2021-11-01,IND,VNM,0.5205,1,False
2021-12-01,IND,VNM,0.2394,4,False
2022-01-01,IND,VNM,0.1657,4,False
2022-02-01,IND,VNM,0.0922,4,False
2022-03-01,IND,VNM,0.0581,1,False
2022-04-01,IND,VNM,0.0697,1,False
2022-05-01,IND,VNM,0.0683,4,False
2022-06-01,IND,VNM,0.0256,4,True
2022-07-01,IND,VNM,0.0272,4,True
2022-08-01,IND,VNM,0.0555,4,False
2022-09-01,IND,VNM,0.0724,4,False
2022-10-01,IND,VNM,0.0145,4,True
2022-11-01,IND,VNM,0.0166,4,True
2022-12-01,IND,VNM,0.0219,2,True
2023-01-01,IND,VNM,0.0023,1,True
2023-02-01,IND,VNM,0.0025,1,True
2023-03-01,IND,VNM,0.0062,1,True
2023-04-01,IND,VNM,0.002,1,True
2023-05-01,IND,VNM,0.0047,1,True
2023-06-01,IND,VNM,0.0177,1,True
2023-07-01,IND,VNM,0.0312,1,True
2023-08-01,IND,VNM,0.038,1,True
2023-09-01,IND,VNM,0.1303,1,False
2023-10-01,IND,VNM,0.2517,1,False
2023-11-01,IND,VNM,0.1769,1,False
2023-12-01,IND,VNM,0.188,1,False
2024-01-01,IND,VNM,0.0544,4,False
2024-02-01,IND,VNM,0.0616,4,False
2024-03-01,IND,VNM,0.1679,4,False
2024-04-01,IND,VNM,0.249,4,False
2024-05-01,IND,VNM,0.2676,4,False
2024-06-01,IND,VNM,0.1403,4,False
2024-07-01,IND,VNM,0.1256,4,False
2024-08-01,IND,VNM,0.092,4,False
2024-09-01,IND,VNM,0.0441,4,True
2024-10-01,IND,VNM,0.0186,4,True
2024-11-01,IND,VNM,0.0143,4,True
2024-12-01,IND,VNM,0.0135,4,True
2025-01-01,IND,VNM,0.002,4,True
2025-02-01,IND,VNM,0.0005,3,True
2025-03-01,IND,VNM,0.0001,3,True
2025-04-01,IND,VNM,0.0002,3,True
2025-05-01,IND,VNM,0.0001,3,True
2025-06-01,IND,VNM,0.0002,3,True
2025-07-01,IND,VNM,0.0001,3,True
2025-08-01,IND,VNM,0.0002,3,True
2025-09-01,IND,VNM,0.0026,3,True
2025-10-01,IND,VNM,0.0111,3,True
2025-11-01,IND,VNM,0.0125,3,True
2025-12-01,IND,VNM,0.0297,3,True
2026-01-01,IND,VNM,0.0181,3,True
2026-02-01,IND,VNM,0.0163,3,True
2026-03-01,IND,VNM,0.0174,3,True
2015-01-01,IND,IDN,0.0422,3,True
2015-02-01,IND,IDN,0.1355,3,False
2015-03-01,IND,IDN,0.143,3,False
2015-04-01,IND,IDN,0.3801,2,False
2015-05-01,IND,IDN,0.3466,2,False
2015-06-01,IND,IDN,0.3356,2,False
2015-07-01,IND,IDN,0.2348,4,False
2015-08-01,IND,IDN,0.1413,3,False
2015-09-01,IND,IDN,0.094,3,False
2015-10-01,IND,IDN,0.0733,3,False
2015-11-01,IND,IDN,0.1016,2,False
2015-12-01,IND,IDN,0.1227,1,False
2016-01-01,IND,IDN,0.0838,3,False
2016-02-01,IND,IDN,0.0933,3,False
2016-03-01,IND,IDN,0.1008,2,False
2016-04-01,IND,IDN,0.1671,4,False
2016-05-01,IND,IDN,0.0786,3,False
2016-06-01,IND,IDN,0.185,3,False
2016-07-01,IND,IDN,0.2051,3,False
2016-08-01,IND,IDN,0.1577,3,False
2016-09-01,IND,IDN,0.1728,3,False
2016-10-01,IND,IDN,0.1191,3,False
2016-11-01,IND,IDN,0.1396,3,False
2016-12-01,IND,IDN,0.1551,3,False
2017-01-01,IND,IDN,0.0827,3,False
2017-02-01,IND,IDN,0.0642,3,False
2017-03-01,IND,IDN,0.0443,3,True
2017-04-01,IND,IDN,0.0325,3,True
2017-05-01,IND,IDN,0.2613,3,False
2017-06-01,IND,IDN,0.2805,3,False
2017-07-01,IND,IDN,0.2696,3,False
2017-08-01,IND,IDN,0.2526,3,False
2017-09-01,IND,IDN,0.1944,1,False
2017-10-01,IND,IDN,0.2228,1,False
2017-11-01,IND,IDN,0.187,3,False
2017-12-01,IND,IDN,0.1439,4,False
2018-01-01,IND,IDN,0.0783,3,False
2018-02-01,IND,IDN,0.0769,3,False
2018-03-01,IND,IDN,0.1183,3,False
2018-04-01,IND,IDN,0.0831,3,False
2018-05-01,IND,IDN,0.0805,3,False
2018-06-01,IND,IDN,0.0486,3,True
2018-07-01,IND,IDN,0.0451,1,True
2018-08-01,IND,IDN,0.0577,1,False
2018-09-01,IND,IDN,0.0946,1,False
2018-10-01,IND,IDN,0.1426,1,False
2018-11-01,IND,IDN,0.3485,1,False
2018-12-01,IND,IDN,0.3372,1,False
2019-01-01,IND,IDN,0.4282,1,False
2019-02-01,IND,IDN,0.3955,1,False
2019-03-01,IND,IDN,0.2419,4,False
2019-04-01,IND,IDN,0.187,4,False
2019-05-01,IND,IDN,0.0505,4,False
2019-06-01,IND,IDN,0.0674,3,False
2019-07-01,IND,IDN,0.0071,2,True
2019-08-01,IND,IDN,0.0031,1,True
2019-09-01,IND,IDN,0.0116,1,True
2019-10-01,IND,IDN,0.009,1,True
2019-11-01,IND,IDN,0.0071,1,True
2019-12-01,IND,IDN,0.0061,1,True
2020-01-01,IND,IDN,0.0091,1,True
2020-02-01,IND,IDN,0.005,1,True
2020-03-01,IND,IDN,0.0017,1,True
2020-04-01,IND,IDN,0.0156,1,True
2020-05-01,IND,IDN,0.0121,1,True
2020-06-01,IND,IDN,0.0424,1,True
2020-07-01,IND,IDN,0.0756,1,False
2020-08-01,IND,IDN,0.1303,3,False
2020-09-01,IND,IDN,0.2242,1,False
2020-10-01,IND,IDN,0.2114,1,False
2020-11-01,IND,IDN,0.2689,3,False
2020-12-01,IND,IDN,0.15,4,False
2021-01-01,IND,IDN,0.0539,3,False
2021-02-01,IND,IDN,0.127,3,False
2021-03-01,IND,IDN,0.1209,3,False
2021-04-01,IND,IDN,0.1099,3,False
2021-05-01,IND,IDN,0.1235,3,False
2021-06-01,IND,IDN,0.0797,3,False
2021-07-01,IND,IDN,0.0843,3,False
2021-08-01,IND,IDN,0.0533,3,False
2021-09-01,IND,IDN,0.0667,3,False
2021-10-01,IND,IDN,0.0877,3,False
2021-11-01,IND,IDN,0.1292,3,False
2021-12-01,IND,IDN,0.1437,3,False
2022-01-01,IND,IDN,0.1653,3,False
2022-02-01,IND,IDN,0.2529,3,False
2022-03-01,IND,IDN,0.2192,1,False
2022-04-01,IND,IDN,0.2345,3,False
2022-05-01,IND,IDN,0.4315,3,False
2022-06-01,IND,IDN,0.49,4,False
2022-07-01,IND,IDN,0.2521,3,False
2022-08-01,IND,IDN,0.1775,3,False
2022-09-01,IND,IDN,0.0976,3,False
2022-10-01,IND,IDN,0.1064,3,False
2022-11-01,IND,IDN,0.2092,3,False
2022-12-01,IND,IDN,0.4328,3,False
2023-01-01,IND,IDN,0.6874,3,False
2023-02-01,IND,IDN,0.4589,2,False
2023-03-01,IND,IDN,0.235,1,False
2023-04-01,IND,IDN,0.2799,1,False
2023-05-01,IND,IDN,0.2289,1,False
2023-06-01,IND,IDN,0.3007,1,False
2023-07-01,IND,IDN,0.1805,1,False
2023-08-01,IND,IDN,0.141,4,False
2023-09-01,IND,IDN,0.021,3,True
2023-10-01,IND,IDN,0.0215,3,True
2023-11-01,IND,IDN,0.0321,3,True
2023-12-01,IND,IDN,0.0563,3,False
2024-01-01,IND,IDN,0.0664,3,False
2024-02-01,IND,IDN,0.0621,3,False
2024-03-01,IND,IDN,0.0195,3,True
2024-04-01,IND,IDN,0.0093,3,True
2024-05-01,IND,IDN,0.0056,3,True
2024-06-01,IND,IDN,0.0047,3,True
2024-07-01,IND,IDN,0.0052,3,True
2024-08-01,IND,IDN,0.0005,3,True
2024-09-01,IND,IDN,0.0003,3,True
2024-10-01,IND,IDN,0.0004,3,True
2024-11-01,IND,IDN,0.0004,4,True
2024-12-01,IND,IDN,0.001,3,True
2025-01-01,IND,IDN,0.0021,3,True
2025-02-01,IND,IDN,0.0046,3,True
2025-03-01,IND,IDN,0.0019,3,True
2025-04-01,IND,IDN,0.0025,3,True
2025-05-01,IND,IDN,0.0038,3,True
2025-06-01,IND,IDN,0.0069,3,True
2025-07-01,IND,IDN,0.0123,3,True
2025-08-01,IND,IDN,0.0136,3,True
2025-09-01,IND,IDN,0.0203,4,True
2025-10-01,IND,IDN,0.0449,3,True
2025-11-01,IND,IDN,0.0484,1,True
2025-12-01,IND,IDN,0.0453,1,True
2026-01-01,IND,IDN,0.0539,1,False
2026-02-01,IND,IDN,0.0465,1,True
2026-03-01,IND,IDN,0.0292,1,True
2015-01-01,IND,THA,0.0949,4,False
2015-02-01,IND,THA,0.1344,4,False
2015-03-01,IND,THA,0.4068,2,False
2015-04-01,IND,THA,0.3812,2,False
2015-05-01,IND,THA,0.3303,3,False
2015-06-01,IND,THA,0.3645,2,False
2015-07-01,IND,THA,0.3119,2,False
2015-08-01,IND,THA,0.3108,2,False
2015-09-01,IND,THA,0.3177,2,False
2015-10-01,IND,THA,0.264,2,False
2015-11-01,IND,THA,0.2077,3,False
2015-12-01,IND,THA,0.2679,3,False
2016-01-01,IND,THA,0.4519,2,False
2016-02-01,IND,THA,0.4283,2,False
2016-03-01,IND,THA,0.4454,2,False
2016-04-01,IND,THA,0.2307,2,False
2016-05-01,IND,THA,0.2495,2,False
2016-06-01,IND,THA,0.2887,2,False
2016-07-01,IND,THA,0.2343,2,False
2016-08-01,IND,THA,0.1803,2,False
2016-09-01,IND,THA,0.1793,2,False
2016-10-01,IND,THA,0.2273,2,False
2016-11-01,IND,THA,0.2241,2,False
2016-12-01,IND,THA,0.1928,2,False
2017-01-01,IND,THA,0.0986,4,False
2017-02-01,IND,THA,0.2426,2,False
2017-03-01,IND,THA,0.5014,2,False
2017-04-01,IND,THA,0.2993,2,False
2017-05-01,IND,THA,0.3776,2,False
2017-06-01,IND,THA,0.3929,2,False
2017-07-01,IND,THA,0.2328,2,False
2017-08-01,IND,THA,0.118,1,False
2017-09-01,IND,THA,0.1279,2,False
2017-10-01,IND,THA,0.0235,1,True
2017-11-01,IND,THA,0.0285,1,True
2017-12-01,IND,THA,0.0366,1,True
2018-01-01,IND,THA,0.0343,1,True
2018-02-01,IND,THA,0.0318,1,True
2018-03-01,IND,THA,0.0368,1,True
2018-04-01,IND,THA,0.0746,1,False
2018-05-01,IND,THA,0.1587,1,False
2018-06-01,IND,THA,0.2165,1,False
2018-07-01,IND,THA,0.3595,1,False
2018-08-01,IND,THA,0.4463,1,False
2018-09-01,IND,THA,0.39,1,False
2018-10-01,IND,THA,0.2938,1,False
2018-11-01,IND,THA,0.1261,1,False
2018-12-01,IND,THA,0.2295,1,False
2019-01-01,IND,THA,0.2815,1,False
2019-02-01,IND,THA,0.2776,1,False
2019-03-01,IND,THA,0.4655,1,False
2019-04-01,IND,THA,0.379,1,False
2019-05-01,IND,THA,0.1968,1,False
2019-06-01,IND,THA,0.8317,2,False
2019-07-01,IND,THA,0.8276,2,False
2019-08-01,IND,THA,0.8176,4,False
2019-09-01,IND,THA,0.2239,4,False
2019-10-01,IND,THA,0.0679,4,False
2019-11-01,IND,THA,0.305,4,False
2019-12-01,IND,THA,0.2682,4,False
2020-01-01,IND,THA,0.2729,4,False
2020-02-01,IND,THA,0.3222,4,False
2020-03-01,IND,THA,0.2468,4,False
2020-04-01,IND,THA,0.3006,1,False
2020-05-01,IND,THA,0.2519,1,False
2020-06-01,IND,THA,0.4018,1,False
2020-07-01,IND,THA,0.2807,4,False
2020-08-01,IND,THA,0.3439,4,False
2020-09-01,IND,THA,0.212,4,False
2020-10-01,IND,THA,0.1771,2,False
2020-11-01,IND,THA,0.1657,2,False
2020-12-01,IND,THA,0.1766,1,False
2021-01-01,IND,THA,0.2361,2,False
2021-02-01,IND,THA,0.2419,2,False
2021-03-01,IND,THA,0.2684,2,False
2021-04-01,IND,THA,0.2717,2,False
2021-05-01,IND,THA,0.1833,2,False
2021-06-01,IND,THA,0.1899,2,False
2021-07-01,IND,THA,0.195,2,False
2021-08-01,IND,THA,0.1818,2,False
2021-09-01,IND,THA,0.1826,2,False
2021-10-01,IND,THA,0.1078,3,False
2021-11-01,IND,THA,0.0852,2,False
2021-12-01,IND,THA,0.2224,2,False
2022-01-01,IND,THA,0.393,2,False
2022-02-01,IND,THA,0.807,1,False
2022-03-01,IND,THA,0.7703,2,False
2022-04-01,IND,THA,0.7833,2,False
2022-05-01,IND,THA,0.5413,1,False
2022-06-01,IND,THA,0.3928,1,False
2022-07-01,IND,THA,0.1846,1,False
2022-08-01,IND,THA,0.1477,1,False
2022-09-01,IND,THA,0.1239,1,False
2022-10-01,IND,THA,0.1059,1,False
2022-11-01,IND,THA,0.0651,1,False
2022-12-01,IND,THA,0.0324,1,True
2023-01-01,IND,THA,0.0161,3,True
2023-02-01,IND,THA,0.1493,1,False
2023-03-01,IND,THA,0.5379,1,False
2023-04-01,IND,THA,0.716,4,False
2023-05-01,IND,THA,0.6337,1,False
2023-06-01,IND,THA,0.5911,1,False
2023-07-01,IND,THA,0.612,1,False
2023-08-01,IND,THA,0.6284,1,False
2023-09-01,IND,THA,0.6686,4,False
2023-10-01,IND,THA,0.54,4,False
2023-11-01,IND,THA,0.5989,1,False
2023-12-01,IND,THA,0.6242,4,False
2024-01-01,IND,THA,0.474,4,False
2024-02-01,IND,THA,0.3087,4,False
2024-03-01,IND,THA,0.3951,4,False
2024-04-01,IND,THA,0.377,1,False
2024-05-01,IND,THA,0.2074,1,False
2024-06-01,IND,THA,0.1733,1,False
2024-07-01,IND,THA,0.1314,1,False
2024-08-01,IND,THA,0.1538,1,False
2024-09-01,IND,THA,0.1822,1,False
2024-10-01,IND,THA,0.1289,1,False
2024-11-01,IND,THA,0.1227,1,False
2024-12-01,IND,THA,0.1385,1,False
2025-01-01,IND,THA,0.1105,1,False
2025-02-01,IND,THA,0.1311,1,False
2025-03-01,IND,THA,0.1017,1,False
2025-04-01,IND,THA,0.069,1,False
2025-05-01,IND,THA,0.0567,1,False
2025-06-01,IND,THA,0.0226,1,True
2025-07-01,IND,THA,0.0133,1,True
2025-08-01,IND,THA,0.0087,1,True
2025-09-01,IND,THA,0.0046,1,True
2025-10-01,IND,THA,0.0011,1,True
2025-11-01,IND,THA,0.0002,1,True
2025-12-01,IND,THA,0.0,1,True
2026-01-01,IND,THA,0.0,1,True
2026-02-01,IND,THA,0.0001,1,True
2026-03-01,IND,THA,0.0007,1,True
2015-01-01,IND,BRA,0.1347,4,False
2015-02-01,IND,BRA,0.0046,4,True
2015-03-01,IND,BRA,0.0069,3,True
2015-04-01,IND,BRA,0.0073,2,True
2015-05-01,IND,BRA,0.0061,2,True
2015-06-01,IND,BRA,0.0083,2,True
2015-07-01,IND,BRA,0.0099,2,True
2015-08-01,IND,BRA,0.0125,2,True
2015-09-01,IND,BRA,0.0026,2,True
2015-10-01,IND,BRA,0.0045,2,True
2015-11-01,IND,BRA,0.0026,2,True
2015-12-01,IND,BRA,0.0029,2,True
2016-01-01,IND,BRA,0.0025,2,True
2016-02-01,IND,BRA,0.0011,2,True
2016-03-01,IND,BRA,0.0014,2,True
2016-04-01,IND,BRA,0.0033,2,True
2016-05-01,IND,BRA,0.0022,2,True
2016-06-01,IND,BRA,0.0021,2,True
2016-07-01,IND,BRA,0.008,2,True
2016-08-01,IND,BRA,0.011,2,True
2016-09-01,IND,BRA,0.0104,2,True
2016-10-01,IND,BRA,0.0062,2,True
2016-11-01,IND,BRA,0.0049,2,True
2016-12-01,IND,BRA,0.0077,4,True
2017-01-01,IND,BRA,0.0017,1,True
2017-02-01,IND,BRA,0.0001,1,True
2017-03-01,IND,BRA,0.0001,1,True
2017-04-01,IND,BRA,0.0001,1,True
2017-05-01,IND,BRA,0.0001,1,True
2017-06-01,IND,BRA,0.0,1,True
2017-07-01,IND,BRA,0.0,1,True
2017-08-01,IND,BRA,0.0,1,True
2017-09-01,IND,BRA,0.0,1,True
2017-10-01,IND,BRA,0.0,1,True
2017-11-01,IND,BRA,0.0,1,True
2017-12-01,IND,BRA,0.0,1,True
2018-01-01,IND,BRA,0.0,1,True
2018-02-01,IND,BRA,0.0,1,True
2018-03-01,IND,BRA,0.0001,1,True
2018-04-01,IND,BRA,0.0002,1,True
2018-05-01,IND,BRA,0.0002,1,True
2018-06-01,IND,BRA,0.0002,1,True
2018-07-01,IND,BRA,0.0006,1,True
2018-08-01,IND,BRA,0.0003,1,True
2018-09-01,IND,BRA,0.0007,1,True
2018-10-01,IND,BRA,0.0002,1,True
2018-11-01,IND,BRA,0.0002,1,True
2018-12-01,IND,BRA,0.0009,1,True
2019-01-01,IND,BRA,0.0015,1,True
2019-02-01,IND,BRA,0.0016,1,True
2019-03-01,IND,BRA,0.0015,1,True
2019-04-01,IND,BRA,0.0004,1,True
2019-05-01,IND,BRA,0.0002,1,True
2019-06-01,IND,BRA,0.0012,1,True
2019-07-01,IND,BRA,0.118,1,False
2019-08-01,IND,BRA,0.2471,1,False
2019-09-01,IND,BRA,0.249,1,False
2019-10-01,IND,BRA,0.3353,1,False
2019-11-01,IND,BRA,0.4496,1,False
2019-12-01,IND,BRA,0.2701,1,False
2020-01-01,IND,BRA,0.1228,1,False
2020-02-01,IND,BRA,0.1382,1,False
2020-03-01,IND,BRA,0.1106,1,False
2020-04-01,IND,BRA,0.1679,1,False
2020-05-01,IND,BRA,0.2146,3,False
2020-06-01,IND,BRA,0.1634,3,False
2020-07-01,IND,BRA,0.1431,3,False
2020-08-01,IND,BRA,0.1081,3,False
2020-09-01,IND,BRA,0.0946,3,False
2020-10-01,IND,BRA,0.0913,3,False
2020-11-01,IND,BRA,0.0615,3,False
2020-12-01,IND,BRA,0.0252,4,True
2021-01-01,IND,BRA,0.0163,4,True
2021-02-01,IND,BRA,0.0157,4,True
2021-03-01,IND,BRA,0.0573,3,False
2021-04-01,IND,BRA,0.0372,3,True
2021-05-01,IND,BRA,0.0062,3,True
2021-06-01,IND,BRA,0.0053,3,True
2021-07-01,IND,BRA,0.0052,4,True
2021-08-01,IND,BRA,0.0058,4,True
2021-09-01,IND,BRA,0.0026,3,True
2021-10-01,IND,BRA,0.002,3,True
2021-11-01,IND,BRA,0.0014,4,True
2021-12-01,IND,BRA,0.0016,3,True
2022-01-01,IND,BRA,0.012,3,True
2022-02-01,IND,BRA,0.0092,3,True
2022-03-01,IND,BRA,0.006,4,True
2022-04-01,IND,BRA,0.0072,4,True
2022-05-01,IND,BRA,0.0146,4,True
2022-06-01,IND,BRA,0.0213,3,True
2022-07-01,IND,BRA,0.0193,4,True
2022-08-01,IND,BRA,0.0635,4,False
2022-09-01,IND,BRA,0.0305,4,True
2022-10-01,IND,BRA,0.0135,3,True
2022-11-01,IND,BRA,0.0387,3,True
2022-12-01,IND,BRA,0.0518,3,False
2023-01-01,IND,BRA,0.0256,1,True
2023-02-01,IND,BRA,0.0231,1,True
2023-03-01,IND,BRA,0.0422,1,True
2023-04-01,IND,BRA,0.0274,1,True
2023-05-01,IND,BRA,0.0244,1,True
2023-06-01,IND,BRA,0.0273,1,True
2023-07-01,IND,BRA,0.0645,1,False
2023-08-01,IND,BRA,0.0825,1,False
2023-09-01,IND,BRA,0.0784,2,False
2023-10-01,IND,BRA,0.1289,4,False
2023-11-01,IND,BRA,0.0626,4,False
2023-12-01,IND,BRA,0.0838,4,False
2024-01-01,IND,BRA,0.0416,4,True
2024-02-01,IND,BRA,0.1112,4,False
2024-03-01,IND,BRA,0.0792,4,False
2024-04-01,IND,BRA,0.1795,2,False
2024-05-01,IND,BRA,0.1305,4,False
2024-06-01,IND,BRA,0.0922,4,False
2024-07-01,IND,BRA,0.073,4,False
2024-08-01,IND,BRA,0.0804,4,False
2024-09-01,IND,BRA,0.0495,4,True
2024-10-01,IND,BRA,0.0931,2,False
2024-11-01,IND,BRA,0.0793,2,False
2024-12-01,IND,BRA,0.0394,4,True
2025-01-01,IND,BRA,0.0264,4,True
2025-02-01,IND,BRA,0.0076,3,True
2025-03-01,IND,BRA,0.0201,3,True
2025-04-01,IND,BRA,0.0425,2,True
2025-05-01,IND,BRA,0.0853,2,False
2025-06-01,IND,BRA,0.0798,2,False
2025-07-01,IND,BRA,0.7162,2,False
2025-08-01,IND,BRA,0.6977,2,False
2025-09-01,IND,BRA,0.7575,4,False
2025-10-01,IND,BRA,0.6799,4,False
2025-11-01,IND,BRA,0.683,3,False
2025-12-01,IND,BRA,0.5684,3,False
2026-01-01,IND,BRA,0.5478,2,False
2026-02-01,IND,BRA,0.5073,1,False
2026-03-01,IND,BRA,0.6276,3,False
2015-01-01,IND,ZAF,0.2221,3,False
2015-02-01,IND,ZAF,0.8087,3,False
2015-03-01,IND,ZAF,0.4406,2,False
2015-04-01,IND,ZAF,0.5139,2,False
2015-05-01,IND,ZAF,0.5012,2,False
2015-06-01,IND,ZAF,0.3111,2,False
2015-07-01,IND,ZAF,0.314,1,False
2015-08-01,IND,ZAF,0.3979,1,False
2015-09-01,IND,ZAF,0.2728,1,False
2015-10-01,IND,ZAF,0.2793,1,False
2015-11-01,IND,ZAF,0.3226,1,False
2015-12-01,IND,ZAF,0.3298,1,False
2016-01-01,IND,ZAF,0.3431,1,False
2016-02-01,IND,ZAF,0.6469,1,False
2016-03-01,IND,ZAF,0.6344,2,False
2016-04-01,IND,ZAF,0.4932,2,False
2016-05-01,IND,ZAF,0.4655,4,False
2016-06-01,IND,ZAF,0.4049,4,False
2016-07-01,IND,ZAF,0.1987,4,False
2016-08-01,IND,ZAF,0.2407,4,False
2016-09-01,IND,ZAF,0.0586,4,False
2016-10-01,IND,ZAF,0.2052,4,False
2016-11-01,IND,ZAF,0.1595,2,False
2016-12-01,IND,ZAF,0.3671,1,False
2017-01-01,IND,ZAF,0.1691,4,False
2017-02-01,IND,ZAF,0.1313,4,False
2017-03-01,IND,ZAF,0.1791,4,False
2017-04-01,IND,ZAF,0.1393,4,False
2017-05-01,IND,ZAF,0.1733,4,False
2017-06-01,IND,ZAF,0.1309,4,False
2017-07-01,IND,ZAF,0.1681,4,False
2017-08-01,IND,ZAF,0.0565,1,False
2017-09-01,IND,ZAF,0.0594,1,False
2017-10-01,IND,ZAF,0.0961,1,False
2017-11-01,IND,ZAF,0.0937,1,False
2017-12-01,IND,ZAF,0.0743,1,False
2018-01-01,IND,ZAF,0.0247,1,True
2018-02-01,IND,ZAF,0.0032,1,True
2018-03-01,IND,ZAF,0.0057,1,True
2018-04-01,IND,ZAF,0.008,1,True
2018-05-01,IND,ZAF,0.0085,1,True
2018-06-01,IND,ZAF,0.009,1,True
2018-07-01,IND,ZAF,0.0087,1,True
2018-08-01,IND,ZAF,0.0103,1,True
2018-09-01,IND,ZAF,0.0177,1,True
2018-10-01,IND,ZAF,0.0182,1,True
2018-11-01,IND,ZAF,0.0176,1,True
2018-12-01,IND,ZAF,0.0288,1,True
2019-01-01,IND,ZAF,0.1211,1,False
2019-02-01,IND,ZAF,0.2635,2,False
2019-03-01,IND,ZAF,0.2616,1,False
2019-04-01,IND,ZAF,0.1804,1,False
2019-05-01,IND,ZAF,0.2569,2,False
2019-06-01,IND,ZAF,0.2545,2,False
2019-07-01,IND,ZAF,0.2818,2,False
2019-08-01,IND,ZAF,0.6025,2,False
2019-09-01,IND,ZAF,0.423,2,False
2019-10-01,IND,ZAF,0.5024,4,False
2019-11-01,IND,ZAF,0.3677,3,False
2019-12-01,IND,ZAF,0.1656,4,False
2020-01-01,IND,ZAF,0.1675,3,False
2020-02-01,IND,ZAF,0.1582,3,False
2020-03-01,IND,ZAF,0.1542,3,False
2020-04-01,IND,ZAF,0.1316,3,False
2020-05-01,IND,ZAF,0.0642,4,False
2020-06-01,IND,ZAF,0.0443,4,True
2020-07-01,IND,ZAF,0.0465,4,True
2020-08-01,IND,ZAF,0.023,4,True
2020-09-01,IND,ZAF,0.0478,4,True
2020-10-01,IND,ZAF,0.0233,4,True
2020-11-01,IND,ZAF,0.0142,4,True
2020-12-01,IND,ZAF,0.0086,4,True
2021-01-01,IND,ZAF,0.0147,4,True
2021-02-01,IND,ZAF,0.0154,4,True
2021-03-01,IND,ZAF,0.0106,4,True
2021-04-01,IND,ZAF,0.0066,4,True
2021-05-01,IND,ZAF,0.0064,4,True
2021-06-01,IND,ZAF,0.0061,3,True
2021-07-01,IND,ZAF,0.0141,4,True
2021-08-01,IND,ZAF,0.0114,4,True
2021-09-01,IND,ZAF,0.01,4,True
2021-10-01,IND,ZAF,0.0077,4,True
2021-11-01,IND,ZAF,0.0106,4,True
2021-12-01,IND,ZAF,0.0076,4,True
2022-01-01,IND,ZAF,0.0035,4,True
2022-02-01,IND,ZAF,0.0065,4,True
2022-03-01,IND,ZAF,0.0064,4,True
2022-04-01,IND,ZAF,0.004,4,True
2022-05-01,IND,ZAF,0.0008,4,True
2022-06-01,IND,ZAF,0.0017,3,True
2022-07-01,IND,ZAF,0.0048,3,True
2022-08-01,IND,ZAF,0.0038,3,True
2022-09-01,IND,ZAF,0.0028,3,True
2022-10-01,IND,ZAF,0.0027,3,True
2022-11-01,IND,ZAF,0.0036,3,True
2022-12-01,IND,ZAF,0.0012,4,True
2023-01-01,IND,ZAF,0.0002,3,True
2023-02-01,IND,ZAF,0.0007,3,True
2023-03-01,IND,ZAF,0.003,3,True
2023-04-01,IND,ZAF,0.0097,3,True
2023-05-01,IND,ZAF,0.0022,3,True
2023-06-01,IND,ZAF,0.0022,3,True
2023-07-01,IND,ZAF,0.0018,3,True
2023-08-01,IND,ZAF,0.0031,3,True
2023-09-01,IND,ZAF,0.0008,4,True
2023-10-01,IND,ZAF,0.0014,4,True
2023-11-01,IND,ZAF,0.0021,2,True
2023-12-01,IND,ZAF,0.001,2,True
2024-01-01,IND,ZAF,0.0019,2,True
2024-02-01,IND,ZAF,0.004,2,True
2024-03-01,IND,ZAF,0.0017,2,True
2024-04-01,IND,ZAF,0.0014,2,True
2024-05-01,IND,ZAF,0.0006,2,True
2024-06-01,IND,ZAF,0.0007,2,True
2024-07-01,IND,ZAF,0.0007,2,True
2024-08-01,IND,ZAF,0.0004,2,True
2024-09-01,IND,ZAF,0.0006,2,True
2024-10-01,IND,ZAF,0.0001,2,True
2024-11-01,IND,ZAF,0.0,2,True
2024-12-01,IND,ZAF,0.0,2,True
2025-01-01,IND,ZAF,0.0,2,True
2025-02-01,IND,ZAF,0.0,2,True
2025-03-01,IND,ZAF,0.0,2,True
2025-04-01,IND,ZAF,0.0084,2,True
2025-05-01,IND,ZAF,0.0021,2,True
2025-06-01,IND,ZAF,0.0037,2,True
2025-07-01,IND,ZAF,0.0065,2,True
2025-08-01,IND,ZAF,0.0068,2,True
2025-09-01,IND,ZAF,0.0054,2,True
2025-10-01,IND,ZAF,0.0067,2,True
2025-11-01,IND,ZAF,0.011,2,True
2025-12-01,IND,ZAF,0.0105,2,True
2026-01-01,IND,ZAF,0.0047,2,True
2026-02-01,IND,ZAF,0.0048,2,True
2026-03-01,IND,ZAF,0.0059,2,True
2015-01-01,IND,MEX,0.0034,4,True
2015-02-01,IND,MEX,0.0023,4,True
2015-03-01,IND,MEX,0.0011,4,True
2015-04-01,IND,MEX,0.0152,4,True
2015-05-01,IND,MEX,0.0075,3,True
2015-06-01,IND,MEX,0.0114,4,True
2015-07-01,IND,MEX,0.0065,3,True
2015-08-01,IND,MEX,0.0034,3,True
2015-09-01,IND,MEX,0.0066,4,True
2015-10-01,IND,MEX,0.0032,3,True
2015-11-01,IND,MEX,0.0027,3,True
2015-12-01,IND,MEX,0.0071,3,True
2016-01-01,IND,MEX,0.0077,3,True
2016-02-01,IND,MEX,0.01,3,True
2016-03-01,IND,MEX,0.01,3,True
2016-04-01,IND,MEX,0.0086,4,True
2016-05-01,IND,MEX,0.0036,3,True
2016-06-01,IND,MEX,0.004,3,True
2016-07-01,IND,MEX,0.0018,3,True
2016-08-01,IND,MEX,0.0008,3,True
2016-09-01,IND,MEX,0.0006,2,True
2016-10-01,IND,MEX,0.0009,2,True
2016-11-01,IND,MEX,0.0021,2,True
2016-12-01,IND,MEX,0.0209,3,True
2017-01-01,IND,MEX,0.0109,2,True
2017-02-01,IND,MEX,0.0467,1,True
2017-03-01,IND,MEX,0.0511,1,False
2017-04-01,IND,MEX,0.0373,1,True
2017-05-01,IND,MEX,0.0156,4,True
2017-06-01,IND,MEX,0.008,4,True
2017-07-01,IND,MEX,0.0058,4,True
2017-08-01,IND,MEX,0.0045,4,True
2017-09-01,IND,MEX,0.0026,1,True
2017-10-01,IND,MEX,0.0006,1,True
2017-11-01,IND,MEX,0.0007,1,True
2017-12-01,IND,MEX,0.0016,1,True
2018-01-01,IND,MEX,0.0081,1,True
2018-02-01,IND,MEX,0.0013,1,True
2018-03-01,IND,MEX,0.0008,1,True
2018-04-01,IND,MEX,0.0006,1,True
2018-05-01,IND,MEX,0.0005,1,True
2018-06-01,IND,MEX,0.0006,1,True
2018-07-01,IND,MEX,0.0007,1,True
2018-08-01,IND,MEX,0.0004,1,True
2018-09-01,IND,MEX,0.0004,1,True
2018-10-01,IND,MEX,0.0008,1,True
2018-11-01,IND,MEX,0.001,1,True
2018-12-01,IND,MEX,0.001,1,True
2019-01-01,IND,MEX,0.0008,1,True
2019-02-01,IND,MEX,0.0004,1,True
2019-03-01,IND,MEX,0.0002,1,True
2019-04-01,IND,MEX,0.0003,1,True
2019-05-01,IND,MEX,0.003,1,True
2019-06-01,IND,MEX,0.0039,1,True
2019-07-01,IND,MEX,0.002,1,True
2019-08-01,IND,MEX,0.0016,1,True
2019-09-01,IND,MEX,0.0012,4,True
2019-10-01,IND,MEX,0.0013,3,True
2019-11-01,IND,MEX,0.0005,2,True
2019-12-01,IND,MEX,0.0002,1,True
2020-01-01,IND,MEX,0.0045,2,True
2020-02-01,IND,MEX,0.0186,2,True
2020-03-01,IND,MEX,0.0571,4,False
2020-04-01,IND,MEX,0.0562,4,False
2020-05-01,IND,MEX,0.0162,4,True
2020-06-01,IND,MEX,0.0052,4,True
2020-07-01,IND,MEX,0.0088,4,True
2020-08-01,IND,MEX,0.0093,4,True
2020-09-01,IND,MEX,0.0016,4,True
2020-10-01,IND,MEX,0.0021,4,True
2020-11-01,IND,MEX,0.0026,4,True
2020-12-01,IND,MEX,0.0262,4,True
2021-01-01,IND,MEX,0.0241,4,True
2021-02-01,IND,MEX,0.0241,4,True
2021-03-01,IND,MEX,0.0244,4,True
2021-04-01,IND,MEX,0.03,4,True
2021-05-01,IND,MEX,0.0263,4,True
2021-06-01,IND,MEX,0.024,3,True
2021-07-01,IND,MEX,0.0343,4,True
2021-08-01,IND,MEX,0.0342,4,True
2021-09-01,IND,MEX,0.0395,4,True
2021-10-01,IND,MEX,0.0495,4,True
2021-11-01,IND,MEX,0.0307,4,True
2021-12-01,IND,MEX,0.0315,3,True
2022-01-01,IND,MEX,0.0225,2,True
2022-02-01,IND,MEX,0.0258,2,True
2022-03-01,IND,MEX,0.0266,2,True
2022-04-01,IND,MEX,0.0378,2,True
2022-05-01,IND,MEX,0.0471,2,True
2022-06-01,IND,MEX,0.0502,2,False
2022-07-01,IND,MEX,0.1449,3,False
2022-08-01,IND,MEX,0.1337,3,False
2022-09-01,IND,MEX,0.188,4,False
2022-10-01,IND,MEX,0.1869,3,False
2022-11-01,IND,MEX,0.0259,4,True
2022-12-01,IND,MEX,0.0157,3,True
2023-01-01,IND,MEX,0.0094,2,True
2023-02-01,IND,MEX,0.0257,2,True
2023-03-01,IND,MEX,0.1536,1,False
2023-04-01,IND,MEX,0.128,2,False
2023-05-01,IND,MEX,0.1046,2,False
2023-06-01,IND,MEX,0.1136,2,False
2023-07-01,IND,MEX,0.192,2,False
2023-08-01,IND,MEX,0.2801,1,False
2023-09-01,IND,MEX,0.2566,1,False
2023-10-01,IND,MEX,0.2059,1,False
2023-11-01,IND,MEX,0.2978,2,False
2023-12-01,IND,MEX,0.2464,2,False
2024-01-01,IND,MEX,0.2165,2,False
2024-02-01,IND,MEX,0.3894,2,False
2024-03-01,IND,MEX,0.573,2,False
2024-04-01,IND,MEX,0.3203,1,False
2024-05-01,IND,MEX,0.2622,1,False
2024-06-01,IND,MEX,0.2677,1,False
2024-07-01,IND,MEX,0.2172,1,False
2024-08-01,IND,MEX,0.125,1,False
2024-09-01,IND,MEX,0.2115,1,False
2024-10-01,IND,MEX,0.5437,4,False
2024-11-01,IND,MEX,0.5869,4,False
2024-12-01,IND,MEX,0.3519,4,False
2025-01-01,IND,MEX,0.5692,3,False
2025-02-01,IND,MEX,0.6033,3,False
2025-03-01,IND,MEX,0.4752,3,False
2025-04-01,IND,MEX,0.7451,3,False
2025-05-01,IND,MEX,0.721,3,False
2025-06-01,IND,MEX,0.7742,4,False
2025-07-01,IND,MEX,0.5097,2,False
2025-08-01,IND,MEX,0.5457,2,False
2025-09-01,IND,MEX,0.5813,2,False
2025-10-01,IND,MEX,0.4831,3,False
2025-11-01,IND,MEX,0.3485,2,False
2025-12-01,IND,MEX,0.394,2,False
2026-01-01,IND,MEX,0.4993,2,False
2026-02-01,IND,MEX,0.4645,2,False
2026-03-01,IND,MEX,0.4636,2,False
2015-01-01,IND,SGP,0.0148,4,True
2015-02-01,IND,SGP,0.0082,4,True
2015-03-01,IND,SGP,0.0128,4,True
2015-04-01,IND,SGP,0.0831,4,False
2015-05-01,IND,SGP,0.1034,4,False
2015-06-01,IND,SGP,0.0675,4,False
2015-07-01,IND,SGP,0.0686,4,False
2015-08-01,IND,SGP,0.0381,4,True
2015-09-01,IND,SGP,0.0771,4,False
2015-10-01,IND,SGP,0.136,4,False
2015-11-01,IND,SGP,0.0852,4,False
2015-12-01,IND,SGP,0.1915,4,False
2016-01-01,IND,SGP,0.2444,4,False
2016-02-01,IND,SGP,0.2074,4,False
2016-03-01,IND,SGP,0.2058,4,False
2016-04-01,IND,SGP,0.3033,1,False
2016-05-01,IND,SGP,0.2587,1,False
2016-06-01,IND,SGP,0.2972,4,False
2016-07-01,IND,SGP,0.5038,4,False
2016-08-01,IND,SGP,0.4471,4,False
2016-09-01,IND,SGP,0.2627,4,False
2016-10-01,IND,SGP,0.378,4,False
2016-11-01,IND,SGP,0.0394,4,True
2016-12-01,IND,SGP,0.104,3,False
2017-01-01,IND,SGP,0.5395,4,False
2017-02-01,IND,SGP,0.2261,4,False
2017-03-01,IND,SGP,0.056,2,False
2017-04-01,IND,SGP,0.0363,1,True
2017-05-01,IND,SGP,0.0022,1,True
2017-06-01,IND,SGP,0.0072,1,True
2017-07-01,IND,SGP,0.0191,1,True
2017-08-01,IND,SGP,0.0082,1,True
2017-09-01,IND,SGP,0.0101,1,True
2017-10-01,IND,SGP,0.0328,1,True
2017-11-01,IND,SGP,0.0787,1,False
2017-12-01,IND,SGP,0.098,1,False
2018-01-01,IND,SGP,0.0775,1,False
2018-02-01,IND,SGP,0.0623,4,False
2018-03-01,IND,SGP,0.0261,4,True
2018-04-01,IND,SGP,0.0446,4,True
2018-05-01,IND,SGP,0.0403,4,True
2018-06-01,IND,SGP,0.1173,1,False
2018-07-01,IND,SGP,0.1659,1,False
2018-08-01,IND,SGP,0.1094,1,False
2018-09-01,IND,SGP,0.2394,1,False
2018-10-01,IND,SGP,0.2561,1,False
2018-11-01,IND,SGP,0.2785,1,False
2018-12-01,IND,SGP,0.1422,1,False
2019-01-01,IND,SGP,0.21,1,False
2019-02-01,IND,SGP,0.1596,1,False
2019-03-01,IND,SGP,0.1636,4,False
2019-04-01,IND,SGP,0.1529,4,False
2019-05-01,IND,SGP,0.3339,4,False
2019-06-01,IND,SGP,0.2727,4,False
2019-07-01,IND,SGP,0.2819,3,False
2019-08-01,IND,SGP,0.3618,2,False
2019-09-01,IND,SGP,0.7392,3,False
2019-10-01,IND,SGP,0.7903,1,False
2019-11-01,IND,SGP,0.8209,1,False
2019-12-01,IND,SGP,0.8824,3,False
2020-01-01,IND,SGP,0.6631,2,False
2020-02-01,IND,SGP,0.5277,1,False
2020-03-01,IND,SGP,0.1892,2,False
2020-04-01,IND,SGP,0.3343,4,False
2020-05-01,IND,SGP,0.2172,4,False
2020-06-01,IND,SGP,0.3714,2,False
2020-07-01,IND,SGP,0.3241,2,False
2020-08-01,IND,SGP,0.2776,2,False
2020-09-01,IND,SGP,0.2632,4,False
2020-10-01,IND,SGP,0.3267,2,False
2020-11-01,IND,SGP,0.187,4,False
2020-12-01,IND,SGP,0.1238,4,False
2021-01-01,IND,SGP,0.1187,2,False
2021-02-01,IND,SGP,0.2739,2,False
2021-03-01,IND,SGP,0.2341,2,False
2021-04-01,IND,SGP,0.0642,2,False
2021-05-01,IND,SGP,0.0507,2,False
2021-06-01,IND,SGP,0.0446,2,True
2021-07-01,IND,SGP,0.043,2,True
2021-08-01,IND,SGP,0.0254,4,True
2021-09-01,IND,SGP,0.0128,3,True
2021-10-01,IND,SGP,0.0132,2,True
2021-11-01,IND,SGP,0.0036,3,True
2021-12-01,IND,SGP,0.0041,2,True
2022-01-01,IND,SGP,0.0103,3,True
2022-02-01,IND,SGP,0.0117,3,True
2022-03-01,IND,SGP,0.0089,3,True
2022-04-01,IND,SGP,0.0148,1,True
2022-05-01,IND,SGP,0.0073,4,True
2022-06-01,IND,SGP,0.0026,3,True
2022-07-01,IND,SGP,0.0044,3,True
2022-08-01,IND,SGP,0.002,3,True
2022-09-01,IND,SGP,0.0067,3,True
2022-10-01,IND,SGP,0.0077,4,True
2022-11-01,IND,SGP,0.0551,3,False
2022-12-01,IND,SGP,0.0913,1,False
2023-01-01,IND,SGP,0.071,1,False
2023-02-01,IND,SGP,0.1752,1,False
2023-03-01,IND,SGP,0.3515,3,False
2023-04-01,IND,SGP,0.4261,1,False
2023-05-01,IND,SGP,0.525,1,False
2023-06-01,IND,SGP,0.6926,3,False
2023-07-01,IND,SGP,0.7078,3,False
2023-08-01,IND,SGP,0.6811,3,False
2023-09-01,IND,SGP,0.6917,3,False
2023-10-01,IND,SGP,0.6173,2,False
2023-11-01,IND,SGP,0.4367,2,False
2023-12-01,IND,SGP,0.1961,2,False
2024-01-01,IND,SGP,0.1723,3,False
2024-02-01,IND,SGP,0.1826,3,False
2024-03-01,IND,SGP,0.1315,3,False
2024-04-01,IND,SGP,0.1114,3,False
2024-05-01,IND,SGP,0.0973,2,False
2024-06-01,IND,SGP,0.1429,3,False
2024-07-01,IND,SGP,0.0538,2,False
2024-08-01,IND,SGP,0.0393,4,True
2024-09-01,IND,SGP,0.0313,4,True
2024-10-01,IND,SGP,0.0151,4,True
2024-11-01,IND,SGP,0.0147,4,True
2024-12-01,IND,SGP,0.0089,4,True
2025-01-01,IND,SGP,0.0126,4,True
2025-02-01,IND,SGP,0.0153,4,True
2025-03-01,IND,SGP,0.0261,2,True
2025-04-01,IND,SGP,0.0238,2,True
2025-05-01,IND,SGP,0.0266,2,True
2025-06-01,IND,SGP,0.0379,4,True
2025-07-01,IND,SGP,0.0277,2,True
2025-08-01,IND,SGP,0.0085,2,True
2025-09-01,IND,SGP,0.0138,2,True
2025-10-01,IND,SGP,0.0125,2,True
2025-11-01,IND,SGP,0.0048,4,True
2025-12-01,IND,SGP,0.0032,3,True
2026-01-01,IND,SGP,0.0018,2,True
2026-02-01,IND,SGP,0.0016,2,True
2026-03-01,IND,SGP,0.0018,2,True
2015-01-01,IND,KOR,0.0258,2,True
2015-02-01,IND,KOR,0.0543,2,False
2015-03-01,IND,KOR,0.2531,2,False
2015-04-01,IND,KOR,0.2849,2,False
2015-05-01,IND,KOR,0.2751,2,False
2015-06-01,IND,KOR,0.2766,1,False
2015-07-01,IND,KOR,0.2859,2,False
2015-08-01,IND,KOR,0.2768,1,False
2015-09-01,IND,KOR,0.3037,4,False
2015-10-01,IND,KOR,0.2324,4,False
2015-11-01,IND,KOR,0.1439,4,False
2015-12-01,IND,KOR,0.0762,4,False
2016-01-01,IND,KOR,0.2529,4,False
2016-02-01,IND,KOR,0.1502,4,False
2016-03-01,IND,KOR,0.1881,4,False
2016-04-01,IND,KOR,0.2666,4,False
2016-05-01,IND,KOR,0.2597,4,False
2016-06-01,IND,KOR,0.0607,4,False
2016-07-01,IND,KOR,0.0173,4,True
2016-08-01,IND,KOR,0.0192,4,True
2016-09-01,IND,KOR,0.0186,4,True
2016-10-01,IND,KOR,0.1901,4,False
2016-11-01,IND,KOR,0.1849,4,False
2016-12-01,IND,KOR,0.1888,4,False
2017-01-01,IND,KOR,0.3487,4,False
2017-02-01,IND,KOR,0.124,1,False
2017-03-01,IND,KOR,0.1135,1,False
2017-04-01,IND,KOR,0.0516,1,False
2017-05-01,IND,KOR,0.0294,1,True
2017-06-01,IND,KOR,0.0115,1,True
2017-07-01,IND,KOR,0.0118,1,True
2017-08-01,IND,KOR,0.003,1,True
2017-09-01,IND,KOR,0.0043,1,True
2017-10-01,IND,KOR,0.0016,1,True
2017-11-01,IND,KOR,0.0016,1,True
2017-12-01,IND,KOR,0.0013,1,True
2018-01-01,IND,KOR,0.0009,1,True
2018-02-01,IND,KOR,0.003,1,True
2018-03-01,IND,KOR,0.0033,1,True
2018-04-01,IND,KOR,0.0033,1,True
2018-05-01,IND,KOR,0.0033,1,True
2018-06-01,IND,KOR,0.0023,3,True
2018-07-01,IND,KOR,0.0004,3,True
2018-08-01,IND,KOR,0.0001,3,True
2018-09-01,IND,KOR,0.0002,3,True
2018-10-01,IND,KOR,0.0116,3,True
2018-11-01,IND,KOR,0.0484,1,True
2018-12-01,IND,KOR,0.0753,1,False
2019-01-01,IND,KOR,0.0644,1,False
2019-02-01,IND,KOR,0.045,1,True
2019-03-01,IND,KOR,0.0369,1,True
2019-04-01,IND,KOR,0.0319,1,True
2019-05-01,IND,KOR,0.0386,1,True
2019-06-01,IND,KOR,0.0479,1,True
2019-07-01,IND,KOR,0.0449,1,True
2019-08-01,IND,KOR,0.0285,1,True
2019-09-01,IND,KOR,0.0076,3,True
2019-10-01,IND,KOR,0.0075,3,True
2019-11-01,IND,KOR,0.0034,3,True
2019-12-01,IND,KOR,0.0061,3,True
2020-01-01,IND,KOR,0.0046,3,True
2020-02-01,IND,KOR,0.0046,3,True
2020-03-01,IND,KOR,0.0018,3,True
2020-04-01,IND,KOR,0.0026,3,True
2020-05-01,IND,KOR,0.0005,3,True
2020-06-01,IND,KOR,0.0004,3,True
2020-07-01,IND,KOR,0.0001,3,True
2020-08-01,IND,KOR,0.0001,3,True
2020-09-01,IND,KOR,0.0001,3,True
2020-10-01,IND,KOR,0.0002,3,True
2020-11-01,IND,KOR,0.0035,3,True
2020-12-01,IND,KOR,0.0067,3,True
2021-01-01,IND,KOR,0.0073,3,True
2021-02-01,IND,KOR,0.0111,3,True
2021-03-01,IND,KOR,0.0193,3,True
2021-04-01,IND,KOR,0.0117,3,True
2021-05-01,IND,KOR,0.0033,3,True
2021-06-01,IND,KOR,0.0067,3,True
2021-07-01,IND,KOR,0.0057,3,True
2021-08-01,IND,KOR,0.0105,3,True
2021-09-01,IND,KOR,0.0146,2,True
2021-10-01,IND,KOR,0.0135,2,True
2021-11-01,IND,KOR,0.0245,2,True
2021-12-01,IND,KOR,0.0127,2,True
2022-01-01,IND,KOR,0.0052,2,True
2022-02-01,IND,KOR,0.0057,2,True
2022-03-01,IND,KOR,0.0059,2,True
2022-04-01,IND,KOR,0.0158,2,True
2022-05-01,IND,KOR,0.0171,2,True
2022-06-01,IND,KOR,0.0171,2,True
2022-07-01,IND,KOR,0.073,2,False
2022-08-01,IND,KOR,0.0528,2,False
2022-09-01,IND,KOR,0.0545,2,False
2022-10-01,IND,KOR,0.0521,2,False
2022-11-01,IND,KOR,0.0602,2,False
2022-12-01,IND,KOR,0.0356,2,True
2023-01-01,IND,KOR,0.0772,3,False
2023-02-01,IND,KOR,0.0595,2,False
2023-03-01,IND,KOR,0.2704,1,False
2023-04-01,IND,KOR,0.3211,1,False
2023-05-01,IND,KOR,0.269,2,False
2023-06-01,IND,KOR,0.2788,2,False
2023-07-01,IND,KOR,0.3461,2,False
2023-08-01,IND,KOR,0.5269,2,False
2023-09-01,IND,KOR,0.0728,2,False
2023-10-01,IND,KOR,0.094,2,False
2023-11-01,IND,KOR,0.1101,2,False
2023-12-01,IND,KOR,0.0403,1,True
2024-01-01,IND,KOR,0.0398,1,True
2024-02-01,IND,KOR,0.0239,1,True
2024-03-01,IND,KOR,0.0135,1,True
2024-04-01,IND,KOR,0.0242,1,True
2024-05-01,IND,KOR,0.0389,1,True
2024-06-01,IND,KOR,0.02,1,True
2024-07-01,IND,KOR,0.0091,1,True
2024-08-01,IND,KOR,0.012,1,True
2024-09-01,IND,KOR,0.0191,1,True
2024-10-01,IND,KOR,0.0097,1,True
2024-11-01,IND,KOR,0.0063,1,True
2024-12-01,IND,KOR,0.0065,1,True
2025-01-01,IND,KOR,0.0062,1,True
2025-02-01,IND,KOR,0.0058,1,True
2025-03-01,IND,KOR,0.0038,1,True
2025-04-01,IND,KOR,0.0035,1,True
2025-05-01,IND,KOR,0.0039,1,True
2025-06-01,IND,KOR,0.0072,1,True
2025-07-01,IND,KOR,0.0053,1,True
2025-08-01,IND,KOR,0.0076,1,True
2025-09-01,IND,KOR,0.0069,1,True
2025-10-01,IND,KOR,0.0075,1,True
2025-11-01,IND,KOR,0.0068,1,True
2025-12-01,IND,KOR,0.0054,1,True
2026-01-01,IND,KOR,0.0032,1,True
2026-02-01,IND,KOR,0.0033,1,True
2026-03-01,IND,KOR,0.0024,1,True
2015-01-01,IND,GBR,0.2574,1,False
2015-02-01,IND,GBR,0.1045,1,False
2015-03-01,IND,GBR,0.1037,1,False
2015-04-01,IND,GBR,0.1878,1,False
2015-05-01,IND,GBR,0.1973,1,False
2015-06-01,IND,GBR,0.1605,1,False
2015-07-01,IND,GBR,0.1832,1,False
2015-08-01,IND,GBR,0.1461,1,False
2015-09-01,IND,GBR,0.1315,1,False
2015-10-01,IND,GBR,0.0754,1,False
2015-11-01,IND,GBR,0.0641,1,False
2015-12-01,IND,GBR,0.0329,1,True
2016-01-01,IND,GBR,0.0287,1,True
2016-02-01,IND,GBR,0.0271,1,True
2016-03-01,IND,GBR,0.0431,1,True
2016-04-01,IND,GBR,0.0267,1,True
2016-05-01,IND,GBR,0.0315,1,True
2016-06-01,IND,GBR,0.0411,1,True
2016-07-01,IND,GBR,0.0388,1,True
2016-08-01,IND,GBR,0.0448,4,True
2016-09-01,IND,GBR,0.0316,3,True
2016-10-01,IND,GBR,0.0349,4,True
2016-11-01,IND,GBR,0.0943,1,False
2016-12-01,IND,GBR,0.1564,3,False
2017-01-01,IND,GBR,0.1192,3,False
2017-02-01,IND,GBR,0.0632,3,False
2017-03-01,IND,GBR,0.0288,3,True
2017-04-01,IND,GBR,0.022,3,True
2017-05-01,IND,GBR,0.022,3,True
2017-06-01,IND,GBR,0.0412,3,True
2017-07-01,IND,GBR,0.0633,4,False
2017-08-01,IND,GBR,0.0765,4,False
2017-09-01,IND,GBR,0.1065,3,False
2017-10-01,IND,GBR,0.2811,3,False
2017-11-01,IND,GBR,0.2358,4,False
2017-12-01,IND,GBR,0.2223,4,False
2018-01-01,IND,GBR,0.1094,4,False
2018-02-01,IND,GBR,0.137,4,False
2018-03-01,IND,GBR,0.0664,3,False
2018-04-01,IND,GBR,0.0722,1,False
2018-05-01,IND,GBR,0.0374,4,True
2018-06-01,IND,GBR,0.024,3,True
2018-07-01,IND,GBR,0.0125,4,True
2018-08-01,IND,GBR,0.0025,3,True
2018-09-01,IND,GBR,0.0053,2,True
2018-10-01,IND,GBR,0.0015,1,True
2018-11-01,IND,GBR,0.0018,1,True
2018-12-01,IND,GBR,0.0013,2,True
2019-01-01,IND,GBR,0.0009,1,True
2019-02-01,IND,GBR,0.0005,1,True
2019-03-01,IND,GBR,0.0006,1,True
2019-04-01,IND,GBR,0.0003,2,True
2019-05-01,IND,GBR,0.0029,1,True
2019-06-01,IND,GBR,0.0018,1,True
2019-07-01,IND,GBR,0.0014,2,True
2019-08-01,IND,GBR,0.0042,1,True
2019-09-01,IND,GBR,0.0005,2,True
2019-10-01,IND,GBR,0.0006,2,True
2019-11-01,IND,GBR,0.0016,1,True
2019-12-01,IND,GBR,0.0032,2,True
2020-01-01,IND,GBR,0.006,1,True
2020-02-01,IND,GBR,0.0497,2,True
2020-03-01,IND,GBR,0.0878,2,False
2020-04-01,IND,GBR,0.0836,2,False
2020-05-01,IND,GBR,0.0356,2,True
2020-06-01,IND,GBR,0.0161,2,True
2020-07-01,IND,GBR,0.0392,2,True
2020-08-01,IND,GBR,0.0277,2,True
2020-09-01,IND,GBR,0.0268,4,True
2020-10-01,IND,GBR,0.1236,4,False
2020-11-01,IND,GBR,0.0577,4,False
2020-12-01,IND,GBR,0.0544,4,False
2021-01-01,IND,GBR,0.0404,4,True
2021-02-01,IND,GBR,0.0338,4,True
2021-03-01,IND,GBR,0.0285,4,True
2021-04-01,IND,GBR,0.0308,4,True
2021-05-01,IND,GBR,0.0291,4,True
2021-06-01,IND,GBR,0.0233,4,True
2021-07-01,IND,GBR,0.0197,4,True
2021-08-01,IND,GBR,0.0239,4,True
2021-09-01,IND,GBR,0.0145,4,True
2021-10-01,IND,GBR,0.0102,4,True
2021-11-01,IND,GBR,0.0083,4,True
2021-12-01,IND,GBR,0.0022,4,True
2022-01-01,IND,GBR,0.0025,4,True
2022-02-01,IND,GBR,0.0355,4,True
2022-03-01,IND,GBR,0.0364,4,True
2022-04-01,IND,GBR,0.0276,4,True
2022-05-01,IND,GBR,0.1092,4,False
2022-06-01,IND,GBR,0.0542,4,False
2022-07-01,IND,GBR,0.0882,4,False
2022-08-01,IND,GBR,0.112,4,False
2022-09-01,IND,GBR,0.1701,4,False
2022-10-01,IND,GBR,0.0941,4,False
2022-11-01,IND,GBR,0.091,4,False
2022-12-01,IND,GBR,0.0943,4,False
2023-01-01,IND,GBR,0.1631,3,False
2023-02-01,IND,GBR,0.4115,3,False
2023-03-01,IND,GBR,0.563,4,False
2023-04-01,IND,GBR,0.6379,4,False
2023-05-01,IND,GBR,0.7726,3,False
2023-06-01,IND,GBR,0.8259,3,False
2023-07-01,IND,GBR,0.6503,1,False
2023-08-01,IND,GBR,0.4992,1,False
2023-09-01,IND,GBR,0.7065,1,False
2023-10-01,IND,GBR,0.5438,2,False
2023-11-01,IND,GBR,0.1938,1,False
2023-12-01,IND,GBR,0.1244,1,False
2024-01-01,IND,GBR,0.1385,1,False
2024-02-01,IND,GBR,0.2204,1,False
2024-03-01,IND,GBR,0.1822,1,False
2024-04-01,IND,GBR,0.1902,1,False
2024-05-01,IND,GBR,0.1238,1,False
2024-06-01,IND,GBR,0.0962,1,False
2024-07-01,IND,GBR,0.0456,1,True
2024-08-01,IND,GBR,0.0897,1,False
2024-09-01,IND,GBR,0.1181,1,False
2024-10-01,IND,GBR,0.0817,1,False
2024-11-01,IND,GBR,0.0759,1,False
2024-12-01,IND,GBR,0.0671,2,False
2025-01-01,IND,GBR,0.0713,1,False
2025-02-01,IND,GBR,0.0491,3,True
2025-03-01,IND,GBR,0.0457,3,True
2025-04-01,IND,GBR,0.0452,2,True
2025-05-01,IND,GBR,0.037,3,True
2025-06-01,IND,GBR,0.0245,3,True
2025-07-01,IND,GBR,0.0254,4,True
2025-08-01,IND,GBR,0.0123,3,True
2025-09-01,IND,GBR,0.0171,3,True
2025-10-01,IND,GBR,0.0119,3,True
2025-11-01,IND,GBR,0.0101,3,True
2025-12-01,IND,GBR,0.0106,3,True
2026-01-01,IND,GBR,0.0185,3,True
2026-02-01,IND,GBR,0.0144,3,True
2026-03-01,IND,GBR,0.011,4,True
2015-01-01,IND,USA,0.0046,4,True
2015-02-01,IND,USA,0.0017,4,True
2015-03-01,IND,USA,0.0074,4,True
2015-04-01,IND,USA,0.0071,4,True
2015-05-01,IND,USA,0.0141,4,True
2015-06-01,IND,USA,0.011,4,True
2015-07-01,IND,USA,0.015,4,True
2015-08-01,IND,USA,0.0188,4,True
2015-09-01,IND,USA,0.0238,4,True
2015-10-01,IND,USA,0.0181,4,True
2015-11-01,IND,USA,0.0196,4,True
2015-12-01,IND,USA,0.0433,4,True
2016-01-01,IND,USA,0.0465,4,True
2016-02-01,IND,USA,0.1471,4,False
2016-03-01,IND,USA,0.1349,4,False
2016-04-01,IND,USA,0.0812,1,False
2016-05-01,IND,USA,0.0991,4,False
2016-06-01,IND,USA,0.0575,4,False
2016-07-01,IND,USA,0.0262,4,True
2016-08-01,IND,USA,0.0585,4,False
2016-09-01,IND,USA,0.0534,1,False
2016-10-01,IND,USA,0.032,1,True
2016-11-01,IND,USA,0.0364,4,True
2016-12-01,IND,USA,0.1473,3,False
2017-01-01,IND,USA,0.1534,4,False
2017-02-01,IND,USA,0.0334,3,True
2017-03-01,IND,USA,0.0279,3,True
2017-04-01,IND,USA,0.0846,3,False
2017-05-01,IND,USA,0.1474,3,False
2017-06-01,IND,USA,0.1723,3,False
2017-07-01,IND,USA,0.1875,3,False
2017-08-01,IND,USA,0.1461,3,False
2017-09-01,IND,USA,0.1556,3,False
2017-10-01,IND,USA,0.2033,3,False
2017-11-01,IND,USA,0.4905,4,False
2017-12-01,IND,USA,0.5906,1,False
2018-01-01,IND,USA,0.7345,1,False
2018-02-01,IND,USA,0.7433,1,False
2018-03-01,IND,USA,0.8463,4,False
2018-04-01,IND,USA,0.8225,4,False
2018-05-01,IND,USA,0.8445,4,False
2018-06-01,IND,USA,0.8733,1,False
2018-07-01,IND,USA,0.8584,1,False
2018-08-01,IND,USA,0.7449,2,False
2018-09-01,IND,USA,0.5741,1,False
2018-10-01,IND,USA,0.3273,1,False
2018-11-01,IND,USA,0.4349,1,False
2018-12-01,IND,USA,0.3189,1,False
2019-01-01,IND,USA,0.1876,1,False
2019-02-01,IND,USA,0.1852,1,False
2019-03-01,IND,USA,0.1887,1,False
2019-04-01,IND,USA,0.3371,1,False
2019-05-01,IND,USA,0.4767,1,False
2019-06-01,IND,USA,0.3576,1,False
2019-07-01,IND,USA,0.3058,1,False
2019-08-01,IND,USA,0.3861,1,False
2019-09-01,IND,USA,0.3339,1,False
2019-10-01,IND,USA,0.3069,1,False
2019-11-01,IND,USA,0.2743,1,False
2019-12-01,IND,USA,0.5652,1,False
2020-01-01,IND,USA,0.8147,2,False
2020-02-01,IND,USA,0.2928,1,False
2020-03-01,IND,USA,0.3269,2,False
2020-04-01,IND,USA,0.1469,3,False
2020-05-01,IND,USA,0.0745,2,False
2020-06-01,IND,USA,0.0881,2,False
2020-07-01,IND,USA,0.0363,4,True
2020-08-01,IND,USA,0.0579,3,False
2020-09-01,IND,USA,0.0514,4,False
2020-10-01,IND,USA,0.0656,4,False
2020-11-01,IND,USA,0.0966,3,False
2020-12-01,IND,USA,0.1056,4,False
2021-01-01,IND,USA,0.1098,4,False
2021-02-01,IND,USA,0.0442,4,True
2021-03-01,IND,USA,0.0869,4,False
2021-04-01,IND,USA,0.0273,2,True
2021-05-01,IND,USA,0.0179,2,True
2021-06-01,IND,USA,0.0134,3,True
2021-07-01,IND,USA,0.0071,2,True
2021-08-01,IND,USA,0.0059,2,True
2021-09-01,IND,USA,0.0044,3,True
2021-10-01,IND,USA,0.001,4,True
2021-11-01,IND,USA,0.0003,3,True
2021-12-01,IND,USA,0.0011,3,True
2022-01-01,IND,USA,0.0014,3,True
2022-02-01,IND,USA,0.0007,3,True
2022-03-01,IND,USA,0.0006,3,True
2022-04-01,IND,USA,0.0014,3,True
2022-05-01,IND,USA,0.004,3,True
2022-06-01,IND,USA,0.0013,4,True
2022-07-01,IND,USA,0.0009,3,True
2022-08-01,IND,USA,0.0004,3,True
2022-09-01,IND,USA,0.0007,3,True
2022-10-01,IND,USA,0.0007,3,True
2022-11-01,IND,USA,0.0006,4,True
2022-12-01,IND,USA,0.0004,3,True
2023-01-01,IND,USA,0.0005,3,True
2023-02-01,IND,USA,0.002,3,True
2023-03-01,IND,USA,0.0021,3,True
2023-04-01,IND,USA,0.0068,3,True
2023-05-01,IND,USA,0.0111,3,True
2023-06-01,IND,USA,0.0075,3,True
2023-07-01,IND,USA,0.0342,3,True
2023-08-01,IND,USA,0.0147,2,True
2023-09-01,IND,USA,0.0183,2,True
2023-10-01,IND,USA,0.014,2,True
2023-11-01,IND,USA,0.0073,2,True
2023-12-01,IND,USA,0.0095,2,True
2024-01-01,IND,USA,0.0098,2,True
2024-02-01,IND,USA,0.0218,2,True
2024-03-01,IND,USA,0.0436,2,True
2024-04-01,IND,USA,0.031,2,True
2024-05-01,IND,USA,0.0297,2,True
2024-06-01,IND,USA,0.0291,2,True
2024-07-01,IND,USA,0.0416,2,True
2024-08-01,IND,USA,0.0083,4,True
2024-09-01,IND,USA,0.0067,4,True
2024-10-01,IND,USA,0.0055,4,True
2024-11-01,IND,USA,0.01,4,True
2024-12-01,IND,USA,0.0006,4,True
2025-01-01,IND,USA,0.0005,4,True
2025-02-01,IND,USA,0.0021,4,True
2025-03-01,IND,USA,0.0034,4,True
2025-04-01,IND,USA,0.0029,4,True
2025-05-01,IND,USA,0.0051,4,True
2025-06-01,IND,USA,0.0049,4,True
2025-07-01,IND,USA,0.0039,4,True
2025-08-01,IND,USA,0.0017,2,True
2025-09-01,IND,USA,0.003,2,True
2025-10-01,IND,USA,0.0003,4,True
2025-11-01,IND,USA,0.0001,4,True
2025-12-01,IND,USA,0.0001,4,True
2026-01-01,IND,USA,0.0,4,True
2026-02-01,IND,USA,0.0,3,True
2026-03-01,IND,USA,0.0,2,True
2015-01-01,IND,DEU,0.1709,2,False
2015-02-01,IND,DEU,0.1624,1,False
2015-03-01,IND,DEU,0.1284,1,False
2015-04-01,IND,DEU,0.0805,1,False
2015-05-01,IND,DEU,0.1046,1,False
2015-06-01,IND,DEU,0.3133,1,False
2015-07-01,IND,DEU,0.16,1,False
2015-08-01,IND,DEU,0.1856,1,False
2015-09-01,IND,DEU,0.1569,1,False
2015-10-01,IND,DEU,0.0944,1,False
2015-11-01,IND,DEU,0.1534,1,False
2015-12-01,IND,DEU,0.0742,1,False
2016-01-01,IND,DEU,0.0856,1,False
2016-02-01,IND,DEU,0.092,1,False
2016-03-01,IND,DEU,0.1134,2,False
2016-04-01,IND,DEU,0.062,1,False
2016-05-01,IND,DEU,0.1089,1,False
2016-06-01,IND,DEU,0.198,1,False
2016-07-01,IND,DEU,0.2533,1,False
2016-08-01,IND,DEU,0.2023,1,False
2016-09-01,IND,DEU,0.2523,2,False
2016-10-01,IND,DEU,0.2362,1,False
2016-11-01,IND,DEU,0.1676,3,False
2016-12-01,IND,DEU,0.2269,3,False
2017-01-01,IND,DEU,0.3106,2,False
2017-02-01,IND,DEU,0.1622,3,False
2017-03-01,IND,DEU,0.1119,3,False
2017-04-01,IND,DEU,0.1145,3,False
2017-05-01,IND,DEU,0.0442,3,True
2017-06-01,IND,DEU,0.0249,3,True
2017-07-01,IND,DEU,0.0161,3,True
2017-08-01,IND,DEU,0.0154,3,True
2017-09-01,IND,DEU,0.0133,3,True
2017-10-01,IND,DEU,0.0106,3,True
2017-11-01,IND,DEU,0.024,2,True
2017-12-01,IND,DEU,0.0147,1,True
2018-01-01,IND,DEU,0.0058,4,True
2018-02-01,IND,DEU,0.0016,4,True
2018-03-01,IND,DEU,0.0048,3,True
2018-04-01,IND,DEU,0.0037,2,True
2018-05-01,IND,DEU,0.0008,1,True
2018-06-01,IND,DEU,0.0099,1,True
2018-07-01,IND,DEU,0.0038,1,True
2018-08-01,IND,DEU,0.0076,1,True
2018-09-01,IND,DEU,0.0161,1,True
2018-10-01,IND,DEU,0.0311,1,True
2018-11-01,IND,DEU,0.1808,2,False
2018-12-01,IND,DEU,0.2103,1,False
2019-01-01,IND,DEU,0.153,1,False
2019-02-01,IND,DEU,0.2138,1,False
2019-03-01,IND,DEU,0.2434,1,False
2019-04-01,IND,DEU,0.1911,1,False
2019-05-01,IND,DEU,0.5805,1,False
2019-06-01,IND,DEU,0.2911,1,False
2019-07-01,IND,DEU,0.4258,1,False
2019-08-01,IND,DEU,0.3509,1,False
2019-09-01,IND,DEU,0.3308,1,False
2019-10-01,IND,DEU,0.2459,1,False
2019-11-01,IND,DEU,0.1413,1,False
2019-12-01,IND,DEU,0.1848,1,False
2020-01-01,IND,DEU,0.2265,1,False
2020-02-01,IND,DEU,0.3731,1,False
2020-03-01,IND,DEU,0.3035,1,False
2020-04-01,IND,DEU,0.364,1,False
2020-05-01,IND,DEU,0.2308,1,False
2020-06-01,IND,DEU,0.3311,4,False
2020-07-01,IND,DEU,0.1481,4,False
2020-08-01,IND,DEU,0.2574,4,False
2020-09-01,IND,DEU,0.4508,4,False
2020-10-01,IND,DEU,0.4995,3,False
2020-11-01,IND,DEU,0.4461,4,False
2020-12-01,IND,DEU,0.4541,3,False
2021-01-01,IND,DEU,0.5251,3,False
2021-02-01,IND,DEU,0.3735,1,False
2021-03-01,IND,DEU,0.4371,1,False
2021-04-01,IND,DEU,0.3027,1,False
2021-05-01,IND,DEU,0.54,1,False
2021-06-01,IND,DEU,0.4048,1,False
2021-07-01,IND,DEU,0.4845,1,False
2021-08-01,IND,DEU,0.4044,1,False
2021-09-01,IND,DEU,0.3542,1,False
2021-10-01,IND,DEU,0.266,1,False
2021-11-01,IND,DEU,0.1715,1,False
2021-12-01,IND,DEU,0.0755,1,False
2022-01-01,IND,DEU,0.0955,1,False
2022-02-01,IND,DEU,0.1035,1,False
2022-03-01,IND,DEU,0.1205,1,False
2022-04-01,IND,DEU,0.0842,1,False
2022-05-01,IND,DEU,0.1582,1,False
2022-06-01,IND,DEU,0.1501,1,False
2022-07-01,IND,DEU,0.1429,1,False
2022-08-01,IND,DEU,0.1439,1,False
2022-09-01,IND,DEU,0.1506,1,False
2022-10-01,IND,DEU,0.1153,4,False
2022-11-01,IND,DEU,0.0323,3,True
2022-12-01,IND,DEU,0.0281,2,True
2023-01-01,IND,DEU,0.1362,1,False
2023-02-01,IND,DEU,0.1239,1,False
2023-03-01,IND,DEU,0.1746,1,False
2023-04-01,IND,DEU,0.174,1,False
2023-05-01,IND,DEU,0.194,1,False
2023-06-01,IND,DEU,0.3197,1,False
2023-07-01,IND,DEU,0.2845,1,False
2023-08-01,IND,DEU,0.3149,1,False
2023-09-01,IND,DEU,0.1441,4,False
2023-10-01,IND,DEU,0.1863,1,False
2023-11-01,IND,DEU,0.2762,4,False
2023-12-01,IND,DEU,0.3008,4,False
2024-01-01,IND,DEU,0.2183,4,False
2024-02-01,IND,DEU,0.1477,4,False
2024-03-01,IND,DEU,0.1415,4,False
2024-04-01,IND,DEU,0.1654,4,False
2024-05-01,IND,DEU,0.1645,4,False
2024-06-01,IND,DEU,0.1892,4,False
2024-07-01,IND,DEU,0.2305,4,False
2024-08-01,IND,DEU,0.2815,4,False
2024-09-01,IND,DEU,0.2469,4,False
2024-10-01,IND,DEU,0.2442,4,False
2024-11-01,IND,DEU,0.177,4,False
2024-12-01,IND,DEU,0.0128,4,True
2025-01-01,IND,DEU,0.0533,4,False
2025-02-01,IND,DEU,0.0724,3,False
2025-03-01,IND,DEU,0.0884,4,False
2025-04-01,IND,DEU,0.0529,4,False
2025-05-01,IND,DEU,0.0381,4,True
2025-06-01,IND,DEU,0.0343,4,True
2025-07-01,IND,DEU,0.0243,4,True
2025-08-01,IND,DEU,0.025,4,True
2025-09-01,IND,DEU,0.0235,2,True
2025-10-01,IND,DEU,0.0123,2,True
2025-11-01,IND,DEU,0.0134,2,True
2025-12-01,IND,DEU,0.0164,2,True
2026-01-01,IND,DEU,0.0342,2,True
2026-02-01,IND,DEU,0.0332,2,True
2026-03-01,IND,DEU,0.0351,2,True
2015-01-01,IND,FRA,0.7007,3,False
2015-02-01,IND,FRA,0.075,2,False
2015-03-01,IND,FRA,0.1203,2,False
2015-04-01,IND,FRA,0.0838,2,False
2015-05-01,IND,FRA,0.0856,2,False
2015-06-01,IND,FRA,0.0908,2,False
2015-07-01,IND,FRA,0.037,2,True
2015-08-01,IND,FRA,0.0183,2,True
2015-09-01,IND,FRA,0.015,2,True
2015-10-01,IND,FRA,0.0372,2,True
2015-11-01,IND,FRA,0.0355,2,True
2015-12-01,IND,FRA,0.0141,2,True
2016-01-01,IND,FRA,0.0159,2,True
2016-02-01,IND,FRA,0.0155,3,True
2016-03-01,IND,FRA,0.0094,2,True
2016-04-01,IND,FRA,0.0147,2,True
2016-05-01,IND,FRA,0.018,2,True
2016-06-01,IND,FRA,0.0221,2,True
2016-07-01,IND,FRA,0.0223,2,True
2016-08-01,IND,FRA,0.0287,2,True
2016-09-01,IND,FRA,0.0092,2,True
2016-10-01,IND,FRA,0.0208,2,True
2016-11-01,IND,FRA,0.0166,3,True
2016-12-01,IND,FRA,0.0531,2,False
2017-01-01,IND,FRA,0.3484,3,False
2017-02-01,IND,FRA,0.0344,3,True
2017-03-01,IND,FRA,0.1212,1,False
2017-04-01,IND,FRA,0.0992,1,False
2017-05-01,IND,FRA,0.0715,1,False
2017-06-01,IND,FRA,0.0831,3,False
2017-07-01,IND,FRA,0.0098,4,True
2017-08-01,IND,FRA,0.002,4,True
2017-09-01,IND,FRA,0.0025,4,True
2017-10-01,IND,FRA,0.0055,3,True
2017-11-01,IND,FRA,0.0101,4,True
2017-12-01,IND,FRA,0.0093,4,True
2018-01-01,IND,FRA,0.021,4,True
2018-02-01,IND,FRA,0.1785,3,False
2018-03-01,IND,FRA,0.1547,3,False
2018-04-01,IND,FRA,0.3472,4,False
2018-05-01,IND,FRA,0.5185,4,False
2018-06-01,IND,FRA,0.3899,4,False
2018-07-01,IND,FRA,0.364,4,False
2018-08-01,IND,FRA,0.2702,4,False
2018-09-01,IND,FRA,0.2733,4,False
2018-10-01,IND,FRA,0.4306,4,False
2018-11-01,IND,FRA,0.6103,4,False
2018-12-01,IND,FRA,0.6141,1,False
2019-01-01,IND,FRA,0.5803,1,False
2019-02-01,IND,FRA,0.6644,1,False
2019-03-01,IND,FRA,0.8051,4,False
2019-04-01,IND,FRA,0.7225,1,False
2019-05-01,IND,FRA,0.8225,4,False
2019-06-01,IND,FRA,0.4549,1,False
2019-07-01,IND,FRA,0.788,1,False
2019-08-01,IND,FRA,0.781,1,False
2019-09-01,IND,FRA,0.7984,1,False
2019-10-01,IND,FRA,0.7124,1,False
2019-11-01,IND,FRA,0.5503,1,False
2019-12-01,IND,FRA,0.7121,1,False
2020-01-01,IND,FRA,0.5096,3,False
2020-02-01,IND,FRA,0.6227,3,False
2020-03-01,IND,FRA,0.5278,3,False
2020-04-01,IND,FRA,0.1039,3,False
2020-05-01,IND,FRA,0.0566,3,False
2020-06-01,IND,FRA,0.1247,3,False
2020-07-01,IND,FRA,0.101,3,False
2020-08-01,IND,FRA,0.0705,4,False
2020-09-01,IND,FRA,0.0528,4,False
2020-10-01,IND,FRA,0.2574,3,False
2020-11-01,IND,FRA,0.2106,4,False
2020-12-01,IND,FRA,0.2374,3,False
2021-01-01,IND,FRA,0.3326,3,False
2021-02-01,IND,FRA,0.3082,4,False
2021-03-01,IND,FRA,0.3179,4,False
2021-04-01,IND,FRA,0.3463,4,False
2021-05-01,IND,FRA,0.3251,4,False
2021-06-01,IND,FRA,0.323,4,False
2021-07-01,IND,FRA,0.3663,4,False
2021-08-01,IND,FRA,0.3561,4,False
2021-09-01,IND,FRA,0.3334,4,False
2021-10-01,IND,FRA,0.2544,4,False
2021-11-01,IND,FRA,0.2698,4,False
2021-12-01,IND,FRA,0.132,4,False
2022-01-01,IND,FRA,0.1637,4,False
2022-02-01,IND,FRA,0.2314,1,False
2022-03-01,IND,FRA,0.1156,4,False
2022-04-01,IND,FRA,0.1066,4,False
2022-05-01,IND,FRA,0.1047,4,False
2022-06-01,IND,FRA,0.1166,4,False
2022-07-01,IND,FRA,0.1383,4,False
2022-08-01,IND,FRA,0.1608,4,False
2022-09-01,IND,FRA,0.0981,4,False
2022-10-01,IND,FRA,0.0503,4,False
2022-11-01,IND,FRA,0.0336,4,True
2022-12-01,IND,FRA,0.0554,3,False
2023-01-01,IND,FRA,0.2157,1,False
2023-02-01,IND,FRA,0.2459,1,False
2023-03-01,IND,FRA,0.5256,3,False
2023-04-01,IND,FRA,0.7674,1,False
2023-05-01,IND,FRA,0.6866,3,False
2023-06-01,IND,FRA,0.7751,1,False
2023-07-01,IND,FRA,0.4563,1,False
2023-08-01,IND,FRA,0.3309,1,False
2023-09-01,IND,FRA,0.1112,1,False
2023-10-01,IND,FRA,0.0966,1,False
2023-11-01,IND,FRA,0.0188,1,True
2023-12-01,IND,FRA,0.0033,1,True
2024-01-01,IND,FRA,0.0017,1,True
2024-02-01,IND,FRA,0.0018,1,True
2024-03-01,IND,FRA,0.0011,1,True
2024-04-01,IND,FRA,0.0008,1,True
2024-05-01,IND,FRA,0.0008,1,True
2024-06-01,IND,FRA,0.001,1,True
2024-07-01,IND,FRA,0.0001,1,True
2024-08-01,IND,FRA,0.0003,1,True
2024-09-01,IND,FRA,0.0002,1,True
2024-10-01,IND,FRA,0.0001,1,True
2024-11-01,IND,FRA,0.0001,1,True
2024-12-01,IND,FRA,0.0001,1,True
2025-01-01,IND,FRA,0.0,1,True
2025-02-01,IND,FRA,0.0001,1,True
2025-03-01,IND,FRA,0.0,1,True
2025-04-01,IND,FRA,0.0001,1,True
2025-05-01,IND,FRA,0.0001,1,True
2025-06-01,IND,FRA,0.0003,1,True
2025-07-01,IND,FRA,0.0002,1,True
2025-08-01,IND,FRA,0.0003,1,True
2025-09-01,IND,FRA,0.0003,1,True
2025-10-01,IND,FRA,0.0005,1,True
2025-11-01,IND,FRA,0.0005,1,True
2025-12-01,IND,FRA,0.0005,1,True
2026-01-01,IND,FRA,0.0002,1,True
2026-02-01,IND,FRA,0.0001,1,True
2026-03-01,IND,FRA,0.0001,1,True
2015-01-01,IND,JPN,0.0466,4,True
2015-02-01,IND,JPN,0.071,4,False
2015-03-01,IND,JPN,0.0891,4,False
2015-04-01,IND,JPN,0.2717,3,False
2015-05-01,IND,JPN,0.1686,4,False
2015-06-01,IND,JPN,0.1764,4,False
2015-07-01,IND,JPN,0.1684,4,False
2015-08-01,IND,JPN,0.1448,4,False
2015-09-01,IND,JPN,0.0859,4,False
2015-10-01,IND,JPN,0.0957,4,False
2015-11-01,IND,JPN,0.065,4,False
2015-12-01,IND,JPN,0.0739,4,False
2016-01-01,IND,JPN,0.0708,4,False
2016-02-01,IND,JPN,0.0441,4,True
2016-03-01,IND,JPN,0.0606,4,False
2016-04-01,IND,JPN,0.0735,4,False
2016-05-01,IND,JPN,0.0839,4,False
2016-06-01,IND,JPN,0.0916,4,False
2016-07-01,IND,JPN,0.0953,4,False
2016-08-01,IND,JPN,0.1004,4,False
2016-09-01,IND,JPN,0.0994,4,False
2016-10-01,IND,JPN,0.0692,4,False
2016-11-01,IND,JPN,0.1333,4,False
2016-12-01,IND,JPN,0.0311,4,True
2017-01-01,IND,JPN,0.4439,4,False
2017-02-01,IND,JPN,0.4815,4,False
2017-03-01,IND,JPN,0.5487,4,False
2017-04-01,IND,JPN,0.5311,4,False
2017-05-01,IND,JPN,0.3728,4,False
2017-06-01,IND,JPN,0.3884,1,False
2017-07-01,IND,JPN,0.3778,4,False
2017-08-01,IND,JPN,0.3157,1,False
2017-09-01,IND,JPN,0.1895,1,False
2017-10-01,IND,JPN,0.142,1,False
2017-11-01,IND,JPN,0.2546,1,False
2017-12-01,IND,JPN,0.0136,4,True
2018-01-01,IND,JPN,0.0071,3,True
2018-02-01,IND,JPN,0.018,2,True
2018-03-01,IND,JPN,0.0182,1,True
2018-04-01,IND,JPN,0.1387,1,False
2018-05-01,IND,JPN,0.1126,1,False
2018-06-01,IND,JPN,0.1359,1,False
2018-07-01,IND,JPN,0.1733,1,False
2018-08-01,IND,JPN,0.1892,1,False
2018-09-01,IND,JPN,0.2783,2,False
2018-10-01,IND,JPN,0.204,2,False
2018-11-01,IND,JPN,0.3811,2,False
2018-12-01,IND,JPN,0.3315,2,False
2019-01-01,IND,JPN,0.1622,2,False
2019-02-01,IND,JPN,0.2046,2,False
2019-03-01,IND,JPN,0.2478,2,False
2019-04-01,IND,JPN,0.2364,2,False
2019-05-01,IND,JPN,0.1905,2,False
2019-06-01,IND,JPN,0.2531,2,False
2019-07-01,IND,JPN,0.1453,2,False
2019-08-01,IND,JPN,0.2132,2,False
2019-09-01,IND,JPN,0.0454,2,True
2019-10-01,IND,JPN,0.0355,2,True
2019-11-01,IND,JPN,0.0731,2,False
2019-12-01,IND,JPN,0.0571,2,False
2020-01-01,IND,JPN,0.0712,2,False
2020-02-01,IND,JPN,0.05,2,True
2020-03-01,IND,JPN,0.0573,2,False
2020-04-01,IND,JPN,0.0776,2,False
2020-05-01,IND,JPN,0.0374,2,True
2020-06-01,IND,JPN,0.0368,2,True
2020-07-01,IND,JPN,0.0001,4,True
2020-08-01,IND,JPN,0.0004,4,True
2020-09-01,IND,JPN,0.0057,2,True
2020-10-01,IND,JPN,0.0196,2,True
2020-11-01,IND,JPN,0.0306,2,True
2020-12-01,IND,JPN,0.027,2,True
2021-01-01,IND,JPN,0.0242,2,True
2021-02-01,IND,JPN,0.1071,4,False
2021-03-01,IND,JPN,0.1074,4,False
2021-04-01,IND,JPN,0.0793,4,False
2021-05-01,IND,JPN,0.0812,4,False
2021-06-01,IND,JPN,0.123,4,False
2021-07-01,IND,JPN,0.0639,4,False
2021-08-01,IND,JPN,0.092,4,False
2021-09-01,IND,JPN,0.1569,1,False
2021-10-01,IND,JPN,0.1039,1,False
2021-11-01,IND,JPN,0.1647,1,False
2021-12-01,IND,JPN,0.3,4,False
2022-01-01,IND,JPN,0.3043,3,False
2022-02-01,IND,JPN,0.3632,1,False
2022-03-01,IND,JPN,0.4576,4,False
2022-04-01,IND,JPN,0.4202,4,False
2022-05-01,IND,JPN,0.3638,4,False
2022-06-01,IND,JPN,0.3748,4,False
2022-07-01,IND,JPN,0.1892,4,False
2022-08-01,IND,JPN,0.3107,4,False
2022-09-01,IND,JPN,0.3692,4,False
2022-10-01,IND,JPN,0.4535,4,False
2022-11-01,IND,JPN,0.4672,4,False
2022-12-01,IND,JPN,0.4244,4,False
2023-01-01,IND,JPN,0.4038,1,False
2023-02-01,IND,JPN,0.4829,3,False
2023-03-01,IND,JPN,0.204,2,False
2023-04-01,IND,JPN,0.1939,2,False
2023-05-01,IND,JPN,0.2193,2,False
2023-06-01,IND,JPN,0.1995,2,False
2023-07-01,IND,JPN,0.1958,2,False
2023-08-01,IND,JPN,0.3217,2,False
2023-09-01,IND,JPN,0.3184,2,False
2023-10-01,IND,JPN,0.4612,1,False
2023-11-01,IND,JPN,0.4715,2,False
2023-12-01,IND,JPN,0.6425,2,False
2024-01-01,IND,JPN,0.7712,2,False
2024-02-01,IND,JPN,0.7382,2,False
2024-03-01,IND,JPN,0.9661,2,False
2024-04-01,IND,JPN,0.887,1,False
2024-05-01,IND,JPN,0.9146,1,False
2024-06-01,IND,JPN,0.9525,4,False
2024-07-01,IND,JPN,0.9273,1,False
2024-08-01,IND,JPN,0.9151,1,False
2024-09-01,IND,JPN,0.725,4,False
2024-10-01,IND,JPN,0.6603,4,False
2024-11-01,IND,JPN,0.6706,2,False
2024-12-01,IND,JPN,0.487,1,False
2025-01-01,IND,JPN,0.3039,4,False
2025-02-01,IND,JPN,0.3574,4,False
2025-03-01,IND,JPN,0.1532,4,False
2025-04-01,IND,JPN,0.1752,4,False
2025-05-01,IND,JPN,0.2596,1,False
2025-06-01,IND,JPN,0.2618,1,False
2025-07-01,IND,JPN,0.2424,1,False
2025-08-01,IND,JPN,0.1503,1,False
2025-09-01,IND,JPN,0.2175,4,False
2025-10-01,IND,JPN,0.2058,4,False
2025-11-01,IND,JPN,0.212,4,False
2025-12-01,IND,JPN,0.2153,4,False
2026-01-01,IND,JPN,0.2451,4,False
2026-02-01,IND,JPN,0.2137,4,False
2026-03-01,IND,JPN,0.2834,4,False
2015-01-01,CHN,IND,0.7906,4,False
2015-02-01,CHN,IND,0.7815,2,False
2015-03-01,CHN,IND,0.7884,4,False
2015-04-01,CHN,IND,0.7356,4,False
2015-05-01,CHN,IND,0.5358,1,False
2015-06-01,CHN,IND,0.4319,4,False
2015-07-01,CHN,IND,0.6249,1,False
2015-08-01,CHN,IND,0.1795,4,False
2015-09-01,CHN,IND,0.4284,1,False
2015-10-01,CHN,IND,0.5091,4,False
2015-11-01,CHN,IND,0.6877,3,False
2015-12-01,CHN,IND,0.7037,3,False
2016-01-01,CHN,IND,0.6057,2,False
2016-02-01,CHN,IND,0.4415,4,False
2016-03-01,CHN,IND,0.4738,4,False
2016-04-01,CHN,IND,0.4415,2,False
2016-05-01,CHN,IND,0.4859,2,False
2016-06-01,CHN,IND,0.4546,4,False
2016-07-01,CHN,IND,0.397,4,False
2016-08-01,CHN,IND,0.3907,2,False
2016-09-01,CHN,IND,0.3683,2,False
2016-10-01,CHN,IND,0.4037,4,False
2016-11-01,CHN,IND,0.4429,4,False
2016-12-01,CHN,IND,0.4133,4,False
2017-01-01,CHN,IND,0.4165,4,False
2017-02-01,CHN,IND,0.371,4,False
2017-03-01,CHN,IND,0.3805,4,False
2017-04-01,CHN,IND,0.2007,4,False
2017-05-01,CHN,IND,0.1969,4,False
2017-06-01,CHN,IND,0.1213,4,False
2017-07-01,CHN,IND,0.175,4,False
2017-08-01,CHN,IND,0.1344,4,False
2017-09-01,CHN,IND,0.1912,4,False
2017-10-01,CHN,IND,0.0433,4,True
2017-11-01,CHN,IND,0.0373,3,True
2017-12-01,CHN,IND,0.0398,2,True
2018-01-01,CHN,IND,0.0509,4,False
2018-02-01,CHN,IND,0.0593,4,False
2018-03-01,CHN,IND,0.0952,4,False
2018-04-01,CHN,IND,0.1476,2,False
2018-05-01,CHN,IND,0.0816,2,False
2018-06-01,CHN,IND,0.2962,1,False
2018-07-01,CHN,IND,0.5031,2,False
2018-08-01,CHN,IND,0.6773,2,False
2018-09-01,CHN,IND,0.7271,2,False
2018-10-01,CHN,IND,0.6272,1,False
2018-11-01,CHN,IND,0.6034,1,False
2018-12-01,CHN,IND,0.6915,2,False
2019-01-01,CHN,IND,0.5914,1,False
2019-02-01,CHN,IND,0.1307,4,False
2019-03-01,CHN,IND,0.1137,3,False
2019-04-01,CHN,IND,0.0049,4,True
2019-05-01,CHN,IND,0.0041,1,True
2019-06-01,CHN,IND,0.002,2,True
2019-07-01,CHN,IND,0.0018,1,True
2019-08-01,CHN,IND,0.2674,1,False
2019-09-01,CHN,IND,0.1618,2,False
2019-10-01,CHN,IND,0.1757,2,False
2019-11-01,CHN,IND,0.1532,2,False
2019-12-01,CHN,IND,0.147,2,False
2020-01-01,CHN,IND,0.1486,2,False
2020-02-01,CHN,IND,0.2234,1,False
2020-03-01,CHN,IND,0.2403,1,False
2020-04-01,CHN,IND,0.2053,2,False
2020-05-01,CHN,IND,0.164,2,False
2020-06-01,CHN,IND,0.1109,1,False
2020-07-01,CHN,IND,0.056,3,False
2020-08-01,CHN,IND,0.0204,3,True
2020-09-01,CHN,IND,0.016,3,True
2020-10-01,CHN,IND,0.0041,3,True
2020-11-01,CHN,IND,0.0047,3,True
2020-12-01,CHN,IND,0.0124,3,True
2021-01-01,CHN,IND,0.1838,3,False
2021-02-01,CHN,IND,0.4988,3,False
2021-03-01,CHN,IND,0.4004,3,False
2021-04-01,CHN,IND,0.4786,3,False
2021-05-01,CHN,IND,0.4187,3,False
2021-06-01,CHN,IND,0.3521,2,False
2021-07-01,CHN,IND,0.5042,2,False
2021-08-01,CHN,IND,0.4103,2,False
2021-09-01,CHN,IND,0.364,2,False
2021-10-01,CHN,IND,0.2932,1,False
2021-11-01,CHN,IND,0.2907,1,False
2021-12-01,CHN,IND,0.3334,1,False
2022-01-01,CHN,IND,0.455,2,False
2022-02-01,CHN,IND,0.5272,2,False
2022-03-01,CHN,IND,0.4968,2,False
2022-04-01,CHN,IND,0.5738,1,False
2022-05-01,CHN,IND,0.6908,2,False
2022-06-01,CHN,IND,0.5409,2,False
2022-07-01,CHN,IND,0.46,2,False
2022-08-01,CHN,IND,0.5984,2,False
2022-09-01,CHN,IND,0.6982,2,False
2022-10-01,CHN,IND,0.5768,3,False
2022-11-01,CHN,IND,0.5096,2,False
2022-12-01,CHN,IND,0.1938,1,False
2023-01-01,CHN,IND,0.2166,1,False
2023-02-01,CHN,IND,0.1758,1,False
2023-03-01,CHN,IND,0.2828,1,False
2023-04-01,CHN,IND,0.2875,1,False
2023-05-01,CHN,IND,0.4094,1,False
2023-06-01,CHN,IND,0.3853,2,False
2023-07-01,CHN,IND,0.2277,2,False
2023-08-01,CHN,IND,0.1897,2,False
2023-09-01,CHN,IND,0.1537,2,False
2023-10-01,CHN,IND,0.1554,2,False
2023-11-01,CHN,IND,0.2568,2,False
2023-12-01,CHN,IND,0.0779,4,False
2024-01-01,CHN,IND,0.0501,3,False
2024-02-01,CHN,IND,0.0214,1,True
2024-03-01,CHN,IND,0.0072,2,True
2024-04-01,CHN,IND,0.0023,2,True
2024-05-01,CHN,IND,0.0012,2,True
2024-06-01,CHN,IND,0.0006,2,True
2024-07-01,CHN,IND,0.0004,2,True
2024-08-01,CHN,IND,0.0014,2,True
2024-09-01,CHN,IND,0.002,2,True
2024-10-01,CHN,IND,0.0015,2,True
2024-11-01,CHN,IND,0.0019,2,True
2024-12-01,CHN,IND,0.002,2,True
2025-01-01,CHN,IND,0.0042,2,True
2025-02-01,CHN,IND,0.0152,1,True
2025-03-01,CHN,IND,0.0215,1,True
2025-04-01,CHN,IND,0.0306,1,True
2025-05-01,CHN,IND,0.0421,1,True
2025-06-01,CHN,IND,0.0515,1,False
2025-07-01,CHN,IND,0.0475,1,True
2025-08-01,CHN,IND,0.0465,1,True
2025-09-01,CHN,IND,0.0593,1,False
2025-10-01,CHN,IND,0.0559,1,False
2025-11-01,CHN,IND,0.0436,1,True
2025-12-01,CHN,IND,0.0536,1,False
2026-01-01,CHN,IND,0.1419,1,False
2026-02-01,CHN,IND,0.1994,1,False
2026-03-01,CHN,IND,0.2087,1,False
2015-01-01,CHN,VNM,0.0984,4,False
2015-02-01,CHN,VNM,0.0096,4,True
2015-03-01,CHN,VNM,0.0008,4,True
2015-04-01,CHN,VNM,0.0088,1,True
2015-05-01,CHN,VNM,0.0009,1,True
2015-06-01,CHN,VNM,0.0027,1,True
2015-07-01,CHN,VNM,0.0041,1,True
2015-08-01,CHN,VNM,0.0041,1,True
2015-09-01,CHN,VNM,0.0027,1,True
2015-10-01,CHN,VNM,0.0007,1,True
2015-11-01,CHN,VNM,0.0002,1,True
2015-12-01,CHN,VNM,0.0001,1,True
2016-01-01,CHN,VNM,0.0006,1,True
2016-02-01,CHN,VNM,0.0022,1,True
2016-03-01,CHN,VNM,0.0038,1,True
2016-04-01,CHN,VNM,0.0075,1,True
2016-05-01,CHN,VNM,0.0062,1,True
2016-06-01,CHN,VNM,0.006,1,True
2016-07-01,CHN,VNM,0.0067,1,True
2016-08-01,CHN,VNM,0.0051,1,True
2016-09-01,CHN,VNM,0.0047,1,True
2016-10-01,CHN,VNM,0.0039,1,True
2016-11-01,CHN,VNM,0.0041,1,True
2016-12-01,CHN,VNM,0.0028,1,True
2017-01-01,CHN,VNM,0.0007,1,True
2017-02-01,CHN,VNM,0.0002,1,True
2017-03-01,CHN,VNM,0.0004,1,True
2017-04-01,CHN,VNM,0.0006,1,True
2017-05-01,CHN,VNM,0.001,1,True
2017-06-01,CHN,VNM,0.0011,1,True
2017-07-01,CHN,VNM,0.0012,1,True
2017-08-01,CHN,VNM,0.0169,1,True
2017-09-01,CHN,VNM,0.0278,1,True
2017-10-01,CHN,VNM,0.0153,1,True
2017-11-01,CHN,VNM,0.01,1,True
2017-12-01,CHN,VNM,0.0051,1,True
2018-01-01,CHN,VNM,0.0029,1,True
2018-02-01,CHN,VNM,0.0079,4,True
2018-03-01,CHN,VNM,0.0091,3,True
2018-04-01,CHN,VNM,0.0066,3,True
2018-05-01,CHN,VNM,0.0323,3,True
2018-06-01,CHN,VNM,0.0081,3,True
2018-07-01,CHN,VNM,0.0105,3,True
2018-08-01,CHN,VNM,0.0074,2,True
2018-09-01,CHN,VNM,0.0023,2,True
2018-10-01,CHN,VNM,0.0031,2,True
2018-11-01,CHN,VNM,0.0018,2,True
2018-12-01,CHN,VNM,0.001,2,True
2019-01-01,CHN,VNM,0.0008,2,True
2019-02-01,CHN,VNM,0.0015,2,True
2019-03-01,CHN,VNM,0.0013,2,True
2019-04-01,CHN,VNM,0.001,2,True
2019-05-01,CHN,VNM,0.0046,2,True
2019-06-01,CHN,VNM,0.0048,2,True
2019-07-01,CHN,VNM,0.006,2,True
2019-08-01,CHN,VNM,0.0075,2,True
2019-09-01,CHN,VNM,0.0258,2,True
2019-10-01,CHN,VNM,0.034,2,True
2019-11-01,CHN,VNM,0.0383,2,True
2019-12-01,CHN,VNM,0.0532,2,False
2020-01-01,CHN,VNM,0.1167,2,False
2020-02-01,CHN,VNM,0.431,2,False
2020-03-01,CHN,VNM,0.3572,1,False
2020-04-01,CHN,VNM,0.3301,1,False
2020-05-01,CHN,VNM,0.3194,1,False
2020-06-01,CHN,VNM,0.2785,1,False
2020-07-01,CHN,VNM,0.1357,1,False
2020-08-01,CHN,VNM,0.3581,1,False
2020-09-01,CHN,VNM,0.6558,1,False
2020-10-01,CHN,VNM,0.7234,1,False
2020-11-01,CHN,VNM,0.8058,1,False
2020-12-01,CHN,VNM,0.937,1,False
2021-01-01,CHN,VNM,0.8779,3,False
2021-02-01,CHN,VNM,0.9193,1,False
2021-03-01,CHN,VNM,0.9292,1,False
2021-04-01,CHN,VNM,0.7261,1,False
2021-05-01,CHN,VNM,0.7658,1,False
2021-06-01,CHN,VNM,0.7873,1,False
2021-07-01,CHN,VNM,0.7138,1,False
2021-08-01,CHN,VNM,0.6916,1,False
2021-09-01,CHN,VNM,0.4229,1,False
2021-10-01,CHN,VNM,0.711,3,False
2021-11-01,CHN,VNM,0.645,3,False
2021-12-01,CHN,VNM,0.2323,4,False
2022-01-01,CHN,VNM,0.1728,3,False
2022-02-01,CHN,VNM,0.329,3,False
2022-03-01,CHN,VNM,0.6231,3,False
2022-04-01,CHN,VNM,0.7342,3,False
2022-05-01,CHN,VNM,0.7494,3,False
2022-06-01,CHN,VNM,0.7683,4,False
2022-07-01,CHN,VNM,0.7736,4,False
2022-08-01,CHN,VNM,0.7347,4,False
2022-09-01,CHN,VNM,0.6985,4,False
2022-10-01,CHN,VNM,0.5001,1,False
2022-11-01,CHN,VNM,0.5622,1,False
2022-12-01,CHN,VNM,0.5591,1,False
2023-01-01,CHN,VNM,0.7161,1,False
2023-02-01,CHN,VNM,0.5884,1,False
2023-03-01,CHN,VNM,0.3846,1,False
2023-04-01,CHN,VNM,0.1973,1,False
2023-05-01,CHN,VNM,0.2185,1,False
2023-06-01,CHN,VNM,0.3102,1,False
2023-07-01,CHN,VNM,0.4708,1,False
2023-08-01,CHN,VNM,0.4433,1,False
2023-09-01,CHN,VNM,0.4715,1,False
2023-10-01,CHN,VNM,0.401,4,False
2023-11-01,CHN,VNM,0.3702,3,False
2023-12-01,CHN,VNM,0.3356,4,False
2024-01-01,CHN,VNM,0.4447,4,False
2024-02-01,CHN,VNM,0.5615,4,False
2024-03-01,CHN,VNM,0.6843,2,False
2024-04-01,CHN,VNM,0.2529,4,False
2024-05-01,CHN,VNM,0.245,4,False
2024-06-01,CHN,VNM,0.4555,4,False
2024-07-01,CHN,VNM,0.4251,4,False
2024-08-01,CHN,VNM,0.1051,4,False
2024-09-01,CHN,VNM,0.1199,3,False
2024-10-01,CHN,VNM,0.0602,2,False
2024-11-01,CHN,VNM,0.0598,4,False
2024-12-01,CHN,VNM,0.0857,2,False
2025-01-01,CHN,VNM,0.0747,2,False
2025-02-01,CHN,VNM,0.0446,2,True
2025-03-01,CHN,VNM,0.0934,2,False
2025-04-01,CHN,VNM,0.114,2,False
2025-05-01,CHN,VNM,0.1127,2,False
2025-06-01,CHN,VNM,0.1197,2,False
2025-07-01,CHN,VNM,0.1073,2,False
2025-08-01,CHN,VNM,0.102,2,False
2025-09-01,CHN,VNM,0.0446,1,True
2025-10-01,CHN,VNM,0.0323,1,True
2025-11-01,CHN,VNM,0.0431,1,True
2025-12-01,CHN,VNM,0.2035,1,False
2026-01-01,CHN,VNM,0.2122,1,False
2026-02-01,CHN,VNM,0.1786,2,False
2026-03-01,CHN,VNM,0.0902,2,False
2015-01-01,CHN,IDN,0.1631,2,False
2015-02-01,CHN,IDN,0.107,3,False
2015-03-01,CHN,IDN,0.1991,2,False
2015-04-01,CHN,IDN,0.1417,3,False
2015-05-01,CHN,IDN,0.0679,2,False
2015-06-01,CHN,IDN,0.031,2,True
2015-07-01,CHN,IDN,0.0088,2,True
2015-08-01,CHN,IDN,0.0021,3,True
2015-09-01,CHN,IDN,0.0003,3,True
2015-10-01,CHN,IDN,0.0002,3,True
2015-11-01,CHN,IDN,0.0002,4,True
2015-12-01,CHN,IDN,0.0002,4,True
2016-01-01,CHN,IDN,0.0054,4,True
2016-02-01,CHN,IDN,0.0395,4,True
2016-03-01,CHN,IDN,0.0228,4,True
2016-04-01,CHN,IDN,0.0226,4,True
2016-05-01,CHN,IDN,0.0271,4,True
2016-06-01,CHN,IDN,0.065,1,False
2016-07-01,CHN,IDN,0.0918,2,False
2016-08-01,CHN,IDN,0.0718,1,False
2016-09-01,CHN,IDN,0.0874,1,False
2016-10-01,CHN,IDN,0.0608,1,False
2016-11-01,CHN,IDN,0.0369,1,True
2016-12-01,CHN,IDN,0.0475,1,True
2017-01-01,CHN,IDN,0.0305,1,True
2017-02-01,CHN,IDN,0.0407,1,True
2017-03-01,CHN,IDN,0.0387,1,True
2017-04-01,CHN,IDN,0.0385,1,True
2017-05-01,CHN,IDN,0.0395,1,True
2017-06-01,CHN,IDN,0.0388,1,True
2017-07-01,CHN,IDN,0.0492,1,True
2017-08-01,CHN,IDN,0.0412,1,True
2017-09-01,CHN,IDN,0.022,1,True
2017-10-01,CHN,IDN,0.0178,1,True
2017-11-01,CHN,IDN,0.0266,1,True
2017-12-01,CHN,IDN,0.0456,1,True
2018-01-01,CHN,IDN,0.0309,1,True
2018-02-01,CHN,IDN,0.0401,1,True
2018-03-01,CHN,IDN,0.0179,3,True
2018-04-01,CHN,IDN,0.0195,3,True
2018-05-01,CHN,IDN,0.0299,1,True
2018-06-01,CHN,IDN,0.0339,1,True
2018-07-01,CHN,IDN,0.0914,3,False
2018-08-01,CHN,IDN,0.0962,3,False
2018-09-01,CHN,IDN,0.0669,4,False
2018-10-01,CHN,IDN,0.0811,3,False
2018-11-01,CHN,IDN,0.0593,4,False
2018-12-01,CHN,IDN,0.061,4,False
2019-01-01,CHN,IDN,0.1528,3,False
2019-02-01,CHN,IDN,0.0671,3,False
2019-03-01,CHN,IDN,0.0767,3,False
2019-04-01,CHN,IDN,0.1655,3,False
2019-05-01,CHN,IDN,0.1334,3,False
2019-06-01,CHN,IDN,0.074,4,False
2019-07-01,CHN,IDN,0.0107,3,True
2019-08-01,CHN,IDN,0.0409,3,True
2019-09-01,CHN,IDN,0.1504,3,False
2019-10-01,CHN,IDN,0.0642,3,False
2019-11-01,CHN,IDN,0.0488,3,True
2019-12-01,CHN,IDN,0.0391,3,True
2020-01-01,CHN,IDN,0.0437,3,True
2020-02-01,CHN,IDN,0.034,2,True
2020-03-01,CHN,IDN,0.0549,2,False
2020-04-01,CHN,IDN,0.0323,2,True
2020-05-01,CHN,IDN,0.0488,2,True
2020-06-01,CHN,IDN,0.06,4,False
2020-07-01,CHN,IDN,0.0619,4,False
2020-08-01,CHN,IDN,0.0307,4,True
2020-09-01,CHN,IDN,0.0219,4,True
2020-10-01,CHN,IDN,0.0249,4,True
2020-11-01,CHN,IDN,0.2039,4,False
2020-12-01,CHN,IDN,0.3685,2,False
2021-01-01,CHN,IDN,0.4766,2,False
2021-02-01,CHN,IDN,0.4989,2,False
2021-03-01,CHN,IDN,0.3178,1,False
2021-04-01,CHN,IDN,0.3467,1,False
2021-05-01,CHN,IDN,0.2785,1,False
2021-06-01,CHN,IDN,0.1336,1,False
2021-07-01,CHN,IDN,0.254,1,False
2021-08-01,CHN,IDN,0.31,1,False
2021-09-01,CHN,IDN,0.2537,1,False
2021-10-01,CHN,IDN,0.4755,1,False
2021-11-01,CHN,IDN,0.6467,3,False
2021-12-01,CHN,IDN,0.681,3,False
2022-01-01,CHN,IDN,0.4658,3,False
2022-02-01,CHN,IDN,0.7748,4,False
2022-03-01,CHN,IDN,0.7269,4,False
2022-04-01,CHN,IDN,0.7776,2,False
2022-05-01,CHN,IDN,0.2589,4,False
2022-06-01,CHN,IDN,0.2136,4,False
2022-07-01,CHN,IDN,0.1922,2,False
2022-08-01,CHN,IDN,0.0958,1,False
2022-09-01,CHN,IDN,0.1287,1,False
2022-10-01,CHN,IDN,0.2266,1,False
2022-11-01,CHN,IDN,0.2847,1,False
2022-12-01,CHN,IDN,0.2089,1,False
2023-01-01,CHN,IDN,0.2113,1,False
2023-02-01,CHN,IDN,0.2277,1,False
2023-03-01,CHN,IDN,0.4359,1,False
2023-04-01,CHN,IDN,0.398,1,False
2023-05-01,CHN,IDN,0.4665,1,False
2023-06-01,CHN,IDN,0.3993,1,False
2023-07-01,CHN,IDN,0.3845,1,False
2023-08-01,CHN,IDN,0.413,1,False
2023-09-01,CHN,IDN,0.3325,1,False
2023-10-01,CHN,IDN,0.5921,1,False
2023-11-01,CHN,IDN,0.5855,1,False
2023-12-01,CHN,IDN,0.3837,1,False
2024-01-01,CHN,IDN,0.9009,1,False
2024-02-01,CHN,IDN,0.821,1,False
2024-03-01,CHN,IDN,0.4575,1,False
2024-04-01,CHN,IDN,0.3186,1,False
2024-05-01,CHN,IDN,0.2446,1,False
2024-06-01,CHN,IDN,0.1312,1,False
2024-07-01,CHN,IDN,0.1005,1,False
2024-08-01,CHN,IDN,0.069,1,False
2024-09-01,CHN,IDN,0.0515,1,False
2024-10-01,CHN,IDN,0.0521,1,False
2024-11-01,CHN,IDN,0.0418,2,True
2024-12-01,CHN,IDN,0.0384,1,True
2025-01-01,CHN,IDN,0.0487,2,True
2025-02-01,CHN,IDN,0.0132,1,True
2025-03-01,CHN,IDN,0.0394,1,True
2025-04-01,CHN,IDN,0.0591,1,False
2025-05-01,CHN,IDN,0.0774,1,False
2025-06-01,CHN,IDN,0.1404,1,False
2025-07-01,CHN,IDN,0.1862,1,False
2025-08-01,CHN,IDN,0.2468,1,False
2025-09-01,CHN,IDN,0.2782,1,False
2025-10-01,CHN,IDN,0.2092,1,False
2025-11-01,CHN,IDN,0.1648,1,False
2025-12-01,CHN,IDN,0.0575,1,False
2026-01-01,CHN,IDN,0.2113,1,False
2026-02-01,CHN,IDN,0.1595,1,False
2026-03-01,CHN,IDN,0.0892,1,False
2015-01-01,CHN,THA,0.7859,1,False
2015-02-01,CHN,THA,0.3472,2,False
2015-03-01,CHN,THA,0.0634,1,False
2015-04-01,CHN,THA,0.02,1,True
2015-05-01,CHN,THA,0.0105,1,True
2015-06-01,CHN,THA,0.0048,1,True
2015-07-01,CHN,THA,0.0071,1,True
2015-08-01,CHN,THA,0.0086,1,True
2015-09-01,CHN,THA,0.0083,1,True
2015-10-01,CHN,THA,0.0078,1,True
2015-11-01,CHN,THA,0.0129,1,True
2015-12-01,CHN,THA,0.0525,1,False
2016-01-01,CHN,THA,0.0093,2,True
2016-02-01,CHN,THA,0.0134,1,True
2016-03-01,CHN,THA,0.0122,1,True
2016-04-01,CHN,THA,0.0156,1,True
2016-05-01,CHN,THA,0.0252,1,True
2016-06-01,CHN,THA,0.032,1,True
2016-07-01,CHN,THA,0.0306,2,True
2016-08-01,CHN,THA,0.0162,2,True
2016-09-01,CHN,THA,0.0143,2,True
2016-10-01,CHN,THA,0.0178,2,True
2016-11-01,CHN,THA,0.0118,2,True
2016-12-01,CHN,THA,0.0172,2,True
2017-01-01,CHN,THA,0.0703,2,False
2017-02-01,CHN,THA,0.0585,2,False
2017-03-01,CHN,THA,0.0195,2,True
2017-04-01,CHN,THA,0.0498,1,True
2017-05-01,CHN,THA,0.0435,2,True
2017-06-01,CHN,THA,0.0754,1,False
2017-07-01,CHN,THA,0.063,1,False
2017-08-01,CHN,THA,0.0468,1,True
2017-09-01,CHN,THA,0.1052,1,False
2017-10-01,CHN,THA,0.1482,4,False
2017-11-01,CHN,THA,0.109,2,False
2017-12-01,CHN,THA,0.1367,2,False
2018-01-01,CHN,THA,0.1324,2,False
2018-02-01,CHN,THA,0.0757,2,False
2018-03-01,CHN,THA,0.0695,2,False
2018-04-01,CHN,THA,0.0753,2,False
2018-05-01,CHN,THA,0.1221,2,False
2018-06-01,CHN,THA,0.1665,2,False
2018-07-01,CHN,THA,0.1114,2,False
2018-08-01,CHN,THA,0.1246,2,False
2018-09-01,CHN,THA,0.1607,2,False
2018-10-01,CHN,THA,0.1638,2,False
2018-11-01,CHN,THA,0.138,4,False
2018-12-01,CHN,THA,0.1308,3,False
2019-01-01,CHN,THA,0.0684,2,False
2019-02-01,CHN,THA,0.0458,4,True
2019-03-01,CHN,THA,0.0869,2,False
2019-04-01,CHN,THA,0.103,2,False
2019-05-01,CHN,THA,0.1278,4,False
2019-06-01,CHN,THA,0.0825,4,False
2019-07-01,CHN,THA,0.1224,4,False
2019-08-01,CHN,THA,0.1548,4,False
2019-09-01,CHN,THA,0.2855,4,False
2019-10-01,CHN,THA,0.3873,2,False
2019-11-01,CHN,THA,0.3475,2,False
2019-12-01,CHN,THA,0.4356,2,False
2020-01-01,CHN,THA,0.5417,2,False
2020-02-01,CHN,THA,0.7954,3,False
2020-03-01,CHN,THA,0.5153,1,False
2020-04-01,CHN,THA,0.5492,1,False
2020-05-01,CHN,THA,0.5348,1,False
2020-06-01,CHN,THA,0.6834,1,False
2020-07-01,CHN,THA,0.801,4,False
2020-08-01,CHN,THA,0.7208,2,False
2020-09-01,CHN,THA,0.5436,2,False
2020-10-01,CHN,THA,0.5943,1,False
2020-11-01,CHN,THA,0.5108,1,False
2020-12-01,CHN,THA,0.4802,1,False
2021-01-01,CHN,THA,0.4435,1,False
2021-02-01,CHN,THA,0.5002,2,False
2021-03-01,CHN,THA,0.5212,2,False
2021-04-01,CHN,THA,0.4963,3,False
2021-05-01,CHN,THA,0.5167,1,False
2021-06-01,CHN,THA,0.6047,1,False
2021-07-01,CHN,THA,0.7333,3,False
2021-08-01,CHN,THA,0.7335,3,False
2021-09-01,CHN,THA,0.5153,1,False
2021-10-01,CHN,THA,0.247,1,False
2021-11-01,CHN,THA,0.0961,1,False
2021-12-01,CHN,THA,0.1871,1,False
2022-01-01,CHN,THA,0.2563,1,False
2022-02-01,CHN,THA,0.4273,4,False
2022-03-01,CHN,THA,0.4879,4,False
2022-04-01,CHN,THA,0.6588,1,False
2022-05-01,CHN,THA,0.5161,4,False
2022-06-01,CHN,THA,0.3696,4,False
2022-07-01,CHN,THA,0.4411,4,False
2022-08-01,CHN,THA,0.3722,4,False
2022-09-01,CHN,THA,0.4332,4,False
2022-10-01,CHN,THA,0.528,4,False
2022-11-01,CHN,THA,0.4332,4,False
2022-12-01,CHN,THA,0.4425,4,False
2023-01-01,CHN,THA,0.3212,4,False
2023-02-01,CHN,THA,0.406,4,False
2023-03-01,CHN,THA,0.6796,1,False
2023-04-01,CHN,THA,0.7795,4,False
2023-05-01,CHN,THA,0.7019,4,False
2023-06-01,CHN,THA,0.5889,4,False
2023-07-01,CHN,THA,0.5181,4,False
2023-08-01,CHN,THA,0.6825,4,False
2023-09-01,CHN,THA,0.6566,4,False
2023-10-01,CHN,THA,0.7335,4,False
2023-11-01,CHN,THA,0.5101,4,False
2023-12-01,CHN,THA,0.3147,1,False
2024-01-01,CHN,THA,0.2837,1,False
2024-02-01,CHN,THA,0.1392,1,False
2024-03-01,CHN,THA,0.0697,1,False
2024-04-01,CHN,THA,0.0679,1,False
2024-05-01,CHN,THA,0.0296,1,True
2024-06-01,CHN,THA,0.016,1,True
2024-07-01,CHN,THA,0.012,1,True
2024-08-01,CHN,THA,0.0148,1,True
2024-09-01,CHN,THA,0.0144,1,True
2024-10-01,CHN,THA,0.0061,1,True
2024-11-01,CHN,THA,0.0055,1,True
2024-12-01,CHN,THA,0.0061,1,True
2025-01-01,CHN,THA,0.0115,1,True
2025-02-01,CHN,THA,0.0121,1,True
2025-03-01,CHN,THA,0.0094,1,True
2025-04-01,CHN,THA,0.0054,1,True
2025-05-01,CHN,THA,0.0053,1,True
2025-06-01,CHN,THA,0.0029,1,True
2025-07-01,CHN,THA,0.0029,1,True
2025-08-01,CHN,THA,0.005,1,True
2025-09-01,CHN,THA,0.0032,1,True
2025-10-01,CHN,THA,0.0011,1,True
2025-11-01,CHN,THA,0.0005,1,True
2025-12-01,CHN,THA,0.0001,1,True
2026-01-01,CHN,THA,0.0004,1,True
2026-02-01,CHN,THA,0.0016,1,True
2026-03-01,CHN,THA,0.0053,1,True
2015-01-01,CHN,BRA,0.3008,3,False
2015-02-01,CHN,BRA,0.0513,4,False
2015-03-01,CHN,BRA,0.0201,2,True
2015-04-01,CHN,BRA,0.0033,1,True
2015-05-01,CHN,BRA,0.0078,1,True
2015-06-01,CHN,BRA,0.0062,1,True
2015-07-01,CHN,BRA,0.0056,2,True
2015-08-01,CHN,BRA,0.0261,4,True
2015-09-01,CHN,BRA,0.0035,4,True
2015-10-01,CHN,BRA,0.0036,4,True
2015-11-01,CHN,BRA,0.0054,2,True
2015-12-01,CHN,BRA,0.0079,2,True
2016-01-01,CHN,BRA,0.0066,4,True
2016-02-01,CHN,BRA,0.0032,4,True
2016-03-01,CHN,BRA,0.0009,4,True
2016-04-01,CHN,BRA,0.0076,1,True
2016-05-01,CHN,BRA,0.0039,2,True
2016-06-01,CHN,BRA,0.0081,1,True
2016-07-01,CHN,BRA,0.022,1,True
2016-08-01,CHN,BRA,0.0311,2,True
2016-09-01,CHN,BRA,0.0278,2,True
2016-10-01,CHN,BRA,0.0447,1,True
2016-11-01,CHN,BRA,0.0782,1,False
2016-12-01,CHN,BRA,0.1265,1,False
2017-01-01,CHN,BRA,0.2937,3,False
2017-02-01,CHN,BRA,0.4861,3,False
2017-03-01,CHN,BRA,0.4891,3,False
2017-04-01,CHN,BRA,0.4732,3,False
2017-05-01,CHN,BRA,0.3603,3,False
2017-06-01,CHN,BRA,0.3121,3,False
2017-07-01,CHN,BRA,0.3224,3,False
2017-08-01,CHN,BRA,0.35,3,False
2017-09-01,CHN,BRA,0.3485,3,False
2017-10-01,CHN,BRA,0.3033,3,False
2017-11-01,CHN,BRA,0.2403,3,False
2017-12-01,CHN,BRA,0.2107,3,False
2018-01-01,CHN,BRA,0.0966,1,False
2018-02-01,CHN,BRA,0.0493,1,True
2018-03-01,CHN,BRA,0.0396,1,True
2018-04-01,CHN,BRA,0.0075,4,True
2018-05-01,CHN,BRA,0.0012,3,True
2018-06-01,CHN,BRA,0.0029,2,True
2018-07-01,CHN,BRA,0.0001,1,True
2018-08-01,CHN,BRA,0.0001,1,True
2018-09-01,CHN,BRA,0.0,1,True
2018-10-01,CHN,BRA,0.0001,1,True
2018-11-01,CHN,BRA,0.002,1,True
2018-12-01,CHN,BRA,0.002,4,True
2019-01-01,CHN,BRA,0.0108,1,True
2019-02-01,CHN,BRA,0.0146,1,True
2019-03-01,CHN,BRA,0.0538,1,False
2019-04-01,CHN,BRA,0.1898,2,False
2019-05-01,CHN,BRA,0.1833,2,False
2019-06-01,CHN,BRA,0.2069,2,False
2019-07-01,CHN,BRA,0.3317,3,False
2019-08-01,CHN,BRA,0.5919,4,False
2019-09-01,CHN,BRA,0.6055,3,False
2019-10-01,CHN,BRA,0.4884,3,False
2019-11-01,CHN,BRA,0.4366,3,False
2019-12-01,CHN,BRA,0.4109,4,False
2020-01-01,CHN,BRA,0.2916,3,False
2020-02-01,CHN,BRA,0.2733,3,False
2020-03-01,CHN,BRA,0.4399,3,False
2020-04-01,CHN,BRA,0.4414,4,False
2020-05-01,CHN,BRA,0.2209,4,False
2020-06-01,CHN,BRA,0.1603,4,False
2020-07-01,CHN,BRA,0.1653,4,False
2020-08-01,CHN,BRA,0.1431,4,False
2020-09-01,CHN,BRA,0.078,4,False
2020-10-01,CHN,BRA,0.0179,4,True
2020-11-01,CHN,BRA,0.0581,4,False
2020-12-01,CHN,BRA,0.0729,3,False
2021-01-01,CHN,BRA,0.0867,3,False
2021-02-01,CHN,BRA,0.1093,3,False
2021-03-01,CHN,BRA,0.1496,3,False
2021-04-01,CHN,BRA,0.397,1,False
2021-05-01,CHN,BRA,0.2102,1,False
2021-06-01,CHN,BRA,0.299,1,False
2021-07-01,CHN,BRA,0.2934,1,False
2021-08-01,CHN,BRA,0.1969,1,False
2021-09-01,CHN,BRA,0.2059,1,False
2021-10-01,CHN,BRA,0.1954,2,False
2021-11-01,CHN,BRA,0.1898,2,False
2021-12-01,CHN,BRA,0.2037,1,False
2022-01-01,CHN,BRA,0.2157,1,False
2022-02-01,CHN,BRA,0.2164,1,False
2022-03-01,CHN,BRA,0.1661,1,False
2022-04-01,CHN,BRA,0.1938,1,False
2022-05-01,CHN,BRA,0.3351,1,False
2022-06-01,CHN,BRA,0.4514,1,False
2022-07-01,CHN,BRA,0.4943,1,False
2022-08-01,CHN,BRA,0.3131,1,False
2022-09-01,CHN,BRA,0.4331,3,False
2022-10-01,CHN,BRA,0.2584,3,False
2022-11-01,CHN,BRA,0.2703,2,False
2022-12-01,CHN,BRA,0.4244,3,False
2023-01-01,CHN,BRA,0.4384,2,False
2023-02-01,CHN,BRA,0.5918,3,False
2023-03-01,CHN,BRA,0.6978,3,False
2023-04-01,CHN,BRA,0.6962,1,False
2023-05-01,CHN,BRA,0.4918,1,False
2023-06-01,CHN,BRA,0.3788,1,False
2023-07-01,CHN,BRA,0.2257,1,False
2023-08-01,CHN,BRA,0.3966,1,False
2023-09-01,CHN,BRA,0.5819,1,False
2023-10-01,CHN,BRA,0.6855,3,False
2023-11-01,CHN,BRA,0.523,3,False
2023-12-01,CHN,BRA,0.5184,3,False
2024-01-01,CHN,BRA,0.6019,1,False
2024-02-01,CHN,BRA,0.6434,3,False
2024-03-01,CHN,BRA,0.4887,3,False
2024-04-01,CHN,BRA,0.5669,3,False
2024-05-01,CHN,BRA,0.327,1,False
2024-06-01,CHN,BRA,0.2247,1,False
2024-07-01,CHN,BRA,0.1783,1,False
2024-08-01,CHN,BRA,0.174,3,False
2024-09-01,CHN,BRA,0.2522,1,False
2024-10-01,CHN,BRA,0.2297,3,False
2024-11-01,CHN,BRA,0.1245,3,False
2024-12-01,CHN,BRA,0.1848,3,False
2025-01-01,CHN,BRA,0.3891,1,False
2025-02-01,CHN,BRA,0.4041,1,False
2025-03-01,CHN,BRA,0.3157,1,False
2025-04-01,CHN,BRA,0.3468,1,False
2025-05-01,CHN,BRA,0.3557,1,False
2025-06-01,CHN,BRA,0.3774,1,False
2025-07-01,CHN,BRA,0.7187,2,False
2025-08-01,CHN,BRA,0.7193,2,False
2025-09-01,CHN,BRA,0.6228,2,False
2025-10-01,CHN,BRA,0.7955,2,False
2025-11-01,CHN,BRA,0.4883,3,False
2025-12-01,CHN,BRA,0.4774,3,False
2026-01-01,CHN,BRA,0.3938,3,False
2026-02-01,CHN,BRA,0.2769,1,False
2026-03-01,CHN,BRA,0.1221,4,False
2015-01-01,CHN,ZAF,0.0754,3,False
2015-02-01,CHN,ZAF,0.6429,1,False
2015-03-01,CHN,ZAF,0.4979,1,False
2015-04-01,CHN,ZAF,0.4608,1,False
2015-05-01,CHN,ZAF,0.5884,1,False
2015-06-01,CHN,ZAF,0.3328,2,False
2015-07-01,CHN,ZAF,0.1786,1,False
2015-08-01,CHN,ZAF,0.3728,1,False
2015-09-01,CHN,ZAF,0.2149,1,False
2015-10-01,CHN,ZAF,0.2372,1,False
2015-11-01,CHN,ZAF,0.3449,1,False
2015-12-01,CHN,ZAF,0.4319,1,False
2016-01-01,CHN,ZAF,0.549,4,False
2016-02-01,CHN,ZAF,0.3239,1,False
2016-03-01,CHN,ZAF,0.0703,1,False
2016-04-01,CHN,ZAF,0.2851,1,False
2016-05-01,CHN,ZAF,0.3393,1,False
2016-06-01,CHN,ZAF,0.3863,1,False
2016-07-01,CHN,ZAF,0.0729,1,False
2016-08-01,CHN,ZAF,0.0856,1,False
2016-09-01,CHN,ZAF,0.1166,1,False
2016-10-01,CHN,ZAF,0.175,1,False
2016-11-01,CHN,ZAF,0.1533,1,False
2016-12-01,CHN,ZAF,0.1855,1,False
2017-01-01,CHN,ZAF,0.1039,1,False
2017-02-01,CHN,ZAF,0.0636,1,False
2017-03-01,CHN,ZAF,0.0633,3,False
2017-04-01,CHN,ZAF,0.0191,1,True
2017-05-01,CHN,ZAF,0.0052,1,True
2017-06-01,CHN,ZAF,0.002,1,True
2017-07-01,CHN,ZAF,0.0011,1,True
2017-08-01,CHN,ZAF,0.0002,1,True
2017-09-01,CHN,ZAF,0.0016,1,True
2017-10-01,CHN,ZAF,0.0012,1,True
2017-11-01,CHN,ZAF,0.0012,1,True
2017-12-01,CHN,ZAF,0.001,1,True
2018-01-01,CHN,ZAF,0.006,1,True
2018-02-01,CHN,ZAF,0.0043,1,True
2018-03-01,CHN,ZAF,0.003,1,True
2018-04-01,CHN,ZAF,0.0024,2,True
2018-05-01,CHN,ZAF,0.0016,2,True
2018-06-01,CHN,ZAF,0.0011,2,True
2018-07-01,CHN,ZAF,0.0016,2,True
2018-08-01,CHN,ZAF,0.002,2,True
2018-09-01,CHN,ZAF,0.0015,2,True
2018-10-01,CHN,ZAF,0.0009,2,True
2018-11-01,CHN,ZAF,0.0011,2,True
2018-12-01,CHN,ZAF,0.0048,1,True
2019-01-01,CHN,ZAF,0.0217,4,True
2019-02-01,CHN,ZAF,0.0056,4,True
2019-03-01,CHN,ZAF,0.0115,4,True
2019-04-01,CHN,ZAF,0.055,2,False
2019-05-01,CHN,ZAF,0.0538,4,False
2019-06-01,CHN,ZAF,0.1256,2,False
2019-07-01,CHN,ZAF,0.1586,2,False
2019-08-01,CHN,ZAF,0.1427,2,False
2019-09-01,CHN,ZAF,0.5075,2,False
2019-10-01,CHN,ZAF,0.4511,1,False
2019-11-01,CHN,ZAF,0.2524,2,False
2019-12-01,CHN,ZAF,0.1349,4,False
2020-01-01,CHN,ZAF,0.1262,2,False
2020-02-01,CHN,ZAF,0.2247,2,False
2020-03-01,CHN,ZAF,0.229,1,False
2020-04-01,CHN,ZAF,0.1157,2,False
2020-05-01,CHN,ZAF,0.1328,2,False
2020-06-01,CHN,ZAF,0.2805,2,False
2020-07-01,CHN,ZAF,0.3237,2,False
2020-08-01,CHN,ZAF,0.3006,2,False
2020-09-01,CHN,ZAF,0.4082,2,False
2020-10-01,CHN,ZAF,0.4664,3,False
2020-11-01,CHN,ZAF,0.4018,3,False
2020-12-01,CHN,ZAF,0.5216,3,False
2021-01-01,CHN,ZAF,0.5307,3,False
2021-02-01,CHN,ZAF,0.4911,1,False
2021-03-01,CHN,ZAF,0.3971,1,False
2021-04-01,CHN,ZAF,0.4379,4,False
2021-05-01,CHN,ZAF,0.2313,1,False
2021-06-01,CHN,ZAF,0.0867,1,False
2021-07-01,CHN,ZAF,0.222,1,False
2021-08-01,CHN,ZAF,0.3136,1,False
2021-09-01,CHN,ZAF,0.2361,1,False
2021-10-01,CHN,ZAF,0.1854,1,False
2021-11-01,CHN,ZAF,0.1583,1,False
2021-12-01,CHN,ZAF,0.115,1,False
2022-01-01,CHN,ZAF,0.0776,1,False
2022-02-01,CHN,ZAF,0.0737,1,False
2022-03-01,CHN,ZAF,0.0521,1,False
2022-04-01,CHN,ZAF,0.0592,1,False
2022-05-01,CHN,ZAF,0.0456,1,True
2022-06-01,CHN,ZAF,0.0573,1,False
2022-07-01,CHN,ZAF,0.1695,1,False
2022-08-01,CHN,ZAF,0.1471,1,False
2022-09-01,CHN,ZAF,0.1631,1,False
2022-10-01,CHN,ZAF,0.2333,1,False
2022-11-01,CHN,ZAF,0.2299,1,False
2022-12-01,CHN,ZAF,0.1551,1,False
2023-01-01,CHN,ZAF,0.104,1,False
2023-02-01,CHN,ZAF,0.0691,1,False
2023-03-01,CHN,ZAF,0.0941,1,False
2023-04-01,CHN,ZAF,0.1767,1,False
2023-05-01,CHN,ZAF,0.2081,1,False
2023-06-01,CHN,ZAF,0.2616,1,False
2023-07-01,CHN,ZAF,0.3917,1,False
2023-08-01,CHN,ZAF,0.6272,1,False
2023-09-01,CHN,ZAF,0.4875,2,False
2023-10-01,CHN,ZAF,0.4274,1,False
2023-11-01,CHN,ZAF,0.407,1,False
2023-12-01,CHN,ZAF,0.3805,4,False
2024-01-01,CHN,ZAF,0.2424,3,False
2024-02-01,CHN,ZAF,0.2031,1,False
2024-03-01,CHN,ZAF,0.039,1,True
2024-04-01,CHN,ZAF,0.166,1,False
2024-05-01,CHN,ZAF,0.0841,2,False
2024-06-01,CHN,ZAF,0.038,2,True
2024-07-01,CHN,ZAF,0.0373,2,True
2024-08-01,CHN,ZAF,0.0173,2,True
2024-09-01,CHN,ZAF,0.0109,2,True
2024-10-01,CHN,ZAF,0.0177,2,True
2024-11-01,CHN,ZAF,0.0538,2,False
2024-12-01,CHN,ZAF,0.0258,2,True
2025-01-01,CHN,ZAF,0.0532,2,False
2025-02-01,CHN,ZAF,0.1159,2,False
2025-03-01,CHN,ZAF,0.1135,2,False
2025-04-01,CHN,ZAF,0.171,2,False
2025-05-01,CHN,ZAF,0.2212,2,False
2025-06-01,CHN,ZAF,0.2941,3,False
2025-07-01,CHN,ZAF,0.2649,3,False
2025-08-01,CHN,ZAF,0.1828,3,False
2025-09-01,CHN,ZAF,0.1712,3,False
2025-10-01,CHN,ZAF,0.2002,4,False
2025-11-01,CHN,ZAF,0.1203,4,False
2025-12-01,CHN,ZAF,0.1474,4,False
2026-01-01,CHN,ZAF,0.3068,4,False
2026-02-01,CHN,ZAF,0.3712,4,False
2026-03-01,CHN,ZAF,0.3203,4,False
2015-01-01,CHN,MEX,0.0507,1,False
2015-02-01,CHN,MEX,0.0127,1,True
2015-03-01,CHN,MEX,0.0094,1,True
2015-04-01,CHN,MEX,0.0162,1,True
2015-05-01,CHN,MEX,0.0229,1,True
2015-06-01,CHN,MEX,0.0052,2,True
2015-07-01,CHN,MEX,0.0048,2,True
2015-08-01,CHN,MEX,0.0036,2,True
2015-09-01,CHN,MEX,0.0031,2,True
2015-10-01,CHN,MEX,0.0024,2,True
2015-11-01,CHN,MEX,0.0011,2,True
2015-12-01,CHN,MEX,0.0006,2,True
2016-01-01,CHN,MEX,0.0011,2,True
2016-02-01,CHN,MEX,0.0062,2,True
2016-03-01,CHN,MEX,0.0084,2,True
2016-04-01,CHN,MEX,0.0072,2,True
2016-05-01,CHN,MEX,0.0115,2,True
2016-06-01,CHN,MEX,0.0113,2,True
2016-07-01,CHN,MEX,0.0149,2,True
2016-08-01,CHN,MEX,0.0054,2,True
2016-09-01,CHN,MEX,0.0026,2,True
2016-10-01,CHN,MEX,0.0041,2,True
2016-11-01,CHN,MEX,0.0074,2,True
2016-12-01,CHN,MEX,0.0209,1,True
2017-01-01,CHN,MEX,0.0281,2,True
2017-02-01,CHN,MEX,0.0762,1,False
2017-03-01,CHN,MEX,0.1506,2,False
2017-04-01,CHN,MEX,0.3241,2,False
2017-05-01,CHN,MEX,0.3388,2,False
2017-06-01,CHN,MEX,0.325,2,False
2017-07-01,CHN,MEX,0.3385,2,False
2017-08-01,CHN,MEX,0.3565,2,False
2017-09-01,CHN,MEX,0.3279,2,False
2017-10-01,CHN,MEX,0.1006,4,False
2017-11-01,CHN,MEX,0.0377,3,True
2017-12-01,CHN,MEX,0.0225,2,True
2018-01-01,CHN,MEX,0.0134,1,True
2018-02-01,CHN,MEX,0.0293,1,True
2018-03-01,CHN,MEX,0.0327,1,True
2018-04-01,CHN,MEX,0.0303,1,True
2018-05-01,CHN,MEX,0.0523,1,False
2018-06-01,CHN,MEX,0.0509,2,False
2018-07-01,CHN,MEX,0.0306,1,True
2018-08-01,CHN,MEX,0.0273,1,True
2018-09-01,CHN,MEX,0.0248,1,True
2018-10-01,CHN,MEX,0.023,4,True
2018-11-01,CHN,MEX,0.095,1,False
2018-12-01,CHN,MEX,0.1653,2,False
2019-01-01,CHN,MEX,0.1606,2,False
2019-02-01,CHN,MEX,0.2267,2,False
2019-03-01,CHN,MEX,0.3925,2,False
2019-04-01,CHN,MEX,0.4086,2,False
2019-05-01,CHN,MEX,0.4506,2,False
2019-06-01,CHN,MEX,0.3856,2,False
2019-07-01,CHN,MEX,0.264,2,False
2019-08-01,CHN,MEX,0.1534,1,False
2019-09-01,CHN,MEX,0.0172,4,True
2019-10-01,CHN,MEX,0.0207,1,True
2019-11-01,CHN,MEX,0.0103,2,True
2019-12-01,CHN,MEX,0.0077,1,True
2020-01-01,CHN,MEX,0.0696,1,False
2020-02-01,CHN,MEX,0.0586,1,False
2020-03-01,CHN,MEX,0.1125,1,False
2020-04-01,CHN,MEX,0.1974,1,False
2020-05-01,CHN,MEX,0.4988,2,False
2020-06-01,CHN,MEX,0.2871,1,False
2020-07-01,CHN,MEX,0.1755,2,False
2020-08-01,CHN,MEX,0.1215,1,False
2020-09-01,CHN,MEX,0.0409,4,True
2020-10-01,CHN,MEX,0.0684,1,False
2020-11-01,CHN,MEX,0.0422,2,True
2020-12-01,CHN,MEX,0.0137,1,True
2021-01-01,CHN,MEX,0.0199,1,True
2021-02-01,CHN,MEX,0.0277,1,True
2021-03-01,CHN,MEX,0.0244,1,True
2021-04-01,CHN,MEX,0.0104,1,True
2021-05-01,CHN,MEX,0.003,1,True
2021-06-01,CHN,MEX,0.0033,1,True
2021-07-01,CHN,MEX,0.0035,1,True
2021-08-01,CHN,MEX,0.0064,1,True
2021-09-01,CHN,MEX,0.0157,1,True
2021-10-01,CHN,MEX,0.0085,1,True
2021-11-01,CHN,MEX,0.0073,1,True
2021-12-01,CHN,MEX,0.0043,1,True
2022-01-01,CHN,MEX,0.0052,1,True
2022-02-01,CHN,MEX,0.0066,1,True
2022-03-01,CHN,MEX,0.0078,1,True
2022-04-01,CHN,MEX,0.0059,1,True
2022-05-01,CHN,MEX,0.0079,1,True
2022-06-01,CHN,MEX,0.0124,1,True
2022-07-01,CHN,MEX,0.0231,1,True
2022-08-01,CHN,MEX,0.0575,1,False
2022-09-01,CHN,MEX,0.113,1,False
2022-10-01,CHN,MEX,0.1122,1,False
2022-11-01,CHN,MEX,0.0873,1,False
2022-12-01,CHN,MEX,0.0792,1,False
2023-01-01,CHN,MEX,0.0755,1,False
2023-02-01,CHN,MEX,0.065,1,False
2023-03-01,CHN,MEX,0.0769,1,False
2023-04-01,CHN,MEX,0.0791,1,False
2023-05-01,CHN,MEX,0.1414,1,False
2023-06-01,CHN,MEX,0.225,1,False
2023-07-01,CHN,MEX,0.426,1,False
2023-08-01,CHN,MEX,0.6135,1,False
2023-09-01,CHN,MEX,0.8152,1,False
2023-10-01,CHN,MEX,0.5602,2,False
2023-11-01,CHN,MEX,0.3096,1,False
2023-12-01,CHN,MEX,0.1351,1,False
2024-01-01,CHN,MEX,0.1467,1,False
2024-02-01,CHN,MEX,0.0735,1,False
2024-03-01,CHN,MEX,0.1906,1,False
2024-04-01,CHN,MEX,0.3365,2,False
2024-05-01,CHN,MEX,0.328,2,False
2024-06-01,CHN,MEX,0.3104,2,False
2024-07-01,CHN,MEX,0.3001,1,False
2024-08-01,CHN,MEX,0.2314,1,False
2024-09-01,CHN,MEX,0.2095,1,False
2024-10-01,CHN,MEX,0.4207,1,False
2024-11-01,CHN,MEX,0.3383,1,False
2024-12-01,CHN,MEX,0.2579,1,False
2025-01-01,CHN,MEX,0.308,1,False
2025-02-01,CHN,MEX,0.2026,1,False
2025-03-01,CHN,MEX,0.1363,1,False
2025-04-01,CHN,MEX,0.1726,1,False
2025-05-01,CHN,MEX,0.1543,1,False
2025-06-01,CHN,MEX,0.0953,1,False
2025-07-01,CHN,MEX,0.1756,1,False
2025-08-01,CHN,MEX,0.2084,1,False
2025-09-01,CHN,MEX,0.3062,1,False
2025-10-01,CHN,MEX,0.3616,1,False
2025-11-01,CHN,MEX,0.2727,3,False
2025-12-01,CHN,MEX,0.0321,3,True
2026-01-01,CHN,MEX,0.0191,3,True
2026-02-01,CHN,MEX,0.0127,1,True
2026-03-01,CHN,MEX,0.0141,1,True
2015-01-01,CHN,SGP,0.2254,4,False
2015-02-01,CHN,SGP,0.1114,4,False
2015-03-01,CHN,SGP,0.0993,4,False
2015-04-01,CHN,SGP,0.0984,4,False
2015-05-01,CHN,SGP,0.0834,4,False
2015-06-01,CHN,SGP,0.1462,4,False
2015-07-01,CHN,SGP,0.1807,4,False
2015-08-01,CHN,SGP,0.3245,4,False
2015-09-01,CHN,SGP,0.2407,4,False
2015-10-01,CHN,SGP,0.26,4,False
2015-11-01,CHN,SGP,0.0634,4,False
2015-12-01,CHN,SGP,0.0204,3,True
2016-01-01,CHN,SGP,0.0077,2,True
2016-02-01,CHN,SGP,0.0102,2,True
2016-03-01,CHN,SGP,0.0302,2,True
2016-04-01,CHN,SGP,0.031,2,True
2016-05-01,CHN,SGP,0.0333,2,True
2016-06-01,CHN,SGP,0.0293,3,True
2016-07-01,CHN,SGP,0.0239,3,True
2016-08-01,CHN,SGP,0.0275,2,True
2016-09-01,CHN,SGP,0.0531,2,False
2016-10-01,CHN,SGP,0.0796,2,False
2016-11-01,CHN,SGP,0.0645,3,False
2016-12-01,CHN,SGP,0.0457,2,True
2017-01-01,CHN,SGP,0.0547,2,False
2017-02-01,CHN,SGP,0.034,3,True
2017-03-01,CHN,SGP,0.1727,4,False
2017-04-01,CHN,SGP,0.0929,4,False
2017-05-01,CHN,SGP,0.065,4,False
2017-06-01,CHN,SGP,0.0176,4,True
2017-07-01,CHN,SGP,0.0161,4,True
2017-08-01,CHN,SGP,0.0157,4,True
2017-09-01,CHN,SGP,0.0319,4,True
2017-10-01,CHN,SGP,0.052,4,False
2017-11-01,CHN,SGP,0.0077,4,True
2017-12-01,CHN,SGP,0.0033,4,True
2018-01-01,CHN,SGP,0.0059,4,True
2018-02-01,CHN,SGP,0.0049,4,True
2018-03-01,CHN,SGP,0.0049,4,True
2018-04-01,CHN,SGP,0.0054,4,True
2018-05-01,CHN,SGP,0.0268,4,True
2018-06-01,CHN,SGP,0.0143,4,True
2018-07-01,CHN,SGP,0.0129,4,True
2018-08-01,CHN,SGP,0.0146,4,True
2018-09-01,CHN,SGP,0.0176,4,True
2018-10-01,CHN,SGP,0.0198,4,True
2018-11-01,CHN,SGP,0.0197,4,True
2018-12-01,CHN,SGP,0.1563,4,False
2019-01-01,CHN,SGP,0.2758,1,False
2019-02-01,CHN,SGP,0.4815,1,False
2019-03-01,CHN,SGP,0.2154,1,False
2019-04-01,CHN,SGP,0.2664,1,False
2019-05-01,CHN,SGP,0.1232,1,False
2019-06-01,CHN,SGP,0.132,1,False
2019-07-01,CHN,SGP,0.2845,1,False
2019-08-01,CHN,SGP,0.5673,3,False
2019-09-01,CHN,SGP,0.4039,3,False
2019-10-01,CHN,SGP,0.2354,4,False
2019-11-01,CHN,SGP,0.1326,3,False
2019-12-01,CHN,SGP,0.138,3,False
2020-01-01,CHN,SGP,0.1589,3,False
2020-02-01,CHN,SGP,0.2268,3,False
2020-03-01,CHN,SGP,0.2239,4,False
2020-04-01,CHN,SGP,0.0512,4,False
2020-05-01,CHN,SGP,0.0641,3,False
2020-06-01,CHN,SGP,0.1128,3,False
2020-07-01,CHN,SGP,0.0971,4,False
2020-08-01,CHN,SGP,0.0844,3,False
2020-09-01,CHN,SGP,0.049,3,True
2020-10-01,CHN,SGP,0.0399,3,True
2020-11-01,CHN,SGP,0.2234,2,False
2020-12-01,CHN,SGP,0.1875,2,False
2021-01-01,CHN,SGP,0.2791,2,False
2021-02-01,CHN,SGP,0.1689,2,False
2021-03-01,CHN,SGP,0.1912,2,False
2021-04-01,CHN,SGP,0.6032,3,False
2021-05-01,CHN,SGP,0.3244,1,False
2021-06-01,CHN,SGP,0.263,1,False
2021-07-01,CHN,SGP,0.3233,1,False
2021-08-01,CHN,SGP,0.3513,1,False
2021-09-01,CHN,SGP,0.438,1,False
2021-10-01,CHN,SGP,0.4372,1,False
2021-11-01,CHN,SGP,0.21,1,False
2021-12-01,CHN,SGP,0.1955,1,False
2022-01-01,CHN,SGP,0.1617,1,False
2022-02-01,CHN,SGP,0.1334,1,False
2022-03-01,CHN,SGP,0.2105,1,False
2022-04-01,CHN,SGP,0.3811,1,False
2022-05-01,CHN,SGP,0.2862,1,False
2022-06-01,CHN,SGP,0.363,1,False
2022-07-01,CHN,SGP,0.7652,2,False
2022-08-01,CHN,SGP,0.6943,2,False
2022-09-01,CHN,SGP,0.6789,2,False
2022-10-01,CHN,SGP,0.5137,1,False
2022-11-01,CHN,SGP,0.189,1,False
2022-12-01,CHN,SGP,0.158,1,False
2023-01-01,CHN,SGP,0.1355,1,False
2023-02-01,CHN,SGP,0.2176,1,False
2023-03-01,CHN,SGP,0.2611,1,False
2023-04-01,CHN,SGP,0.3608,1,False
2023-05-01,CHN,SGP,0.3718,1,False
2023-06-01,CHN,SGP,0.4927,1,False
2023-07-01,CHN,SGP,0.5706,1,False
2023-08-01,CHN,SGP,0.6249,1,False
2023-09-01,CHN,SGP,0.7008,1,False
2023-10-01,CHN,SGP,0.6208,2,False
2023-11-01,CHN,SGP,0.5358,2,False
2023-12-01,CHN,SGP,0.1027,3,False
2024-01-01,CHN,SGP,0.0634,2,False
2024-02-01,CHN,SGP,0.0615,1,False
2024-03-01,CHN,SGP,0.0423,1,True
2024-04-01,CHN,SGP,0.041,1,True
2024-05-01,CHN,SGP,0.0156,2,True
2024-06-01,CHN,SGP,0.0112,1,True
2024-07-01,CHN,SGP,0.0031,1,True
2024-08-01,CHN,SGP,0.0013,1,True
2024-09-01,CHN,SGP,0.0006,1,True
2024-10-01,CHN,SGP,0.0015,1,True
2024-11-01,CHN,SGP,0.0149,1,True
2024-12-01,CHN,SGP,0.0087,1,True
2025-01-01,CHN,SGP,0.0168,1,True
2025-02-01,CHN,SGP,0.0688,1,False
2025-03-01,CHN,SGP,0.1546,1,False
2025-04-01,CHN,SGP,0.1667,1,False
2025-05-01,CHN,SGP,0.2021,1,False
2025-06-01,CHN,SGP,0.4113,1,False
2025-07-01,CHN,SGP,0.39,1,False
2025-08-01,CHN,SGP,0.3761,1,False
2025-09-01,CHN,SGP,0.4042,1,False
2025-10-01,CHN,SGP,0.3302,1,False
2025-11-01,CHN,SGP,0.171,4,False
2025-12-01,CHN,SGP,0.3076,1,False
2026-01-01,CHN,SGP,0.4159,3,False
2026-02-01,CHN,SGP,0.3978,3,False
2026-03-01,CHN,SGP,0.2246,4,False
2015-01-01,CHN,KOR,0.1513,4,False
2015-02-01,CHN,KOR,0.1238,4,False
2015-03-01,CHN,KOR,0.0294,4,True
2015-04-01,CHN,KOR,0.0134,2,True
2015-05-01,CHN,KOR,0.0103,2,True
2015-06-01,CHN,KOR,0.0161,2,True
2015-07-01,CHN,KOR,0.0159,2,True
2015-08-01,CHN,KOR,0.0147,1,True
2015-09-01,CHN,KOR,0.0215,2,True
2015-10-01,CHN,KOR,0.01,2,True
2015-11-01,CHN,KOR,0.0165,4,True
2015-12-01,CHN,KOR,0.0137,2,True
2016-01-01,CHN,KOR,0.0171,4,True
2016-02-01,CHN,KOR,0.0089,2,True
2016-03-01,CHN,KOR,0.0042,2,True
2016-04-01,CHN,KOR,0.004,2,True
2016-05-01,CHN,KOR,0.0064,2,True
2016-06-01,CHN,KOR,0.0096,4,True
2016-07-01,CHN,KOR,0.011,2,True
2016-08-01,CHN,KOR,0.0299,3,True
2016-09-01,CHN,KOR,0.0284,2,True
2016-10-01,CHN,KOR,0.0313,2,True
2016-11-01,CHN,KOR,0.023,2,True
2016-12-01,CHN,KOR,0.0234,2,True
2017-01-01,CHN,KOR,0.0227,2,True
2017-02-01,CHN,KOR,0.0482,2,True
2017-03-01,CHN,KOR,0.0799,2,False
2017-04-01,CHN,KOR,0.0452,2,True
2017-05-01,CHN,KOR,0.0549,2,False
2017-06-01,CHN,KOR,0.0562,2,False
2017-07-01,CHN,KOR,0.0635,2,False
2017-08-01,CHN,KOR,0.0449,2,True
2017-09-01,CHN,KOR,0.0437,2,True
2017-10-01,CHN,KOR,0.0251,2,True
2017-11-01,CHN,KOR,0.0225,2,True
2017-12-01,CHN,KOR,0.0275,2,True
2018-01-01,CHN,KOR,0.0354,2,True
2018-02-01,CHN,KOR,0.1292,2,False
2018-03-01,CHN,KOR,0.081,1,False
2018-04-01,CHN,KOR,0.0948,1,False
2018-05-01,CHN,KOR,0.0776,1,False
2018-06-01,CHN,KOR,0.0853,1,False
2018-07-01,CHN,KOR,0.0658,1,False
2018-08-01,CHN,KOR,0.0766,1,False
2018-09-01,CHN,KOR,0.0557,1,False
2018-10-01,CHN,KOR,0.0393,1,True
2018-11-01,CHN,KOR,0.044,1,True
2018-12-01,CHN,KOR,0.022,1,True
2019-01-01,CHN,KOR,0.2978,1,False
2019-02-01,CHN,KOR,0.4266,2,False
2019-03-01,CHN,KOR,0.566,2,False
2019-04-01,CHN,KOR,0.2228,4,False
2019-05-01,CHN,KOR,0.1054,4,False
2019-06-01,CHN,KOR,0.0586,2,False
2019-07-01,CHN,KOR,0.0282,2,True
2019-08-01,CHN,KOR,0.0129,1,True
2019-09-01,CHN,KOR,0.0052,4,True
2019-10-01,CHN,KOR,0.001,3,True
2019-11-01,CHN,KOR,0.0054,2,True
2019-12-01,CHN,KOR,0.0093,3,True
2020-01-01,CHN,KOR,0.011,3,True
2020-02-01,CHN,KOR,0.0222,3,True
2020-03-01,CHN,KOR,0.013,3,True
2020-04-01,CHN,KOR,0.0116,3,True
2020-05-01,CHN,KOR,0.0047,3,True
2020-06-01,CHN,KOR,0.0024,3,True
2020-07-01,CHN,KOR,0.0016,3,True
2020-08-01,CHN,KOR,0.0017,3,True
2020-09-01,CHN,KOR,0.0021,3,True
2020-10-01,CHN,KOR,0.0029,3,True
2020-11-01,CHN,KOR,0.0291,1,True
2020-12-01,CHN,KOR,0.0432,1,True
2021-01-01,CHN,KOR,0.0302,1,True
2021-02-01,CHN,KOR,0.08,1,False
2021-03-01,CHN,KOR,0.0993,1,False
2021-04-01,CHN,KOR,0.1515,1,False
2021-05-01,CHN,KOR,0.094,1,False
2021-06-01,CHN,KOR,0.0769,1,False
2021-07-01,CHN,KOR,0.0457,1,True
2021-08-01,CHN,KOR,0.0361,1,True
2021-09-01,CHN,KOR,0.0691,1,False
2021-10-01,CHN,KOR,0.0542,2,False
2021-11-01,CHN,KOR,0.0189,1,True
2021-12-01,CHN,KOR,0.056,1,False
2022-01-01,CHN,KOR,0.0545,1,False
2022-02-01,CHN,KOR,0.0569,1,False
2022-03-01,CHN,KOR,0.0636,1,False
2022-04-01,CHN,KOR,0.1239,1,False
2022-05-01,CHN,KOR,0.2262,1,False
2022-06-01,CHN,KOR,0.4379,1,False
2022-07-01,CHN,KOR,0.6543,4,False
2022-08-01,CHN,KOR,0.7006,2,False
2022-09-01,CHN,KOR,0.5507,4,False
2022-10-01,CHN,KOR,0.5202,1,False
2022-11-01,CHN,KOR,0.5047,1,False
2022-12-01,CHN,KOR,0.2854,1,False
2023-01-01,CHN,KOR,0.2254,1,False
2023-02-01,CHN,KOR,0.3421,1,False
2023-03-01,CHN,KOR,0.3438,1,False
2023-04-01,CHN,KOR,0.4818,1,False
2023-05-01,CHN,KOR,0.5387,4,False
2023-06-01,CHN,KOR,0.55,4,False
2023-07-01,CHN,KOR,0.4296,4,False
2023-08-01,CHN,KOR,0.445,3,False
2023-09-01,CHN,KOR,0.2359,4,False
2023-10-01,CHN,KOR,0.2239,4,False
2023-11-01,CHN,KOR,0.2621,4,False
2023-12-01,CHN,KOR,0.2273,4,False
2024-01-01,CHN,KOR,0.2246,4,False
2024-02-01,CHN,KOR,0.2591,4,False
2024-03-01,CHN,KOR,0.2697,4,False
2024-04-01,CHN,KOR,0.2986,4,False
2024-05-01,CHN,KOR,0.2725,4,False
2024-06-01,CHN,KOR,0.2231,4,False
2024-07-01,CHN,KOR,0.0997,2,False
2024-08-01,CHN,KOR,0.0865,2,False
2024-09-01,CHN,KOR,0.0884,1,False
2024-10-01,CHN,KOR,0.0966,2,False
2024-11-01,CHN,KOR,0.064,4,False
2024-12-01,CHN,KOR,0.1136,2,False
2025-01-01,CHN,KOR,0.1271,2,False
2025-02-01,CHN,KOR,0.1787,1,False
2025-03-01,CHN,KOR,0.3002,1,False
2025-04-01,CHN,KOR,0.4227,1,False
2025-05-01,CHN,KOR,0.6289,1,False
2025-06-01,CHN,KOR,0.6346,2,False
2025-07-01,CHN,KOR,0.6187,2,False
2025-08-01,CHN,KOR,0.665,2,False
2025-09-01,CHN,KOR,0.6983,1,False
2025-10-01,CHN,KOR,0.8081,1,False
2025-11-01,CHN,KOR,0.8256,1,False
2025-12-01,CHN,KOR,0.9044,1,False
2026-01-01,CHN,KOR,0.6733,1,False
2026-02-01,CHN,KOR,0.6216,1,False
2026-03-01,CHN,KOR,0.7755,1,False
2015-01-01,CHN,GBR,0.3716,3,False
2015-02-01,CHN,GBR,0.4011,2,False
2015-03-01,CHN,GBR,0.4477,2,False
2015-04-01,CHN,GBR,0.6337,2,False
2015-05-01,CHN,GBR,0.6348,1,False
2015-06-01,CHN,GBR,0.4463,2,False
2015-07-01,CHN,GBR,0.4176,2,False
2015-08-01,CHN,GBR,0.4996,4,False
2015-09-01,CHN,GBR,0.3535,2,False
2015-10-01,CHN,GBR,0.3146,2,False
2015-11-01,CHN,GBR,0.3058,2,False
2015-12-01,CHN,GBR,0.1981,2,False
2016-01-01,CHN,GBR,0.1487,2,False
2016-02-01,CHN,GBR,0.0844,2,False
2016-03-01,CHN,GBR,0.098,2,False
2016-04-01,CHN,GBR,0.0708,1,False
2016-05-01,CHN,GBR,0.1625,1,False
2016-06-01,CHN,GBR,0.2204,2,False
2016-07-01,CHN,GBR,0.1903,1,False
2016-08-01,CHN,GBR,0.2015,1,False
2016-09-01,CHN,GBR,0.1496,3,False
2016-10-01,CHN,GBR,0.0443,2,True
2016-11-01,CHN,GBR,0.0382,2,True
2016-12-01,CHN,GBR,0.021,2,True
2017-01-01,CHN,GBR,0.0103,2,True
2017-02-01,CHN,GBR,0.0072,2,True
2017-03-01,CHN,GBR,0.0011,2,True
2017-04-01,CHN,GBR,0.0031,3,True
2017-05-01,CHN,GBR,0.0002,2,True
2017-06-01,CHN,GBR,0.0001,1,True
2017-07-01,CHN,GBR,0.0017,1,True
2017-08-01,CHN,GBR,0.0023,1,True
2017-09-01,CHN,GBR,0.0065,1,True
2017-10-01,CHN,GBR,0.0066,1,True
2017-11-01,CHN,GBR,0.0177,1,True
2017-12-01,CHN,GBR,0.1205,1,False
2018-01-01,CHN,GBR,0.3801,1,False
2018-02-01,CHN,GBR,0.4943,4,False
2018-03-01,CHN,GBR,0.2603,4,False
2018-04-01,CHN,GBR,0.2138,3,False
2018-05-01,CHN,GBR,0.1568,4,False
2018-06-01,CHN,GBR,0.1018,3,False
2018-07-01,CHN,GBR,0.0009,4,True
2018-08-01,CHN,GBR,0.0018,4,True
2018-09-01,CHN,GBR,0.002,4,True
2018-10-01,CHN,GBR,0.0021,4,True
2018-11-01,CHN,GBR,0.0098,4,True
2018-12-01,CHN,GBR,0.2041,4,False
2019-01-01,CHN,GBR,0.6116,3,False
2019-02-01,CHN,GBR,0.5947,3,False
2019-03-01,CHN,GBR,0.5953,3,False
2019-04-01,CHN,GBR,0.3955,1,False
2019-05-01,CHN,GBR,0.5816,1,False
2019-06-01,CHN,GBR,0.3509,1,False
2019-07-01,CHN,GBR,0.2099,1,False
2019-08-01,CHN,GBR,0.1097,1,False
2019-09-01,CHN,GBR,0.0525,1,False
2019-10-01,CHN,GBR,0.0112,1,True
2019-11-01,CHN,GBR,0.0069,1,True
2019-12-01,CHN,GBR,0.0266,1,True
2020-01-01,CHN,GBR,0.0422,1,True
2020-02-01,CHN,GBR,0.1063,1,False
2020-03-01,CHN,GBR,0.0992,1,False
2020-04-01,CHN,GBR,0.2785,1,False
2020-05-01,CHN,GBR,0.841,2,False
2020-06-01,CHN,GBR,0.5968,1,False
2020-07-01,CHN,GBR,0.7323,3,False
2020-08-01,CHN,GBR,0.5349,1,False
2020-09-01,CHN,GBR,0.4124,3,False
2020-10-01,CHN,GBR,0.3149,3,False
2020-11-01,CHN,GBR,0.3085,4,False
2020-12-01,CHN,GBR,0.5753,3,False
2021-01-01,CHN,GBR,0.5001,3,False
2021-02-01,CHN,GBR,0.5778,3,False
2021-03-01,CHN,GBR,0.6146,3,False
2021-04-01,CHN,GBR,0.8533,3,False
2021-05-01,CHN,GBR,0.534,1,False
2021-06-01,CHN,GBR,0.232,1,False
2021-07-01,CHN,GBR,0.158,1,False
2021-08-01,CHN,GBR,0.4952,1,False
2021-09-01,CHN,GBR,0.0351,1,True
2021-10-01,CHN,GBR,0.0491,1,True
2021-11-01,CHN,GBR,0.0109,1,True
2021-12-01,CHN,GBR,0.0097,1,True
2022-01-01,CHN,GBR,0.0101,1,True
2022-02-01,CHN,GBR,0.0098,1,True
2022-03-01,CHN,GBR,0.0169,1,True
2022-04-01,CHN,GBR,0.0259,1,True
2022-05-01,CHN,GBR,0.136,1,False
2022-06-01,CHN,GBR,0.0539,1,False
2022-07-01,CHN,GBR,0.0344,1,True
2022-08-01,CHN,GBR,0.0543,1,False
2022-09-01,CHN,GBR,0.0353,1,True
2022-10-01,CHN,GBR,0.0364,1,True
2022-11-01,CHN,GBR,0.0589,1,False
2022-12-01,CHN,GBR,0.0571,1,False
2023-01-01,CHN,GBR,0.03,1,True
2023-02-01,CHN,GBR,0.023,1,True
2023-03-01,CHN,GBR,0.0294,1,True
2023-04-01,CHN,GBR,0.0453,1,True
2023-05-01,CHN,GBR,0.094,1,False
2023-06-01,CHN,GBR,0.1001,1,False
2023-07-01,CHN,GBR,0.1186,1,False
2023-08-01,CHN,GBR,0.1672,1,False
2023-09-01,CHN,GBR,0.2245,1,False
2023-10-01,CHN,GBR,0.272,1,False
2023-11-01,CHN,GBR,0.1848,4,False
2023-12-01,CHN,GBR,0.0285,4,True
2024-01-01,CHN,GBR,0.0299,4,True
2024-02-01,CHN,GBR,0.0429,4,True
2024-03-01,CHN,GBR,0.0135,1,True
2024-04-01,CHN,GBR,0.0081,4,True
2024-05-01,CHN,GBR,0.002,3,True
2024-06-01,CHN,GBR,0.0002,2,True
2024-07-01,CHN,GBR,0.0,1,True
2024-08-01,CHN,GBR,0.0,2,True
2024-09-01,CHN,GBR,0.0,1,True
2024-10-01,CHN,GBR,0.0,1,True
2024-11-01,CHN,GBR,0.0,1,True
2024-12-01,CHN,GBR,0.0,2,True
2025-01-01,CHN,GBR,0.0001,1,True
2025-02-01,CHN,GBR,0.0002,1,True
2025-03-01,CHN,GBR,0.0005,1,True
2025-04-01,CHN,GBR,0.0017,1,True
2025-05-01,CHN,GBR,0.0018,1,True
2025-06-01,CHN,GBR,0.0034,1,True
2025-07-01,CHN,GBR,0.0027,1,True
2025-08-01,CHN,GBR,0.0029,1,True
2025-09-01,CHN,GBR,0.0105,1,True
2025-10-01,CHN,GBR,0.017,3,True
2025-11-01,CHN,GBR,0.0176,3,True
2025-12-01,CHN,GBR,0.0535,1,False
2026-01-01,CHN,GBR,0.1627,1,False
2026-02-01,CHN,GBR,0.203,1,False
2026-03-01,CHN,GBR,0.2336,1,False
2015-01-01,CHN,USA,0.6289,4,False
2015-02-01,CHN,USA,0.2374,2,False
2015-03-01,CHN,USA,0.274,2,False
2015-04-01,CHN,USA,0.1935,2,False
2015-05-01,CHN,USA,0.1314,2,False
2015-06-01,CHN,USA,0.1209,2,False
2015-07-01,CHN,USA,0.1963,2,False
2015-08-01,CHN,USA,0.2406,2,False
2015-09-01,CHN,USA,0.2816,2,False
2015-10-01,CHN,USA,0.1921,2,False
2015-11-01,CHN,USA,0.2523,2,False
2015-12-01,CHN,USA,0.3701,2,False
2016-01-01,CHN,USA,0.388,2,False
2016-02-01,CHN,USA,0.5443,1,False
2016-03-01,CHN,USA,0.4387,2,False
2016-04-01,CHN,USA,0.6282,3,False
2016-05-01,CHN,USA,0.6699,3,False
2016-06-01,CHN,USA,0.61,1,False
2016-07-01,CHN,USA,0.5347,1,False
2016-08-01,CHN,USA,0.6064,3,False
2016-09-01,CHN,USA,0.6061,3,False
2016-10-01,CHN,USA,0.6734,1,False
2016-11-01,CHN,USA,0.2818,1,False
2016-12-01,CHN,USA,0.1328,1,False
2017-01-01,CHN,USA,0.0814,1,False
2017-02-01,CHN,USA,0.077,3,False
2017-03-01,CHN,USA,0.0101,1,True
2017-04-01,CHN,USA,0.0059,1,True
2017-05-01,CHN,USA,0.0045,1,True
2017-06-01,CHN,USA,0.0046,1,True
2017-07-01,CHN,USA,0.0027,1,True
2017-08-01,CHN,USA,0.005,1,True
2017-09-01,CHN,USA,0.0055,1,True
2017-10-01,CHN,USA,0.0053,1,True
2017-11-01,CHN,USA,0.0092,1,True
2017-12-01,CHN,USA,0.0372,1,True
2018-01-01,CHN,USA,0.1002,3,False
2018-02-01,CHN,USA,0.0524,3,False
2018-03-01,CHN,USA,0.0247,3,True
2018-04-01,CHN,USA,0.0242,3,True
2018-05-01,CHN,USA,0.0277,4,True
2018-06-01,CHN,USA,0.0143,3,True
2018-07-01,CHN,USA,0.0313,2,True
2018-08-01,CHN,USA,0.0174,2,True
2018-09-01,CHN,USA,0.009,2,True
2018-10-01,CHN,USA,0.0079,2,True
2018-11-01,CHN,USA,0.0281,2,True
2018-12-01,CHN,USA,0.0603,2,False
2019-01-01,CHN,USA,0.3975,2,False
2019-02-01,CHN,USA,0.3906,1,False
2019-03-01,CHN,USA,0.3539,1,False
2019-04-01,CHN,USA,0.7817,2,False
2019-05-01,CHN,USA,0.8156,1,False
2019-06-01,CHN,USA,0.4139,1,False
2019-07-01,CHN,USA,0.1082,1,False
2019-08-01,CHN,USA,0.0855,1,False
2019-09-01,CHN,USA,0.1016,3,False
2019-10-01,CHN,USA,0.0504,2,False
2019-11-01,CHN,USA,0.0439,1,True
2019-12-01,CHN,USA,0.1779,1,False
2020-01-01,CHN,USA,0.31,4,False
2020-02-01,CHN,USA,0.5173,4,False
2020-03-01,CHN,USA,0.4668,4,False
2020-04-01,CHN,USA,0.1063,2,False
2020-05-01,CHN,USA,0.0646,2,False
2020-06-01,CHN,USA,0.0619,2,False
2020-07-01,CHN,USA,0.0838,2,False
2020-08-01,CHN,USA,0.0824,2,False
2020-09-01,CHN,USA,0.0372,2,True
2020-10-01,CHN,USA,0.1969,2,False
2020-11-01,CHN,USA,0.2789,2,False
2020-12-01,CHN,USA,0.3099,2,False
2021-01-01,CHN,USA,0.3056,2,False
2021-02-01,CHN,USA,0.3129,2,False
2021-03-01,CHN,USA,0.496,2,False
2021-04-01,CHN,USA,0.508,3,False
2021-05-01,CHN,USA,0.2766,3,False
2021-06-01,CHN,USA,0.2115,1,False
2021-07-01,CHN,USA,0.1723,1,False
2021-08-01,CHN,USA,0.2032,1,False
2021-09-01,CHN,USA,0.214,1,False
2021-10-01,CHN,USA,0.2196,1,False
2021-11-01,CHN,USA,0.1294,2,False
2021-12-01,CHN,USA,0.0945,2,False
2022-01-01,CHN,USA,0.0785,2,False
2022-02-01,CHN,USA,0.0881,2,False
2022-03-01,CHN,USA,0.0981,1,False
2022-04-01,CHN,USA,0.1379,1,False
2022-05-01,CHN,USA,0.0882,1,False
2022-06-01,CHN,USA,0.1072,1,False
2022-07-01,CHN,USA,0.1097,1,False
2022-08-01,CHN,USA,0.0853,1,False
2022-09-01,CHN,USA,0.0787,1,False
2022-10-01,CHN,USA,0.0723,1,False
2022-11-01,CHN,USA,0.0338,1,True
2022-12-01,CHN,USA,0.0225,1,True
2023-01-01,CHN,USA,0.0174,1,True
2023-02-01,CHN,USA,0.0224,1,True
2023-03-01,CHN,USA,0.0418,1,True
2023-04-01,CHN,USA,0.1033,1,False
2023-05-01,CHN,USA,0.1109,1,False
2023-06-01,CHN,USA,0.2962,1,False
2023-07-01,CHN,USA,0.5408,4,False
2023-08-01,CHN,USA,0.6298,4,False
2023-09-01,CHN,USA,0.5648,1,False
2023-10-01,CHN,USA,0.5664,4,False
2023-11-01,CHN,USA,0.4322,4,False
2023-12-01,CHN,USA,0.2433,3,False
2024-01-01,CHN,USA,0.2451,2,False
2024-02-01,CHN,USA,0.1073,1,False
2024-03-01,CHN,USA,0.2753,1,False
2024-04-01,CHN,USA,0.2727,3,False
2024-05-01,CHN,USA,0.2111,1,False
2024-06-01,CHN,USA,0.0874,1,False
2024-07-01,CHN,USA,0.1242,1,False
2024-08-01,CHN,USA,0.1242,1,False
2024-09-01,CHN,USA,0.1406,1,False
2024-10-01,CHN,USA,0.1857,1,False
2024-11-01,CHN,USA,0.1757,3,False
2024-12-01,CHN,USA,0.2394,3,False
2025-01-01,CHN,USA,0.389,2,False
2025-02-01,CHN,USA,0.4549,3,False
2025-03-01,CHN,USA,0.351,3,False
2025-04-01,CHN,USA,0.4165,3,False
2025-05-01,CHN,USA,0.415,3,False
2025-06-01,CHN,USA,0.3021,3,False
2025-07-01,CHN,USA,0.3508,3,False
2025-08-01,CHN,USA,0.4415,3,False
2025-09-01,CHN,USA,0.5211,3,False
2025-10-01,CHN,USA,0.6037,3,False
2025-11-01,CHN,USA,0.5231,3,False
2025-12-01,CHN,USA,0.3495,2,False
2026-01-01,CHN,USA,0.4477,2,False
2026-02-01,CHN,USA,0.4824,2,False
2026-03-01,CHN,USA,0.4524,2,False
2015-01-01,CHN,DEU,0.3354,4,False
2015-02-01,CHN,DEU,0.2251,1,False
2015-03-01,CHN,DEU,0.3722,4,False
2015-04-01,CHN,DEU,0.6703,3,False
2015-05-01,CHN,DEU,0.1866,1,False
2015-06-01,CHN,DEU,0.0401,1,True
2015-07-01,CHN,DEU,0.2732,1,False
2015-08-01,CHN,DEU,0.1513,1,False
2015-09-01,CHN,DEU,0.2622,1,False
2015-10-01,CHN,DEU,0.4535,1,False
2015-11-01,CHN,DEU,0.2896,1,False
2015-12-01,CHN,DEU,0.6724,4,False
2016-01-01,CHN,DEU,0.7258,4,False
2016-02-01,CHN,DEU,0.6535,4,False
2016-03-01,CHN,DEU,0.3966,4,False
2016-04-01,CHN,DEU,0.493,4,False
2016-05-01,CHN,DEU,0.2945,4,False
2016-06-01,CHN,DEU,0.3102,4,False
2016-07-01,CHN,DEU,0.3029,4,False
2016-08-01,CHN,DEU,0.3451,4,False
2016-09-01,CHN,DEU,0.3276,4,False
2016-10-01,CHN,DEU,0.3555,4,False
2016-11-01,CHN,DEU,0.3896,4,False
2016-12-01,CHN,DEU,0.4397,4,False
2017-01-01,CHN,DEU,0.6182,4,False
2017-02-01,CHN,DEU,0.6796,3,False
2017-03-01,CHN,DEU,0.4304,3,False
2017-04-01,CHN,DEU,0.3338,3,False
2017-05-01,CHN,DEU,0.4355,3,False
2017-06-01,CHN,DEU,0.4418,3,False
2017-07-01,CHN,DEU,0.4365,3,False
2017-08-01,CHN,DEU,0.5016,3,False
2017-09-01,CHN,DEU,0.3081,4,False
2017-10-01,CHN,DEU,0.0118,4,True
2017-11-01,CHN,DEU,0.0007,4,True
2017-12-01,CHN,DEU,0.001,4,True
2018-01-01,CHN,DEU,0.0035,4,True
2018-02-01,CHN,DEU,0.0016,4,True
2018-03-01,CHN,DEU,0.0042,3,True
2018-04-01,CHN,DEU,0.0036,2,True
2018-05-01,CHN,DEU,0.0032,2,True
2018-06-01,CHN,DEU,0.0024,1,True
2018-07-01,CHN,DEU,0.0023,1,True
2018-08-01,CHN,DEU,0.0043,1,True
2018-09-01,CHN,DEU,0.0058,1,True
2018-10-01,CHN,DEU,0.0022,1,True
2018-11-01,CHN,DEU,0.0188,3,True
2018-12-01,CHN,DEU,0.0323,1,True
2019-01-01,CHN,DEU,0.0599,1,False
2019-02-01,CHN,DEU,0.0997,1,False
2019-03-01,CHN,DEU,0.1729,1,False
2019-04-01,CHN,DEU,0.6131,4,False
2019-05-01,CHN,DEU,0.2629,1,False
2019-06-01,CHN,DEU,0.6656,3,False
2019-07-01,CHN,DEU,0.5416,3,False
2019-08-01,CHN,DEU,0.1934,4,False
2019-09-01,CHN,DEU,0.0372,3,True
2019-10-01,CHN,DEU,0.0187,2,True
2019-11-01,CHN,DEU,0.0128,1,True
2019-12-01,CHN,DEU,0.0208,1,True
2020-01-01,CHN,DEU,0.0255,1,True
2020-02-01,CHN,DEU,0.0449,1,True
2020-03-01,CHN,DEU,0.0327,1,True
2020-04-01,CHN,DEU,0.0435,4,True
2020-05-01,CHN,DEU,0.0375,4,True
2020-06-01,CHN,DEU,0.0431,4,True
2020-07-01,CHN,DEU,0.041,4,True
2020-08-01,CHN,DEU,0.1068,4,False
2020-09-01,CHN,DEU,0.1779,3,False
2020-10-01,CHN,DEU,0.5068,3,False
2020-11-01,CHN,DEU,0.6153,2,False
2020-12-01,CHN,DEU,0.6387,2,False
2021-01-01,CHN,DEU,0.5847,3,False
2021-02-01,CHN,DEU,0.4236,3,False
2021-03-01,CHN,DEU,0.4357,3,False
2021-04-01,CHN,DEU,0.4285,3,False
2021-05-01,CHN,DEU,0.5028,3,False
2021-06-01,CHN,DEU,0.4486,3,False
2021-07-01,CHN,DEU,0.3064,3,False
2021-08-01,CHN,DEU,0.4173,1,False
2021-09-01,CHN,DEU,0.2886,1,False
2021-10-01,CHN,DEU,0.1404,1,False
2021-11-01,CHN,DEU,0.1143,1,False
2021-12-01,CHN,DEU,0.1355,1,False
2022-01-01,CHN,DEU,0.1167,1,False
2022-02-01,CHN,DEU,0.1081,1,False
2022-03-01,CHN,DEU,0.1465,1,False
2022-04-01,CHN,DEU,0.3369,1,False
2022-05-01,CHN,DEU,0.4296,2,False
2022-06-01,CHN,DEU,0.4615,2,False
2022-07-01,CHN,DEU,0.3519,2,False
2022-08-01,CHN,DEU,0.3909,2,False
2022-09-01,CHN,DEU,0.4003,2,False
2022-10-01,CHN,DEU,0.4359,2,False
2022-11-01,CHN,DEU,0.4299,2,False
2022-12-01,CHN,DEU,0.2632,2,False
2023-01-01,CHN,DEU,0.2149,2,False
2023-02-01,CHN,DEU,0.2568,2,False
2023-03-01,CHN,DEU,0.3396,2,False
2023-04-01,CHN,DEU,0.3073,2,False
2023-05-01,CHN,DEU,0.3075,2,False
2023-06-01,CHN,DEU,0.4866,2,False
2023-07-01,CHN,DEU,0.3988,4,False
2023-08-01,CHN,DEU,0.205,4,False
2023-09-01,CHN,DEU,0.0712,4,False
2023-10-01,CHN,DEU,0.0135,3,True
2023-11-01,CHN,DEU,0.016,4,True
2023-12-01,CHN,DEU,0.007,4,True
2024-01-01,CHN,DEU,0.0126,4,True
2024-02-01,CHN,DEU,0.0131,4,True
2024-03-01,CHN,DEU,0.0016,4,True
2024-04-01,CHN,DEU,0.0021,4,True
2024-05-01,CHN,DEU,0.0005,2,True
2024-06-01,CHN,DEU,0.0001,1,True
2024-07-01,CHN,DEU,0.0001,1,True
2024-08-01,CHN,DEU,0.0001,1,True
2024-09-01,CHN,DEU,0.0001,1,True
2024-10-01,CHN,DEU,0.0001,1,True
2024-11-01,CHN,DEU,0.0001,1,True
2024-12-01,CHN,DEU,0.0002,1,True
2025-01-01,CHN,DEU,0.0004,1,True
2025-02-01,CHN,DEU,0.0005,1,True
2025-03-01,CHN,DEU,0.0042,1,True
2025-04-01,CHN,DEU,0.0046,1,True
2025-05-01,CHN,DEU,0.0094,1,True
2025-06-01,CHN,DEU,0.0072,1,True
2025-07-01,CHN,DEU,0.0076,1,True
2025-08-01,CHN,DEU,0.0083,1,True
2025-09-01,CHN,DEU,0.0267,1,True
2025-10-01,CHN,DEU,0.0376,1,True
2025-11-01,CHN,DEU,0.0142,1,True
2025-12-01,CHN,DEU,0.0151,1,True
2026-01-01,CHN,DEU,0.0629,1,False
2026-02-01,CHN,DEU,0.1086,1,False
2026-03-01,CHN,DEU,0.0775,1,False
2015-01-01,CHN,FRA,0.3387,3,False
2015-02-01,CHN,FRA,0.0745,2,False
2015-03-01,CHN,FRA,0.092,4,False
2015-04-01,CHN,FRA,0.1056,3,False
2015-05-01,CHN,FRA,0.0557,2,False
2015-06-01,CHN,FRA,0.1504,2,False
2015-07-01,CHN,FRA,0.1643,2,False
2015-08-01,CHN,FRA,0.1468,2,False
2015-09-01,CHN,FRA,0.2899,2,False
2015-10-01,CHN,FRA,0.4021,2,False
2015-11-01,CHN,FRA,0.4267,2,False
2015-12-01,CHN,FRA,0.485,2,False
2016-01-01,CHN,FRA,0.4596,4,False
2016-02-01,CHN,FRA,0.4752,2,False
2016-03-01,CHN,FRA,0.1088,2,False
2016-04-01,CHN,FRA,0.1416,2,False
2016-05-01,CHN,FRA,0.1201,2,False
2016-06-01,CHN,FRA,0.157,2,False
2016-07-01,CHN,FRA,0.226,2,False
2016-08-01,CHN,FRA,0.3227,2,False
2016-09-01,CHN,FRA,0.3594,2,False
2016-10-01,CHN,FRA,0.2827,2,False
2016-11-01,CHN,FRA,0.3075,2,False
2016-12-01,CHN,FRA,0.3513,1,False
2017-01-01,CHN,FRA,0.2664,1,False
2017-02-01,CHN,FRA,0.1691,1,False
2017-03-01,CHN,FRA,0.3242,1,False
2017-04-01,CHN,FRA,0.2929,1,False
2017-05-01,CHN,FRA,0.2759,1,False
2017-06-01,CHN,FRA,0.4311,1,False
2017-07-01,CHN,FRA,0.3799,1,False
2017-08-01,CHN,FRA,0.4397,1,False
2017-09-01,CHN,FRA,0.6614,1,False
2017-10-01,CHN,FRA,0.232,4,False
2017-11-01,CHN,FRA,0.1354,4,False
2017-12-01,CHN,FRA,0.1007,3,False
2018-01-01,CHN,FRA,0.1022,2,False
2018-02-01,CHN,FRA,0.047,1,True
2018-03-01,CHN,FRA,0.0498,4,True
2018-04-01,CHN,FRA,0.0687,4,False
2018-05-01,CHN,FRA,0.0806,4,False
2018-06-01,CHN,FRA,0.272,1,False
2018-07-01,CHN,FRA,0.1883,1,False
2018-08-01,CHN,FRA,0.3578,1,False
2018-09-01,CHN,FRA,0.3248,1,False
2018-10-01,CHN,FRA,0.2626,1,False
2018-11-01,CHN,FRA,0.3401,1,False
2018-12-01,CHN,FRA,0.3216,1,False
2019-01-01,CHN,FRA,0.3127,4,False
2019-02-01,CHN,FRA,0.1741,2,False
2019-03-01,CHN,FRA,0.1352,3,False
2019-04-01,CHN,FRA,0.1336,2,False
2019-05-01,CHN,FRA,0.178,3,False
2019-06-01,CHN,FRA,0.1246,2,False
2019-07-01,CHN,FRA,0.3005,2,False
2019-08-01,CHN,FRA,0.2149,2,False
2019-09-01,CHN,FRA,0.1653,2,False
2019-10-01,CHN,FRA,0.1002,2,False
2019-11-01,CHN,FRA,0.0589,2,False
2019-12-01,CHN,FRA,0.0955,4,False
2020-01-01,CHN,FRA,0.088,4,False
2020-02-01,CHN,FRA,0.0803,4,False
2020-03-01,CHN,FRA,0.169,4,False
2020-04-01,CHN,FRA,0.0661,4,False
2020-05-01,CHN,FRA,0.0514,4,False
2020-06-01,CHN,FRA,0.0419,4,True
2020-07-01,CHN,FRA,0.1732,1,False
2020-08-01,CHN,FRA,0.0981,1,False
2020-09-01,CHN,FRA,0.1584,3,False
2020-10-01,CHN,FRA,0.4463,1,False
2020-11-01,CHN,FRA,0.4418,1,False
2020-12-01,CHN,FRA,0.4486,1,False
2021-01-01,CHN,FRA,0.5289,1,False
2021-02-01,CHN,FRA,0.5572,1,False
2021-03-01,CHN,FRA,0.8213,2,False
2021-04-01,CHN,FRA,0.731,1,False
2021-05-01,CHN,FRA,0.7759,1,False
2021-06-01,CHN,FRA,0.6697,1,False
2021-07-01,CHN,FRA,0.7608,1,False
2021-08-01,CHN,FRA,0.8668,1,False
2021-09-01,CHN,FRA,0.2937,1,False
2021-10-01,CHN,FRA,0.1447,1,False
2021-11-01,CHN,FRA,0.0682,1,False
2021-12-01,CHN,FRA,0.0718,1,False
2022-01-01,CHN,FRA,0.0862,1,False
2022-02-01,CHN,FRA,0.0754,1,False
2022-03-01,CHN,FRA,0.1644,1,False
2022-04-01,CHN,FRA,0.3023,1,False
2022-05-01,CHN,FRA,0.4161,1,False
2022-06-01,CHN,FRA,0.3582,1,False
2022-07-01,CHN,FRA,0.5148,1,False
2022-08-01,CHN,FRA,0.4838,1,False
2022-09-01,CHN,FRA,0.4264,1,False
2022-10-01,CHN,FRA,0.3589,1,False
2022-11-01,CHN,FRA,0.4482,1,False
2022-12-01,CHN,FRA,0.2904,1,False
2023-01-01,CHN,FRA,0.2153,1,False
2023-02-01,CHN,FRA,0.273,1,False
2023-03-01,CHN,FRA,0.46,1,False
2023-04-01,CHN,FRA,0.4829,3,False
2023-05-01,CHN,FRA,0.4974,3,False
2023-06-01,CHN,FRA,0.6091,2,False
2023-07-01,CHN,FRA,0.5774,3,False
2023-08-01,CHN,FRA,0.3982,2,False
2023-09-01,CHN,FRA,0.316,4,False
2023-10-01,CHN,FRA,0.2766,3,False
2023-11-01,CHN,FRA,0.0927,4,False
2023-12-01,CHN,FRA,0.0485,3,True
2024-01-01,CHN,FRA,0.0743,3,False
2024-02-01,CHN,FRA,0.0241,1,True
2024-03-01,CHN,FRA,0.0156,1,True
2024-04-01,CHN,FRA,0.002,4,True
2024-05-01,CHN,FRA,0.0002,3,True
2024-06-01,CHN,FRA,0.0,2,True
2024-07-01,CHN,FRA,0.0,1,True
2024-08-01,CHN,FRA,0.0,1,True
2024-09-01,CHN,FRA,0.0,1,True
2024-10-01,CHN,FRA,0.0001,1,True
2024-11-01,CHN,FRA,0.0001,1,True
2024-12-01,CHN,FRA,0.0001,1,True
2025-01-01,CHN,FRA,0.0001,1,True
2025-02-01,CHN,FRA,0.0006,1,True
2025-03-01,CHN,FRA,0.0047,1,True
2025-04-01,CHN,FRA,0.0058,1,True
2025-05-01,CHN,FRA,0.0092,1,True
2025-06-01,CHN,FRA,0.0199,1,True
2025-07-01,CHN,FRA,0.0197,1,True
2025-08-01,CHN,FRA,0.0193,1,True
2025-09-01,CHN,FRA,0.0142,1,True
2025-10-01,CHN,FRA,0.0655,1,False
2025-11-01,CHN,FRA,0.0916,1,False
2025-12-01,CHN,FRA,0.0834,1,False
2026-01-01,CHN,FRA,0.2398,1,False
2026-02-01,CHN,FRA,0.4596,1,False
2026-03-01,CHN,FRA,0.3097,1,False
2015-01-01,CHN,JPN,0.4866,1,False
2015-02-01,CHN,JPN,0.5469,1,False
2015-03-01,CHN,JPN,0.5501,4,False
2015-04-01,CHN,JPN,0.4049,3,False
2015-05-01,CHN,JPN,0.0531,1,False
2015-06-01,CHN,JPN,0.0351,1,True
2015-07-01,CHN,JPN,0.0185,1,True
2015-08-01,CHN,JPN,0.0139,1,True
2015-09-01,CHN,JPN,0.0139,1,True
2015-10-01,CHN,JPN,0.012,1,True
2015-11-01,CHN,JPN,0.0337,1,True
2015-12-01,CHN,JPN,0.0292,1,True
2016-01-01,CHN,JPN,0.0278,1,True
2016-02-01,CHN,JPN,0.0094,1,True
2016-03-01,CHN,JPN,0.0036,1,True
2016-04-01,CHN,JPN,0.0014,1,True
2016-05-01,CHN,JPN,0.001,1,True
2016-06-01,CHN,JPN,0.0014,1,True
2016-07-01,CHN,JPN,0.0027,1,True
2016-08-01,CHN,JPN,0.0016,1,True
2016-09-01,CHN,JPN,0.0016,1,True
2016-10-01,CHN,JPN,0.0011,1,True
2016-11-01,CHN,JPN,0.0008,1,True
2016-12-01,CHN,JPN,0.0003,1,True
2017-01-01,CHN,JPN,0.0001,1,True
2017-02-01,CHN,JPN,0.0001,1,True
2017-03-01,CHN,JPN,0.0,1,True
2017-04-01,CHN,JPN,0.0009,1,True
2017-05-01,CHN,JPN,0.0005,1,True
2017-06-01,CHN,JPN,0.0006,1,True
2017-07-01,CHN,JPN,0.001,1,True
2017-08-01,CHN,JPN,0.0018,1,True
2017-09-01,CHN,JPN,0.0019,1,True
2017-10-01,CHN,JPN,0.0014,1,True
2017-11-01,CHN,JPN,0.0095,1,True
2017-12-01,CHN,JPN,0.0087,1,True
2018-01-01,CHN,JPN,0.0064,1,True
2018-02-01,CHN,JPN,0.001,2,True
2018-03-01,CHN,JPN,0.0001,1,True
2018-04-01,CHN,JPN,0.0043,1,True
2018-05-01,CHN,JPN,0.004,1,True
2018-06-01,CHN,JPN,0.004,1,True
2018-07-01,CHN,JPN,0.0034,1,True
2018-08-01,CHN,JPN,0.0046,1,True
2018-09-01,CHN,JPN,0.0059,1,True
2018-10-01,CHN,JPN,0.0023,1,True
2018-11-01,CHN,JPN,0.0015,1,True
2018-12-01,CHN,JPN,0.0021,1,True
2019-01-01,CHN,JPN,0.0701,2,False
2019-02-01,CHN,JPN,0.0931,1,False
2019-03-01,CHN,JPN,0.2485,1,False
2019-04-01,CHN,JPN,0.2936,1,False
2019-05-01,CHN,JPN,0.2215,1,False
2019-06-01,CHN,JPN,0.3773,1,False
2019-07-01,CHN,JPN,0.6085,1,False
2019-08-01,CHN,JPN,0.9122,1,False
2019-09-01,CHN,JPN,0.4357,1,False
2019-10-01,CHN,JPN,0.4372,1,False
2019-11-01,CHN,JPN,0.4475,2,False
2019-12-01,CHN,JPN,0.4504,1,False
2020-01-01,CHN,JPN,0.5207,3,False
2020-02-01,CHN,JPN,0.3933,2,False
2020-03-01,CHN,JPN,0.2615,3,False
2020-04-01,CHN,JPN,0.1096,4,False
2020-05-01,CHN,JPN,0.0466,4,True
2020-06-01,CHN,JPN,0.0453,4,True
2020-07-01,CHN,JPN,0.0021,4,True
2020-08-01,CHN,JPN,0.0078,4,True
2020-09-01,CHN,JPN,0.0422,3,True
2020-10-01,CHN,JPN,0.4621,1,False
2020-11-01,CHN,JPN,0.6973,1,False
2020-12-01,CHN,JPN,0.9432,1,False
2021-01-01,CHN,JPN,0.8626,4,False
2021-02-01,CHN,JPN,0.7739,3,False
2021-03-01,CHN,JPN,0.745,3,False
2021-04-01,CHN,JPN,0.6886,1,False
2021-05-01,CHN,JPN,0.5328,2,False
2021-06-01,CHN,JPN,0.6187,3,False
2021-07-01,CHN,JPN,0.4707,4,False
2021-08-01,CHN,JPN,0.4674,3,False
2021-09-01,CHN,JPN,0.7813,1,False
2021-10-01,CHN,JPN,0.5413,1,False
2021-11-01,CHN,JPN,0.5649,1,False
2021-12-01,CHN,JPN,0.6123,1,False
2022-01-01,CHN,JPN,0.532,4,False
2022-02-01,CHN,JPN,0.425,3,False
2022-03-01,CHN,JPN,0.2687,4,False
2022-04-01,CHN,JPN,0.1273,1,False
2022-05-01,CHN,JPN,0.1408,1,False
2022-06-01,CHN,JPN,0.1628,1,False
2022-07-01,CHN,JPN,0.1166,1,False
2022-08-01,CHN,JPN,0.1935,1,False
2022-09-01,CHN,JPN,0.2035,1,False
2022-10-01,CHN,JPN,0.2004,1,False
2022-11-01,CHN,JPN,0.1191,1,False
2022-12-01,CHN,JPN,0.0536,1,False
2023-01-01,CHN,JPN,0.0519,1,False
2023-02-01,CHN,JPN,0.0679,1,False
2023-03-01,CHN,JPN,0.0628,1,False
2023-04-01,CHN,JPN,0.1087,1,False
2023-05-01,CHN,JPN,0.1269,1,False
2023-06-01,CHN,JPN,0.1252,1,False
2023-07-01,CHN,JPN,0.126,1,False
2023-08-01,CHN,JPN,0.1357,1,False
2023-09-01,CHN,JPN,0.2058,1,False
2023-10-01,CHN,JPN,0.1022,2,False
2023-11-01,CHN,JPN,0.1045,2,False
2023-12-01,CHN,JPN,0.211,2,False
2024-01-01,CHN,JPN,0.1521,2,False
2024-02-01,CHN,JPN,0.2475,2,False
2024-03-01,CHN,JPN,0.6892,2,False
2024-04-01,CHN,JPN,0.6155,1,False
2024-05-01,CHN,JPN,0.7427,2,False
2024-06-01,CHN,JPN,0.2333,4,False
2024-07-01,CHN,JPN,0.195,4,False
2024-08-01,CHN,JPN,0.2062,4,False
2024-09-01,CHN,JPN,0.4389,4,False
2024-10-01,CHN,JPN,0.5895,3,False
2024-11-01,CHN,JPN,0.6799,2,False
2024-12-01,CHN,JPN,0.4042,1,False
2025-01-01,CHN,JPN,0.2227,1,False
2025-02-01,CHN,JPN,0.4695,1,False
2025-03-01,CHN,JPN,0.5061,1,False
2025-04-01,CHN,JPN,0.361,1,False
2025-05-01,CHN,JPN,0.1139,1,False
2025-06-01,CHN,JPN,0.2742,1,False
2025-07-01,CHN,JPN,0.0854,2,False
2025-08-01,CHN,JPN,0.0461,1,True
2025-09-01,CHN,JPN,0.3518,2,False
2025-10-01,CHN,JPN,0.4119,2,False
2025-11-01,CHN,JPN,0.6951,1,False
2025-12-01,CHN,JPN,0.7064,1,False
2026-01-01,CHN,JPN,0.9845,4,False
2026-02-01,CHN,JPN,0.9211,1,False
2026-03-01,CHN,JPN,0.9443,3,False
2015-01-01,VNM,IND,0.0024,1,True
2015-02-01,VNM,IND,0.0213,1,True
2015-03-01,VNM,IND,0.0267,1,True
2015-04-01,VNM,IND,0.0736,1,False
2015-05-01,VNM,IND,0.06,1,False
2015-06-01,VNM,IND,0.0605,1,False
2015-07-01,VNM,IND,0.0337,3,True
2015-08-01,VNM,IND,0.0224,2,True
2015-09-01,VNM,IND,0.0162,1,True
2015-10-01,VNM,IND,0.0314,1,True
2015-11-01,VNM,IND,0.0754,1,False
2015-12-01,VNM,IND,0.2291,2,False
2016-01-01,VNM,IND,0.3164,2,False
2016-02-01,VNM,IND,0.2555,3,False
2016-03-01,VNM,IND,0.1661,2,False
2016-04-01,VNM,IND,0.2981,2,False
2016-05-01,VNM,IND,0.4263,2,False
2016-06-01,VNM,IND,0.5661,2,False
2016-07-01,VNM,IND,0.5334,2,False
2016-08-01,VNM,IND,0.5427,4,False
2016-09-01,VNM,IND,0.4116,2,False
2016-10-01,VNM,IND,0.1,2,False
2016-11-01,VNM,IND,0.1001,2,False
2016-12-01,VNM,IND,0.112,2,False
2017-01-01,VNM,IND,0.1667,2,False
2017-02-01,VNM,IND,0.1395,2,False
2017-03-01,VNM,IND,0.1531,2,False
2017-04-01,VNM,IND,0.1436,2,False
2017-05-01,VNM,IND,0.2993,2,False
2017-06-01,VNM,IND,0.4243,2,False
2017-07-01,VNM,IND,0.3274,3,False
2017-08-01,VNM,IND,0.2787,3,False
2017-09-01,VNM,IND,0.2458,3,False
2017-10-01,VNM,IND,0.1564,4,False
2017-11-01,VNM,IND,0.1041,3,False
2017-12-01,VNM,IND,0.0666,2,False
2018-01-01,VNM,IND,0.1467,2,False
2018-02-01,VNM,IND,0.4657,2,False
2018-03-01,VNM,IND,0.2317,4,False
2018-04-01,VNM,IND,0.1292,3,False
2018-05-01,VNM,IND,0.2015,4,False
2018-06-01,VNM,IND,0.2347,4,False
2018-07-01,VNM,IND,0.2404,3,False
2018-08-01,VNM,IND,0.6258,4,False
2018-09-01,VNM,IND,0.7749,4,False
2018-10-01,VNM,IND,0.5882,1,False
2018-11-01,VNM,IND,0.4628,1,False
2018-12-01,VNM,IND,0.4883,1,False
2019-01-01,VNM,IND,0.4799,1,False
2019-02-01,VNM,IND,0.2821,4,False
2019-03-01,VNM,IND,0.3128,1,False
2019-04-01,VNM,IND,0.1267,4,False
2019-05-01,VNM,IND,0.0378,1,True
2019-06-01,VNM,IND,0.0457,1,True
2019-07-01,VNM,IND,0.0133,1,True
2019-08-01,VNM,IND,0.1195,1,False
2019-09-01,VNM,IND,0.2968,1,False
2019-10-01,VNM,IND,0.4705,4,False
2019-11-01,VNM,IND,0.4183,3,False
2019-12-01,VNM,IND,0.2872,2,False
2020-01-01,VNM,IND,0.2604,1,False
2020-02-01,VNM,IND,0.6515,3,False
2020-03-01,VNM,IND,0.809,4,False
2020-04-01,VNM,IND,0.6193,1,False
2020-05-01,VNM,IND,0.6679,1,False
2020-06-01,VNM,IND,0.6899,1,False
2020-07-01,VNM,IND,0.6733,1,False
2020-08-01,VNM,IND,0.6927,1,False
2020-09-01,VNM,IND,0.8625,1,False
2020-10-01,VNM,IND,0.8569,1,False
2020-11-01,VNM,IND,0.9076,1,False
2020-12-01,VNM,IND,0.6451,1,False
2021-01-01,VNM,IND,0.3083,1,False
2021-02-01,VNM,IND,0.1682,1,False
2021-03-01,VNM,IND,0.281,1,False
2021-04-01,VNM,IND,0.3038,1,False
2021-05-01,VNM,IND,0.1387,1,False
2021-06-01,VNM,IND,0.0735,1,False
2021-07-01,VNM,IND,0.1764,1,False
2021-08-01,VNM,IND,0.1135,2,False
2021-09-01,VNM,IND,0.0542,2,False
2021-10-01,VNM,IND,0.0309,2,True
2021-11-01,VNM,IND,0.0297,2,True
2021-12-01,VNM,IND,0.0492,1,True
2022-01-01,VNM,IND,0.0775,2,False
2022-02-01,VNM,IND,0.1319,2,False
2022-03-01,VNM,IND,0.1036,2,False
2022-04-01,VNM,IND,0.1969,2,False
2022-05-01,VNM,IND,0.2293,3,False
2022-06-01,VNM,IND,0.0801,2,False
2022-07-01,VNM,IND,0.132,2,False
2022-08-01,VNM,IND,0.2052,2,False
2022-09-01,VNM,IND,0.2875,2,False
2022-10-01,VNM,IND,0.3994,2,False
2022-11-01,VNM,IND,0.5571,2,False
2022-12-01,VNM,IND,0.3692,3,False
2023-01-01,VNM,IND,0.1405,2,False
2023-02-01,VNM,IND,0.1364,2,False
2023-03-01,VNM,IND,0.1587,2,False
2023-04-01,VNM,IND,0.0521,2,False
2023-05-01,VNM,IND,0.0713,2,False
2023-06-01,VNM,IND,0.2264,2,False
2023-07-01,VNM,IND,0.0648,2,False
2023-08-01,VNM,IND,0.0093,2,True
2023-09-01,VNM,IND,0.0196,2,True
2023-10-01,VNM,IND,0.0257,2,True
2023-11-01,VNM,IND,0.0492,2,True
2023-12-01,VNM,IND,0.0656,2,False
2024-01-01,VNM,IND,0.1182,2,False
2024-02-01,VNM,IND,0.1842,2,False
2024-03-01,VNM,IND,0.2642,2,False
2024-04-01,VNM,IND,0.4846,3,False
2024-05-01,VNM,IND,0.3641,3,False
2024-06-01,VNM,IND,0.284,3,False
2024-07-01,VNM,IND,0.1033,4,False
2024-08-01,VNM,IND,0.0491,3,True
2024-09-01,VNM,IND,0.1176,1,False
2024-10-01,VNM,IND,0.1334,1,False
2024-11-01,VNM,IND,0.1279,1,False
2024-12-01,VNM,IND,0.1308,2,False
2025-01-01,VNM,IND,0.026,2,True
2025-02-01,VNM,IND,0.05,2,False
2025-03-01,VNM,IND,0.0875,1,False
2025-04-01,VNM,IND,0.185,1,False
2025-05-01,VNM,IND,0.2733,2,False
2025-06-01,VNM,IND,0.3908,2,False
2025-07-01,VNM,IND,0.4084,1,False
2025-08-01,VNM,IND,0.3817,1,False
2025-09-01,VNM,IND,0.4142,2,False
2025-10-01,VNM,IND,0.4002,1,False
2025-11-01,VNM,IND,0.3947,1,False
2025-12-01,VNM,IND,0.411,1,False
2026-01-01,VNM,IND,0.4908,4,False
2026-02-01,VNM,IND,0.573,4,False
2026-03-01,VNM,IND,0.6017,2,False
2015-01-01,VNM,CHN,0.0074,1,True
2015-02-01,VNM,CHN,0.0218,1,True
2015-03-01,VNM,CHN,0.0353,1,True
2015-04-01,VNM,CHN,0.1945,1,False
2015-05-01,VNM,CHN,0.2167,1,False
2015-06-01,VNM,CHN,0.1988,1,False
2015-07-01,VNM,CHN,0.2536,1,False
2015-08-01,VNM,CHN,0.1664,1,False
2015-09-01,VNM,CHN,0.118,1,False
2015-10-01,VNM,CHN,0.1959,2,False
2015-11-01,VNM,CHN,0.1066,1,False
2015-12-01,VNM,CHN,0.0795,1,False
2016-01-01,VNM,CHN,0.0347,1,True
2016-02-01,VNM,CHN,0.1443,1,False
2016-03-01,VNM,CHN,0.1133,1,False
2016-04-01,VNM,CHN,0.0501,1,False
2016-05-01,VNM,CHN,0.0703,1,False
2016-06-01,VNM,CHN,0.0929,1,False
2016-07-01,VNM,CHN,0.165,1,False
2016-08-01,VNM,CHN,0.1367,1,False
2016-09-01,VNM,CHN,0.2151,1,False
2016-10-01,VNM,CHN,0.2634,1,False
2016-11-01,VNM,CHN,0.2963,3,False
2016-12-01,VNM,CHN,0.2839,2,False
2017-01-01,VNM,CHN,0.3917,1,False
2017-02-01,VNM,CHN,0.4671,1,False
2017-03-01,VNM,CHN,0.5302,3,False
2017-04-01,VNM,CHN,0.3121,3,False
2017-05-01,VNM,CHN,0.2428,4,False
2017-06-01,VNM,CHN,0.2435,3,False
2017-07-01,VNM,CHN,0.4078,3,False
2017-08-01,VNM,CHN,0.569,3,False
2017-09-01,VNM,CHN,0.4915,3,False
2017-10-01,VNM,CHN,0.524,2,False
2017-11-01,VNM,CHN,0.3969,4,False
2017-12-01,VNM,CHN,0.2344,3,False
2018-01-01,VNM,CHN,0.0694,4,False
2018-02-01,VNM,CHN,0.0471,3,True
2018-03-01,VNM,CHN,0.0246,1,True
2018-04-01,VNM,CHN,0.0086,1,True
2018-05-01,VNM,CHN,0.0074,1,True
2018-06-01,VNM,CHN,0.0252,1,True
2018-07-01,VNM,CHN,0.0659,1,False
2018-08-01,VNM,CHN,0.0363,1,True
2018-09-01,VNM,CHN,0.0386,1,True
2018-10-01,VNM,CHN,0.0423,1,True
2018-11-01,VNM,CHN,0.0792,1,False
2018-12-01,VNM,CHN,0.2211,1,False
2019-01-01,VNM,CHN,0.1683,1,False
2019-02-01,VNM,CHN,0.5513,1,False
2019-03-01,VNM,CHN,0.3825,3,False
2019-04-01,VNM,CHN,0.4029,3,False
2019-05-01,VNM,CHN,0.3049,3,False
2019-06-01,VNM,CHN,0.3915,3,False
2019-07-01,VNM,CHN,0.461,3,False
2019-08-01,VNM,CHN,0.6875,3,False
2019-09-01,VNM,CHN,0.7097,3,False
2019-10-01,VNM,CHN,0.8678,3,False
2019-11-01,VNM,CHN,0.8576,3,False
2019-12-01,VNM,CHN,0.7533,1,False
2020-01-01,VNM,CHN,0.6168,1,False
2020-02-01,VNM,CHN,0.668,2,False
2020-03-01,VNM,CHN,0.5173,1,False
2020-04-01,VNM,CHN,0.4449,1,False
2020-05-01,VNM,CHN,0.424,1,False
2020-06-01,VNM,CHN,0.4126,1,False
2020-07-01,VNM,CHN,0.2423,1,False
2020-08-01,VNM,CHN,0.2466,2,False
2020-09-01,VNM,CHN,0.7684,4,False
2020-10-01,VNM,CHN,0.5597,1,False
2020-11-01,VNM,CHN,0.3304,1,False
2020-12-01,VNM,CHN,0.4102,2,False
2021-01-01,VNM,CHN,0.3584,2,False
2021-02-01,VNM,CHN,0.3814,2,False
2021-03-01,VNM,CHN,0.3635,3,False
2021-04-01,VNM,CHN,0.2447,1,False
2021-05-01,VNM,CHN,0.0589,1,False
2021-06-01,VNM,CHN,0.0276,1,True
2021-07-01,VNM,CHN,0.0416,1,True
2021-08-01,VNM,CHN,0.0264,1,True
2021-09-01,VNM,CHN,0.018,4,True
2021-10-01,VNM,CHN,0.0639,4,False
2021-11-01,VNM,CHN,0.0692,4,False
2021-12-01,VNM,CHN,0.0833,1,False
2022-01-01,VNM,CHN,0.1584,3,False
2022-02-01,VNM,CHN,0.167,4,False
2022-03-01,VNM,CHN,0.1585,4,False
2022-04-01,VNM,CHN,0.1185,4,False
2022-05-01,VNM,CHN,0.1975,4,False
2022-06-01,VNM,CHN,0.1812,4,False
2022-07-01,VNM,CHN,0.2548,4,False
2022-08-01,VNM,CHN,0.2791,4,False
2022-09-01,VNM,CHN,0.2269,4,False
2022-10-01,VNM,CHN,0.325,3,False
2022-11-01,VNM,CHN,0.3845,4,False
2022-12-01,VNM,CHN,0.3826,4,False
2023-01-01,VNM,CHN,0.3452,4,False
2023-02-01,VNM,CHN,0.4325,4,False
2023-03-01,VNM,CHN,0.5809,4,False
2023-04-01,VNM,CHN,0.5398,2,False
2023-05-01,VNM,CHN,0.3438,2,False
2023-06-01,VNM,CHN,0.3178,2,False
2023-07-01,VNM,CHN,0.799,2,False
2023-08-01,VNM,CHN,0.7203,1,False
2023-09-01,VNM,CHN,0.4446,4,False
2023-10-01,VNM,CHN,0.3878,4,False
2023-11-01,VNM,CHN,0.3187,4,False
2023-12-01,VNM,CHN,0.4133,3,False
2024-01-01,VNM,CHN,0.4896,3,False
2024-02-01,VNM,CHN,0.4786,1,False
2024-03-01,VNM,CHN,0.2401,1,False
2024-04-01,VNM,CHN,0.1345,3,False
2024-05-01,VNM,CHN,0.0467,3,True
2024-06-01,VNM,CHN,0.0316,3,True
2024-07-01,VNM,CHN,0.0144,3,True
2024-08-01,VNM,CHN,0.0201,3,True
2024-09-01,VNM,CHN,0.0408,3,True
2024-10-01,VNM,CHN,0.0641,3,False
2024-11-01,VNM,CHN,0.1718,1,False
2024-12-01,VNM,CHN,0.2869,1,False
2025-01-01,VNM,CHN,0.2724,3,False
2025-02-01,VNM,CHN,0.2989,3,False
2025-03-01,VNM,CHN,0.2976,3,False
2025-04-01,VNM,CHN,0.3155,3,False
2025-05-01,VNM,CHN,0.3654,1,False
2025-06-01,VNM,CHN,0.3896,3,False
2025-07-01,VNM,CHN,0.3498,1,False
2025-08-01,VNM,CHN,0.3844,3,False
2025-09-01,VNM,CHN,0.1844,4,False
2025-10-01,VNM,CHN,0.1329,1,False
2025-11-01,VNM,CHN,0.0574,1,False
2025-12-01,VNM,CHN,0.032,1,True
2026-01-01,VNM,CHN,0.0254,1,True
2026-02-01,VNM,CHN,0.052,1,False
2026-03-01,VNM,CHN,0.0376,1,True
2015-01-01,VNM,IDN,0.0358,2,True
2015-02-01,VNM,IDN,0.0372,2,True
2015-03-01,VNM,IDN,0.0867,2,False
2015-04-01,VNM,IDN,0.0862,2,False
2015-05-01,VNM,IDN,0.1058,2,False
2015-06-01,VNM,IDN,0.0455,2,True
2015-07-01,VNM,IDN,0.0157,2,True
2015-08-01,VNM,IDN,0.0105,3,True
2015-09-01,VNM,IDN,0.0087,3,True
2015-10-01,VNM,IDN,0.0113,3,True
2015-11-01,VNM,IDN,0.0132,4,True
2015-12-01,VNM,IDN,0.0012,4,True
2016-01-01,VNM,IDN,0.0121,4,True
2016-02-01,VNM,IDN,0.1332,3,False
2016-03-01,VNM,IDN,0.1068,4,False
2016-04-01,VNM,IDN,0.0774,4,False
2016-05-01,VNM,IDN,0.0807,4,False
2016-06-01,VNM,IDN,0.1831,1,False
2016-07-01,VNM,IDN,0.188,3,False
2016-08-01,VNM,IDN,0.1929,3,False
2016-09-01,VNM,IDN,0.2173,3,False
2016-10-01,VNM,IDN,0.0745,3,False
2016-11-01,VNM,IDN,0.0805,3,False
2016-12-01,VNM,IDN,0.0797,3,False
2017-01-01,VNM,IDN,0.0791,3,False
2017-02-01,VNM,IDN,0.0555,3,False
2017-03-01,VNM,IDN,0.0356,3,True
2017-04-01,VNM,IDN,0.0286,3,True
2017-05-01,VNM,IDN,0.0227,3,True
2017-06-01,VNM,IDN,0.0333,3,True
2017-07-01,VNM,IDN,0.0351,3,True
2017-08-01,VNM,IDN,0.0264,3,True
2017-09-01,VNM,IDN,0.0175,3,True
2017-10-01,VNM,IDN,0.0147,3,True
2017-11-01,VNM,IDN,0.0032,3,True
2017-12-01,VNM,IDN,0.0051,3,True
2018-01-01,VNM,IDN,0.005,3,True
2018-02-01,VNM,IDN,0.0049,3,True
2018-03-01,VNM,IDN,0.0153,2,True
2018-04-01,VNM,IDN,0.0242,4,True
2018-05-01,VNM,IDN,0.0125,3,True
2018-06-01,VNM,IDN,0.0119,3,True
2018-07-01,VNM,IDN,0.0218,3,True
2018-08-01,VNM,IDN,0.0161,2,True
2018-09-01,VNM,IDN,0.0313,3,True
2018-10-01,VNM,IDN,0.0404,3,True
2018-11-01,VNM,IDN,0.018,3,True
2018-12-01,VNM,IDN,0.0166,2,True
2019-01-01,VNM,IDN,0.0106,3,True
2019-02-01,VNM,IDN,0.0038,2,True
2019-03-01,VNM,IDN,0.0044,2,True
2019-04-01,VNM,IDN,0.0022,2,True
2019-05-01,VNM,IDN,0.0019,2,True
2019-06-01,VNM,IDN,0.0013,2,True
2019-07-01,VNM,IDN,0.0022,2,True
2019-08-01,VNM,IDN,0.0004,2,True
2019-09-01,VNM,IDN,0.0012,2,True
2019-10-01,VNM,IDN,0.0004,3,True
2019-11-01,VNM,IDN,0.0006,3,True
2019-12-01,VNM,IDN,0.0013,2,True
2020-01-01,VNM,IDN,0.0015,2,True
2020-02-01,VNM,IDN,0.0015,2,True
2020-03-01,VNM,IDN,0.0065,2,True
2020-04-01,VNM,IDN,0.0026,2,True
2020-05-01,VNM,IDN,0.0156,2,True
2020-06-01,VNM,IDN,0.0142,2,True
2020-07-01,VNM,IDN,0.0736,2,False
2020-08-01,VNM,IDN,0.0634,2,False
2020-09-01,VNM,IDN,0.1393,2,False
2020-10-01,VNM,IDN,0.1394,2,False
2020-11-01,VNM,IDN,0.0496,2,True
2020-12-01,VNM,IDN,0.0532,2,False
2021-01-01,VNM,IDN,0.0955,2,False
2021-02-01,VNM,IDN,0.0935,3,False
2021-03-01,VNM,IDN,0.0939,3,False
2021-04-01,VNM,IDN,0.1097,3,False
2021-05-01,VNM,IDN,0.1563,2,False
2021-06-01,VNM,IDN,0.439,2,False
2021-07-01,VNM,IDN,0.4293,2,False
2021-08-01,VNM,IDN,0.4772,2,False
2021-09-01,VNM,IDN,0.8224,1,False
2021-10-01,VNM,IDN,0.8238,4,False
2021-11-01,VNM,IDN,0.2923,1,False
2021-12-01,VNM,IDN,0.2458,1,False
2022-01-01,VNM,IDN,0.1182,1,False
2022-02-01,VNM,IDN,0.4028,1,False
2022-03-01,VNM,IDN,0.1656,1,False
2022-04-01,VNM,IDN,0.229,4,False
2022-05-01,VNM,IDN,0.1786,4,False
2022-06-01,VNM,IDN,0.1145,4,False
2022-07-01,VNM,IDN,0.1525,4,False
2022-08-01,VNM,IDN,0.1879,2,False
2022-09-01,VNM,IDN,0.2058,2,False
2022-10-01,VNM,IDN,0.2745,2,False
2022-11-01,VNM,IDN,0.3393,2,False
2022-12-01,VNM,IDN,0.2536,4,False
2023-01-01,VNM,IDN,0.1959,2,False
2023-02-01,VNM,IDN,0.2021,2,False
2023-03-01,VNM,IDN,0.1915,2,False
2023-04-01,VNM,IDN,0.1236,2,False
2023-05-01,VNM,IDN,0.1571,2,False
2023-06-01,VNM,IDN,0.0607,2,False
2023-07-01,VNM,IDN,0.0668,2,False
2023-08-01,VNM,IDN,0.0653,2,False
2023-09-01,VNM,IDN,0.0598,2,False
2023-10-01,VNM,IDN,0.0796,2,False
2023-11-01,VNM,IDN,0.3189,2,False
2023-12-01,VNM,IDN,0.5292,2,False
2024-01-01,VNM,IDN,0.5099,1,False
2024-02-01,VNM,IDN,0.5618,1,False
2024-03-01,VNM,IDN,0.6576,3,False
2024-04-01,VNM,IDN,0.6776,3,False
2024-05-01,VNM,IDN,0.6169,1,False
2024-06-01,VNM,IDN,0.4307,1,False
2024-07-01,VNM,IDN,0.323,1,False
2024-08-01,VNM,IDN,0.179,1,False
2024-09-01,VNM,IDN,0.0809,2,False
2024-10-01,VNM,IDN,0.0443,1,True
2024-11-01,VNM,IDN,0.0097,2,True
2024-12-01,VNM,IDN,0.011,1,True
2025-01-01,VNM,IDN,0.0007,2,True
2025-02-01,VNM,IDN,0.0001,1,True
2025-03-01,VNM,IDN,0.0008,1,True
2025-04-01,VNM,IDN,0.0019,1,True
2025-05-01,VNM,IDN,0.0017,1,True
2025-06-01,VNM,IDN,0.0038,1,True
2025-07-01,VNM,IDN,0.009,1,True
2025-08-01,VNM,IDN,0.014,1,True
2025-09-01,VNM,IDN,0.0126,1,True
2025-10-01,VNM,IDN,0.0135,1,True
2025-11-01,VNM,IDN,0.0137,1,True
2025-12-01,VNM,IDN,0.0151,1,True
2026-01-01,VNM,IDN,0.0407,1,True
2026-02-01,VNM,IDN,0.0406,1,True
2026-03-01,VNM,IDN,0.0256,1,True
2015-01-01,VNM,THA,0.0772,3,False
2015-02-01,VNM,THA,0.0538,1,False
2015-03-01,VNM,THA,0.0432,2,True
2015-04-01,VNM,THA,0.0321,3,True
2015-05-01,VNM,THA,0.0165,4,True
2015-06-01,VNM,THA,0.0559,4,False
2015-07-01,VNM,THA,0.0742,2,False
2015-08-01,VNM,THA,0.1299,4,False
2015-09-01,VNM,THA,0.08,3,False
2015-10-01,VNM,THA,0.1068,3,False
2015-11-01,VNM,THA,0.1089,3,False
2015-12-01,VNM,THA,0.2192,1,False
2016-01-01,VNM,THA,0.2072,3,False
2016-02-01,VNM,THA,0.2105,2,False
2016-03-01,VNM,THA,0.1835,3,False
2016-04-01,VNM,THA,0.1325,3,False
2016-05-01,VNM,THA,0.1527,3,False
2016-06-01,VNM,THA,0.1472,3,False
2016-07-01,VNM,THA,0.158,3,False
2016-08-01,VNM,THA,0.1502,2,False
2016-09-01,VNM,THA,0.1709,2,False
2016-10-01,VNM,THA,0.1836,3,False
2016-11-01,VNM,THA,0.1953,2,False
2016-12-01,VNM,THA,0.1893,3,False
2017-01-01,VNM,THA,0.1702,4,False
2017-02-01,VNM,THA,0.0908,3,False
2017-03-01,VNM,THA,0.0288,2,True
2017-04-01,VNM,THA,0.2154,1,False
2017-05-01,VNM,THA,0.2564,2,False
2017-06-01,VNM,THA,0.2712,3,False
2017-07-01,VNM,THA,0.2301,3,False
2017-08-01,VNM,THA,0.3162,2,False
2017-09-01,VNM,THA,0.3791,1,False
2017-10-01,VNM,THA,0.6455,2,False
2017-11-01,VNM,THA,0.4738,2,False
2017-12-01,VNM,THA,0.4662,2,False
2018-01-01,VNM,THA,0.4297,2,False
2018-02-01,VNM,THA,0.3364,2,False
2018-03-01,VNM,THA,0.2825,2,False
2018-04-01,VNM,THA,0.1355,2,False
2018-05-01,VNM,THA,0.0791,2,False
2018-06-01,VNM,THA,0.0475,2,True
2018-07-01,VNM,THA,0.0201,3,True
2018-08-01,VNM,THA,0.0104,2,True
2018-09-01,VNM,THA,0.011,2,True
2018-10-01,VNM,THA,0.0139,2,True
2018-11-01,VNM,THA,0.0224,1,True
2018-12-01,VNM,THA,0.0367,4,True
2019-01-01,VNM,THA,0.0395,4,True
2019-02-01,VNM,THA,0.0116,4,True
2019-03-01,VNM,THA,0.0182,2,True
2019-04-01,VNM,THA,0.0058,2,True
2019-05-01,VNM,THA,0.0126,1,True
2019-06-01,VNM,THA,0.0131,2,True
2019-07-01,VNM,THA,0.0084,4,True
2019-08-01,VNM,THA,0.0063,2,True
2019-09-01,VNM,THA,0.0045,2,True
2019-10-01,VNM,THA,0.0054,2,True
2019-11-01,VNM,THA,0.0148,2,True
2019-12-01,VNM,THA,0.0279,2,True
2020-01-01,VNM,THA,0.0215,2,True
2020-02-01,VNM,THA,0.0158,2,True
2020-03-01,VNM,THA,0.0177,1,True
2020-04-01,VNM,THA,0.0097,1,True
2020-05-01,VNM,THA,0.0081,2,True
2020-06-01,VNM,THA,0.0059,2,True
2020-07-01,VNM,THA,0.0005,3,True
2020-08-01,VNM,THA,0.0001,2,True
2020-09-01,VNM,THA,0.0032,2,True
2020-10-01,VNM,THA,0.0093,2,True
2020-11-01,VNM,THA,0.0351,2,True
2020-12-01,VNM,THA,0.0355,2,True
2021-01-01,VNM,THA,0.0074,2,True
2021-02-01,VNM,THA,0.015,4,True
2021-03-01,VNM,THA,0.0235,4,True
2021-04-01,VNM,THA,0.0694,4,False
2021-05-01,VNM,THA,0.0652,4,False
2021-06-01,VNM,THA,0.0781,4,False
2021-07-01,VNM,THA,0.0934,3,False
2021-08-01,VNM,THA,0.0876,3,False
2021-09-01,VNM,THA,0.1545,3,False
2021-10-01,VNM,THA,0.1728,3,False
2021-11-01,VNM,THA,0.101,3,False
2021-12-01,VNM,THA,0.0801,3,False
2022-01-01,VNM,THA,0.0651,3,False
2022-02-01,VNM,THA,0.0559,3,False
2022-03-01,VNM,THA,0.2351,3,False
2022-04-01,VNM,THA,0.1839,3,False
2022-05-01,VNM,THA,0.505,3,False
2022-06-01,VNM,THA,0.5012,4,False
2022-07-01,VNM,THA,0.3553,4,False
2022-08-01,VNM,THA,0.4639,3,False
2022-09-01,VNM,THA,0.2857,3,False
2022-10-01,VNM,THA,0.235,1,False
2022-11-01,VNM,THA,0.1059,1,False
2022-12-01,VNM,THA,0.0721,1,False
2023-01-01,VNM,THA,0.0982,1,False
2023-02-01,VNM,THA,0.1701,2,False
2023-03-01,VNM,THA,0.3851,2,False
2023-04-01,VNM,THA,0.2467,1,False
2023-05-01,VNM,THA,0.0204,1,True
2023-06-01,VNM,THA,0.0441,1,True
2023-07-01,VNM,THA,0.0527,1,False
2023-08-01,VNM,THA,0.0541,1,False
2023-09-01,VNM,THA,0.0586,1,False
2023-10-01,VNM,THA,0.0584,1,False
2023-11-01,VNM,THA,0.0555,1,False
2023-12-01,VNM,THA,0.0741,1,False
2024-01-01,VNM,THA,0.0559,1,False
2024-02-01,VNM,THA,0.0725,4,False
2024-03-01,VNM,THA,0.0666,2,False
2024-04-01,VNM,THA,0.0905,4,False
2024-05-01,VNM,THA,0.0982,4,False
2024-06-01,VNM,THA,0.046,4,True
2024-07-01,VNM,THA,0.0339,4,True
2024-08-01,VNM,THA,0.029,4,True
2024-09-01,VNM,THA,0.0122,4,True
2024-10-01,VNM,THA,0.0021,4,True
2024-11-01,VNM,THA,0.0027,4,True
2024-12-01,VNM,THA,0.0007,4,True
2025-01-01,VNM,THA,0.0005,4,True
2025-02-01,VNM,THA,0.0007,4,True
2025-03-01,VNM,THA,0.0095,4,True
2025-04-01,VNM,THA,0.0134,4,True
2025-05-01,VNM,THA,0.0102,1,True
2025-06-01,VNM,THA,0.0035,1,True
2025-07-01,VNM,THA,0.0009,1,True
2025-08-01,VNM,THA,0.0006,1,True
2025-09-01,VNM,THA,0.0001,1,True
2025-10-01,VNM,THA,0.0001,1,True
2025-11-01,VNM,THA,0.0001,1,True
2025-12-01,VNM,THA,0.0,1,True
2026-01-01,VNM,THA,0.0,1,True
2026-02-01,VNM,THA,0.0001,1,True
2026-03-01,VNM,THA,0.0006,1,True
2015-01-01,VNM,BRA,0.3311,2,False
2015-02-01,VNM,BRA,0.3489,1,False
2015-03-01,VNM,BRA,0.3786,4,False
2015-04-01,VNM,BRA,0.2881,4,False
2015-05-01,VNM,BRA,0.3308,4,False
2015-06-01,VNM,BRA,0.5969,4,False
2015-07-01,VNM,BRA,0.3834,4,False
2015-08-01,VNM,BRA,0.638,4,False
2015-09-01,VNM,BRA,0.6077,4,False
2015-10-01,VNM,BRA,0.099,4,False
2015-11-01,VNM,BRA,0.0536,4,False
2015-12-01,VNM,BRA,0.0227,4,True
2016-01-01,VNM,BRA,0.0158,4,True
2016-02-01,VNM,BRA,0.0103,2,True
2016-03-01,VNM,BRA,0.0003,4,True
2016-04-01,VNM,BRA,0.0044,1,True
2016-05-01,VNM,BRA,0.0009,2,True
2016-06-01,VNM,BRA,0.0003,1,True
2016-07-01,VNM,BRA,0.003,1,True
2016-08-01,VNM,BRA,0.0105,1,True
2016-09-01,VNM,BRA,0.0104,2,True
2016-10-01,VNM,BRA,0.0235,3,True
2016-11-01,VNM,BRA,0.0317,2,True
2016-12-01,VNM,BRA,0.1285,3,False
2017-01-01,VNM,BRA,0.1657,3,False
2017-02-01,VNM,BRA,0.0247,1,True
2017-03-01,VNM,BRA,0.0144,1,True
2017-04-01,VNM,BRA,0.0209,1,True
2017-05-01,VNM,BRA,0.0162,1,True
2017-06-01,VNM,BRA,0.0181,1,True
2017-07-01,VNM,BRA,0.0143,1,True
2017-08-01,VNM,BRA,0.0269,1,True
2017-09-01,VNM,BRA,0.0738,1,False
2017-10-01,VNM,BRA,0.119,1,False
2017-11-01,VNM,BRA,0.151,1,False
2017-12-01,VNM,BRA,0.1127,1,False
2018-01-01,VNM,BRA,0.2021,2,False
2018-02-01,VNM,BRA,0.1764,2,False
2018-03-01,VNM,BRA,0.2,2,False
2018-04-01,VNM,BRA,0.2054,1,False
2018-05-01,VNM,BRA,0.1627,1,False
2018-06-01,VNM,BRA,0.1487,1,False
2018-07-01,VNM,BRA,0.2313,2,False
2018-08-01,VNM,BRA,0.175,2,False
2018-09-01,VNM,BRA,0.2057,1,False
2018-10-01,VNM,BRA,0.3528,1,False
2018-11-01,VNM,BRA,0.5284,2,False
2018-12-01,VNM,BRA,0.6003,4,False
2019-01-01,VNM,BRA,0.5104,4,False
2019-02-01,VNM,BRA,0.5188,3,False
2019-03-01,VNM,BRA,0.6139,4,False
2019-04-01,VNM,BRA,0.5792,3,False
2019-05-01,VNM,BRA,0.6015,4,False
2019-06-01,VNM,BRA,0.6155,3,False
2019-07-01,VNM,BRA,0.512,3,False
2019-08-01,VNM,BRA,0.5319,1,False
2019-09-01,VNM,BRA,0.4151,1,False
2019-10-01,VNM,BRA,0.2539,1,False
2019-11-01,VNM,BRA,0.1997,1,False
2019-12-01,VNM,BRA,0.1672,1,False
2020-01-01,VNM,BRA,0.3964,4,False
2020-02-01,VNM,BRA,0.2668,3,False
2020-03-01,VNM,BRA,0.211,4,False
2020-04-01,VNM,BRA,0.1214,4,False
2020-05-01,VNM,BRA,0.0725,4,False
2020-06-01,VNM,BRA,0.0537,4,False
2020-07-01,VNM,BRA,0.0571,4,False
2020-08-01,VNM,BRA,0.0416,4,True
2020-09-01,VNM,BRA,0.0358,4,True
2020-10-01,VNM,BRA,0.101,4,False
2020-11-01,VNM,BRA,0.0822,4,False
2020-12-01,VNM,BRA,0.1145,4,False
2021-01-01,VNM,BRA,0.1778,4,False
2021-02-01,VNM,BRA,0.1788,4,False
2021-03-01,VNM,BRA,0.2316,1,False
2021-04-01,VNM,BRA,0.1036,1,False
2021-05-01,VNM,BRA,0.0577,1,False
2021-06-01,VNM,BRA,0.0059,1,True
2021-07-01,VNM,BRA,0.0051,1,True
2021-08-01,VNM,BRA,0.0068,1,True
2021-09-01,VNM,BRA,0.0045,1,True
2021-10-01,VNM,BRA,0.0046,1,True
2021-11-01,VNM,BRA,0.0053,1,True
2021-12-01,VNM,BRA,0.0084,1,True
2022-01-01,VNM,BRA,0.0237,1,True
2022-02-01,VNM,BRA,0.0233,1,True
2022-03-01,VNM,BRA,0.011,1,True
2022-04-01,VNM,BRA,0.007,1,True
2022-05-01,VNM,BRA,0.0204,1,True
2022-06-01,VNM,BRA,0.0604,1,False
2022-07-01,VNM,BRA,0.0718,1,False
2022-08-01,VNM,BRA,0.0155,1,True
2022-09-01,VNM,BRA,0.0035,4,True
2022-10-01,VNM,BRA,0.006,1,True
2022-11-01,VNM,BRA,0.0012,1,True
2022-12-01,VNM,BRA,0.0002,1,True
2023-01-01,VNM,BRA,0.0003,1,True
2023-02-01,VNM,BRA,0.0003,1,True
2023-03-01,VNM,BRA,0.0003,1,True
2023-04-01,VNM,BRA,0.0005,1,True
2023-05-01,VNM,BRA,0.0007,1,True
2023-06-01,VNM,BRA,0.0005,1,True
2023-07-01,VNM,BRA,0.0002,1,True
2023-08-01,VNM,BRA,0.0007,1,True
2023-09-01,VNM,BRA,0.0022,1,True
2023-10-01,VNM,BRA,0.0042,1,True
2023-11-01,VNM,BRA,0.0043,1,True
2023-12-01,VNM,BRA,0.0042,1,True
2024-01-01,VNM,BRA,0.0023,1,True
2024-02-01,VNM,BRA,0.0025,1,True
2024-03-01,VNM,BRA,0.0062,1,True
2024-04-01,VNM,BRA,0.0078,1,True
2024-05-01,VNM,BRA,0.0185,1,True
2024-06-01,VNM,BRA,0.0256,1,True
2024-07-01,VNM,BRA,0.051,1,False
2024-08-01,VNM,BRA,0.0686,1,False
2024-09-01,VNM,BRA,0.0619,1,False
2024-10-01,VNM,BRA,0.0962,1,False
2024-11-01,VNM,BRA,0.1265,2,False
2024-12-01,VNM,BRA,0.1074,1,False
2025-01-01,VNM,BRA,0.2158,1,False
2025-02-01,VNM,BRA,0.3668,1,False
2025-03-01,VNM,BRA,0.276,4,False
2025-04-01,VNM,BRA,0.236,4,False
2025-05-01,VNM,BRA,0.1757,4,False
2025-06-01,VNM,BRA,0.2285,4,False
2025-07-01,VNM,BRA,0.2803,4,False
2025-08-01,VNM,BRA,0.2856,4,False
2025-09-01,VNM,BRA,0.2774,4,False
2025-10-01,VNM,BRA,0.2097,4,False
2025-11-01,VNM,BRA,0.2915,4,False
2025-12-01,VNM,BRA,0.2983,4,False
2026-01-01,VNM,BRA,0.3261,4,False
2026-02-01,VNM,BRA,0.3235,4,False
2026-03-01,VNM,BRA,0.2016,4,False
2015-01-01,VNM,ZAF,0.1235,3,False
2015-02-01,VNM,ZAF,0.2013,2,False
2015-03-01,VNM,ZAF,0.3577,2,False
2015-04-01,VNM,ZAF,0.3978,2,False
2015-05-01,VNM,ZAF,0.4052,2,False
2015-06-01,VNM,ZAF,0.2136,2,False
2015-07-01,VNM,ZAF,0.1294,1,False
2015-08-01,VNM,ZAF,0.2587,1,False
2015-09-01,VNM,ZAF,0.1533,1,False
2015-10-01,VNM,ZAF,0.172,1,False
2015-11-01,VNM,ZAF,0.2507,1,False
2015-12-01,VNM,ZAF,0.2682,1,False
2016-01-01,VNM,ZAF,0.3971,1,False
2016-02-01,VNM,ZAF,0.7667,1,False
2016-03-01,VNM,ZAF,0.2201,1,False
2016-04-01,VNM,ZAF,0.5218,1,False
2016-05-01,VNM,ZAF,0.5908,1,False
2016-06-01,VNM,ZAF,0.6667,1,False
2016-07-01,VNM,ZAF,0.1569,1,False
2016-08-01,VNM,ZAF,0.1809,1,False
2016-09-01,VNM,ZAF,0.2329,1,False
2016-10-01,VNM,ZAF,0.3397,1,False
2016-11-01,VNM,ZAF,0.3158,1,False
2016-12-01,VNM,ZAF,0.357,1,False
2017-01-01,VNM,ZAF,0.2046,1,False
2017-02-01,VNM,ZAF,0.0974,1,False
2017-03-01,VNM,ZAF,0.1013,1,False
2017-04-01,VNM,ZAF,0.0163,1,True
2017-05-01,VNM,ZAF,0.0041,1,True
2017-06-01,VNM,ZAF,0.001,1,True
2017-07-01,VNM,ZAF,0.0008,1,True
2017-08-01,VNM,ZAF,0.0006,1,True
2017-09-01,VNM,ZAF,0.0012,1,True
2017-10-01,VNM,ZAF,0.0003,1,True
2017-11-01,VNM,ZAF,0.0001,1,True
2017-12-01,VNM,ZAF,0.0001,1,True
2018-01-01,VNM,ZAF,0.0009,1,True
2018-02-01,VNM,ZAF,0.0027,1,True
2018-03-01,VNM,ZAF,0.0009,1,True
2018-04-01,VNM,ZAF,0.0003,1,True
2018-05-01,VNM,ZAF,0.0022,1,True
2018-06-01,VNM,ZAF,0.0039,1,True
2018-07-01,VNM,ZAF,0.0041,1,True
2018-08-01,VNM,ZAF,0.0074,1,True
2018-09-01,VNM,ZAF,0.0038,1,True
2018-10-01,VNM,ZAF,0.0027,1,True
2018-11-01,VNM,ZAF,0.001,1,True
2018-12-01,VNM,ZAF,0.0018,1,True
2019-01-01,VNM,ZAF,0.0243,1,True
2019-02-01,VNM,ZAF,0.0635,4,False
2019-03-01,VNM,ZAF,0.0827,1,False
2019-04-01,VNM,ZAF,0.0734,4,False
2019-05-01,VNM,ZAF,0.0562,4,False
2019-06-01,VNM,ZAF,0.0778,4,False
2019-07-01,VNM,ZAF,0.1208,1,False
2019-08-01,VNM,ZAF,0.0924,1,False
2019-09-01,VNM,ZAF,0.1436,1,False
2019-10-01,VNM,ZAF,0.2744,1,False
2019-11-01,VNM,ZAF,0.4672,4,False
2019-12-01,VNM,ZAF,0.3512,4,False
2020-01-01,VNM,ZAF,0.3209,3,False
2020-02-01,VNM,ZAF,0.3068,3,False
2020-03-01,VNM,ZAF,0.3332,2,False
2020-04-01,VNM,ZAF,0.3259,2,False
2020-05-01,VNM,ZAF,0.1097,2,False
2020-06-01,VNM,ZAF,0.0432,2,True
2020-07-01,VNM,ZAF,0.0201,4,True
2020-08-01,VNM,ZAF,0.0204,4,True
2020-09-01,VNM,ZAF,0.0174,3,True
2020-10-01,VNM,ZAF,0.0109,3,True
2020-11-01,VNM,ZAF,0.0441,2,True
2020-12-01,VNM,ZAF,0.0363,2,True
2021-01-01,VNM,ZAF,0.0204,2,True
2021-02-01,VNM,ZAF,0.0232,2,True
2021-03-01,VNM,ZAF,0.0284,2,True
2021-04-01,VNM,ZAF,0.0599,2,False
2021-05-01,VNM,ZAF,0.3225,2,False
2021-06-01,VNM,ZAF,0.4712,1,False
2021-07-01,VNM,ZAF,0.3452,1,False
2021-08-01,VNM,ZAF,0.4253,1,False
2021-09-01,VNM,ZAF,0.3056,1,False
2021-10-01,VNM,ZAF,0.2428,1,False
2021-11-01,VNM,ZAF,0.2156,1,False
2021-12-01,VNM,ZAF,0.1468,1,False
2022-01-01,VNM,ZAF,0.1096,1,False
2022-02-01,VNM,ZAF,0.1031,1,False
2022-03-01,VNM,ZAF,0.0718,1,False
2022-04-01,VNM,ZAF,0.075,1,False
2022-05-01,VNM,ZAF,0.053,1,False
2022-06-01,VNM,ZAF,0.0584,1,False
2022-07-01,VNM,ZAF,0.1945,1,False
2022-08-01,VNM,ZAF,0.1616,1,False
2022-09-01,VNM,ZAF,0.1755,1,False
2022-10-01,VNM,ZAF,0.2666,1,False
2022-11-01,VNM,ZAF,0.261,1,False
2022-12-01,VNM,ZAF,0.1921,1,False
2023-01-01,VNM,ZAF,0.1267,1,False
2023-02-01,VNM,ZAF,0.118,1,False
2023-03-01,VNM,ZAF,0.1532,1,False
2023-04-01,VNM,ZAF,0.2194,2,False
2023-05-01,VNM,ZAF,0.2163,3,False
2023-06-01,VNM,ZAF,0.1889,2,False
2023-07-01,VNM,ZAF,0.2287,1,False
2023-08-01,VNM,ZAF,0.0768,1,False
2023-09-01,VNM,ZAF,0.1344,1,False
2023-10-01,VNM,ZAF,0.2761,1,False
2023-11-01,VNM,ZAF,0.3613,1,False
2023-12-01,VNM,ZAF,0.4366,1,False
2024-01-01,VNM,ZAF,0.4159,1,False
2024-02-01,VNM,ZAF,0.3803,1,False
2024-03-01,VNM,ZAF,0.3591,1,False
2024-04-01,VNM,ZAF,0.3071,1,False
2024-05-01,VNM,ZAF,0.2628,1,False
2024-06-01,VNM,ZAF,0.2157,1,False
2024-07-01,VNM,ZAF,0.1231,1,False
2024-08-01,VNM,ZAF,0.0925,1,False
2024-09-01,VNM,ZAF,0.0719,1,False
2024-10-01,VNM,ZAF,0.0416,1,True
2024-11-01,VNM,ZAF,0.0413,1,True
2024-12-01,VNM,ZAF,0.1109,1,False
2025-01-01,VNM,ZAF,0.0433,1,True
2025-02-01,VNM,ZAF,0.0089,1,True
2025-03-01,VNM,ZAF,0.0189,1,True
2025-04-01,VNM,ZAF,0.0407,1,True
2025-05-01,VNM,ZAF,0.091,1,False
2025-06-01,VNM,ZAF,0.1541,1,False
2025-07-01,VNM,ZAF,0.2432,1,False
2025-08-01,VNM,ZAF,0.2395,1,False
2025-09-01,VNM,ZAF,0.2514,1,False
2025-10-01,VNM,ZAF,0.1463,1,False
2025-11-01,VNM,ZAF,0.2393,4,False
2025-12-01,VNM,ZAF,0.27,1,False
2026-01-01,VNM,ZAF,0.3085,1,False
2026-02-01,VNM,ZAF,0.3845,1,False
2026-03-01,VNM,ZAF,0.4633,1,False
2015-01-01,VNM,MEX,0.4131,4,False
2015-02-01,VNM,MEX,0.1963,3,False
2015-03-01,VNM,MEX,0.1663,2,False
2015-04-01,VNM,MEX,0.1905,1,False
2015-05-01,VNM,MEX,0.1365,3,False
2015-06-01,VNM,MEX,0.092,2,False
2015-07-01,VNM,MEX,0.1037,2,False
2015-08-01,VNM,MEX,0.0972,2,False
2015-09-01,VNM,MEX,0.0688,2,False
2015-10-01,VNM,MEX,0.0465,2,True
2015-11-01,VNM,MEX,0.0138,2,True
2015-12-01,VNM,MEX,0.0026,2,True
2016-01-01,VNM,MEX,0.0047,1,True
2016-02-01,VNM,MEX,0.0079,1,True
2016-03-01,VNM,MEX,0.0551,2,False
2016-04-01,VNM,MEX,0.0385,2,True
2016-05-01,VNM,MEX,0.0327,2,True
2016-06-01,VNM,MEX,0.0196,2,True
2016-07-01,VNM,MEX,0.0258,2,True
2016-08-01,VNM,MEX,0.0126,2,True
2016-09-01,VNM,MEX,0.0048,2,True
2016-10-01,VNM,MEX,0.0064,2,True
2016-11-01,VNM,MEX,0.0103,2,True
2016-12-01,VNM,MEX,0.0318,4,True
2017-01-01,VNM,MEX,0.0061,4,True
2017-02-01,VNM,MEX,0.0336,2,True
2017-03-01,VNM,MEX,0.0217,2,True
2017-04-01,VNM,MEX,0.0891,2,False
2017-05-01,VNM,MEX,0.1659,2,False
2017-06-01,VNM,MEX,0.0912,2,False
2017-07-01,VNM,MEX,0.1069,2,False
2017-08-01,VNM,MEX,0.1153,2,False
2017-09-01,VNM,MEX,0.11,2,False
2017-10-01,VNM,MEX,0.0424,4,True
2017-11-01,VNM,MEX,0.0185,4,True
2017-12-01,VNM,MEX,0.0154,4,True
2018-01-01,VNM,MEX,0.0088,2,True
2018-02-01,VNM,MEX,0.1832,1,False
2018-03-01,VNM,MEX,0.1534,2,False
2018-04-01,VNM,MEX,0.2056,1,False
2018-05-01,VNM,MEX,0.3816,1,False
2018-06-01,VNM,MEX,0.4509,1,False
2018-07-01,VNM,MEX,0.4012,1,False
2018-08-01,VNM,MEX,0.3522,1,False
2018-09-01,VNM,MEX,0.3386,1,False
2018-10-01,VNM,MEX,0.3623,1,False
2018-11-01,VNM,MEX,0.5119,4,False
2018-12-01,VNM,MEX,0.5578,2,False
2019-01-01,VNM,MEX,0.5167,1,False
2019-02-01,VNM,MEX,0.5365,1,False
2019-03-01,VNM,MEX,0.7362,4,False
2019-04-01,VNM,MEX,0.7636,4,False
2019-05-01,VNM,MEX,0.6732,4,False
2019-06-01,VNM,MEX,0.6527,4,False
2019-07-01,VNM,MEX,0.4985,1,False
2019-08-01,VNM,MEX,0.2989,1,False
2019-09-01,VNM,MEX,0.2181,1,False
2019-10-01,VNM,MEX,0.1619,1,False
2019-11-01,VNM,MEX,0.1418,2,False
2019-12-01,VNM,MEX,0.1174,1,False
2020-01-01,VNM,MEX,0.3847,1,False
2020-02-01,VNM,MEX,0.242,1,False
2020-03-01,VNM,MEX,0.0643,1,False
2020-04-01,VNM,MEX,0.1486,1,False
2020-05-01,VNM,MEX,0.3553,1,False
2020-06-01,VNM,MEX,0.4053,1,False
2020-07-01,VNM,MEX,0.3826,1,False
2020-08-01,VNM,MEX,0.5413,1,False
2020-09-01,VNM,MEX,0.2657,1,False
2020-10-01,VNM,MEX,0.2606,3,False
2020-11-01,VNM,MEX,0.3579,2,False
2020-12-01,VNM,MEX,0.5292,2,False
2021-01-01,VNM,MEX,0.5186,3,False
2021-02-01,VNM,MEX,0.6087,3,False
2021-03-01,VNM,MEX,0.6204,3,False
2021-04-01,VNM,MEX,0.4713,1,False
2021-05-01,VNM,MEX,0.0814,1,False
2021-06-01,VNM,MEX,0.0822,1,False
2021-07-01,VNM,MEX,0.0588,1,False
2021-08-01,VNM,MEX,0.0426,1,True
2021-09-01,VNM,MEX,0.0305,1,True
2021-10-01,VNM,MEX,0.029,1,True
2021-11-01,VNM,MEX,0.0261,1,True
2021-12-01,VNM,MEX,0.0157,1,True
2022-01-01,VNM,MEX,0.0261,1,True
2022-02-01,VNM,MEX,0.0474,1,True
2022-03-01,VNM,MEX,0.0439,1,True
2022-04-01,VNM,MEX,0.0194,1,True
2022-05-01,VNM,MEX,0.0265,1,True
2022-06-01,VNM,MEX,0.0394,1,True
2022-07-01,VNM,MEX,0.0802,1,False
2022-08-01,VNM,MEX,0.2011,1,False
2022-09-01,VNM,MEX,0.4067,1,False
2022-10-01,VNM,MEX,0.3977,1,False
2022-11-01,VNM,MEX,0.323,1,False
2022-12-01,VNM,MEX,0.2269,1,False
2023-01-01,VNM,MEX,0.1963,1,False
2023-02-01,VNM,MEX,0.1718,1,False
2023-03-01,VNM,MEX,0.2118,1,False
2023-04-01,VNM,MEX,0.5437,1,False
2023-05-01,VNM,MEX,0.1881,1,False
2023-06-01,VNM,MEX,0.063,1,False
2023-07-01,VNM,MEX,0.0144,1,True
2023-08-01,VNM,MEX,0.009,1,True
2023-09-01,VNM,MEX,0.0092,1,True
2023-10-01,VNM,MEX,0.0078,1,True
2023-11-01,VNM,MEX,0.0026,1,True
2023-12-01,VNM,MEX,0.0019,1,True
2024-01-01,VNM,MEX,0.0022,1,True
2024-02-01,VNM,MEX,0.0021,1,True
2024-03-01,VNM,MEX,0.0019,1,True
2024-04-01,VNM,MEX,0.008,1,True
2024-05-01,VNM,MEX,0.0108,1,True
2024-06-01,VNM,MEX,0.0117,1,True
2024-07-01,VNM,MEX,0.0142,1,True
2024-08-01,VNM,MEX,0.0227,1,True
2024-09-01,VNM,MEX,0.0349,1,True
2024-10-01,VNM,MEX,0.0351,1,True
2024-11-01,VNM,MEX,0.1071,4,False
2024-12-01,VNM,MEX,0.0504,4,False
2025-01-01,VNM,MEX,0.0533,1,False
2025-02-01,VNM,MEX,0.0566,4,False
2025-03-01,VNM,MEX,0.0715,4,False
2025-04-01,VNM,MEX,0.1267,4,False
2025-05-01,VNM,MEX,0.2091,4,False
2025-06-01,VNM,MEX,0.2843,4,False
2025-07-01,VNM,MEX,0.5075,1,False
2025-08-01,VNM,MEX,0.68,1,False
2025-09-01,VNM,MEX,0.7184,4,False
2025-10-01,VNM,MEX,0.5481,1,False
2025-11-01,VNM,MEX,0.6591,1,False
2025-12-01,VNM,MEX,0.4157,1,False
2026-01-01,VNM,MEX,0.3924,1,False
2026-02-01,VNM,MEX,0.3486,1,False
2026-03-01,VNM,MEX,0.3338,1,False
2015-01-01,VNM,SGP,0.0369,1,True
2015-02-01,VNM,SGP,0.0354,1,True
2015-03-01,VNM,SGP,0.0288,1,True
2015-04-01,VNM,SGP,0.0266,2,True
2015-05-01,VNM,SGP,0.0211,2,True
2015-06-01,VNM,SGP,0.026,1,True
2015-07-01,VNM,SGP,0.0339,2,True
2015-08-01,VNM,SGP,0.0312,2,True
2015-09-01,VNM,SGP,0.0231,2,True
2015-10-01,VNM,SGP,0.0319,2,True
2015-11-01,VNM,SGP,0.0307,2,True
2015-12-01,VNM,SGP,0.0328,2,True
2016-01-01,VNM,SGP,0.0573,2,False
2016-02-01,VNM,SGP,0.0494,2,True
2016-03-01,VNM,SGP,0.0805,2,False
2016-04-01,VNM,SGP,0.0562,2,False
2016-05-01,VNM,SGP,0.0699,2,False
2016-06-01,VNM,SGP,0.0942,1,False
2016-07-01,VNM,SGP,0.1217,2,False
2016-08-01,VNM,SGP,0.1214,2,False
2016-09-01,VNM,SGP,0.1557,2,False
2016-10-01,VNM,SGP,0.146,2,False
2016-11-01,VNM,SGP,0.1846,2,False
2016-12-01,VNM,SGP,0.2403,2,False
2017-01-01,VNM,SGP,0.0769,2,False
2017-02-01,VNM,SGP,0.1604,1,False
2017-03-01,VNM,SGP,0.6596,1,False
2017-04-01,VNM,SGP,0.3625,1,False
2017-05-01,VNM,SGP,0.2904,1,False
2017-06-01,VNM,SGP,0.4772,1,False
2017-07-01,VNM,SGP,0.4068,1,False
2017-08-01,VNM,SGP,0.3322,4,False
2017-09-01,VNM,SGP,0.2675,3,False
2017-10-01,VNM,SGP,0.3341,3,False
2017-11-01,VNM,SGP,0.2514,3,False
2017-12-01,VNM,SGP,0.0502,3,False
2018-01-01,VNM,SGP,0.1027,3,False
2018-02-01,VNM,SGP,0.0407,3,True
2018-03-01,VNM,SGP,0.0653,2,False
2018-04-01,VNM,SGP,0.0344,1,True
2018-05-01,VNM,SGP,0.1175,1,False
2018-06-01,VNM,SGP,0.0507,1,False
2018-07-01,VNM,SGP,0.0373,1,True
2018-08-01,VNM,SGP,0.0257,1,True
2018-09-01,VNM,SGP,0.0255,1,True
2018-10-01,VNM,SGP,0.0342,1,True
2018-11-01,VNM,SGP,0.0375,1,True
2018-12-01,VNM,SGP,0.0182,1,True
2019-01-01,VNM,SGP,0.0274,1,True
2019-02-01,VNM,SGP,0.0341,1,True
2019-03-01,VNM,SGP,0.059,1,False
2019-04-01,VNM,SGP,0.0613,1,False
2019-05-01,VNM,SGP,0.0502,1,False
2019-06-01,VNM,SGP,0.0571,1,False
2019-07-01,VNM,SGP,0.0956,1,False
2019-08-01,VNM,SGP,0.1383,1,False
2019-09-01,VNM,SGP,0.2034,1,False
2019-10-01,VNM,SGP,0.3263,3,False
2019-11-01,VNM,SGP,0.3341,3,False
2019-12-01,VNM,SGP,0.3704,3,False
2020-01-01,VNM,SGP,0.3197,3,False
2020-02-01,VNM,SGP,0.7589,3,False
2020-03-01,VNM,SGP,0.333,2,False
2020-04-01,VNM,SGP,0.2251,1,False
2020-05-01,VNM,SGP,0.113,1,False
2020-06-01,VNM,SGP,0.1022,1,False
2020-07-01,VNM,SGP,0.132,1,False
2020-08-01,VNM,SGP,0.1803,1,False
2020-09-01,VNM,SGP,0.1194,3,False
2020-10-01,VNM,SGP,0.1968,3,False
2020-11-01,VNM,SGP,0.1022,3,False
2020-12-01,VNM,SGP,0.08,3,False
2021-01-01,VNM,SGP,0.1198,3,False
2021-02-01,VNM,SGP,0.3845,3,False
2021-03-01,VNM,SGP,0.6451,2,False
2021-04-01,VNM,SGP,0.3636,1,False
2021-05-01,VNM,SGP,0.0329,1,True
2021-06-01,VNM,SGP,0.0144,1,True
2021-07-01,VNM,SGP,0.0188,1,True
2021-08-01,VNM,SGP,0.0149,1,True
2021-09-01,VNM,SGP,0.0165,1,True
2021-10-01,VNM,SGP,0.0173,1,True
2021-11-01,VNM,SGP,0.0114,1,True
2021-12-01,VNM,SGP,0.0074,1,True
2022-01-01,VNM,SGP,0.0139,1,True
2022-02-01,VNM,SGP,0.0111,1,True
2022-03-01,VNM,SGP,0.0113,1,True
2022-04-01,VNM,SGP,0.013,1,True
2022-05-01,VNM,SGP,0.0081,1,True
2022-06-01,VNM,SGP,0.0155,1,True
2022-07-01,VNM,SGP,0.1455,1,False
2022-08-01,VNM,SGP,0.0831,1,False
2022-09-01,VNM,SGP,0.0847,1,False
2022-10-01,VNM,SGP,0.0437,1,True
2022-11-01,VNM,SGP,0.0084,1,True
2022-12-01,VNM,SGP,0.0057,1,True
2023-01-01,VNM,SGP,0.004,1,True
2023-02-01,VNM,SGP,0.0057,1,True
2023-03-01,VNM,SGP,0.0089,1,True
2023-04-01,VNM,SGP,0.0411,1,True
2023-05-01,VNM,SGP,0.1042,1,False
2023-06-01,VNM,SGP,0.0285,1,True
2023-07-01,VNM,SGP,0.0121,1,True
2023-08-01,VNM,SGP,0.0085,1,True
2023-09-01,VNM,SGP,0.0079,1,True
2023-10-01,VNM,SGP,0.0168,1,True
2023-11-01,VNM,SGP,0.0317,1,True
2023-12-01,VNM,SGP,0.0988,1,False
2024-01-01,VNM,SGP,0.103,1,False
2024-02-01,VNM,SGP,0.0809,1,False
2024-03-01,VNM,SGP,0.0452,1,True
2024-04-01,VNM,SGP,0.0255,1,True
2024-05-01,VNM,SGP,0.0158,1,True
2024-06-01,VNM,SGP,0.0354,1,True
2024-07-01,VNM,SGP,0.0169,1,True
2024-08-01,VNM,SGP,0.0142,1,True
2024-09-01,VNM,SGP,0.0095,1,True
2024-10-01,VNM,SGP,0.0162,1,True
2024-11-01,VNM,SGP,0.0259,1,True
2024-12-01,VNM,SGP,0.0212,2,True
2025-01-01,VNM,SGP,0.0058,1,True
2025-02-01,VNM,SGP,0.0268,1,True
2025-03-01,VNM,SGP,0.1125,1,False
2025-04-01,VNM,SGP,0.1164,1,False
2025-05-01,VNM,SGP,0.1489,1,False
2025-06-01,VNM,SGP,0.2874,1,False
2025-07-01,VNM,SGP,0.2087,3,False
2025-08-01,VNM,SGP,0.2055,4,False
2025-09-01,VNM,SGP,0.179,3,False
2025-10-01,VNM,SGP,0.3734,3,False
2025-11-01,VNM,SGP,0.7451,3,False
2025-12-01,VNM,SGP,0.7027,3,False
2026-01-01,VNM,SGP,0.7629,4,False
2026-02-01,VNM,SGP,0.6099,3,False
2026-03-01,VNM,SGP,0.6038,3,False
2015-01-01,VNM,KOR,0.322,1,False
2015-02-01,VNM,KOR,0.2655,1,False
2015-03-01,VNM,KOR,0.1533,2,False
2015-04-01,VNM,KOR,0.0581,2,False
2015-05-01,VNM,KOR,0.0465,2,True
2015-06-01,VNM,KOR,0.0475,2,True
2015-07-01,VNM,KOR,0.0452,2,True
2015-08-01,VNM,KOR,0.0323,1,True
2015-09-01,VNM,KOR,0.1787,2,False
2015-10-01,VNM,KOR,0.0928,2,False
2015-11-01,VNM,KOR,0.1969,2,False
2015-12-01,VNM,KOR,0.1565,1,False
2016-01-01,VNM,KOR,0.6177,1,False
2016-02-01,VNM,KOR,0.22,1,False
2016-03-01,VNM,KOR,0.3966,1,False
2016-04-01,VNM,KOR,0.2352,1,False
2016-05-01,VNM,KOR,0.2396,1,False
2016-06-01,VNM,KOR,0.1813,1,False
2016-07-01,VNM,KOR,0.3418,3,False
2016-08-01,VNM,KOR,0.1613,3,False
2016-09-01,VNM,KOR,0.1808,1,False
2016-10-01,VNM,KOR,0.1847,1,False
2016-11-01,VNM,KOR,0.3686,3,False
2016-12-01,VNM,KOR,0.281,3,False
2017-01-01,VNM,KOR,0.4328,3,False
2017-02-01,VNM,KOR,0.2191,2,False
2017-03-01,VNM,KOR,0.1925,2,False
2017-04-01,VNM,KOR,0.0731,2,False
2017-05-01,VNM,KOR,0.0393,2,True
2017-06-01,VNM,KOR,0.0391,2,True
2017-07-01,VNM,KOR,0.0433,2,True
2017-08-01,VNM,KOR,0.0445,2,True
2017-09-01,VNM,KOR,0.144,2,False
2017-10-01,VNM,KOR,0.1633,2,False
2017-11-01,VNM,KOR,0.2996,2,False
2017-12-01,VNM,KOR,0.4058,2,False
2018-01-01,VNM,KOR,0.3758,2,False
2018-02-01,VNM,KOR,0.8022,3,False
2018-03-01,VNM,KOR,0.3971,1,False
2018-04-01,VNM,KOR,0.2973,1,False
2018-05-01,VNM,KOR,0.1922,1,False
2018-06-01,VNM,KOR,0.219,1,False
2018-07-01,VNM,KOR,0.2183,1,False
2018-08-01,VNM,KOR,0.3198,1,False
2018-09-01,VNM,KOR,0.2527,1,False
2018-10-01,VNM,KOR,0.1637,1,False
2018-11-01,VNM,KOR,0.1859,1,False
2018-12-01,VNM,KOR,0.1529,1,False
2019-01-01,VNM,KOR,0.3021,1,False
2019-02-01,VNM,KOR,0.2842,1,False
2019-03-01,VNM,KOR,0.5878,1,False
2019-04-01,VNM,KOR,0.6546,1,False
2019-05-01,VNM,KOR,0.8601,1,False
2019-06-01,VNM,KOR,0.7621,2,False
2019-07-01,VNM,KOR,0.4547,1,False
2019-08-01,VNM,KOR,0.257,1,False
2019-09-01,VNM,KOR,0.866,1,False
2019-10-01,VNM,KOR,0.2744,4,False
2019-11-01,VNM,KOR,0.6251,4,False
2019-12-01,VNM,KOR,0.2894,2,False
2020-01-01,VNM,KOR,0.2927,2,False
2020-02-01,VNM,KOR,0.2315,2,False
2020-03-01,VNM,KOR,0.1794,2,False
2020-04-01,VNM,KOR,0.2156,2,False
2020-05-01,VNM,KOR,0.0817,2,False
2020-06-01,VNM,KOR,0.0903,2,False
2020-07-01,VNM,KOR,0.1147,2,False
2020-08-01,VNM,KOR,0.1248,2,False
2020-09-01,VNM,KOR,0.0441,2,True
2020-10-01,VNM,KOR,0.1076,2,False
2020-11-01,VNM,KOR,0.0183,2,True
2020-12-01,VNM,KOR,0.0305,2,True
2021-01-01,VNM,KOR,0.0386,2,True
2021-02-01,VNM,KOR,0.0389,2,True
2021-03-01,VNM,KOR,0.042,2,True
2021-04-01,VNM,KOR,0.1109,2,False
2021-05-01,VNM,KOR,0.0537,1,False
2021-06-01,VNM,KOR,0.0267,4,True
2021-07-01,VNM,KOR,0.0285,4,True
2021-08-01,VNM,KOR,0.0056,4,True
2021-09-01,VNM,KOR,0.003,1,True
2021-10-01,VNM,KOR,0.0021,1,True
2021-11-01,VNM,KOR,0.0013,1,True
2021-12-01,VNM,KOR,0.0033,1,True
2022-01-01,VNM,KOR,0.0029,4,True
2022-02-01,VNM,KOR,0.0022,4,True
2022-03-01,VNM,KOR,0.0036,4,True
2022-04-01,VNM,KOR,0.0118,4,True
2022-05-01,VNM,KOR,0.0176,4,True
2022-06-01,VNM,KOR,0.0157,4,True
2022-07-01,VNM,KOR,0.0074,4,True
2022-08-01,VNM,KOR,0.006,4,True
2022-09-01,VNM,KOR,0.0131,4,True
2022-10-01,VNM,KOR,0.0043,4,True
2022-11-01,VNM,KOR,0.0085,4,True
2022-12-01,VNM,KOR,0.0053,4,True
2023-01-01,VNM,KOR,0.0113,1,True
2023-02-01,VNM,KOR,0.0161,1,True
2023-03-01,VNM,KOR,0.0151,1,True
2023-04-01,VNM,KOR,0.0188,4,True
2023-05-01,VNM,KOR,0.0095,4,True
2023-06-01,VNM,KOR,0.0028,4,True
2023-07-01,VNM,KOR,0.0031,1,True
2023-08-01,VNM,KOR,0.0012,1,True
2023-09-01,VNM,KOR,0.083,1,False
2023-10-01,VNM,KOR,0.158,1,False
2023-11-01,VNM,KOR,0.1551,1,False
2023-12-01,VNM,KOR,0.1888,1,False
2024-01-01,VNM,KOR,0.1835,1,False
2024-02-01,VNM,KOR,0.1989,1,False
2024-03-01,VNM,KOR,0.1309,1,False
2024-04-01,VNM,KOR,0.2932,1,False
2024-05-01,VNM,KOR,0.2792,4,False
2024-06-01,VNM,KOR,0.2154,1,False
2024-07-01,VNM,KOR,0.1406,1,False
2024-08-01,VNM,KOR,0.1391,1,False
2024-09-01,VNM,KOR,0.1083,1,False
2024-10-01,VNM,KOR,0.1629,1,False
2024-11-01,VNM,KOR,0.1285,4,False
2024-12-01,VNM,KOR,0.1741,4,False
2025-01-01,VNM,KOR,0.0898,1,False
2025-02-01,VNM,KOR,0.0522,1,False
2025-03-01,VNM,KOR,0.1454,1,False
2025-04-01,VNM,KOR,0.3376,1,False
2025-05-01,VNM,KOR,0.5806,4,False
2025-06-01,VNM,KOR,0.4714,4,False
2025-07-01,VNM,KOR,0.4858,4,False
2025-08-01,VNM,KOR,0.6069,4,False
2025-09-01,VNM,KOR,0.6737,4,False
2025-10-01,VNM,KOR,0.7617,3,False
2025-11-01,VNM,KOR,0.7697,4,False
2025-12-01,VNM,KOR,0.7843,4,False
2026-01-01,VNM,KOR,0.768,4,False
2026-02-01,VNM,KOR,0.836,1,False
2026-03-01,VNM,KOR,0.616,4,False
2015-01-01,VNM,GBR,0.1015,1,False
2015-02-01,VNM,GBR,0.1303,1,False
2015-03-01,VNM,GBR,0.1514,1,False
2015-04-01,VNM,GBR,0.1636,1,False
2015-05-01,VNM,GBR,0.1335,1,False
2015-06-01,VNM,GBR,0.0853,1,False
2015-07-01,VNM,GBR,0.1035,1,False
2015-08-01,VNM,GBR,0.1227,1,False
2015-09-01,VNM,GBR,0.0441,1,True
2015-10-01,VNM,GBR,0.2267,4,False
2015-11-01,VNM,GBR,0.1509,3,False
2015-12-01,VNM,GBR,0.0749,3,False
2016-01-01,VNM,GBR,0.0511,4,False
2016-02-01,VNM,GBR,0.2711,2,False
2016-03-01,VNM,GBR,0.2508,2,False
2016-04-01,VNM,GBR,0.2891,2,False
2016-05-01,VNM,GBR,0.1696,2,False
2016-06-01,VNM,GBR,0.1838,2,False
2016-07-01,VNM,GBR,0.1895,2,False
2016-08-01,VNM,GBR,0.2154,4,False
2016-09-01,VNM,GBR,0.155,2,False
2016-10-01,VNM,GBR,0.0879,2,False
2016-11-01,VNM,GBR,0.0546,2,False
2016-12-01,VNM,GBR,0.0271,2,True
2017-01-01,VNM,GBR,0.0108,2,True
2017-02-01,VNM,GBR,0.0106,2,True
2017-03-01,VNM,GBR,0.0015,2,True
2017-04-01,VNM,GBR,0.0029,2,True
2017-05-01,VNM,GBR,0.0002,2,True
2017-06-01,VNM,GBR,0.0002,1,True
2017-07-01,VNM,GBR,0.0017,1,True
2017-08-01,VNM,GBR,0.0023,1,True
2017-09-01,VNM,GBR,0.0045,1,True
2017-10-01,VNM,GBR,0.0047,1,True
2017-11-01,VNM,GBR,0.013,1,True
2017-12-01,VNM,GBR,0.1061,1,False
2018-01-01,VNM,GBR,0.2214,3,False
2018-02-01,VNM,GBR,0.2578,3,False
2018-03-01,VNM,GBR,0.3654,3,False
2018-04-01,VNM,GBR,0.6628,3,False
2018-05-01,VNM,GBR,0.4119,1,False
2018-06-01,VNM,GBR,0.7767,3,False
2018-07-01,VNM,GBR,0.6747,4,False
2018-08-01,VNM,GBR,0.5754,3,False
2018-09-01,VNM,GBR,0.5058,3,False
2018-10-01,VNM,GBR,0.6674,3,False
2018-11-01,VNM,GBR,0.6653,3,False
2018-12-01,VNM,GBR,0.615,3,False
2019-01-01,VNM,GBR,0.5143,3,False
2019-02-01,VNM,GBR,0.643,3,False
2019-03-01,VNM,GBR,0.5103,3,False
2019-04-01,VNM,GBR,0.5175,3,False
2019-05-01,VNM,GBR,0.5691,3,False
2019-06-01,VNM,GBR,0.5933,3,False
2019-07-01,VNM,GBR,0.36,1,False
2019-08-01,VNM,GBR,0.17,1,False
2019-09-01,VNM,GBR,0.203,1,False
2019-10-01,VNM,GBR,0.0862,1,False
2019-11-01,VNM,GBR,0.1228,1,False
2019-12-01,VNM,GBR,0.3645,1,False
2020-01-01,VNM,GBR,0.6895,1,False
2020-02-01,VNM,GBR,0.2992,1,False
2020-03-01,VNM,GBR,0.4237,2,False
2020-04-01,VNM,GBR,0.657,1,False
2020-05-01,VNM,GBR,0.7474,3,False
2020-06-01,VNM,GBR,0.5597,3,False
2020-07-01,VNM,GBR,0.7162,3,False
2020-08-01,VNM,GBR,0.3986,4,False
2020-09-01,VNM,GBR,0.0569,3,False
2020-10-01,VNM,GBR,0.0533,3,False
2020-11-01,VNM,GBR,0.0579,3,False
2020-12-01,VNM,GBR,0.0511,1,False
2021-01-01,VNM,GBR,0.0819,3,False
2021-02-01,VNM,GBR,0.1568,1,False
2021-03-01,VNM,GBR,0.1015,1,False
2021-04-01,VNM,GBR,0.1772,3,False
2021-05-01,VNM,GBR,0.4858,4,False
2021-06-01,VNM,GBR,0.1347,4,False
2021-07-01,VNM,GBR,0.1594,4,False
2021-08-01,VNM,GBR,0.172,4,False
2021-09-01,VNM,GBR,0.0334,2,True
2021-10-01,VNM,GBR,0.0334,2,True
2021-11-01,VNM,GBR,0.0306,2,True
2021-12-01,VNM,GBR,0.0151,2,True
2022-01-01,VNM,GBR,0.0288,4,True
2022-02-01,VNM,GBR,0.0767,4,False
2022-03-01,VNM,GBR,0.0687,2,False
2022-04-01,VNM,GBR,0.034,4,True
2022-05-01,VNM,GBR,0.0518,4,False
2022-06-01,VNM,GBR,0.0431,4,True
2022-07-01,VNM,GBR,0.0375,4,True
2022-08-01,VNM,GBR,0.037,4,True
2022-09-01,VNM,GBR,0.1075,1,False
2022-10-01,VNM,GBR,0.0678,4,False
2022-11-01,VNM,GBR,0.0562,4,False
2022-12-01,VNM,GBR,0.0471,4,True
2023-01-01,VNM,GBR,0.0447,2,True
2023-02-01,VNM,GBR,0.0369,2,True
2023-03-01,VNM,GBR,0.0282,2,True
2023-04-01,VNM,GBR,0.0223,2,True
2023-05-01,VNM,GBR,0.0912,3,False
2023-06-01,VNM,GBR,0.0571,2,False
2023-07-01,VNM,GBR,0.1239,2,False
2023-08-01,VNM,GBR,0.0608,2,False
2023-09-01,VNM,GBR,0.0669,2,False
2023-10-01,VNM,GBR,0.1103,1,False
2023-11-01,VNM,GBR,0.0396,2,True
2023-12-01,VNM,GBR,0.0464,2,True
2024-01-01,VNM,GBR,0.0516,3,False
2024-02-01,VNM,GBR,0.0497,2,True
2024-03-01,VNM,GBR,0.0351,2,True
2024-04-01,VNM,GBR,0.0449,2,True
2024-05-01,VNM,GBR,0.0194,2,True
2024-06-01,VNM,GBR,0.0199,2,True
2024-07-01,VNM,GBR,0.016,1,True
2024-08-01,VNM,GBR,0.0238,1,True
2024-09-01,VNM,GBR,0.0234,3,True
2024-10-01,VNM,GBR,0.0149,2,True
2024-11-01,VNM,GBR,0.0141,2,True
2024-12-01,VNM,GBR,0.0186,2,True
2025-01-01,VNM,GBR,0.0336,2,True
2025-02-01,VNM,GBR,0.0642,2,False
2025-03-01,VNM,GBR,0.1202,4,False
2025-04-01,VNM,GBR,0.1707,2,False
2025-05-01,VNM,GBR,0.1874,4,False
2025-06-01,VNM,GBR,0.1499,4,False
2025-07-01,VNM,GBR,0.1556,1,False
2025-08-01,VNM,GBR,0.1502,2,False
2025-09-01,VNM,GBR,0.1179,1,False
2025-10-01,VNM,GBR,0.2111,4,False
2025-11-01,VNM,GBR,0.3548,4,False
2025-12-01,VNM,GBR,0.309,4,False
2026-01-01,VNM,GBR,0.4252,4,False
2026-02-01,VNM,GBR,0.4016,2,False
2026-03-01,VNM,GBR,0.3626,2,False
2015-01-01,VNM,USA,0.4216,1,False
2015-02-01,VNM,USA,0.3277,1,False
2015-03-01,VNM,USA,0.3235,1,False
2015-04-01,VNM,USA,0.3018,1,False
2015-05-01,VNM,USA,0.1986,1,False
2015-06-01,VNM,USA,0.2013,1,False
2015-07-01,VNM,USA,0.1553,1,False
2015-08-01,VNM,USA,0.2395,1,False
2015-09-01,VNM,USA,0.3465,1,False
2015-10-01,VNM,USA,0.2597,2,False
2015-11-01,VNM,USA,0.325,1,False
2015-12-01,VNM,USA,0.3986,2,False
2016-01-01,VNM,USA,0.5013,4,False
2016-02-01,VNM,USA,0.6565,2,False
2016-03-01,VNM,USA,0.3062,2,False
2016-04-01,VNM,USA,0.5798,1,False
2016-05-01,VNM,USA,0.8543,4,False
2016-06-01,VNM,USA,0.7803,4,False
2016-07-01,VNM,USA,0.7092,1,False
2016-08-01,VNM,USA,0.7857,2,False
2016-09-01,VNM,USA,0.8346,2,False
2016-10-01,VNM,USA,0.8527,4,False
2016-11-01,VNM,USA,0.5477,1,False
2016-12-01,VNM,USA,0.3215,1,False
2017-01-01,VNM,USA,0.176,1,False
2017-02-01,VNM,USA,0.1517,4,False
2017-03-01,VNM,USA,0.0415,1,True
2017-04-01,VNM,USA,0.0115,1,True
2017-05-01,VNM,USA,0.0061,1,True
2017-06-01,VNM,USA,0.0068,1,True
2017-07-01,VNM,USA,0.0056,1,True
2017-08-01,VNM,USA,0.0069,1,True
2017-09-01,VNM,USA,0.0037,1,True
2017-10-01,VNM,USA,0.0022,1,True
2017-11-01,VNM,USA,0.0045,1,True
2017-12-01,VNM,USA,0.0274,1,True
2018-01-01,VNM,USA,0.4264,1,False
2018-02-01,VNM,USA,0.3512,1,False
2018-03-01,VNM,USA,0.4209,1,False
2018-04-01,VNM,USA,0.5105,3,False
2018-05-01,VNM,USA,0.5499,4,False
2018-06-01,VNM,USA,0.1816,4,False
2018-07-01,VNM,USA,0.1179,4,False
2018-08-01,VNM,USA,0.0765,2,False
2018-09-01,VNM,USA,0.0439,2,True
2018-10-01,VNM,USA,0.0316,2,True
2018-11-01,VNM,USA,0.042,1,True
2018-12-01,VNM,USA,0.0187,2,True
2019-01-01,VNM,USA,0.0135,1,True
2019-02-01,VNM,USA,0.0987,3,False
2019-03-01,VNM,USA,0.0888,2,False
2019-04-01,VNM,USA,0.071,2,False
2019-05-01,VNM,USA,0.1758,1,False
2019-06-01,VNM,USA,0.3491,1,False
2019-07-01,VNM,USA,0.8225,2,False
2019-08-01,VNM,USA,0.7054,2,False
2019-09-01,VNM,USA,0.8537,1,False
2019-10-01,VNM,USA,0.7317,4,False
2019-11-01,VNM,USA,0.571,4,False
2019-12-01,VNM,USA,0.5188,3,False
2020-01-01,VNM,USA,0.3935,2,False
2020-02-01,VNM,USA,0.4134,4,False
2020-03-01,VNM,USA,0.3988,4,False
2020-04-01,VNM,USA,0.1597,2,False
2020-05-01,VNM,USA,0.0913,2,False
2020-06-01,VNM,USA,0.0761,2,False
2020-07-01,VNM,USA,0.0716,2,False
2020-08-01,VNM,USA,0.0193,2,True
2020-09-01,VNM,USA,0.0286,3,True
2020-10-01,VNM,USA,0.0185,2,True
2020-11-01,VNM,USA,0.0102,2,True
2020-12-01,VNM,USA,0.0118,2,True
2021-01-01,VNM,USA,0.0335,2,True
2021-02-01,VNM,USA,0.0348,2,True
2021-03-01,VNM,USA,0.1215,2,False
2021-04-01,VNM,USA,0.4835,1,False
2021-05-01,VNM,USA,0.0318,1,True
2021-06-01,VNM,USA,0.0103,1,True
2021-07-01,VNM,USA,0.0088,1,True
2021-08-01,VNM,USA,0.0176,1,True
2021-09-01,VNM,USA,0.0265,1,True
2021-10-01,VNM,USA,0.023,1,True
2021-11-01,VNM,USA,0.0195,1,True
2021-12-01,VNM,USA,0.0196,1,True
2022-01-01,VNM,USA,0.0312,1,True
2022-02-01,VNM,USA,0.0325,1,True
2022-03-01,VNM,USA,0.0217,1,True
2022-04-01,VNM,USA,0.0206,1,True
2022-05-01,VNM,USA,0.0144,1,True
2022-06-01,VNM,USA,0.0172,1,True
2022-07-01,VNM,USA,0.0158,1,True
2022-08-01,VNM,USA,0.0081,1,True
2022-09-01,VNM,USA,0.0056,1,True
2022-10-01,VNM,USA,0.0042,1,True
2022-11-01,VNM,USA,0.0008,1,True
2022-12-01,VNM,USA,0.0002,1,True
2023-01-01,VNM,USA,0.0001,1,True
2023-02-01,VNM,USA,0.0001,1,True
2023-03-01,VNM,USA,0.0001,1,True
2023-04-01,VNM,USA,0.0003,1,True
2023-05-01,VNM,USA,0.0008,1,True
2023-06-01,VNM,USA,0.0,1,True
2023-07-01,VNM,USA,0.0,1,True
2023-08-01,VNM,USA,0.0,1,True
2023-09-01,VNM,USA,0.0002,1,True
2023-10-01,VNM,USA,0.0002,1,True
2023-11-01,VNM,USA,0.0001,1,True
2023-12-01,VNM,USA,0.0001,1,True
2024-01-01,VNM,USA,0.0,1,True
2024-02-01,VNM,USA,0.0,1,True
2024-03-01,VNM,USA,0.0,1,True
2024-04-01,VNM,USA,0.0005,1,True
2024-05-01,VNM,USA,0.001,1,True
2024-06-01,VNM,USA,0.0014,1,True
2024-07-01,VNM,USA,0.0008,1,True
2024-08-01,VNM,USA,0.0007,1,True
2024-09-01,VNM,USA,0.0007,1,True
2024-10-01,VNM,USA,0.003,1,True
2024-11-01,VNM,USA,0.0156,1,True
2024-12-01,VNM,USA,0.031,1,True
2025-01-01,VNM,USA,0.0798,1,False
2025-02-01,VNM,USA,0.2025,1,False
2025-03-01,VNM,USA,0.4964,2,False
2025-04-01,VNM,USA,0.4818,1,False
2025-05-01,VNM,USA,0.7619,1,False
2025-06-01,VNM,USA,0.9,3,False
2025-07-01,VNM,USA,0.8772,3,False
2025-08-01,VNM,USA,0.7802,4,False
2025-09-01,VNM,USA,0.6993,3,False
2025-10-01,VNM,USA,0.753,3,False
2025-11-01,VNM,USA,0.8851,1,False
2025-12-01,VNM,USA,0.701,1,False
2026-01-01,VNM,USA,0.6171,4,False
2026-02-01,VNM,USA,0.432,1,False
2026-03-01,VNM,USA,0.3634,2,False
2015-01-01,VNM,DEU,0.0117,1,True
2015-02-01,VNM,DEU,0.0581,1,False
2015-03-01,VNM,DEU,0.037,1,True
2015-04-01,VNM,DEU,0.0326,1,True
2015-05-01,VNM,DEU,0.0384,3,True
2015-06-01,VNM,DEU,0.1592,3,False
2015-07-01,VNM,DEU,0.1236,3,False
2015-08-01,VNM,DEU,0.3672,3,False
2015-09-01,VNM,DEU,0.3842,4,False
2015-10-01,VNM,DEU,0.2837,4,False
2015-11-01,VNM,DEU,0.3271,4,False
2015-12-01,VNM,DEU,0.2494,4,False
2016-01-01,VNM,DEU,0.0326,4,True
2016-02-01,VNM,DEU,0.0701,4,False
2016-03-01,VNM,DEU,0.0815,4,False
2016-04-01,VNM,DEU,0.1412,4,False
2016-05-01,VNM,DEU,0.0681,4,False
2016-06-01,VNM,DEU,0.0697,4,False
2016-07-01,VNM,DEU,0.1009,2,False
2016-08-01,VNM,DEU,0.0568,4,False
2016-09-01,VNM,DEU,0.0436,4,True
2016-10-01,VNM,DEU,0.0445,4,True
2016-11-01,VNM,DEU,0.0445,4,True
2016-12-01,VNM,DEU,0.075,4,False
2017-01-01,VNM,DEU,0.1192,4,False
2017-02-01,VNM,DEU,0.2297,4,False
2017-03-01,VNM,DEU,0.1177,4,False
2017-04-01,VNM,DEU,0.0853,4,False
2017-05-01,VNM,DEU,0.0663,3,False
2017-06-01,VNM,DEU,0.0474,4,True
2017-07-01,VNM,DEU,0.0383,4,True
2017-08-01,VNM,DEU,0.0306,4,True
2017-09-01,VNM,DEU,0.0105,4,True
2017-10-01,VNM,DEU,0.0042,4,True
2017-11-01,VNM,DEU,0.0006,4,True
2017-12-01,VNM,DEU,0.0003,4,True
2018-01-01,VNM,DEU,0.0003,3,True
2018-02-01,VNM,DEU,0.0001,2,True
2018-03-01,VNM,DEU,0.0042,2,True
2018-04-01,VNM,DEU,0.0056,1,True
2018-05-01,VNM,DEU,0.0145,1,True
2018-06-01,VNM,DEU,0.0029,1,True
2018-07-01,VNM,DEU,0.002,1,True
2018-08-01,VNM,DEU,0.0022,1,True
2018-09-01,VNM,DEU,0.0029,1,True
2018-10-01,VNM,DEU,0.0005,1,True
2018-11-01,VNM,DEU,0.0258,1,True
2018-12-01,VNM,DEU,0.0205,1,True
2019-01-01,VNM,DEU,0.0117,1,True
2019-02-01,VNM,DEU,0.0313,1,True
2019-03-01,VNM,DEU,0.0324,1,True
2019-04-01,VNM,DEU,0.0676,1,False
2019-05-01,VNM,DEU,0.0343,1,True
2019-06-01,VNM,DEU,0.0675,1,False
2019-07-01,VNM,DEU,0.0989,1,False
2019-08-01,VNM,DEU,0.2955,1,False
2019-09-01,VNM,DEU,0.5005,1,False
2019-10-01,VNM,DEU,0.7956,1,False
2019-11-01,VNM,DEU,0.7914,3,False
2019-12-01,VNM,DEU,0.6002,2,False
2020-01-01,VNM,DEU,0.3875,2,False
2020-02-01,VNM,DEU,0.5792,2,False
2020-03-01,VNM,DEU,0.5211,4,False
2020-04-01,VNM,DEU,0.4891,1,False
2020-05-01,VNM,DEU,0.3177,4,False
2020-06-01,VNM,DEU,0.2636,3,False
2020-07-01,VNM,DEU,0.2242,3,False
2020-08-01,VNM,DEU,0.0687,1,False
2020-09-01,VNM,DEU,0.0271,1,True
2020-10-01,VNM,DEU,0.0195,1,True
2020-11-01,VNM,DEU,0.0172,1,True
2020-12-01,VNM,DEU,0.0138,1,True
2021-01-01,VNM,DEU,0.0139,1,True
2021-02-01,VNM,DEU,0.2733,1,False
2021-03-01,VNM,DEU,0.5568,1,False
2021-04-01,VNM,DEU,0.7808,3,False
2021-05-01,VNM,DEU,0.5185,1,False
2021-06-01,VNM,DEU,0.3906,1,False
2021-07-01,VNM,DEU,0.4034,1,False
2021-08-01,VNM,DEU,0.1672,1,False
2021-09-01,VNM,DEU,0.1068,1,False
2021-10-01,VNM,DEU,0.0544,1,False
2021-11-01,VNM,DEU,0.0363,1,True
2021-12-01,VNM,DEU,0.0195,1,True
2022-01-01,VNM,DEU,0.0455,1,True
2022-02-01,VNM,DEU,0.0844,1,False
2022-03-01,VNM,DEU,0.0982,1,False
2022-04-01,VNM,DEU,0.1041,1,False
2022-05-01,VNM,DEU,0.1861,1,False
2022-06-01,VNM,DEU,0.1869,1,False
2022-07-01,VNM,DEU,0.1592,1,False
2022-08-01,VNM,DEU,0.1743,1,False
2022-09-01,VNM,DEU,0.1953,1,False
2022-10-01,VNM,DEU,0.3416,4,False
2022-11-01,VNM,DEU,0.369,4,False
2022-12-01,VNM,DEU,0.2688,1,False
2023-01-01,VNM,DEU,0.1983,1,False
2023-02-01,VNM,DEU,0.196,1,False
2023-03-01,VNM,DEU,0.2413,1,False
2023-04-01,VNM,DEU,0.343,1,False
2023-05-01,VNM,DEU,0.4209,2,False
2023-06-01,VNM,DEU,0.2218,1,False
2023-07-01,VNM,DEU,0.5037,1,False
2023-08-01,VNM,DEU,0.484,1,False
2023-09-01,VNM,DEU,0.5372,1,False
2023-10-01,VNM,DEU,0.1235,4,False
2023-11-01,VNM,DEU,0.1051,4,False
2023-12-01,VNM,DEU,0.0982,2,False
2024-01-01,VNM,DEU,0.1328,4,False
2024-02-01,VNM,DEU,0.0763,4,False
2024-03-01,VNM,DEU,0.0579,4,False
2024-04-01,VNM,DEU,0.0738,4,False
2024-05-01,VNM,DEU,0.0708,4,False
2024-06-01,VNM,DEU,0.0913,4,False
2024-07-01,VNM,DEU,0.0791,4,False
2024-08-01,VNM,DEU,0.1224,2,False
2024-09-01,VNM,DEU,0.097,2,False
2024-10-01,VNM,DEU,0.1138,4,False
2024-11-01,VNM,DEU,0.1236,2,False
2024-12-01,VNM,DEU,0.0637,2,False
2025-01-01,VNM,DEU,0.0705,2,False
2025-02-01,VNM,DEU,0.1079,1,False
2025-03-01,VNM,DEU,0.3627,2,False
2025-04-01,VNM,DEU,0.3801,4,False
2025-05-01,VNM,DEU,0.4308,2,False
2025-06-01,VNM,DEU,0.3046,4,False
2025-07-01,VNM,DEU,0.3622,3,False
2025-08-01,VNM,DEU,0.4379,4,False
2025-09-01,VNM,DEU,0.4503,4,False
2025-10-01,VNM,DEU,0.3066,4,False
2025-11-01,VNM,DEU,0.2955,4,False
2025-12-01,VNM,DEU,0.2737,4,False
2026-01-01,VNM,DEU,0.2739,4,False
2026-02-01,VNM,DEU,0.2609,4,False
2026-03-01,VNM,DEU,0.2642,4,False
2015-01-01,VNM,FRA,0.6388,1,False
2015-02-01,VNM,FRA,0.7168,1,False
2015-03-01,VNM,FRA,0.4741,1,False
2015-04-01,VNM,FRA,0.5144,1,False
2015-05-01,VNM,FRA,0.5548,1,False
2015-06-01,VNM,FRA,0.5488,3,False
2015-07-01,VNM,FRA,0.4812,3,False
2015-08-01,VNM,FRA,0.3328,3,False
2015-09-01,VNM,FRA,0.2388,2,False
2015-10-01,VNM,FRA,0.1977,1,False
2015-11-01,VNM,FRA,0.3529,2,False
2015-12-01,VNM,FRA,0.3006,2,False
2016-01-01,VNM,FRA,0.3276,4,False
2016-02-01,VNM,FRA,0.3759,4,False
2016-03-01,VNM,FRA,0.1213,2,False
2016-04-01,VNM,FRA,0.1302,1,False
2016-05-01,VNM,FRA,0.1719,1,False
2016-06-01,VNM,FRA,0.2444,1,False
2016-07-01,VNM,FRA,0.388,1,False
2016-08-01,VNM,FRA,0.4352,4,False
2016-09-01,VNM,FRA,0.4714,2,False
2016-10-01,VNM,FRA,0.5352,4,False
2016-11-01,VNM,FRA,0.4066,4,False
2016-12-01,VNM,FRA,0.688,4,False
2017-01-01,VNM,FRA,0.4646,4,False
2017-02-01,VNM,FRA,0.1546,1,False
2017-03-01,VNM,FRA,0.304,1,False
2017-04-01,VNM,FRA,0.2636,1,False
2017-05-01,VNM,FRA,0.2338,1,False
2017-06-01,VNM,FRA,0.4028,1,False
2017-07-01,VNM,FRA,0.3745,1,False
2017-08-01,VNM,FRA,0.4103,1,False
2017-09-01,VNM,FRA,0.4452,1,False
2017-10-01,VNM,FRA,0.3227,1,False
2017-11-01,VNM,FRA,0.2509,4,False
2017-12-01,VNM,FRA,0.1125,2,False
2018-01-01,VNM,FRA,0.0464,2,True
2018-02-01,VNM,FRA,0.0357,3,True
2018-03-01,VNM,FRA,0.0087,2,True
2018-04-01,VNM,FRA,0.0057,2,True
2018-05-01,VNM,FRA,0.0032,4,True
2018-06-01,VNM,FRA,0.0042,4,True
2018-07-01,VNM,FRA,0.0125,1,True
2018-08-01,VNM,FRA,0.0411,1,True
2018-09-01,VNM,FRA,0.0334,2,True
2018-10-01,VNM,FRA,0.0251,1,True
2018-11-01,VNM,FRA,0.0283,2,True
2018-12-01,VNM,FRA,0.0098,1,True
2019-01-01,VNM,FRA,0.0055,1,True
2019-02-01,VNM,FRA,0.0179,1,True
2019-03-01,VNM,FRA,0.0205,1,True
2019-04-01,VNM,FRA,0.0361,1,True
2019-05-01,VNM,FRA,0.027,1,True
2019-06-01,VNM,FRA,0.0597,1,False
2019-07-01,VNM,FRA,0.0374,1,True
2019-08-01,VNM,FRA,0.0609,1,False
2019-09-01,VNM,FRA,0.066,1,False
2019-10-01,VNM,FRA,0.07,2,False
2019-11-01,VNM,FRA,0.0638,2,False
2019-12-01,VNM,FRA,0.0615,2,False
2020-01-01,VNM,FRA,0.0624,1,False
2020-02-01,VNM,FRA,0.093,1,False
2020-03-01,VNM,FRA,0.082,1,False
2020-04-01,VNM,FRA,0.0258,1,True
2020-05-01,VNM,FRA,0.0283,1,True
2020-06-01,VNM,FRA,0.0311,1,True
2020-07-01,VNM,FRA,0.0266,1,True
2020-08-01,VNM,FRA,0.0471,3,True
2020-09-01,VNM,FRA,0.0061,1,True
2020-10-01,VNM,FRA,0.0024,3,True
2020-11-01,VNM,FRA,0.0059,1,True
2020-12-01,VNM,FRA,0.0101,1,True
2021-01-01,VNM,FRA,0.0116,1,True
2021-02-01,VNM,FRA,0.0882,1,False
2021-03-01,VNM,FRA,0.1882,1,False
2021-04-01,VNM,FRA,0.5342,1,False
2021-05-01,VNM,FRA,0.6143,3,False
2021-06-01,VNM,FRA,0.5928,3,False
2021-07-01,VNM,FRA,0.56,3,False
2021-08-01,VNM,FRA,0.53,3,False
2021-09-01,VNM,FRA,0.4242,2,False
2021-10-01,VNM,FRA,0.2987,1,False
2021-11-01,VNM,FRA,0.1407,1,False
2021-12-01,VNM,FRA,0.1219,1,False
2022-01-01,VNM,FRA,0.1822,1,False
2022-02-01,VNM,FRA,0.178,1,False
2022-03-01,VNM,FRA,0.1969,1,False
2022-04-01,VNM,FRA,0.2053,1,False
2022-05-01,VNM,FRA,0.2146,2,False
2022-06-01,VNM,FRA,0.2217,1,False
2022-07-01,VNM,FRA,0.2728,2,False
2022-08-01,VNM,FRA,0.3006,2,False
2022-09-01,VNM,FRA,0.1941,4,False
2022-10-01,VNM,FRA,0.1084,3,False
2022-11-01,VNM,FRA,0.085,2,False
2022-12-01,VNM,FRA,0.0646,2,False
2023-01-01,VNM,FRA,0.0412,2,True
2023-02-01,VNM,FRA,0.0458,2,True
2023-03-01,VNM,FRA,0.0264,2,True
2023-04-01,VNM,FRA,0.022,2,True
2023-05-01,VNM,FRA,0.0131,3,True
2023-06-01,VNM,FRA,0.0095,2,True
2023-07-01,VNM,FRA,0.0296,2,True
2023-08-01,VNM,FRA,0.026,2,True
2023-09-01,VNM,FRA,0.0436,2,True
2023-10-01,VNM,FRA,0.062,2,False
2023-11-01,VNM,FRA,0.0131,2,True
2023-12-01,VNM,FRA,0.004,2,True
2024-01-01,VNM,FRA,0.0055,2,True
2024-02-01,VNM,FRA,0.0593,2,False
2024-03-01,VNM,FRA,0.0609,2,False
2024-04-01,VNM,FRA,0.0222,2,True
2024-05-01,VNM,FRA,0.0347,2,True
2024-06-01,VNM,FRA,0.0584,2,False
2024-07-01,VNM,FRA,0.0754,2,False
2024-08-01,VNM,FRA,0.0889,3,False
2024-09-01,VNM,FRA,0.0534,2,False
2024-10-01,VNM,FRA,0.0256,2,True
2024-11-01,VNM,FRA,0.0224,2,True
2024-12-01,VNM,FRA,0.0147,2,True
2025-01-01,VNM,FRA,0.0277,1,True
2025-02-01,VNM,FRA,0.1355,1,False
2025-03-01,VNM,FRA,0.2845,2,False
2025-04-01,VNM,FRA,0.2856,4,False
2025-05-01,VNM,FRA,0.2194,3,False
2025-06-01,VNM,FRA,0.2579,3,False
2025-07-01,VNM,FRA,0.4868,4,False
2025-08-01,VNM,FRA,0.4237,4,False
2025-09-01,VNM,FRA,0.4014,4,False
2025-10-01,VNM,FRA,0.2377,4,False
2025-11-01,VNM,FRA,0.3328,4,False
2025-12-01,VNM,FRA,0.3197,4,False
2026-01-01,VNM,FRA,0.3288,4,False
2026-02-01,VNM,FRA,0.4163,4,False
2026-03-01,VNM,FRA,0.2754,4,False
2015-01-01,VNM,JPN,0.0131,1,True
2015-02-01,VNM,JPN,0.0119,1,True
2015-03-01,VNM,JPN,0.0131,1,True
2015-04-01,VNM,JPN,0.0143,1,True
2015-05-01,VNM,JPN,0.5694,1,False
2015-06-01,VNM,JPN,0.8695,4,False
2015-07-01,VNM,JPN,0.6337,1,False
2015-08-01,VNM,JPN,0.4721,1,False
2015-09-01,VNM,JPN,0.4043,1,False
2015-10-01,VNM,JPN,0.2865,1,False
2015-11-01,VNM,JPN,0.4647,1,False
2015-12-01,VNM,JPN,0.3161,1,False
2016-01-01,VNM,JPN,0.2131,1,False
2016-02-01,VNM,JPN,0.0504,1,False
2016-03-01,VNM,JPN,0.0235,1,True
2016-04-01,VNM,JPN,0.0105,1,True
2016-05-01,VNM,JPN,0.008,1,True
2016-06-01,VNM,JPN,0.0111,1,True
2016-07-01,VNM,JPN,0.0226,1,True
2016-08-01,VNM,JPN,0.0179,1,True
2016-09-01,VNM,JPN,0.0188,1,True
2016-10-01,VNM,JPN,0.0162,1,True
2016-11-01,VNM,JPN,0.0211,1,True
2016-12-01,VNM,JPN,0.0006,4,True
2017-01-01,VNM,JPN,0.0002,3,True
2017-02-01,VNM,JPN,0.0,2,True
2017-03-01,VNM,JPN,0.0,1,True
2017-04-01,VNM,JPN,0.0892,1,False
2017-05-01,VNM,JPN,0.0966,1,False
2017-06-01,VNM,JPN,0.087,1,False
2017-07-01,VNM,JPN,0.0707,1,False
2017-08-01,VNM,JPN,0.0452,1,True
2017-09-01,VNM,JPN,0.0371,1,True
2017-10-01,VNM,JPN,0.0418,1,True
2017-11-01,VNM,JPN,0.0268,2,True
2017-12-01,VNM,JPN,0.0169,2,True
2018-01-01,VNM,JPN,0.0129,2,True
2018-02-01,VNM,JPN,0.0152,2,True
2018-03-01,VNM,JPN,0.0138,1,True
2018-04-01,VNM,JPN,0.0221,2,True
2018-05-01,VNM,JPN,0.0401,2,True
2018-06-01,VNM,JPN,0.0334,2,True
2018-07-01,VNM,JPN,0.0428,2,True
2018-08-01,VNM,JPN,0.0353,2,True
2018-09-01,VNM,JPN,0.0309,2,True
2018-10-01,VNM,JPN,0.0351,1,True
2018-11-01,VNM,JPN,0.0392,2,True
2018-12-01,VNM,JPN,0.021,3,True
2019-01-01,VNM,JPN,0.0043,2,True
2019-02-01,VNM,JPN,0.0072,2,True
2019-03-01,VNM,JPN,0.0199,2,True
2019-04-01,VNM,JPN,0.0267,2,True
2019-05-01,VNM,JPN,0.0155,2,True
2019-06-01,VNM,JPN,0.0516,2,False
2019-07-01,VNM,JPN,0.1095,2,False
2019-08-01,VNM,JPN,0.1766,3,False
2019-09-01,VNM,JPN,0.2781,2,False
2019-10-01,VNM,JPN,0.2393,2,False
2019-11-01,VNM,JPN,0.2406,1,False
2019-12-01,VNM,JPN,0.2776,2,False
2020-01-01,VNM,JPN,0.2989,4,False
2020-02-01,VNM,JPN,0.1799,4,False
2020-03-01,VNM,JPN,0.1738,4,False
2020-04-01,VNM,JPN,0.1832,4,False
2020-05-01,VNM,JPN,0.1096,4,False
2020-06-01,VNM,JPN,0.0876,4,False
2020-07-01,VNM,JPN,0.1667,3,False
2020-08-01,VNM,JPN,0.0966,2,False
2020-09-01,VNM,JPN,0.0741,1,False
2020-10-01,VNM,JPN,0.0344,2,True
2020-11-01,VNM,JPN,0.0152,3,True
2020-12-01,VNM,JPN,0.0061,3,True
2021-01-01,VNM,JPN,0.007,3,True
2021-02-01,VNM,JPN,0.0118,3,True
2021-03-01,VNM,JPN,0.0102,2,True
2021-04-01,VNM,JPN,0.0174,3,True
2021-05-01,VNM,JPN,0.0075,2,True
2021-06-01,VNM,JPN,0.0108,3,True
2021-07-01,VNM,JPN,0.0172,3,True
2021-08-01,VNM,JPN,0.006,3,True
2021-09-01,VNM,JPN,0.0107,2,True
2021-10-01,VNM,JPN,0.0244,2,True
2021-11-01,VNM,JPN,0.0332,3,True
2021-12-01,VNM,JPN,0.0511,3,False
2022-01-01,VNM,JPN,0.0834,2,False
2022-02-01,VNM,JPN,0.2447,1,False
2022-03-01,VNM,JPN,0.499,2,False
2022-04-01,VNM,JPN,0.3621,2,False
2022-05-01,VNM,JPN,0.3717,2,False
2022-06-01,VNM,JPN,0.3738,2,False
2022-07-01,VNM,JPN,0.2046,4,False
2022-08-01,VNM,JPN,0.1408,4,False
2022-09-01,VNM,JPN,0.104,4,False
2022-10-01,VNM,JPN,0.2008,4,False
2022-11-01,VNM,JPN,0.1655,2,False
2022-12-01,VNM,JPN,0.2052,2,False
2023-01-01,VNM,JPN,0.2867,2,False
2023-02-01,VNM,JPN,0.199,3,False
2023-03-01,VNM,JPN,0.1335,2,False
2023-04-01,VNM,JPN,0.1178,2,False
2023-05-01,VNM,JPN,0.1882,2,False
2023-06-01,VNM,JPN,0.165,2,False
2023-07-01,VNM,JPN,0.1894,2,False
2023-08-01,VNM,JPN,0.1842,2,False
2023-09-01,VNM,JPN,0.102,2,False
2023-10-01,VNM,JPN,0.0933,2,False
2023-11-01,VNM,JPN,0.0766,2,False
2023-12-01,VNM,JPN,0.0834,1,False
2024-01-01,VNM,JPN,0.0789,2,False
2024-02-01,VNM,JPN,0.1727,1,False
2024-03-01,VNM,JPN,0.171,1,False
2024-04-01,VNM,JPN,0.1224,1,False
2024-05-01,VNM,JPN,0.116,1,False
2024-06-01,VNM,JPN,0.1132,1,False
2024-07-01,VNM,JPN,0.0786,1,False
2024-08-01,VNM,JPN,0.151,1,False
2024-09-01,VNM,JPN,0.1796,1,False
2024-10-01,VNM,JPN,0.1779,1,False
2024-11-01,VNM,JPN,0.4178,1,False
2024-12-01,VNM,JPN,0.6227,1,False
2025-01-01,VNM,JPN,0.6817,1,False
2025-02-01,VNM,JPN,0.4317,1,False
2025-03-01,VNM,JPN,0.3771,1,False
2025-04-01,VNM,JPN,0.502,1,False
2025-05-01,VNM,JPN,0.5086,3,False
2025-06-01,VNM,JPN,0.5096,2,False
2025-07-01,VNM,JPN,0.6466,3,False
2025-08-01,VNM,JPN,0.6548,3,False
2025-09-01,VNM,JPN,0.7913,1,False
2025-10-01,VNM,JPN,0.8883,1,False
2025-11-01,VNM,JPN,0.6452,1,False
2025-12-01,VNM,JPN,0.6446,1,False
2026-01-01,VNM,JPN,0.4642,1,False
2026-02-01,VNM,JPN,0.155,1,False
2026-03-01,VNM,JPN,0.1594,1,False
2015-01-01,IDN,IND,0.0095,1,True
2015-02-01,IDN,IND,0.0761,1,False
2015-03-01,IDN,IND,0.0925,1,False
2015-04-01,IDN,IND,0.187,1,False
2015-05-01,IDN,IND,0.1824,1,False
2015-06-01,IDN,IND,0.1769,1,False
2015-07-01,IDN,IND,0.1685,1,False
2015-08-01,IDN,IND,0.0908,2,False
2015-09-01,IDN,IND,0.0512,1,False
2015-10-01,IDN,IND,0.1287,1,False
2015-11-01,IDN,IND,0.2678,1,False
2015-12-01,IDN,IND,0.3803,4,False
2016-01-01,IDN,IND,0.4409,3,False
2016-02-01,IDN,IND,0.657,1,False
2016-03-01,IDN,IND,0.5826,1,False
2016-04-01,IDN,IND,0.514,1,False
2016-05-01,IDN,IND,0.7697,1,False
2016-06-01,IDN,IND,0.8414,2,False
2016-07-01,IDN,IND,0.9036,3,False
2016-08-01,IDN,IND,0.7317,4,False
2016-09-01,IDN,IND,0.7436,4,False
2016-10-01,IDN,IND,0.6758,1,False
2016-11-01,IDN,IND,0.3191,1,False
2016-12-01,IDN,IND,0.1374,1,False
2017-01-01,IDN,IND,0.1126,1,False
2017-02-01,IDN,IND,0.0992,1,False
2017-03-01,IDN,IND,0.1138,1,False
2017-04-01,IDN,IND,0.0915,1,False
2017-05-01,IDN,IND,0.0673,1,False
2017-06-01,IDN,IND,0.0669,1,False
2017-07-01,IDN,IND,0.0519,1,False
2017-08-01,IDN,IND,0.0486,1,True
2017-09-01,IDN,IND,0.0451,1,True
2017-10-01,IDN,IND,0.0323,1,True
2017-11-01,IDN,IND,0.0191,1,True
2017-12-01,IDN,IND,0.0384,1,True
2018-01-01,IDN,IND,0.0464,1,True
2018-02-01,IDN,IND,0.0684,1,False
2018-03-01,IDN,IND,0.0619,1,False
2018-04-01,IDN,IND,0.0544,1,False
2018-05-01,IDN,IND,0.0485,1,True
2018-06-01,IDN,IND,0.0361,2,True
2018-07-01,IDN,IND,0.012,1,True
2018-08-01,IDN,IND,0.0906,1,False
2018-09-01,IDN,IND,0.2184,1,False
2018-10-01,IDN,IND,0.714,1,False
2018-11-01,IDN,IND,0.9433,3,False
2018-12-01,IDN,IND,0.9402,1,False
2019-01-01,IDN,IND,0.8408,1,False
2019-02-01,IDN,IND,0.4367,4,False
2019-03-01,IDN,IND,0.5026,4,False
2019-04-01,IDN,IND,0.3692,4,False
2019-05-01,IDN,IND,0.6065,1,False
2019-06-01,IDN,IND,0.6277,4,False
2019-07-01,IDN,IND,0.4498,4,False
2019-08-01,IDN,IND,0.507,1,False
2019-09-01,IDN,IND,0.2084,1,False
2019-10-01,IDN,IND,0.186,1,False
2019-11-01,IDN,IND,0.1721,1,False
2019-12-01,IDN,IND,0.2724,1,False
2020-01-01,IDN,IND,0.4229,1,False
2020-02-01,IDN,IND,0.4223,1,False
2020-03-01,IDN,IND,0.3851,1,False
2020-04-01,IDN,IND,0.3409,1,False
2020-05-01,IDN,IND,0.4564,1,False
2020-06-01,IDN,IND,0.4464,1,False
2020-07-01,IDN,IND,0.43,1,False
2020-08-01,IDN,IND,0.4754,1,False
2020-09-01,IDN,IND,0.4464,1,False
2020-10-01,IDN,IND,0.3736,1,False
2020-11-01,IDN,IND,0.4258,1,False
2020-12-01,IDN,IND,0.2463,1,False
2021-01-01,IDN,IND,0.1521,1,False
2021-02-01,IDN,IND,0.0584,1,False
2021-03-01,IDN,IND,0.0749,1,False
2021-04-01,IDN,IND,0.0998,1,False
2021-05-01,IDN,IND,0.0612,2,False
2021-06-01,IDN,IND,0.045,1,True
2021-07-01,IDN,IND,0.0623,1,False
2021-08-01,IDN,IND,0.0545,1,False
2021-09-01,IDN,IND,0.0487,1,True
2021-10-01,IDN,IND,0.0384,1,True
2021-11-01,IDN,IND,0.0107,1,True
2021-12-01,IDN,IND,0.0045,1,True
2022-01-01,IDN,IND,0.0147,1,True
2022-02-01,IDN,IND,0.0153,1,True
2022-03-01,IDN,IND,0.0489,2,True
2022-04-01,IDN,IND,0.0729,2,False
2022-05-01,IDN,IND,0.0304,3,True
2022-06-01,IDN,IND,0.0191,2,True
2022-07-01,IDN,IND,0.0956,2,False
2022-08-01,IDN,IND,0.1227,2,False
2022-09-01,IDN,IND,0.1915,2,False
2022-10-01,IDN,IND,0.1808,3,False
2022-11-01,IDN,IND,0.1775,2,False
2022-12-01,IDN,IND,0.1549,1,False
2023-01-01,IDN,IND,0.0938,2,False
2023-02-01,IDN,IND,0.0679,2,False
2023-03-01,IDN,IND,0.0161,2,True
2023-04-01,IDN,IND,0.0199,2,True
2023-05-01,IDN,IND,0.0216,2,True
2023-06-01,IDN,IND,0.0392,2,True
2023-07-01,IDN,IND,0.0119,2,True
2023-08-01,IDN,IND,0.0043,2,True
2023-09-01,IDN,IND,0.0013,2,True
2023-10-01,IDN,IND,0.0011,2,True
2023-11-01,IDN,IND,0.0054,2,True
2023-12-01,IDN,IND,0.0231,2,True
2024-01-01,IDN,IND,0.1657,2,False
2024-02-01,IDN,IND,0.3883,2,False
2024-03-01,IDN,IND,0.4487,4,False
2024-04-01,IDN,IND,0.5385,3,False
2024-05-01,IDN,IND,0.3958,3,False
2024-06-01,IDN,IND,0.3642,3,False
2024-07-01,IDN,IND,0.2698,3,False
2024-08-01,IDN,IND,0.2768,3,False
2024-09-01,IDN,IND,0.2571,3,False
2024-10-01,IDN,IND,0.1834,3,False
2024-11-01,IDN,IND,0.21,3,False
2024-12-01,IDN,IND,0.1912,3,False
2025-01-01,IDN,IND,0.3695,3,False
2025-02-01,IDN,IND,0.2421,2,False
2025-03-01,IDN,IND,0.1111,2,False
2025-04-01,IDN,IND,0.0536,2,False
2025-05-01,IDN,IND,0.0575,2,False
2025-06-01,IDN,IND,0.0836,2,False
2025-07-01,IDN,IND,0.061,2,False
2025-08-01,IDN,IND,0.0849,2,False
2025-09-01,IDN,IND,0.0659,2,False
2025-10-01,IDN,IND,0.0603,2,False
2025-11-01,IDN,IND,0.07,2,False
2025-12-01,IDN,IND,0.0854,2,False
2026-01-01,IDN,IND,0.0874,2,False
2026-02-01,IDN,IND,0.0974,2,False
2026-03-01,IDN,IND,0.113,2,False
2015-01-01,IDN,CHN,0.0443,1,True
2015-02-01,IDN,CHN,0.0794,1,False
2015-03-01,IDN,CHN,0.1021,1,False
2015-04-01,IDN,CHN,0.2026,4,False
2015-05-01,IDN,CHN,0.1971,2,False
2015-06-01,IDN,CHN,0.1457,2,False
2015-07-01,IDN,CHN,0.107,2,False
2015-08-01,IDN,CHN,0.1457,2,False
2015-09-01,IDN,CHN,0.2693,2,False
2015-10-01,IDN,CHN,0.1602,2,False
2015-11-01,IDN,CHN,0.0594,1,False
2015-12-01,IDN,CHN,0.0218,2,True
2016-01-01,IDN,CHN,0.0181,1,True
2016-02-01,IDN,CHN,0.0163,1,True
2016-03-01,IDN,CHN,0.0676,1,False
2016-04-01,IDN,CHN,0.1594,1,False
2016-05-01,IDN,CHN,0.1321,1,False
2016-06-01,IDN,CHN,0.1104,1,False
2016-07-01,IDN,CHN,0.0949,1,False
2016-08-01,IDN,CHN,0.1717,1,False
2016-09-01,IDN,CHN,0.1341,1,False
2016-10-01,IDN,CHN,0.1247,1,False
2016-11-01,IDN,CHN,0.0793,1,False
2016-12-01,IDN,CHN,0.0803,1,False
2017-01-01,IDN,CHN,0.0436,1,True
2017-02-01,IDN,CHN,0.1501,1,False
2017-03-01,IDN,CHN,0.0919,1,False
2017-04-01,IDN,CHN,0.0716,1,False
2017-05-01,IDN,CHN,0.0672,1,False
2017-06-01,IDN,CHN,0.0432,1,True
2017-07-01,IDN,CHN,0.0313,1,True
2017-08-01,IDN,CHN,0.0113,1,True
2017-09-01,IDN,CHN,0.004,4,True
2017-10-01,IDN,CHN,0.003,3,True
2017-11-01,IDN,CHN,0.0023,2,True
2017-12-01,IDN,CHN,0.0025,1,True
2018-01-01,IDN,CHN,0.0105,1,True
2018-02-01,IDN,CHN,0.0147,1,True
2018-03-01,IDN,CHN,0.0172,1,True
2018-04-01,IDN,CHN,0.0087,3,True
2018-05-01,IDN,CHN,0.0017,2,True
2018-06-01,IDN,CHN,0.0051,1,True
2018-07-01,IDN,CHN,0.0311,1,True
2018-08-01,IDN,CHN,0.0116,1,True
2018-09-01,IDN,CHN,0.0355,1,True
2018-10-01,IDN,CHN,0.0657,1,False
2018-11-01,IDN,CHN,0.0999,3,False
2018-12-01,IDN,CHN,0.1467,3,False
2019-01-01,IDN,CHN,0.0565,1,False
2019-02-01,IDN,CHN,0.1905,1,False
2019-03-01,IDN,CHN,0.2797,1,False
2019-04-01,IDN,CHN,0.277,1,False
2019-05-01,IDN,CHN,0.2523,1,False
2019-06-01,IDN,CHN,0.2504,1,False
2019-07-01,IDN,CHN,0.2494,1,False
2019-08-01,IDN,CHN,0.3015,1,False
2019-09-01,IDN,CHN,0.2567,4,False
2019-10-01,IDN,CHN,0.0793,4,False
2019-11-01,IDN,CHN,0.0775,4,False
2019-12-01,IDN,CHN,0.1443,4,False
2020-01-01,IDN,CHN,0.1802,4,False
2020-02-01,IDN,CHN,0.2167,4,False
2020-03-01,IDN,CHN,0.1269,4,False
2020-04-01,IDN,CHN,0.1652,4,False
2020-05-01,IDN,CHN,0.2224,4,False
2020-06-01,IDN,CHN,0.1769,4,False
2020-07-01,IDN,CHN,0.0636,4,False
2020-08-01,IDN,CHN,0.1975,4,False
2020-09-01,IDN,CHN,0.3233,4,False
2020-10-01,IDN,CHN,0.3743,4,False
2020-11-01,IDN,CHN,0.3061,4,False
2020-12-01,IDN,CHN,0.2155,4,False
2021-01-01,IDN,CHN,0.1804,4,False
2021-02-01,IDN,CHN,0.2077,4,False
2021-03-01,IDN,CHN,0.1268,1,False
2021-04-01,IDN,CHN,0.057,1,False
2021-05-01,IDN,CHN,0.0201,1,True
2021-06-01,IDN,CHN,0.0119,1,True
2021-07-01,IDN,CHN,0.0204,1,True
2021-08-01,IDN,CHN,0.0182,1,True
2021-09-01,IDN,CHN,0.0276,1,True
2021-10-01,IDN,CHN,0.0362,1,True
2021-11-01,IDN,CHN,0.051,1,False
2021-12-01,IDN,CHN,0.012,1,True
2022-01-01,IDN,CHN,0.0565,1,False
2022-02-01,IDN,CHN,0.1209,1,False
2022-03-01,IDN,CHN,0.1105,1,False
2022-04-01,IDN,CHN,0.1678,1,False
2022-05-01,IDN,CHN,0.1264,1,False
2022-06-01,IDN,CHN,0.2795,1,False
2022-07-01,IDN,CHN,0.5648,1,False
2022-08-01,IDN,CHN,0.5182,1,False
2022-09-01,IDN,CHN,0.3632,1,False
2022-10-01,IDN,CHN,0.3256,1,False
2022-11-01,IDN,CHN,0.6202,3,False
2022-12-01,IDN,CHN,0.6061,1,False
2023-01-01,IDN,CHN,0.4659,3,False
2023-02-01,IDN,CHN,0.6288,1,False
2023-03-01,IDN,CHN,0.7384,1,False
2023-04-01,IDN,CHN,0.7988,1,False
2023-05-01,IDN,CHN,0.7831,1,False
2023-06-01,IDN,CHN,0.8328,1,False
2023-07-01,IDN,CHN,0.8318,3,False
2023-08-01,IDN,CHN,0.8334,3,False
2023-09-01,IDN,CHN,0.8291,1,False
2023-10-01,IDN,CHN,0.7455,1,False
2023-11-01,IDN,CHN,0.4436,2,False
2023-12-01,IDN,CHN,0.4541,2,False
2024-01-01,IDN,CHN,0.4226,4,False
2024-02-01,IDN,CHN,0.4534,2,False
2024-03-01,IDN,CHN,0.3984,2,False
2024-04-01,IDN,CHN,0.3347,3,False
2024-05-01,IDN,CHN,0.1662,2,False
2024-06-01,IDN,CHN,0.1533,2,False
2024-07-01,IDN,CHN,0.1633,2,False
2024-08-01,IDN,CHN,0.1084,2,False
2024-09-01,IDN,CHN,0.1148,2,False
2024-10-01,IDN,CHN,0.0985,2,False
2024-11-01,IDN,CHN,0.066,2,False
2024-12-01,IDN,CHN,0.068,2,False
2025-01-01,IDN,CHN,0.3025,2,False
2025-02-01,IDN,CHN,0.4396,2,False
2025-03-01,IDN,CHN,0.7163,3,False
2025-04-01,IDN,CHN,0.7065,2,False
2025-05-01,IDN,CHN,0.6835,2,False
2025-06-01,IDN,CHN,0.7857,2,False
2025-07-01,IDN,CHN,0.7016,3,False
2025-08-01,IDN,CHN,0.6453,4,False
2025-09-01,IDN,CHN,0.4727,3,False
2025-10-01,IDN,CHN,0.6266,3,False
2025-11-01,IDN,CHN,0.4746,1,False
2025-12-01,IDN,CHN,0.2434,1,False
2026-01-01,IDN,CHN,0.1811,1,False
2026-02-01,IDN,CHN,0.2613,1,False
2026-03-01,IDN,CHN,0.2816,1,False
2015-01-01,IDN,VNM,0.0007,1,True
2015-02-01,IDN,VNM,0.0014,1,True
2015-03-01,IDN,VNM,0.0031,1,True
2015-04-01,IDN,VNM,0.0065,1,True
2015-05-01,IDN,VNM,0.0712,1,False
2015-06-01,IDN,VNM,0.09,1,False
2015-07-01,IDN,VNM,0.0586,1,False
2015-08-01,IDN,VNM,0.0733,1,False
2015-09-01,IDN,VNM,0.2424,2,False
2015-10-01,IDN,VNM,0.163,1,False
2015-11-01,IDN,VNM,0.3933,1,False
2015-12-01,IDN,VNM,0.7848,1,False
2016-01-01,IDN,VNM,0.6017,1,False
2016-02-01,IDN,VNM,0.577,1,False
2016-03-01,IDN,VNM,0.6339,1,False
2016-04-01,IDN,VNM,0.3729,1,False
2016-05-01,IDN,VNM,0.2309,1,False
2016-06-01,IDN,VNM,0.1841,1,False
2016-07-01,IDN,VNM,0.2173,1,False
2016-08-01,IDN,VNM,0.1417,1,False
2016-09-01,IDN,VNM,0.0768,1,False
2016-10-01,IDN,VNM,0.0764,1,False
2016-11-01,IDN,VNM,0.0487,1,True
2016-12-01,IDN,VNM,0.058,1,False
2017-01-01,IDN,VNM,0.0158,1,True
2017-02-01,IDN,VNM,0.0086,1,True
2017-03-01,IDN,VNM,0.004,1,True
2017-04-01,IDN,VNM,0.0158,1,True
2017-05-01,IDN,VNM,0.0239,1,True
2017-06-01,IDN,VNM,0.0238,1,True
2017-07-01,IDN,VNM,0.0316,1,True
2017-08-01,IDN,VNM,0.0327,1,True
2017-09-01,IDN,VNM,0.02,1,True
2017-10-01,IDN,VNM,0.0112,1,True
2017-11-01,IDN,VNM,0.0064,1,True
2017-12-01,IDN,VNM,0.0013,1,True
2018-01-01,IDN,VNM,0.0007,1,True
2018-02-01,IDN,VNM,0.0032,1,True
2018-03-01,IDN,VNM,0.0049,1,True
2018-04-01,IDN,VNM,0.0219,1,True
2018-05-01,IDN,VNM,0.0301,1,True
2018-06-01,IDN,VNM,0.051,1,False
2018-07-01,IDN,VNM,0.0638,1,False
2018-08-01,IDN,VNM,0.0722,1,False
2018-09-01,IDN,VNM,0.5629,1,False
2018-10-01,IDN,VNM,0.6997,1,False
2018-11-01,IDN,VNM,0.4915,4,False
2018-12-01,IDN,VNM,0.3281,1,False
2019-01-01,IDN,VNM,0.1373,1,False
2019-02-01,IDN,VNM,0.0914,1,False
2019-03-01,IDN,VNM,0.0927,1,False
2019-04-01,IDN,VNM,0.1651,1,False
2019-05-01,IDN,VNM,0.1564,1,False
2019-06-01,IDN,VNM,0.209,4,False
2019-07-01,IDN,VNM,0.1517,4,False
2019-08-01,IDN,VNM,0.1405,4,False
2019-09-01,IDN,VNM,0.1237,1,False
2019-10-01,IDN,VNM,0.1475,1,False
2019-11-01,IDN,VNM,0.1305,4,False
2019-12-01,IDN,VNM,0.0185,1,True
2020-01-01,IDN,VNM,0.0221,1,True
2020-02-01,IDN,VNM,0.0119,1,True
2020-03-01,IDN,VNM,0.0092,1,True
2020-04-01,IDN,VNM,0.0341,1,True
2020-05-01,IDN,VNM,0.0481,4,True
2020-06-01,IDN,VNM,0.0027,2,True
2020-07-01,IDN,VNM,0.0007,2,True
2020-08-01,IDN,VNM,0.0002,1,True
2020-09-01,IDN,VNM,0.0012,2,True
2020-10-01,IDN,VNM,0.0007,2,True
2020-11-01,IDN,VNM,0.0018,2,True
2020-12-01,IDN,VNM,0.0009,2,True
2021-01-01,IDN,VNM,0.0031,2,True
2021-02-01,IDN,VNM,0.0018,2,True
2021-03-01,IDN,VNM,0.002,2,True
2021-04-01,IDN,VNM,0.0025,2,True
2021-05-01,IDN,VNM,0.0046,2,True
2021-06-01,IDN,VNM,0.0039,2,True
2021-07-01,IDN,VNM,0.0042,2,True
2021-08-01,IDN,VNM,0.0026,2,True
2021-09-01,IDN,VNM,0.0014,2,True
2021-10-01,IDN,VNM,0.0043,2,True
2021-11-01,IDN,VNM,0.0123,2,True
2021-12-01,IDN,VNM,0.0385,3,True
2022-01-01,IDN,VNM,0.0422,2,True
2022-02-01,IDN,VNM,0.0589,3,False
2022-03-01,IDN,VNM,0.094,4,False
2022-04-01,IDN,VNM,0.104,3,False
2022-05-01,IDN,VNM,0.1171,3,False
2022-06-01,IDN,VNM,0.0507,3,False
2022-07-01,IDN,VNM,0.1064,1,False
2022-08-01,IDN,VNM,0.0541,1,False
2022-09-01,IDN,VNM,0.089,1,False
2022-10-01,IDN,VNM,0.0258,1,True
2022-11-01,IDN,VNM,0.0341,1,True
2022-12-01,IDN,VNM,0.0447,3,True
2023-01-01,IDN,VNM,0.0133,4,True
2023-02-01,IDN,VNM,0.0057,3,True
2023-03-01,IDN,VNM,0.0021,3,True
2023-04-01,IDN,VNM,0.0013,3,True
2023-05-01,IDN,VNM,0.0024,1,True
2023-06-01,IDN,VNM,0.0069,1,True
2023-07-01,IDN,VNM,0.0253,3,True
2023-08-01,IDN,VNM,0.0651,1,False
2023-09-01,IDN,VNM,0.0302,1,True
2023-10-01,IDN,VNM,0.0512,2,False
2023-11-01,IDN,VNM,0.0997,2,False
2023-12-01,IDN,VNM,0.1152,3,False
2024-01-01,IDN,VNM,0.0183,2,True
2024-02-01,IDN,VNM,0.0156,3,True
2024-03-01,IDN,VNM,0.0081,2,True
2024-04-01,IDN,VNM,0.0124,2,True
2024-05-01,IDN,VNM,0.0404,1,True
2024-06-01,IDN,VNM,0.0615,2,False
2024-07-01,IDN,VNM,0.0861,1,False
2024-08-01,IDN,VNM,0.2973,1,False
2024-09-01,IDN,VNM,0.1742,1,False
2024-10-01,IDN,VNM,0.5294,1,False
2024-11-01,IDN,VNM,0.7929,1,False
2024-12-01,IDN,VNM,0.5524,4,False
2025-01-01,IDN,VNM,0.5252,3,False
2025-02-01,IDN,VNM,0.3828,2,False
2025-03-01,IDN,VNM,0.2211,2,False
2025-04-01,IDN,VNM,0.1584,3,False
2025-05-01,IDN,VNM,0.0579,3,False
2025-06-01,IDN,VNM,0.0721,3,False
2025-07-01,IDN,VNM,0.0345,3,True
2025-08-01,IDN,VNM,0.0237,3,True
2025-09-01,IDN,VNM,0.0538,3,False
2025-10-01,IDN,VNM,0.1276,3,False
2025-11-01,IDN,VNM,0.1191,3,False
2025-12-01,IDN,VNM,0.1919,2,False
2026-01-01,IDN,VNM,0.2339,1,False
2026-02-01,IDN,VNM,0.2285,2,False
2026-03-01,IDN,VNM,0.2437,2,False
2015-01-01,IDN,THA,0.3892,1,False
2015-02-01,IDN,THA,0.057,1,False
2015-03-01,IDN,THA,0.0597,1,False
2015-04-01,IDN,THA,0.1156,3,False
2015-05-01,IDN,THA,0.1887,1,False
2015-06-01,IDN,THA,0.158,1,False
2015-07-01,IDN,THA,0.2033,2,False
2015-08-01,IDN,THA,0.1992,1,False
2015-09-01,IDN,THA,0.2474,4,False
2015-10-01,IDN,THA,0.2382,3,False
2015-11-01,IDN,THA,0.1708,4,False
2015-12-01,IDN,THA,0.45,3,False
2016-01-01,IDN,THA,0.5185,2,False
2016-02-01,IDN,THA,0.3881,4,False
2016-03-01,IDN,THA,0.2985,4,False
2016-04-01,IDN,THA,0.3887,4,False
2016-05-01,IDN,THA,0.2977,4,False
2016-06-01,IDN,THA,0.4087,1,False
2016-07-01,IDN,THA,0.5035,3,False
2016-08-01,IDN,THA,0.5103,3,False
2016-09-01,IDN,THA,0.5905,4,False
2016-10-01,IDN,THA,0.6458,3,False
2016-11-01,IDN,THA,0.6682,1,False
2016-12-01,IDN,THA,0.7285,1,False
2017-01-01,IDN,THA,0.735,3,False
2017-02-01,IDN,THA,0.7707,3,False
2017-03-01,IDN,THA,0.7249,3,False
2017-04-01,IDN,THA,0.7067,3,False
2017-05-01,IDN,THA,0.6159,1,False
2017-06-01,IDN,THA,0.6615,1,False
2017-07-01,IDN,THA,0.5517,1,False
2017-08-01,IDN,THA,0.418,1,False
2017-09-01,IDN,THA,0.4292,1,False
2017-10-01,IDN,THA,0.2402,1,False
2017-11-01,IDN,THA,0.1664,2,False
2017-12-01,IDN,THA,0.0777,1,False
2018-01-01,IDN,THA,0.0649,1,False
2018-02-01,IDN,THA,0.0517,2,False
2018-03-01,IDN,THA,0.0472,1,True
2018-04-01,IDN,THA,0.0553,1,False
2018-05-01,IDN,THA,0.064,1,False
2018-06-01,IDN,THA,0.0759,1,False
2018-07-01,IDN,THA,0.1216,2,False
2018-08-01,IDN,THA,0.1129,1,False
2018-09-01,IDN,THA,0.092,3,False
2018-10-01,IDN,THA,0.041,2,True
2018-11-01,IDN,THA,0.0213,1,True
2018-12-01,IDN,THA,0.0979,1,False
2019-01-01,IDN,THA,0.2172,1,False
2019-02-01,IDN,THA,0.1508,1,False
2019-03-01,IDN,THA,0.0875,1,False
2019-04-01,IDN,THA,0.0961,1,False
2019-05-01,IDN,THA,0.1167,1,False
2019-06-01,IDN,THA,0.0641,1,False
2019-07-01,IDN,THA,0.0932,1,False
2019-08-01,IDN,THA,0.1,1,False
2019-09-01,IDN,THA,0.0765,1,False
2019-10-01,IDN,THA,0.076,1,False
2019-11-01,IDN,THA,0.084,1,False
2019-12-01,IDN,THA,0.0444,1,True
2020-01-01,IDN,THA,0.0357,1,True
2020-02-01,IDN,THA,0.1356,1,False
2020-03-01,IDN,THA,0.6105,1,False
2020-04-01,IDN,THA,0.5596,3,False
2020-05-01,IDN,THA,0.2597,3,False
2020-06-01,IDN,THA,0.3028,3,False
2020-07-01,IDN,THA,0.3929,4,False
2020-08-01,IDN,THA,0.1951,4,False
2020-09-01,IDN,THA,0.1367,4,False
2020-10-01,IDN,THA,0.1867,2,False
2020-11-01,IDN,THA,0.1228,1,False
2020-12-01,IDN,THA,0.0908,1,False
2021-01-01,IDN,THA,0.0831,1,False
2021-02-01,IDN,THA,0.0949,1,False
2021-03-01,IDN,THA,0.1153,1,False
2021-04-01,IDN,THA,0.1363,1,False
2021-05-01,IDN,THA,0.2529,1,False
2021-06-01,IDN,THA,0.2974,1,False
2021-07-01,IDN,THA,0.2243,1,False
2021-08-01,IDN,THA,0.2387,1,False
2021-09-01,IDN,THA,0.2298,4,False
2021-10-01,IDN,THA,0.2052,3,False
2021-11-01,IDN,THA,0.2253,2,False
2021-12-01,IDN,THA,0.0972,1,False
2022-01-01,IDN,THA,0.1171,1,False
2022-02-01,IDN,THA,0.0461,3,True
2022-03-01,IDN,THA,0.0277,2,True
2022-04-01,IDN,THA,0.0204,1,True
2022-05-01,IDN,THA,0.2122,1,False
2022-06-01,IDN,THA,0.6558,1,False
2022-07-01,IDN,THA,0.7429,3,False
2022-08-01,IDN,THA,0.4182,1,False
2022-09-01,IDN,THA,0.1931,1,False
2022-10-01,IDN,THA,0.1535,1,False
2022-11-01,IDN,THA,0.1329,1,False
2022-12-01,IDN,THA,0.1439,1,False
2023-01-01,IDN,THA,0.1507,1,False
2023-02-01,IDN,THA,0.2917,3,False
2023-03-01,IDN,THA,0.4819,4,False
2023-04-01,IDN,THA,0.2687,1,False
2023-05-01,IDN,THA,0.0906,1,False
2023-06-01,IDN,THA,0.0742,1,False
2023-07-01,IDN,THA,0.1152,1,False
2023-08-01,IDN,THA,0.1078,1,False
2023-09-01,IDN,THA,0.1121,1,False
2023-10-01,IDN,THA,0.1057,1,False
2023-11-01,IDN,THA,0.1241,1,False
2023-12-01,IDN,THA,0.2047,1,False
2024-01-01,IDN,THA,0.2088,1,False
2024-02-01,IDN,THA,0.2781,4,False
2024-03-01,IDN,THA,0.3728,4,False
2024-04-01,IDN,THA,0.2864,1,False
2024-05-01,IDN,THA,0.2372,1,False
2024-06-01,IDN,THA,0.2295,1,False
2024-07-01,IDN,THA,0.1809,1,False
2024-08-01,IDN,THA,0.1829,1,False
2024-09-01,IDN,THA,0.1691,1,False
2024-10-01,IDN,THA,0.1156,1,False
2024-11-01,IDN,THA,0.1033,1,False
2024-12-01,IDN,THA,0.1445,1,False
2025-01-01,IDN,THA,0.2451,1,False
2025-02-01,IDN,THA,0.1823,4,False
2025-03-01,IDN,THA,0.1711,4,False
2025-04-01,IDN,THA,0.1895,1,False
2025-05-01,IDN,THA,0.1779,4,False
2025-06-01,IDN,THA,0.1801,1,False
2025-07-01,IDN,THA,0.1317,1,False
2025-08-01,IDN,THA,0.0957,1,False
2025-09-01,IDN,THA,0.0382,1,True
2025-10-01,IDN,THA,0.0069,1,True
2025-11-01,IDN,THA,0.0005,1,True
2025-12-01,IDN,THA,0.0,1,True
2026-01-01,IDN,THA,0.0,1,True
2026-02-01,IDN,THA,0.0,1,True
2026-03-01,IDN,THA,0.0,1,True
2015-01-01,IDN,BRA,0.083,1,False
2015-02-01,IDN,BRA,0.1122,1,False
2015-03-01,IDN,BRA,0.4857,2,False
2015-04-01,IDN,BRA,0.5464,1,False
2015-05-01,IDN,BRA,0.6536,1,False
2015-06-01,IDN,BRA,0.4809,1,False
2015-07-01,IDN,BRA,0.4724,1,False
2015-08-01,IDN,BRA,0.4373,1,False
2015-09-01,IDN,BRA,0.3954,1,False
2015-10-01,IDN,BRA,0.4412,1,False
2015-11-01,IDN,BRA,0.4424,1,False
2015-12-01,IDN,BRA,0.7937,2,False
2016-01-01,IDN,BRA,0.5662,1,False
2016-02-01,IDN,BRA,0.2374,1,False
2016-03-01,IDN,BRA,0.0196,1,True
2016-04-01,IDN,BRA,0.0003,1,True
2016-05-01,IDN,BRA,0.0007,1,True
2016-06-01,IDN,BRA,0.0019,1,True
2016-07-01,IDN,BRA,0.0005,1,True
2016-08-01,IDN,BRA,0.0005,1,True
2016-09-01,IDN,BRA,0.0018,1,True
2016-10-01,IDN,BRA,0.001,1,True
2016-11-01,IDN,BRA,0.0003,1,True
2016-12-01,IDN,BRA,0.0001,1,True
2017-01-01,IDN,BRA,0.0,1,True
2017-02-01,IDN,BRA,0.0,1,True
2017-03-01,IDN,BRA,0.0,1,True
2017-04-01,IDN,BRA,0.0,1,True
2017-05-01,IDN,BRA,0.0,1,True
2017-06-01,IDN,BRA,0.0,1,True
2017-07-01,IDN,BRA,0.0,1,True
2017-08-01,IDN,BRA,0.0,1,True
2017-09-01,IDN,BRA,0.0,1,True
2017-10-01,IDN,BRA,0.0,1,True
2017-11-01,IDN,BRA,0.0,1,True
2017-12-01,IDN,BRA,0.0,1,True
2018-01-01,IDN,BRA,0.0,1,True
2018-02-01,IDN,BRA,0.0,1,True
2018-03-01,IDN,BRA,0.0,1,True
2018-04-01,IDN,BRA,0.0,1,True
2018-05-01,IDN,BRA,0.0,1,True
2018-06-01,IDN,BRA,0.0,1,True
2018-07-01,IDN,BRA,0.0156,1,True
2018-08-01,IDN,BRA,0.025,1,True
2018-09-01,IDN,BRA,0.0236,1,True
2018-10-01,IDN,BRA,0.1141,1,False
2018-11-01,IDN,BRA,0.2872,4,False
2018-12-01,IDN,BRA,0.2529,4,False
2019-01-01,IDN,BRA,0.3796,4,False
2019-02-01,IDN,BRA,0.4904,1,False
2019-03-01,IDN,BRA,0.5792,1,False
2019-04-01,IDN,BRA,0.3755,4,False
2019-05-01,IDN,BRA,0.21,1,False
2019-06-01,IDN,BRA,0.2538,1,False
2019-07-01,IDN,BRA,0.4337,3,False
2019-08-01,IDN,BRA,0.1859,4,False
2019-09-01,IDN,BRA,0.1697,1,False
2019-10-01,IDN,BRA,0.1809,1,False
2019-11-01,IDN,BRA,0.2532,1,False
2019-12-01,IDN,BRA,0.1178,1,False
2020-01-01,IDN,BRA,0.0395,1,True
2020-02-01,IDN,BRA,0.0435,1,True
2020-03-01,IDN,BRA,0.0429,1,True
2020-04-01,IDN,BRA,0.0972,1,False
2020-05-01,IDN,BRA,0.5392,1,False
2020-06-01,IDN,BRA,0.6161,2,False
2020-07-01,IDN,BRA,0.7025,2,False
2020-08-01,IDN,BRA,0.6388,2,False
2020-09-01,IDN,BRA,0.5538,2,False
2020-10-01,IDN,BRA,0.4504,2,False
2020-11-01,IDN,BRA,0.4422,4,False
2020-12-01,IDN,BRA,0.2042,4,False
2021-01-01,IDN,BRA,0.0851,4,False
2021-02-01,IDN,BRA,0.0139,4,True
2021-03-01,IDN,BRA,0.1821,2,False
2021-04-01,IDN,BRA,0.3093,2,False
2021-05-01,IDN,BRA,0.1345,3,False
2021-06-01,IDN,BRA,0.0544,1,False
2021-07-01,IDN,BRA,0.058,1,False
2021-08-01,IDN,BRA,0.0656,1,False
2021-09-01,IDN,BRA,0.0555,1,False
2021-10-01,IDN,BRA,0.0572,1,False
2021-11-01,IDN,BRA,0.1127,1,False
2021-12-01,IDN,BRA,0.1741,4,False
2022-01-01,IDN,BRA,0.0886,3,False
2022-02-01,IDN,BRA,0.0471,3,True
2022-03-01,IDN,BRA,0.0576,3,False
2022-04-01,IDN,BRA,0.0322,1,True
2022-05-01,IDN,BRA,0.0874,1,False
2022-06-01,IDN,BRA,0.1254,1,False
2022-07-01,IDN,BRA,0.1309,1,False
2022-08-01,IDN,BRA,0.009,1,True
2022-09-01,IDN,BRA,0.0001,4,True
2022-10-01,IDN,BRA,0.0002,1,True
2022-11-01,IDN,BRA,0.0001,1,True
2022-12-01,IDN,BRA,0.0001,1,True
2023-01-01,IDN,BRA,0.0001,1,True
2023-02-01,IDN,BRA,0.0002,1,True
2023-03-01,IDN,BRA,0.0002,1,True
2023-04-01,IDN,BRA,0.0,1,True
2023-05-01,IDN,BRA,0.0,1,True
2023-06-01,IDN,BRA,0.0,1,True
2023-07-01,IDN,BRA,0.0,1,True
2023-08-01,IDN,BRA,0.0,1,True
2023-09-01,IDN,BRA,0.0,1,True
2023-10-01,IDN,BRA,0.0,1,True
2023-11-01,IDN,BRA,0.0,1,True
2023-12-01,IDN,BRA,0.0,1,True
2024-01-01,IDN,BRA,0.0,1,True
2024-02-01,IDN,BRA,0.0,1,True
2024-03-01,IDN,BRA,0.0,1,True
2024-04-01,IDN,BRA,0.0,1,True
2024-05-01,IDN,BRA,0.0,1,True
2024-06-01,IDN,BRA,0.0,1,True
2024-07-01,IDN,BRA,0.0001,1,True
2024-08-01,IDN,BRA,0.0001,1,True
2024-09-01,IDN,BRA,0.0009,1,True
2024-10-01,IDN,BRA,0.0016,1,True
2024-11-01,IDN,BRA,0.0017,1,True
2024-12-01,IDN,BRA,0.0007,1,True
2025-01-01,IDN,BRA,0.0015,1,True
2025-02-01,IDN,BRA,0.0033,1,True
2025-03-01,IDN,BRA,0.01,1,True
2025-04-01,IDN,BRA,0.0168,1,True
2025-05-01,IDN,BRA,0.028,1,True
2025-06-01,IDN,BRA,0.0509,1,False
2025-07-01,IDN,BRA,0.3632,1,False
2025-08-01,IDN,BRA,0.492,4,False
2025-09-01,IDN,BRA,0.5598,4,False
2025-10-01,IDN,BRA,0.3777,4,False
2025-11-01,IDN,BRA,0.4881,4,False
2025-12-01,IDN,BRA,0.38,1,False
2026-01-01,IDN,BRA,0.3416,1,False
2026-02-01,IDN,BRA,0.2921,1,False
2026-03-01,IDN,BRA,0.4155,1,False
2015-01-01,IDN,ZAF,0.2486,2,False
2015-02-01,IDN,ZAF,0.6148,2,False
2015-03-01,IDN,ZAF,0.4712,1,False
2015-04-01,IDN,ZAF,0.5485,1,False
2015-05-01,IDN,ZAF,0.4288,1,False
2015-06-01,IDN,ZAF,0.1888,2,False
2015-07-01,IDN,ZAF,0.0626,1,False
2015-08-01,IDN,ZAF,0.1541,1,False
2015-09-01,IDN,ZAF,0.0613,1,False
2015-10-01,IDN,ZAF,0.0734,1,False
2015-11-01,IDN,ZAF,0.1228,1,False
2015-12-01,IDN,ZAF,0.1303,1,False
2016-01-01,IDN,ZAF,0.1795,1,False
2016-02-01,IDN,ZAF,0.067,3,False
2016-03-01,IDN,ZAF,0.052,3,False
2016-04-01,IDN,ZAF,0.1252,4,False
2016-05-01,IDN,ZAF,0.138,2,False
2016-06-01,IDN,ZAF,0.0883,2,False
2016-07-01,IDN,ZAF,0.0824,4,False
2016-08-01,IDN,ZAF,0.0783,4,False
2016-09-01,IDN,ZAF,0.0522,2,False
2016-10-01,IDN,ZAF,0.0607,4,False
2016-11-01,IDN,ZAF,0.0636,2,False
2016-12-01,IDN,ZAF,0.0573,2,False
2017-01-01,IDN,ZAF,0.0604,4,False
2017-02-01,IDN,ZAF,0.0653,4,False
2017-03-01,IDN,ZAF,0.0531,4,False
2017-04-01,IDN,ZAF,0.0632,2,False
2017-05-01,IDN,ZAF,0.1609,2,False
2017-06-01,IDN,ZAF,0.2306,2,False
2017-07-01,IDN,ZAF,0.1834,2,False
2017-08-01,IDN,ZAF,0.1716,2,False
2017-09-01,IDN,ZAF,0.2238,2,False
2017-10-01,IDN,ZAF,0.2494,2,False
2017-11-01,IDN,ZAF,0.2235,3,False
2017-12-01,IDN,ZAF,0.1289,3,False
2018-01-01,IDN,ZAF,0.0711,1,False
2018-02-01,IDN,ZAF,0.0314,1,True
2018-03-01,IDN,ZAF,0.0146,1,True
2018-04-01,IDN,ZAF,0.0122,1,True
2018-05-01,IDN,ZAF,0.065,3,False
2018-06-01,IDN,ZAF,0.0817,3,False
2018-07-01,IDN,ZAF,0.1182,3,False
2018-08-01,IDN,ZAF,0.1517,1,False
2018-09-01,IDN,ZAF,0.0736,1,False
2018-10-01,IDN,ZAF,0.066,1,False
2018-11-01,IDN,ZAF,0.0475,1,True
2018-12-01,IDN,ZAF,0.1019,1,False
2019-01-01,IDN,ZAF,0.5931,3,False
2019-02-01,IDN,ZAF,0.3619,4,False
2019-03-01,IDN,ZAF,0.4139,4,False
2019-04-01,IDN,ZAF,0.4698,4,False
2019-05-01,IDN,ZAF,0.4935,4,False
2019-06-01,IDN,ZAF,0.4726,4,False
2019-07-01,IDN,ZAF,0.2581,4,False
2019-08-01,IDN,ZAF,0.2547,4,False
2019-09-01,IDN,ZAF,0.271,4,False
2019-10-01,IDN,ZAF,0.3375,3,False
2019-11-01,IDN,ZAF,0.2982,3,False
2019-12-01,IDN,ZAF,0.1934,4,False
2020-01-01,IDN,ZAF,0.2186,3,False
2020-02-01,IDN,ZAF,0.1625,2,False
2020-03-01,IDN,ZAF,0.1504,2,False
2020-04-01,IDN,ZAF,0.2454,2,False
2020-05-01,IDN,ZAF,0.0254,2,True
2020-06-01,IDN,ZAF,0.1941,2,False
2020-07-01,IDN,ZAF,0.2773,1,False
2020-08-01,IDN,ZAF,0.3395,1,False
2020-09-01,IDN,ZAF,0.4881,1,False
2020-10-01,IDN,ZAF,0.4153,2,False
2020-11-01,IDN,ZAF,0.4001,1,False
2020-12-01,IDN,ZAF,0.2129,4,False
2021-01-01,IDN,ZAF,0.1288,2,False
2021-02-01,IDN,ZAF,0.0792,2,False
2021-03-01,IDN,ZAF,0.0521,1,False
2021-04-01,IDN,ZAF,0.0858,1,False
2021-05-01,IDN,ZAF,0.2614,1,False
2021-06-01,IDN,ZAF,0.3186,2,False
2021-07-01,IDN,ZAF,0.2796,2,False
2021-08-01,IDN,ZAF,0.3303,2,False
2021-09-01,IDN,ZAF,0.4849,2,False
2021-10-01,IDN,ZAF,0.6508,2,False
2021-11-01,IDN,ZAF,0.559,2,False
2021-12-01,IDN,ZAF,0.7717,2,False
2022-01-01,IDN,ZAF,0.7227,3,False
2022-02-01,IDN,ZAF,0.5717,2,False
2022-03-01,IDN,ZAF,0.5609,3,False
2022-04-01,IDN,ZAF,0.5893,1,False
2022-05-01,IDN,ZAF,0.5411,1,False
2022-06-01,IDN,ZAF,0.5535,4,False
2022-07-01,IDN,ZAF,0.4689,4,False
2022-08-01,IDN,ZAF,0.3472,3,False
2022-09-01,IDN,ZAF,0.4198,3,False
2022-10-01,IDN,ZAF,0.3664,4,False
2022-11-01,IDN,ZAF,0.327,3,False
2022-12-01,IDN,ZAF,0.2946,3,False
2023-01-01,IDN,ZAF,0.2838,3,False
2023-02-01,IDN,ZAF,0.2533,3,False
2023-03-01,IDN,ZAF,0.5478,3,False
2023-04-01,IDN,ZAF,0.4999,3,False
2023-05-01,IDN,ZAF,0.4549,3,False
2023-06-01,IDN,ZAF,0.3422,3,False
2023-07-01,IDN,ZAF,0.5007,1,False
2023-08-01,IDN,ZAF,0.3598,1,False
2023-09-01,IDN,ZAF,0.4721,1,False
2023-10-01,IDN,ZAF,0.4669,2,False
2023-11-01,IDN,ZAF,0.3983,2,False
2023-12-01,IDN,ZAF,0.4706,3,False
2024-01-01,IDN,ZAF,0.5258,3,False
2024-02-01,IDN,ZAF,0.4501,3,False
2024-03-01,IDN,ZAF,0.3736,3,False
2024-04-01,IDN,ZAF,0.3674,3,False
2024-05-01,IDN,ZAF,0.3155,3,False
2024-06-01,IDN,ZAF,0.3396,3,False
2024-07-01,IDN,ZAF,0.2487,3,False
2024-08-01,IDN,ZAF,0.209,3,False
2024-09-01,IDN,ZAF,0.1519,3,False
2024-10-01,IDN,ZAF,0.0721,3,False
2024-11-01,IDN,ZAF,0.088,3,False
2024-12-01,IDN,ZAF,0.049,3,True
2025-01-01,IDN,ZAF,0.1139,3,False
2025-02-01,IDN,ZAF,0.143,3,False
2025-03-01,IDN,ZAF,0.1957,1,False
2025-04-01,IDN,ZAF,0.3085,1,False
2025-05-01,IDN,ZAF,0.1751,2,False
2025-06-01,IDN,ZAF,0.1059,2,False
2025-07-01,IDN,ZAF,0.0951,1,False
2025-08-01,IDN,ZAF,0.0914,1,False
2025-09-01,IDN,ZAF,0.0996,1,False
2025-10-01,IDN,ZAF,0.0898,1,False
2025-11-01,IDN,ZAF,0.1484,1,False
2025-12-01,IDN,ZAF,0.181,1,False
2026-01-01,IDN,ZAF,0.1257,2,False
2026-02-01,IDN,ZAF,0.1238,2,False
2026-03-01,IDN,ZAF,0.126,2,False
2015-01-01,IDN,MEX,0.1018,4,False
2015-02-01,IDN,MEX,0.0776,3,False
2015-03-01,IDN,MEX,0.117,3,False
2015-04-01,IDN,MEX,0.0816,3,False
2015-05-01,IDN,MEX,0.0261,3,True
2015-06-01,IDN,MEX,0.0714,3,False
2015-07-01,IDN,MEX,0.1037,3,False
2015-08-01,IDN,MEX,0.2163,4,False
2015-09-01,IDN,MEX,0.1812,3,False
2015-10-01,IDN,MEX,0.1075,4,False
2015-11-01,IDN,MEX,0.0411,3,True
2015-12-01,IDN,MEX,0.0084,2,True
2016-01-01,IDN,MEX,0.0206,2,True
2016-02-01,IDN,MEX,0.0283,1,True
2016-03-01,IDN,MEX,0.0314,1,True
2016-04-01,IDN,MEX,0.0724,1,False
2016-05-01,IDN,MEX,0.1225,1,False
2016-06-01,IDN,MEX,0.152,1,False
2016-07-01,IDN,MEX,0.1971,1,False
2016-08-01,IDN,MEX,0.186,1,False
2016-09-01,IDN,MEX,0.1851,1,False
2016-10-01,IDN,MEX,0.1456,1,False
2016-11-01,IDN,MEX,0.1582,1,False
2016-12-01,IDN,MEX,0.1347,1,False
2017-01-01,IDN,MEX,0.1246,1,False
2017-02-01,IDN,MEX,0.0201,1,True
2017-03-01,IDN,MEX,0.0134,1,True
2017-04-01,IDN,MEX,0.0072,1,True
2017-05-01,IDN,MEX,0.0051,1,True
2017-06-01,IDN,MEX,0.0043,1,True
2017-07-01,IDN,MEX,0.0032,1,True
2017-08-01,IDN,MEX,0.0029,1,True
2017-09-01,IDN,MEX,0.0028,1,True
2017-10-01,IDN,MEX,0.0014,1,True
2017-11-01,IDN,MEX,0.0016,1,True
2017-12-01,IDN,MEX,0.0021,1,True
2018-01-01,IDN,MEX,0.0034,1,True
2018-02-01,IDN,MEX,0.0088,1,True
2018-03-01,IDN,MEX,0.0098,1,True
2018-04-01,IDN,MEX,0.0165,1,True
2018-05-01,IDN,MEX,0.0586,4,False
2018-06-01,IDN,MEX,0.059,4,False
2018-07-01,IDN,MEX,0.0768,4,False
2018-08-01,IDN,MEX,0.094,4,False
2018-09-01,IDN,MEX,0.1091,4,False
2018-10-01,IDN,MEX,0.0818,4,False
2018-11-01,IDN,MEX,0.0888,4,False
2018-12-01,IDN,MEX,0.163,4,False
2019-01-01,IDN,MEX,0.2465,4,False
2019-02-01,IDN,MEX,0.3225,1,False
2019-03-01,IDN,MEX,0.5504,1,False
2019-04-01,IDN,MEX,0.6372,1,False
2019-05-01,IDN,MEX,0.6204,1,False
2019-06-01,IDN,MEX,0.8435,1,False
2019-07-01,IDN,MEX,0.8465,1,False
2019-08-01,IDN,MEX,0.5424,1,False
2019-09-01,IDN,MEX,0.2923,1,False
2019-10-01,IDN,MEX,0.256,1,False
2019-11-01,IDN,MEX,0.2288,2,False
2019-12-01,IDN,MEX,0.2032,1,False
2020-01-01,IDN,MEX,0.679,2,False
2020-02-01,IDN,MEX,0.769,1,False
2020-03-01,IDN,MEX,0.5459,3,False
2020-04-01,IDN,MEX,0.6434,3,False
2020-05-01,IDN,MEX,0.3081,2,False
2020-06-01,IDN,MEX,0.2294,1,False
2020-07-01,IDN,MEX,0.3091,1,False
2020-08-01,IDN,MEX,0.3792,2,False
2020-09-01,IDN,MEX,0.3482,3,False
2020-10-01,IDN,MEX,0.206,4,False
2020-11-01,IDN,MEX,0.123,3,False
2020-12-01,IDN,MEX,0.0642,2,False
2021-01-01,IDN,MEX,0.0474,2,True
2021-02-01,IDN,MEX,0.0362,2,True
2021-03-01,IDN,MEX,0.0468,2,True
2021-04-01,IDN,MEX,0.057,2,False
2021-05-01,IDN,MEX,0.0583,2,False
2021-06-01,IDN,MEX,0.0909,2,False
2021-07-01,IDN,MEX,0.0709,2,False
2021-08-01,IDN,MEX,0.0673,2,False
2021-09-01,IDN,MEX,0.0664,2,False
2021-10-01,IDN,MEX,0.0333,2,True
2021-11-01,IDN,MEX,0.0372,2,True
2021-12-01,IDN,MEX,0.0935,1,False
2022-01-01,IDN,MEX,0.1848,1,False
2022-02-01,IDN,MEX,0.2374,3,False
2022-03-01,IDN,MEX,0.1221,2,False
2022-04-01,IDN,MEX,0.1836,2,False
2022-05-01,IDN,MEX,0.2231,2,False
2022-06-01,IDN,MEX,0.2314,2,False
2022-07-01,IDN,MEX,0.2927,2,False
2022-08-01,IDN,MEX,0.2687,2,False
2022-09-01,IDN,MEX,0.2911,2,False
2022-10-01,IDN,MEX,0.3055,2,False
2022-11-01,IDN,MEX,0.3151,2,False
2022-12-01,IDN,MEX,0.2057,2,False
2023-01-01,IDN,MEX,0.2527,2,False
2023-02-01,IDN,MEX,0.2973,2,False
2023-03-01,IDN,MEX,0.6884,1,False
2023-04-01,IDN,MEX,0.5297,1,False
2023-05-01,IDN,MEX,0.3115,1,False
2023-06-01,IDN,MEX,0.2019,1,False
2023-07-01,IDN,MEX,0.0779,1,False
2023-08-01,IDN,MEX,0.0414,1,True
2023-09-01,IDN,MEX,0.0368,1,True
2023-10-01,IDN,MEX,0.0315,1,True
2023-11-01,IDN,MEX,0.0103,1,True
2023-12-01,IDN,MEX,0.009,1,True
2024-01-01,IDN,MEX,0.021,1,True
2024-02-01,IDN,MEX,0.0229,1,True
2024-03-01,IDN,MEX,0.029,1,True
2024-04-01,IDN,MEX,0.1084,1,False
2024-05-01,IDN,MEX,0.0736,1,False
2024-06-01,IDN,MEX,0.0673,1,False
2024-07-01,IDN,MEX,0.0457,1,True
2024-08-01,IDN,MEX,0.0172,1,True
2024-09-01,IDN,MEX,0.0303,1,True
2024-10-01,IDN,MEX,0.119,1,False
2024-11-01,IDN,MEX,0.4671,2,False
2024-12-01,IDN,MEX,0.5201,2,False
2025-01-01,IDN,MEX,0.5555,1,False
2025-02-01,IDN,MEX,0.571,2,False
2025-03-01,IDN,MEX,0.5712,4,False
2025-04-01,IDN,MEX,0.6459,3,False
2025-05-01,IDN,MEX,0.3912,4,False
2025-06-01,IDN,MEX,0.3266,4,False
2025-07-01,IDN,MEX,0.4098,4,False
2025-08-01,IDN,MEX,0.4746,3,False
2025-09-01,IDN,MEX,0.4101,4,False
2025-10-01,IDN,MEX,0.244,4,False
2025-11-01,IDN,MEX,0.3908,4,False
2025-12-01,IDN,MEX,0.334,4,False
2026-01-01,IDN,MEX,0.3079,4,False
2026-02-01,IDN,MEX,0.297,4,False
2026-03-01,IDN,MEX,0.295,4,False
2015-01-01,IDN,SGP,0.0023,2,True
2015-02-01,IDN,SGP,0.0037,2,True
2015-03-01,IDN,SGP,0.0043,2,True
2015-04-01,IDN,SGP,0.0022,2,True
2015-05-01,IDN,SGP,0.0063,2,True
2015-06-01,IDN,SGP,0.0069,2,True
2015-07-01,IDN,SGP,0.0079,2,True
2015-08-01,IDN,SGP,0.0108,1,True
2015-09-01,IDN,SGP,0.0095,2,True
2015-10-01,IDN,SGP,0.0231,1,True
2015-11-01,IDN,SGP,0.0141,1,True
2015-12-01,IDN,SGP,0.0374,1,True
2016-01-01,IDN,SGP,0.0356,1,True
2016-02-01,IDN,SGP,0.0199,1,True
2016-03-01,IDN,SGP,0.0639,1,False
2016-04-01,IDN,SGP,0.367,1,False
2016-05-01,IDN,SGP,0.6253,1,False
2016-06-01,IDN,SGP,0.4671,1,False
2016-07-01,IDN,SGP,0.4441,1,False
2016-08-01,IDN,SGP,0.4337,1,False
2016-09-01,IDN,SGP,0.3122,1,False
2016-10-01,IDN,SGP,0.3735,1,False
2016-11-01,IDN,SGP,0.4192,1,False
2016-12-01,IDN,SGP,0.211,1,False
2017-01-01,IDN,SGP,0.1677,3,False
2017-02-01,IDN,SGP,0.0793,1,False
2017-03-01,IDN,SGP,0.0383,1,True
2017-04-01,IDN,SGP,0.0043,1,True
2017-05-01,IDN,SGP,0.0005,1,True
2017-06-01,IDN,SGP,0.0015,1,True
2017-07-01,IDN,SGP,0.0024,1,True
2017-08-01,IDN,SGP,0.0018,1,True
2017-09-01,IDN,SGP,0.0023,1,True
2017-10-01,IDN,SGP,0.0056,1,True
2017-11-01,IDN,SGP,0.0166,1,True
2017-12-01,IDN,SGP,0.0111,1,True
2018-01-01,IDN,SGP,0.013,1,True
2018-02-01,IDN,SGP,0.0269,1,True
2018-03-01,IDN,SGP,0.0293,1,True
2018-04-01,IDN,SGP,0.0377,1,True
2018-05-01,IDN,SGP,0.0684,1,False
2018-06-01,IDN,SGP,0.0351,1,True
2018-07-01,IDN,SGP,0.028,1,True
2018-08-01,IDN,SGP,0.1111,1,False
2018-09-01,IDN,SGP,0.0604,1,False
2018-10-01,IDN,SGP,0.1063,1,False
2018-11-01,IDN,SGP,0.0878,2,False
2018-12-01,IDN,SGP,0.0685,1,False
2019-01-01,IDN,SGP,0.1259,1,False
2019-02-01,IDN,SGP,0.1534,1,False
2019-03-01,IDN,SGP,0.2139,1,False
2019-04-01,IDN,SGP,0.179,1,False
2019-05-01,IDN,SGP,0.1413,1,False
2019-06-01,IDN,SGP,0.1215,1,False
2019-07-01,IDN,SGP,0.1994,1,False
2019-08-01,IDN,SGP,0.5065,1,False
2019-09-01,IDN,SGP,0.5832,1,False
2019-10-01,IDN,SGP,0.6186,1,False
2019-11-01,IDN,SGP,0.6281,1,False
2019-12-01,IDN,SGP,0.535,1,False
2020-01-01,IDN,SGP,0.3892,1,False
2020-02-01,IDN,SGP,0.2627,1,False
2020-03-01,IDN,SGP,0.4294,1,False
2020-04-01,IDN,SGP,0.819,1,False
2020-05-01,IDN,SGP,0.2078,1,False
2020-06-01,IDN,SGP,0.1419,1,False
2020-07-01,IDN,SGP,0.2036,1,False
2020-08-01,IDN,SGP,0.165,1,False
2020-09-01,IDN,SGP,0.1236,1,False
2020-10-01,IDN,SGP,0.2513,1,False
2020-11-01,IDN,SGP,0.2331,2,False
2020-12-01,IDN,SGP,0.1359,1,False
2021-01-01,IDN,SGP,0.0984,4,False
2021-02-01,IDN,SGP,0.1749,3,False
2021-03-01,IDN,SGP,0.312,2,False
2021-04-01,IDN,SGP,0.8817,3,False
2021-05-01,IDN,SGP,0.2728,1,False
2021-06-01,IDN,SGP,0.1642,1,False
2021-07-01,IDN,SGP,0.2,1,False
2021-08-01,IDN,SGP,0.1905,1,False
2021-09-01,IDN,SGP,0.2172,1,False
2021-10-01,IDN,SGP,0.2281,1,False
2021-11-01,IDN,SGP,0.4126,1,False
2021-12-01,IDN,SGP,0.2098,1,False
2022-01-01,IDN,SGP,0.391,2,False
2022-02-01,IDN,SGP,0.1868,1,False
2022-03-01,IDN,SGP,0.2007,2,False
2022-04-01,IDN,SGP,0.1085,1,False
2022-05-01,IDN,SGP,0.0838,1,False
2022-06-01,IDN,SGP,0.1298,1,False
2022-07-01,IDN,SGP,0.4156,3,False
2022-08-01,IDN,SGP,0.3275,1,False
2022-09-01,IDN,SGP,0.3282,3,False
2022-10-01,IDN,SGP,0.1361,3,False
2022-11-01,IDN,SGP,0.0223,1,True
2022-12-01,IDN,SGP,0.0173,1,True
2023-01-01,IDN,SGP,0.0144,1,True
2023-02-01,IDN,SGP,0.021,1,True
2023-03-01,IDN,SGP,0.033,1,True
2023-04-01,IDN,SGP,0.0198,1,True
2023-05-01,IDN,SGP,0.0311,1,True
2023-06-01,IDN,SGP,0.032,1,True
2023-07-01,IDN,SGP,0.0209,1,True
2023-08-01,IDN,SGP,0.0238,1,True
2023-09-01,IDN,SGP,0.016,1,True
2023-10-01,IDN,SGP,0.0394,1,True
2023-11-01,IDN,SGP,0.1302,1,False
2023-12-01,IDN,SGP,0.0258,1,True
2024-01-01,IDN,SGP,0.0587,1,False
2024-02-01,IDN,SGP,0.0549,1,False
2024-03-01,IDN,SGP,0.0329,1,True
2024-04-01,IDN,SGP,0.0246,1,True
2024-05-01,IDN,SGP,0.0191,4,True
2024-06-01,IDN,SGP,0.0221,1,True
2024-07-01,IDN,SGP,0.032,1,True
2024-08-01,IDN,SGP,0.0288,1,True
2024-09-01,IDN,SGP,0.0432,1,True
2024-10-01,IDN,SGP,0.0672,1,False
2024-11-01,IDN,SGP,0.0648,4,False
2024-12-01,IDN,SGP,0.0409,3,True
2025-01-01,IDN,SGP,0.1228,1,False
2025-02-01,IDN,SGP,0.1648,1,False
2025-03-01,IDN,SGP,0.2459,3,False
2025-04-01,IDN,SGP,0.4532,3,False
2025-05-01,IDN,SGP,0.5042,3,False
2025-06-01,IDN,SGP,0.5138,3,False
2025-07-01,IDN,SGP,0.4151,2,False
2025-08-01,IDN,SGP,0.2787,2,False
2025-09-01,IDN,SGP,0.3262,2,False
2025-10-01,IDN,SGP,0.3099,2,False
2025-11-01,IDN,SGP,0.2235,4,False
2025-12-01,IDN,SGP,0.255,4,False
2026-01-01,IDN,SGP,0.2319,4,False
2026-02-01,IDN,SGP,0.1919,3,False
2026-03-01,IDN,SGP,0.1902,2,False
2015-01-01,IDN,KOR,0.062,2,False
2015-02-01,IDN,KOR,0.0592,2,False
2015-03-01,IDN,KOR,0.0229,2,True
2015-04-01,IDN,KOR,0.0033,2,True
2015-05-01,IDN,KOR,0.0081,2,True
2015-06-01,IDN,KOR,0.0118,2,True
2015-07-01,IDN,KOR,0.0091,2,True
2015-08-01,IDN,KOR,0.0477,2,True
2015-09-01,IDN,KOR,0.0469,2,True
2015-10-01,IDN,KOR,0.0241,2,True
2015-11-01,IDN,KOR,0.0258,4,True
2015-12-01,IDN,KOR,0.0192,4,True
2016-01-01,IDN,KOR,0.0987,4,False
2016-02-01,IDN,KOR,0.1861,2,False
2016-03-01,IDN,KOR,0.2028,1,False
2016-04-01,IDN,KOR,0.3468,1,False
2016-05-01,IDN,KOR,0.2932,1,False
2016-06-01,IDN,KOR,0.4934,1,False
2016-07-01,IDN,KOR,0.6698,1,False
2016-08-01,IDN,KOR,0.7952,4,False
2016-09-01,IDN,KOR,0.8044,4,False
2016-10-01,IDN,KOR,0.5551,1,False
2016-11-01,IDN,KOR,0.4555,1,False
2016-12-01,IDN,KOR,0.3772,1,False
2017-01-01,IDN,KOR,0.44,1,False
2017-02-01,IDN,KOR,0.1349,1,False
2017-03-01,IDN,KOR,0.1362,1,False
2017-04-01,IDN,KOR,0.0999,1,False
2017-05-01,IDN,KOR,0.1041,1,False
2017-06-01,IDN,KOR,0.0841,1,False
2017-07-01,IDN,KOR,0.0801,1,False
2017-08-01,IDN,KOR,0.0905,1,False
2017-09-01,IDN,KOR,0.1752,1,False
2017-10-01,IDN,KOR,0.1034,1,False
2017-11-01,IDN,KOR,0.1089,1,False
2017-12-01,IDN,KOR,0.1356,1,False
2018-01-01,IDN,KOR,0.1079,1,False
2018-02-01,IDN,KOR,0.1884,1,False
2018-03-01,IDN,KOR,0.1233,1,False
2018-04-01,IDN,KOR,0.1374,1,False
2018-05-01,IDN,KOR,0.0989,1,False
2018-06-01,IDN,KOR,0.1138,1,False
2018-07-01,IDN,KOR,0.1286,1,False
2018-08-01,IDN,KOR,0.2675,1,False
2018-09-01,IDN,KOR,0.3326,1,False
2018-10-01,IDN,KOR,0.1458,1,False
2018-11-01,IDN,KOR,0.1517,1,False
2018-12-01,IDN,KOR,0.0584,1,False
2019-01-01,IDN,KOR,0.2158,1,False
2019-02-01,IDN,KOR,0.1699,1,False
2019-03-01,IDN,KOR,0.3278,1,False
2019-04-01,IDN,KOR,0.4037,1,False
2019-05-01,IDN,KOR,0.5079,1,False
2019-06-01,IDN,KOR,0.5864,1,False
2019-07-01,IDN,KOR,0.6433,2,False
2019-08-01,IDN,KOR,0.7548,2,False
2019-09-01,IDN,KOR,0.7773,1,False
2019-10-01,IDN,KOR,0.6478,4,False
2019-11-01,IDN,KOR,0.6793,1,False
2019-12-01,IDN,KOR,0.6812,1,False
2020-01-01,IDN,KOR,0.3532,1,False
2020-02-01,IDN,KOR,0.2463,1,False
2020-03-01,IDN,KOR,0.4506,1,False
2020-04-01,IDN,KOR,0.4286,1,False
2020-05-01,IDN,KOR,0.4884,3,False
2020-06-01,IDN,KOR,0.3633,3,False
2020-07-01,IDN,KOR,0.6268,3,False
2020-08-01,IDN,KOR,0.6537,3,False
2020-09-01,IDN,KOR,0.5934,3,False
2020-10-01,IDN,KOR,0.5778,4,False
2020-11-01,IDN,KOR,0.2667,3,False
2020-12-01,IDN,KOR,0.4689,4,False
2021-01-01,IDN,KOR,0.5087,4,False
2021-02-01,IDN,KOR,0.4834,4,False
2021-03-01,IDN,KOR,0.4597,4,False
2021-04-01,IDN,KOR,0.2713,1,False
2021-05-01,IDN,KOR,0.1101,1,False
2021-06-01,IDN,KOR,0.0836,1,False
2021-07-01,IDN,KOR,0.1031,1,False
2021-08-01,IDN,KOR,0.0667,1,False
2021-09-01,IDN,KOR,0.0324,1,True
2021-10-01,IDN,KOR,0.0305,1,True
2021-11-01,IDN,KOR,0.0201,1,True
2021-12-01,IDN,KOR,0.0611,1,False
2022-01-01,IDN,KOR,0.1677,1,False
2022-02-01,IDN,KOR,0.3062,1,False
2022-03-01,IDN,KOR,0.3588,1,False
2022-04-01,IDN,KOR,0.2827,1,False
2022-05-01,IDN,KOR,0.4514,1,False
2022-06-01,IDN,KOR,0.6231,4,False
2022-07-01,IDN,KOR,0.5359,3,False
2022-08-01,IDN,KOR,0.6624,2,False
2022-09-01,IDN,KOR,0.4914,4,False
2022-10-01,IDN,KOR,0.1681,4,False
2022-11-01,IDN,KOR,0.1949,3,False
2022-12-01,IDN,KOR,0.0973,3,False
2023-01-01,IDN,KOR,0.1036,1,False
2023-02-01,IDN,KOR,0.137,1,False
2023-03-01,IDN,KOR,0.1236,1,False
2023-04-01,IDN,KOR,0.054,1,False
2023-05-01,IDN,KOR,0.0579,1,False
2023-06-01,IDN,KOR,0.0318,1,True
2023-07-01,IDN,KOR,0.0109,1,True
2023-08-01,IDN,KOR,0.0032,1,True
2023-09-01,IDN,KOR,0.0891,1,False
2023-10-01,IDN,KOR,0.1644,1,False
2023-11-01,IDN,KOR,0.1637,1,False
2023-12-01,IDN,KOR,0.0893,1,False
2024-01-01,IDN,KOR,0.0982,1,False
2024-02-01,IDN,KOR,0.1156,1,False
2024-03-01,IDN,KOR,0.0853,1,False
2024-04-01,IDN,KOR,0.1454,1,False
2024-05-01,IDN,KOR,0.1341,1,False
2024-06-01,IDN,KOR,0.1229,1,False
2024-07-01,IDN,KOR,0.2097,1,False
2024-08-01,IDN,KOR,0.1706,1,False
2024-09-01,IDN,KOR,0.1783,1,False
2024-10-01,IDN,KOR,0.3356,1,False
2024-11-01,IDN,KOR,0.5808,1,False
2024-12-01,IDN,KOR,0.5993,1,False
2025-01-01,IDN,KOR,0.5344,1,False
2025-02-01,IDN,KOR,0.5561,1,False
2025-03-01,IDN,KOR,0.8368,2,False
2025-04-01,IDN,KOR,0.7036,4,False
2025-05-01,IDN,KOR,0.4628,3,False
2025-06-01,IDN,KOR,0.271,1,False
2025-07-01,IDN,KOR,0.1127,1,False
2025-08-01,IDN,KOR,0.128,1,False
2025-09-01,IDN,KOR,0.1224,1,False
2025-10-01,IDN,KOR,0.1287,1,False
2025-11-01,IDN,KOR,0.1311,1,False
2025-12-01,IDN,KOR,0.1085,2,False
2026-01-01,IDN,KOR,0.044,1,True
2026-02-01,IDN,KOR,0.0357,1,True
2026-03-01,IDN,KOR,0.0549,1,False
2015-01-01,IDN,GBR,0.5056,1,False
2015-02-01,IDN,GBR,0.563,1,False
2015-03-01,IDN,GBR,0.5396,3,False
2015-04-01,IDN,GBR,0.5758,1,False
2015-05-01,IDN,GBR,0.4224,1,False
2015-06-01,IDN,GBR,0.2062,1,False
2015-07-01,IDN,GBR,0.1405,3,False
2015-08-01,IDN,GBR,0.1721,2,False
2015-09-01,IDN,GBR,0.192,1,False
2015-10-01,IDN,GBR,0.4201,1,False
2015-11-01,IDN,GBR,0.5305,2,False
2015-12-01,IDN,GBR,0.6787,2,False
2016-01-01,IDN,GBR,0.7917,1,False
2016-02-01,IDN,GBR,0.4715,4,False
2016-03-01,IDN,GBR,0.5658,4,False
2016-04-01,IDN,GBR,0.5034,4,False
2016-05-01,IDN,GBR,0.6793,4,False
2016-06-01,IDN,GBR,0.6421,4,False
2016-07-01,IDN,GBR,0.4365,1,False
2016-08-01,IDN,GBR,0.3588,1,False
2016-09-01,IDN,GBR,0.296,1,False
2016-10-01,IDN,GBR,0.1571,1,False
2016-11-01,IDN,GBR,0.1597,1,False
2016-12-01,IDN,GBR,0.0836,1,False
2017-01-01,IDN,GBR,0.0397,1,True
2017-02-01,IDN,GBR,0.0319,1,True
2017-03-01,IDN,GBR,0.0271,1,True
2017-04-01,IDN,GBR,0.0232,1,True
2017-05-01,IDN,GBR,0.0231,2,True
2017-06-01,IDN,GBR,0.0076,1,True
2017-07-01,IDN,GBR,0.0113,1,True
2017-08-01,IDN,GBR,0.0181,1,True
2017-09-01,IDN,GBR,0.0553,1,False
2017-10-01,IDN,GBR,0.0474,1,True
2017-11-01,IDN,GBR,0.0654,1,False
2017-12-01,IDN,GBR,0.1072,1,False
2018-01-01,IDN,GBR,0.1034,1,False
2018-02-01,IDN,GBR,0.0921,1,False
2018-03-01,IDN,GBR,0.0777,1,False
2018-04-01,IDN,GBR,0.0884,1,False
2018-05-01,IDN,GBR,0.0675,2,False
2018-06-01,IDN,GBR,0.0628,2,False
2018-07-01,IDN,GBR,0.0579,2,False
2018-08-01,IDN,GBR,0.097,2,False
2018-09-01,IDN,GBR,0.075,2,False
2018-10-01,IDN,GBR,0.0819,4,False
2018-11-01,IDN,GBR,0.1229,2,False
2018-12-01,IDN,GBR,0.2477,2,False
2019-01-01,IDN,GBR,0.558,2,False
2019-02-01,IDN,GBR,0.494,4,False
2019-03-01,IDN,GBR,0.4573,3,False
2019-04-01,IDN,GBR,0.368,4,False
2019-05-01,IDN,GBR,0.1868,3,False
2019-06-01,IDN,GBR,0.1516,3,False
2019-07-01,IDN,GBR,0.1589,2,False
2019-08-01,IDN,GBR,0.1724,1,False
2019-09-01,IDN,GBR,0.1602,1,False
2019-10-01,IDN,GBR,0.0798,1,False
2019-11-01,IDN,GBR,0.085,1,False
2019-12-01,IDN,GBR,0.2052,1,False
2020-01-01,IDN,GBR,0.2206,1,False
2020-02-01,IDN,GBR,0.3417,3,False
2020-03-01,IDN,GBR,0.4396,2,False
2020-04-01,IDN,GBR,0.3085,1,False
2020-05-01,IDN,GBR,0.0876,1,False
2020-06-01,IDN,GBR,0.1609,1,False
2020-07-01,IDN,GBR,0.1169,1,False
2020-08-01,IDN,GBR,0.1251,1,False
2020-09-01,IDN,GBR,0.3368,1,False
2020-10-01,IDN,GBR,0.2394,1,False
2020-11-01,IDN,GBR,0.2973,1,False
2020-12-01,IDN,GBR,0.2757,1,False
2021-01-01,IDN,GBR,0.3018,1,False
2021-02-01,IDN,GBR,0.2532,1,False
2021-03-01,IDN,GBR,0.2047,1,False
2021-04-01,IDN,GBR,0.2351,1,False
2021-05-01,IDN,GBR,0.4455,1,False
2021-06-01,IDN,GBR,0.7504,2,False
2021-07-01,IDN,GBR,0.7467,2,False
2021-08-01,IDN,GBR,0.6595,2,False
2021-09-01,IDN,GBR,0.4737,2,False
2021-10-01,IDN,GBR,0.4352,2,False
2021-11-01,IDN,GBR,0.2025,2,False
2021-12-01,IDN,GBR,0.1118,1,False
2022-01-01,IDN,GBR,0.2108,1,False
2022-02-01,IDN,GBR,0.3178,1,False
2022-03-01,IDN,GBR,0.3114,2,False
2022-04-01,IDN,GBR,0.2332,1,False
2022-05-01,IDN,GBR,0.235,4,False
2022-06-01,IDN,GBR,0.0937,4,False
2022-07-01,IDN,GBR,0.1375,4,False
2022-08-01,IDN,GBR,0.1404,4,False
2022-09-01,IDN,GBR,0.1059,4,False
2022-10-01,IDN,GBR,0.0203,4,True
2022-11-01,IDN,GBR,0.0538,4,False
2022-12-01,IDN,GBR,0.0434,4,True
2023-01-01,IDN,GBR,0.0375,4,True
2023-02-01,IDN,GBR,0.0188,4,True
2023-03-01,IDN,GBR,0.012,4,True
2023-04-01,IDN,GBR,0.0113,4,True
2023-05-01,IDN,GBR,0.1897,4,False
2023-06-01,IDN,GBR,0.1852,4,False
2023-07-01,IDN,GBR,0.1489,2,False
2023-08-01,IDN,GBR,0.0917,2,False
2023-09-01,IDN,GBR,0.1011,2,False
2023-10-01,IDN,GBR,0.1377,2,False
2023-11-01,IDN,GBR,0.0526,2,False
2023-12-01,IDN,GBR,0.0521,2,False
2024-01-01,IDN,GBR,0.0907,2,False
2024-02-01,IDN,GBR,0.1095,2,False
2024-03-01,IDN,GBR,0.0751,2,False
2024-04-01,IDN,GBR,0.0837,2,False
2024-05-01,IDN,GBR,0.0441,2,True
2024-06-01,IDN,GBR,0.0336,2,True
2024-07-01,IDN,GBR,0.0399,2,True
2024-08-01,IDN,GBR,0.0246,2,True
2024-09-01,IDN,GBR,0.0211,2,True
2024-10-01,IDN,GBR,0.014,2,True
2024-11-01,IDN,GBR,0.0077,2,True
2024-12-01,IDN,GBR,0.0074,2,True
2025-01-01,IDN,GBR,0.0158,3,True
2025-02-01,IDN,GBR,0.0083,2,True
2025-03-01,IDN,GBR,0.0588,2,False
2025-04-01,IDN,GBR,0.0443,2,True
2025-05-01,IDN,GBR,0.056,2,False
2025-06-01,IDN,GBR,0.1001,2,False
2025-07-01,IDN,GBR,0.0826,2,False
2025-08-01,IDN,GBR,0.1057,2,False
2025-09-01,IDN,GBR,0.1375,2,False
2025-10-01,IDN,GBR,0.062,3,False
2025-11-01,IDN,GBR,0.055,3,False
2025-12-01,IDN,GBR,0.0448,2,True
2026-01-01,IDN,GBR,0.1604,2,False
2026-02-01,IDN,GBR,0.1256,2,False
2026-03-01,IDN,GBR,0.1283,3,False
2015-01-01,IDN,USA,0.0207,2,True
2015-02-01,IDN,USA,0.0682,2,False
2015-03-01,IDN,USA,0.0706,2,False
2015-04-01,IDN,USA,0.0707,2,False
2015-05-01,IDN,USA,0.1455,2,False
2015-06-01,IDN,USA,0.1215,2,False
2015-07-01,IDN,USA,0.0918,1,False
2015-08-01,IDN,USA,0.1589,1,False
2015-09-01,IDN,USA,0.2835,1,False
2015-10-01,IDN,USA,0.1646,2,False
2015-11-01,IDN,USA,0.1667,1,False
2015-12-01,IDN,USA,0.2867,1,False
2016-01-01,IDN,USA,0.3236,1,False
2016-02-01,IDN,USA,0.5453,1,False
2016-03-01,IDN,USA,0.5797,2,False
2016-04-01,IDN,USA,0.4527,3,False
2016-05-01,IDN,USA,0.4345,2,False
2016-06-01,IDN,USA,0.5574,1,False
2016-07-01,IDN,USA,0.5495,1,False
2016-08-01,IDN,USA,0.723,1,False
2016-09-01,IDN,USA,0.5927,1,False
2016-10-01,IDN,USA,0.3754,1,False
2016-11-01,IDN,USA,0.3594,1,False
2016-12-01,IDN,USA,0.393,1,False
2017-01-01,IDN,USA,0.2452,1,False
2017-02-01,IDN,USA,0.1409,1,False
2017-03-01,IDN,USA,0.1127,1,False
2017-04-01,IDN,USA,0.1087,1,False
2017-05-01,IDN,USA,0.1132,1,False
2017-06-01,IDN,USA,0.137,1,False
2017-07-01,IDN,USA,0.1471,1,False
2017-08-01,IDN,USA,0.1707,1,False
2017-09-01,IDN,USA,0.1374,2,False
2017-10-01,IDN,USA,0.2006,1,False
2017-11-01,IDN,USA,0.3122,1,False
2017-12-01,IDN,USA,0.5939,1,False
2018-01-01,IDN,USA,0.6848,2,False
2018-02-01,IDN,USA,0.6896,2,False
2018-03-01,IDN,USA,0.6099,2,False
2018-04-01,IDN,USA,0.6085,2,False
2018-05-01,IDN,USA,0.5739,2,False
2018-06-01,IDN,USA,0.4279,2,False
2018-07-01,IDN,USA,0.4045,2,False
2018-08-01,IDN,USA,0.5617,2,False
2018-09-01,IDN,USA,0.6203,2,False
2018-10-01,IDN,USA,0.6135,2,False
2018-11-01,IDN,USA,0.4329,3,False
2018-12-01,IDN,USA,0.3382,2,False
2019-01-01,IDN,USA,0.361,1,False
2019-02-01,IDN,USA,0.5993,4,False
2019-03-01,IDN,USA,0.4864,4,False
2019-04-01,IDN,USA,0.3048,4,False
2019-05-01,IDN,USA,0.3826,4,False
2019-06-01,IDN,USA,0.4953,4,False
2019-07-01,IDN,USA,0.5131,4,False
2019-08-01,IDN,USA,0.4678,4,False
2019-09-01,IDN,USA,0.4635,4,False
2019-10-01,IDN,USA,0.304,4,False
2019-11-01,IDN,USA,0.349,4,False
2019-12-01,IDN,USA,0.3769,4,False
2020-01-01,IDN,USA,0.3344,4,False
2020-02-01,IDN,USA,0.2483,1,False
2020-03-01,IDN,USA,0.2106,3,False
2020-04-01,IDN,USA,0.2848,4,False
2020-05-01,IDN,USA,0.1424,1,False
2020-06-01,IDN,USA,0.109,1,False
2020-07-01,IDN,USA,0.2043,1,False
2020-08-01,IDN,USA,0.2854,1,False
2020-09-01,IDN,USA,0.2974,4,False
2020-10-01,IDN,USA,0.2771,4,False
2020-11-01,IDN,USA,0.2898,4,False
2020-12-01,IDN,USA,0.286,4,False
2021-01-01,IDN,USA,0.3726,4,False
2021-02-01,IDN,USA,0.3823,2,False
2021-03-01,IDN,USA,0.5335,2,False
2021-04-01,IDN,USA,0.7547,1,False
2021-05-01,IDN,USA,0.1257,1,False
2021-06-01,IDN,USA,0.0424,1,True
2021-07-01,IDN,USA,0.0392,1,True
2021-08-01,IDN,USA,0.0622,1,False
2021-09-01,IDN,USA,0.0881,1,False
2021-10-01,IDN,USA,0.0787,1,False
2021-11-01,IDN,USA,0.1216,1,False
2021-12-01,IDN,USA,0.1269,1,False
2022-01-01,IDN,USA,0.3007,1,False
2022-02-01,IDN,USA,0.2899,1,False
2022-03-01,IDN,USA,0.1544,1,False
2022-04-01,IDN,USA,0.1121,1,False
2022-05-01,IDN,USA,0.0847,1,False
2022-06-01,IDN,USA,0.1135,1,False
2022-07-01,IDN,USA,0.1447,1,False
2022-08-01,IDN,USA,0.0294,4,True
2022-09-01,IDN,USA,0.0339,1,True
2022-10-01,IDN,USA,0.0352,1,True
2022-11-01,IDN,USA,0.0118,1,True
2022-12-01,IDN,USA,0.0044,1,True
2023-01-01,IDN,USA,0.0016,1,True
2023-02-01,IDN,USA,0.0018,1,True
2023-03-01,IDN,USA,0.0015,1,True
2023-04-01,IDN,USA,0.0,1,True
2023-05-01,IDN,USA,0.0001,1,True
2023-06-01,IDN,USA,0.0,1,True
2023-07-01,IDN,USA,0.0,1,True
2023-08-01,IDN,USA,0.0,1,True
2023-09-01,IDN,USA,0.0001,1,True
2023-10-01,IDN,USA,0.0001,1,True
2023-11-01,IDN,USA,0.0,1,True
2023-12-01,IDN,USA,0.0,1,True
2024-01-01,IDN,USA,0.0,1,True
2024-02-01,IDN,USA,0.0,1,True
2024-03-01,IDN,USA,0.0,1,True
2024-04-01,IDN,USA,0.0001,1,True
2024-05-01,IDN,USA,0.0003,1,True
2024-06-01,IDN,USA,0.0005,1,True
2024-07-01,IDN,USA,0.0007,1,True
2024-08-01,IDN,USA,0.0005,1,True
2024-09-01,IDN,USA,0.0021,1,True
2024-10-01,IDN,USA,0.0083,1,True
2024-11-01,IDN,USA,0.0209,1,True
2024-12-01,IDN,USA,0.0277,1,True
2025-01-01,IDN,USA,0.0535,1,False
2025-02-01,IDN,USA,0.0843,1,False
2025-03-01,IDN,USA,0.3934,1,False
2025-04-01,IDN,USA,0.4841,1,False
2025-05-01,IDN,USA,0.7766,1,False
2025-06-01,IDN,USA,0.6977,1,False
2025-07-01,IDN,USA,0.7956,1,False
2025-08-01,IDN,USA,0.731,1,False
2025-09-01,IDN,USA,0.6819,1,False
2025-10-01,IDN,USA,0.7183,1,False
2025-11-01,IDN,USA,0.7099,1,False
2025-12-01,IDN,USA,0.4309,2,False
2026-01-01,IDN,USA,0.041,4,True
2026-02-01,IDN,USA,0.0144,3,True
2026-03-01,IDN,USA,0.0048,2,True
2015-01-01,IDN,DEU,0.077,1,False
2015-02-01,IDN,DEU,0.183,1,False
2015-03-01,IDN,DEU,0.1239,1,False
2015-04-01,IDN,DEU,0.066,1,False
2015-05-01,IDN,DEU,0.058,1,False
2015-06-01,IDN,DEU,0.0997,1,False
2015-07-01,IDN,DEU,0.0507,1,False
2015-08-01,IDN,DEU,0.2245,1,False
2015-09-01,IDN,DEU,0.2262,1,False
2015-10-01,IDN,DEU,0.1684,1,False
2015-11-01,IDN,DEU,0.3417,1,False
2015-12-01,IDN,DEU,0.1319,1,False
2016-01-01,IDN,DEU,0.1187,1,False
2016-02-01,IDN,DEU,0.1323,1,False
2016-03-01,IDN,DEU,0.2874,1,False
2016-04-01,IDN,DEU,0.2801,1,False
2016-05-01,IDN,DEU,0.4692,4,False
2016-06-01,IDN,DEU,0.4856,2,False
2016-07-01,IDN,DEU,0.4718,2,False
2016-08-01,IDN,DEU,0.3814,4,False
2016-09-01,IDN,DEU,0.3938,4,False
2016-10-01,IDN,DEU,0.3528,2,False
2016-11-01,IDN,DEU,0.3127,4,False
2016-12-01,IDN,DEU,0.3218,4,False
2017-01-01,IDN,DEU,0.2055,1,False
2017-02-01,IDN,DEU,0.1296,1,False
2017-03-01,IDN,DEU,0.0529,1,False
2017-04-01,IDN,DEU,0.1297,1,False
2017-05-01,IDN,DEU,0.0585,1,False
2017-06-01,IDN,DEU,0.1153,1,False
2017-07-01,IDN,DEU,0.0846,1,False
2017-08-01,IDN,DEU,0.0763,1,False
2017-09-01,IDN,DEU,0.0701,1,False
2017-10-01,IDN,DEU,0.0758,1,False
2017-11-01,IDN,DEU,0.085,1,False
2017-12-01,IDN,DEU,0.0943,1,False
2018-01-01,IDN,DEU,0.1103,2,False
2018-02-01,IDN,DEU,0.0424,4,True
2018-03-01,IDN,DEU,0.0406,3,True
2018-04-01,IDN,DEU,0.0066,2,True
2018-05-01,IDN,DEU,0.0081,2,True
2018-06-01,IDN,DEU,0.0025,2,True
2018-07-01,IDN,DEU,0.0022,2,True
2018-08-01,IDN,DEU,0.0059,2,True
2018-09-01,IDN,DEU,0.0009,2,True
2018-10-01,IDN,DEU,0.0032,1,True
2018-11-01,IDN,DEU,0.0349,3,True
2018-12-01,IDN,DEU,0.0088,2,True
2019-01-01,IDN,DEU,0.0148,1,True
2019-02-01,IDN,DEU,0.0352,2,True
2019-03-01,IDN,DEU,0.0381,1,True
2019-04-01,IDN,DEU,0.0361,2,True
2019-05-01,IDN,DEU,0.0192,2,True
2019-06-01,IDN,DEU,0.0248,2,True
2019-07-01,IDN,DEU,0.0662,2,False
2019-08-01,IDN,DEU,0.0744,2,False
2019-09-01,IDN,DEU,0.4307,4,False
2019-10-01,IDN,DEU,0.2249,3,False
2019-11-01,IDN,DEU,0.2035,3,False
2019-12-01,IDN,DEU,0.2038,3,False
2020-01-01,IDN,DEU,0.2259,3,False
2020-02-01,IDN,DEU,0.1659,4,False
2020-03-01,IDN,DEU,0.1005,3,False
2020-04-01,IDN,DEU,0.0879,3,False
2020-05-01,IDN,DEU,0.0355,3,True
2020-06-01,IDN,DEU,0.1568,3,False
2020-07-01,IDN,DEU,0.3019,3,False
2020-08-01,IDN,DEU,0.3319,1,False
2020-09-01,IDN,DEU,0.2764,4,False
2020-10-01,IDN,DEU,0.1848,4,False
2020-11-01,IDN,DEU,0.1006,4,False
2020-12-01,IDN,DEU,0.1533,3,False
2021-01-01,IDN,DEU,0.0758,4,False
2021-02-01,IDN,DEU,0.1096,1,False
2021-03-01,IDN,DEU,0.2413,1,False
2021-04-01,IDN,DEU,0.3055,4,False
2021-05-01,IDN,DEU,0.3046,4,False
2021-06-01,IDN,DEU,0.4653,2,False
2021-07-01,IDN,DEU,0.4436,4,False
2021-08-01,IDN,DEU,0.5474,2,False
2021-09-01,IDN,DEU,0.4887,2,False
2021-10-01,IDN,DEU,0.2832,2,False
2021-11-01,IDN,DEU,0.3086,2,False
2021-12-01,IDN,DEU,0.3535,1,False
2022-01-01,IDN,DEU,0.4788,1,False
2022-02-01,IDN,DEU,0.6317,1,False
2022-03-01,IDN,DEU,0.5589,2,False
2022-04-01,IDN,DEU,0.4592,1,False
2022-05-01,IDN,DEU,0.673,1,False
2022-06-01,IDN,DEU,0.7177,3,False
2022-07-01,IDN,DEU,0.5452,1,False
2022-08-01,IDN,DEU,0.5885,1,False
2022-09-01,IDN,DEU,0.6658,3,False
2022-10-01,IDN,DEU,0.5387,1,False
2022-11-01,IDN,DEU,0.5836,1,False
2022-12-01,IDN,DEU,0.6266,3,False
2023-01-01,IDN,DEU,0.1937,3,False
2023-02-01,IDN,DEU,0.2269,3,False
2023-03-01,IDN,DEU,0.2774,3,False
2023-04-01,IDN,DEU,0.427,3,False
2023-05-01,IDN,DEU,0.4494,3,False
2023-06-01,IDN,DEU,0.3147,3,False
2023-07-01,IDN,DEU,0.2164,3,False
2023-08-01,IDN,DEU,0.2249,3,False
2023-09-01,IDN,DEU,0.2029,3,False
2023-10-01,IDN,DEU,0.0871,4,False
2023-11-01,IDN,DEU,0.1819,4,False
2023-12-01,IDN,DEU,0.1891,4,False
2024-01-01,IDN,DEU,0.2209,4,False
2024-02-01,IDN,DEU,0.1634,4,False
2024-03-01,IDN,DEU,0.1099,4,False
2024-04-01,IDN,DEU,0.177,3,False
2024-05-01,IDN,DEU,0.226,3,False
2024-06-01,IDN,DEU,0.2483,3,False
2024-07-01,IDN,DEU,0.2263,3,False
2024-08-01,IDN,DEU,0.2286,3,False
2024-09-01,IDN,DEU,0.1672,3,False
2024-10-01,IDN,DEU,0.1837,3,False
2024-11-01,IDN,DEU,0.1236,3,False
2024-12-01,IDN,DEU,0.1676,3,False
2025-01-01,IDN,DEU,0.2088,3,False
2025-02-01,IDN,DEU,0.2131,2,False
2025-03-01,IDN,DEU,0.185,2,False
2025-04-01,IDN,DEU,0.2278,2,False
2025-05-01,IDN,DEU,0.2253,2,False
2025-06-01,IDN,DEU,0.2755,2,False
2025-07-01,IDN,DEU,0.3312,2,False
2025-08-01,IDN,DEU,0.4085,1,False
2025-09-01,IDN,DEU,0.672,4,False
2025-10-01,IDN,DEU,0.6706,4,False
2025-11-01,IDN,DEU,0.8559,2,False
2025-12-01,IDN,DEU,0.5895,4,False
2026-01-01,IDN,DEU,0.4927,4,False
2026-02-01,IDN,DEU,0.5018,4,False
2026-03-01,IDN,DEU,0.7124,4,False
2015-01-01,IDN,FRA,0.6788,1,False
2015-02-01,IDN,FRA,0.7477,1,False
2015-03-01,IDN,FRA,0.4977,1,False
2015-04-01,IDN,FRA,0.2207,1,False
2015-05-01,IDN,FRA,0.1928,1,False
2015-06-01,IDN,FRA,0.1576,1,False
2015-07-01,IDN,FRA,0.1709,1,False
2015-08-01,IDN,FRA,0.0465,4,True
2015-09-01,IDN,FRA,0.0406,3,True
2015-10-01,IDN,FRA,0.0395,3,True
2015-11-01,IDN,FRA,0.0802,1,False
2015-12-01,IDN,FRA,0.0636,1,False
2016-01-01,IDN,FRA,0.0542,2,False
2016-02-01,IDN,FRA,0.0553,2,False
2016-03-01,IDN,FRA,0.394,1,False
2016-04-01,IDN,FRA,0.4187,4,False
2016-05-01,IDN,FRA,0.42,4,False
2016-06-01,IDN,FRA,0.3763,3,False
2016-07-01,IDN,FRA,0.2472,1,False
2016-08-01,IDN,FRA,0.2046,1,False
2016-09-01,IDN,FRA,0.2092,1,False
2016-10-01,IDN,FRA,0.1494,1,False
2016-11-01,IDN,FRA,0.167,1,False
2016-12-01,IDN,FRA,0.0996,1,False
2017-01-01,IDN,FRA,0.0688,1,False
2017-02-01,IDN,FRA,0.0176,1,True
2017-03-01,IDN,FRA,0.0251,1,True
2017-04-01,IDN,FRA,0.0234,1,True
2017-05-01,IDN,FRA,0.0221,1,True
2017-06-01,IDN,FRA,0.0422,4,True
2017-07-01,IDN,FRA,0.0368,4,True
2017-08-01,IDN,FRA,0.0345,4,True
2017-09-01,IDN,FRA,0.0398,4,True
2017-10-01,IDN,FRA,0.0386,4,True
2017-11-01,IDN,FRA,0.0369,4,True
2017-12-01,IDN,FRA,0.0496,4,True
2018-01-01,IDN,FRA,0.0654,4,False
2018-02-01,IDN,FRA,0.1744,1,False
2018-03-01,IDN,FRA,0.18,1,False
2018-04-01,IDN,FRA,0.1763,1,False
2018-05-01,IDN,FRA,0.1624,1,False
2018-06-01,IDN,FRA,0.1755,1,False
2018-07-01,IDN,FRA,0.2095,1,False
2018-08-01,IDN,FRA,0.2968,1,False
2018-09-01,IDN,FRA,0.2855,4,False
2018-10-01,IDN,FRA,0.1753,4,False
2018-11-01,IDN,FRA,0.1678,3,False
2018-12-01,IDN,FRA,0.0575,1,False
2019-01-01,IDN,FRA,0.0213,1,True
2019-02-01,IDN,FRA,0.0538,1,False
2019-03-01,IDN,FRA,0.0557,1,False
2019-04-01,IDN,FRA,0.0875,1,False
2019-05-01,IDN,FRA,0.0707,1,False
2019-06-01,IDN,FRA,0.2725,1,False
2019-07-01,IDN,FRA,0.1773,1,False
2019-08-01,IDN,FRA,0.2892,3,False
2019-09-01,IDN,FRA,0.3267,3,False
2019-10-01,IDN,FRA,0.2716,3,False
2019-11-01,IDN,FRA,0.1577,3,False
2019-12-01,IDN,FRA,0.1575,3,False
2020-01-01,IDN,FRA,0.1354,3,False
2020-02-01,IDN,FRA,0.1032,4,False
2020-03-01,IDN,FRA,0.0204,3,True
2020-04-01,IDN,FRA,0.0787,3,False
2020-05-01,IDN,FRA,0.0524,3,False
2020-06-01,IDN,FRA,0.03,3,True
2020-07-01,IDN,FRA,0.0243,3,True
2020-08-01,IDN,FRA,0.0559,3,False
2020-09-01,IDN,FRA,0.021,3,True
2020-10-01,IDN,FRA,0.0039,3,True
2020-11-01,IDN,FRA,0.0049,3,True
2020-12-01,IDN,FRA,0.0056,3,True
2021-01-01,IDN,FRA,0.0127,3,True
2021-02-01,IDN,FRA,0.0242,3,True
2021-03-01,IDN,FRA,0.0841,3,False
2021-04-01,IDN,FRA,0.0671,3,False
2021-05-01,IDN,FRA,0.0938,3,False
2021-06-01,IDN,FRA,0.1085,3,False
2021-07-01,IDN,FRA,0.1176,3,False
2021-08-01,IDN,FRA,0.0951,3,False
2021-09-01,IDN,FRA,0.1476,3,False
2021-10-01,IDN,FRA,0.1089,3,False
2021-11-01,IDN,FRA,0.1597,3,False
2021-12-01,IDN,FRA,0.1071,3,False
2022-01-01,IDN,FRA,0.2148,3,False
2022-02-01,IDN,FRA,0.2109,3,False
2022-03-01,IDN,FRA,0.1354,2,False
2022-04-01,IDN,FRA,0.2861,4,False
2022-05-01,IDN,FRA,0.43,2,False
2022-06-01,IDN,FRA,0.4808,2,False
2022-07-01,IDN,FRA,0.584,2,False
2022-08-01,IDN,FRA,0.5511,1,False
2022-09-01,IDN,FRA,0.2307,4,False
2022-10-01,IDN,FRA,0.0868,4,False
2022-11-01,IDN,FRA,0.3225,4,False
2022-12-01,IDN,FRA,0.3002,4,False
2023-01-01,IDN,FRA,0.1751,4,False
2023-02-01,IDN,FRA,0.1704,4,False
2023-03-01,IDN,FRA,0.1559,4,False
2023-04-01,IDN,FRA,0.2625,4,False
2023-05-01,IDN,FRA,0.3272,4,False
2023-06-01,IDN,FRA,0.4598,2,False
2023-07-01,IDN,FRA,0.4359,2,False
2023-08-01,IDN,FRA,0.4656,2,False
2023-09-01,IDN,FRA,0.4674,2,False
2023-10-01,IDN,FRA,0.4484,4,False
2023-11-01,IDN,FRA,0.4663,4,False
2023-12-01,IDN,FRA,0.5891,4,False
2024-01-01,IDN,FRA,0.6815,4,False
2024-02-01,IDN,FRA,0.4038,1,False
2024-03-01,IDN,FRA,0.3126,1,False
2024-04-01,IDN,FRA,0.177,1,False
2024-05-01,IDN,FRA,0.1632,1,False
2024-06-01,IDN,FRA,0.1633,1,False
2024-07-01,IDN,FRA,0.1359,1,False
2024-08-01,IDN,FRA,0.1349,1,False
2024-09-01,IDN,FRA,0.2114,1,False
2024-10-01,IDN,FRA,0.3118,3,False
2024-11-01,IDN,FRA,0.2479,2,False
2024-12-01,IDN,FRA,0.2411,2,False
2025-01-01,IDN,FRA,0.3598,1,False
2025-02-01,IDN,FRA,0.2882,2,False
2025-03-01,IDN,FRA,0.3078,2,False
2025-04-01,IDN,FRA,0.3907,2,False
2025-05-01,IDN,FRA,0.4505,2,False
2025-06-01,IDN,FRA,0.5648,3,False
2025-07-01,IDN,FRA,0.5671,1,False
2025-08-01,IDN,FRA,0.4392,4,False
2025-09-01,IDN,FRA,0.3818,4,False
2025-10-01,IDN,FRA,0.4122,4,False
2025-11-01,IDN,FRA,0.3772,3,False
2025-12-01,IDN,FRA,0.4272,2,False
2026-01-01,IDN,FRA,0.1531,4,False
2026-02-01,IDN,FRA,0.1391,4,False
2026-03-01,IDN,FRA,0.1086,4,False
2015-01-01,IDN,JPN,0.0611,2,False
2015-02-01,IDN,JPN,0.0378,2,True
2015-03-01,IDN,JPN,0.0569,2,False
2015-04-01,IDN,JPN,0.0577,2,False
2015-05-01,IDN,JPN,0.1168,3,False
2015-06-01,IDN,JPN,0.1016,3,False
2015-07-01,IDN,JPN,0.1058,3,False
2015-08-01,IDN,JPN,0.1193,3,False
2015-09-01,IDN,JPN,0.075,3,False
2015-10-01,IDN,JPN,0.1806,3,False
2015-11-01,IDN,JPN,0.2094,2,False
2015-12-01,IDN,JPN,0.1974,2,False
2016-01-01,IDN,JPN,0.1292,3,False
2016-02-01,IDN,JPN,0.0598,3,False
2016-03-01,IDN,JPN,0.0649,1,False
2016-04-01,IDN,JPN,0.0594,3,False
2016-05-01,IDN,JPN,0.1035,3,False
2016-06-01,IDN,JPN,0.1,3,False
2016-07-01,IDN,JPN,0.1182,3,False
2016-08-01,IDN,JPN,0.1209,3,False
2016-09-01,IDN,JPN,0.1594,3,False
2016-10-01,IDN,JPN,0.1615,3,False
2016-11-01,IDN,JPN,0.1033,3,False
2016-12-01,IDN,JPN,0.2059,3,False
2017-01-01,IDN,JPN,0.1616,4,False
2017-02-01,IDN,JPN,0.1644,4,False
2017-03-01,IDN,JPN,0.1573,4,False
2017-04-01,IDN,JPN,0.191,4,False
2017-05-01,IDN,JPN,0.1325,4,False
2017-06-01,IDN,JPN,0.1412,4,False
2017-07-01,IDN,JPN,0.1426,4,False
2017-08-01,IDN,JPN,0.1506,4,False
2017-09-01,IDN,JPN,0.1645,4,False
2017-10-01,IDN,JPN,0.1142,4,False
2017-11-01,IDN,JPN,0.2764,4,False
2017-12-01,IDN,JPN,0.3174,4,False
2018-01-01,IDN,JPN,0.234,4,False
2018-02-01,IDN,JPN,0.2228,4,False
2018-03-01,IDN,JPN,0.1508,1,False
2018-04-01,IDN,JPN,0.2095,1,False
2018-05-01,IDN,JPN,0.3819,4,False
2018-06-01,IDN,JPN,0.3952,4,False
2018-07-01,IDN,JPN,0.4117,4,False
2018-08-01,IDN,JPN,0.3957,4,False
2018-09-01,IDN,JPN,0.3343,4,False
2018-10-01,IDN,JPN,0.2254,1,False
2018-11-01,IDN,JPN,0.2084,1,False
2018-12-01,IDN,JPN,0.1406,1,False
2019-01-01,IDN,JPN,0.2532,2,False
2019-02-01,IDN,JPN,0.2049,1,False
2019-03-01,IDN,JPN,0.2905,1,False
2019-04-01,IDN,JPN,0.2382,4,False
2019-05-01,IDN,JPN,0.2034,3,False
2019-06-01,IDN,JPN,0.281,3,False
2019-07-01,IDN,JPN,0.166,4,False
2019-08-01,IDN,JPN,0.0807,4,False
2019-09-01,IDN,JPN,0.3129,3,False
2019-10-01,IDN,JPN,0.309,3,False
2019-11-01,IDN,JPN,0.2884,3,False
2019-12-01,IDN,JPN,0.2561,3,False
2020-01-01,IDN,JPN,0.2456,3,False
2020-02-01,IDN,JPN,0.2595,3,False
2020-03-01,IDN,JPN,0.147,3,False
2020-04-01,IDN,JPN,0.1739,3,False
2020-05-01,IDN,JPN,0.0804,3,False
2020-06-01,IDN,JPN,0.1538,3,False
2020-07-01,IDN,JPN,0.1185,4,False
2020-08-01,IDN,JPN,0.0464,3,True
2020-09-01,IDN,JPN,0.0657,2,False
2020-10-01,IDN,JPN,0.0483,1,True
2020-11-01,IDN,JPN,0.0742,1,False
2020-12-01,IDN,JPN,0.2694,1,False
2021-01-01,IDN,JPN,0.2384,3,False
2021-02-01,IDN,JPN,0.1152,3,False
2021-03-01,IDN,JPN,0.1683,3,False
2021-04-01,IDN,JPN,0.1884,3,False
2021-05-01,IDN,JPN,0.1892,3,False
2021-06-01,IDN,JPN,0.2151,3,False
2021-07-01,IDN,JPN,0.2392,3,False
2021-08-01,IDN,JPN,0.1728,3,False
2021-09-01,IDN,JPN,0.13,3,False
2021-10-01,IDN,JPN,0.1006,3,False
2021-11-01,IDN,JPN,0.0532,2,False
2021-12-01,IDN,JPN,0.0441,1,True
2022-01-01,IDN,JPN,0.0127,1,True
2022-02-01,IDN,JPN,0.0101,1,True
2022-03-01,IDN,JPN,0.0141,1,True
2022-04-01,IDN,JPN,0.1018,1,False
2022-05-01,IDN,JPN,0.0725,1,False
2022-06-01,IDN,JPN,0.0971,1,False
2022-07-01,IDN,JPN,0.0262,1,True
2022-08-01,IDN,JPN,0.0212,1,True
2022-09-01,IDN,JPN,0.051,1,False
2022-10-01,IDN,JPN,0.0213,1,True
2022-11-01,IDN,JPN,0.0301,1,True
2022-12-01,IDN,JPN,0.0152,1,True
2023-01-01,IDN,JPN,0.0143,1,True
2023-02-01,IDN,JPN,0.0175,1,True
2023-03-01,IDN,JPN,0.0175,1,True
2023-04-01,IDN,JPN,0.0487,1,True
2023-05-01,IDN,JPN,0.0463,1,True
2023-06-01,IDN,JPN,0.057,1,False
2023-07-01,IDN,JPN,0.068,1,False
2023-08-01,IDN,JPN,0.1144,1,False
2023-09-01,IDN,JPN,0.148,1,False
2023-10-01,IDN,JPN,0.1237,1,False
2023-11-01,IDN,JPN,0.137,1,False
2023-12-01,IDN,JPN,0.1384,1,False
2024-01-01,IDN,JPN,0.1474,1,False
2024-02-01,IDN,JPN,0.1313,1,False
2024-03-01,IDN,JPN,0.1404,1,False
2024-04-01,IDN,JPN,0.2912,1,False
2024-05-01,IDN,JPN,0.4669,1,False
2024-06-01,IDN,JPN,0.4645,1,False
2024-07-01,IDN,JPN,0.4053,1,False
2024-08-01,IDN,JPN,0.4557,1,False
2024-09-01,IDN,JPN,0.593,1,False
2024-10-01,IDN,JPN,0.3642,1,False
2024-11-01,IDN,JPN,0.2555,3,False
2024-12-01,IDN,JPN,0.1503,3,False
2025-01-01,IDN,JPN,0.1076,4,False
2025-02-01,IDN,JPN,0.084,3,False
2025-03-01,IDN,JPN,0.0976,4,False
2025-04-01,IDN,JPN,0.0918,3,False
2025-05-01,IDN,JPN,0.1954,3,False
2025-06-01,IDN,JPN,0.2713,4,False
2025-07-01,IDN,JPN,0.2924,4,False
2025-08-01,IDN,JPN,0.2886,3,False
2025-09-01,IDN,JPN,0.2096,3,False
2025-10-01,IDN,JPN,0.1119,4,False
2025-11-01,IDN,JPN,0.1314,4,False
2025-12-01,IDN,JPN,0.0839,4,False
2026-01-01,IDN,JPN,0.0414,4,True
2026-02-01,IDN,JPN,0.0336,4,True
2026-03-01,IDN,JPN,0.0261,2,True
2015-01-01,THA,IND,0.0027,1,True
2015-02-01,THA,IND,0.0084,1,True
2015-03-01,THA,IND,0.0087,1,True
2015-04-01,THA,IND,0.0293,1,True
2015-05-01,THA,IND,0.0258,1,True
2015-06-01,THA,IND,0.042,1,True
2015-07-01,THA,IND,0.102,1,False
2015-08-01,THA,IND,0.0247,2,True
2015-09-01,THA,IND,0.0306,1,True
2015-10-01,THA,IND,0.0904,1,False
2015-11-01,THA,IND,0.274,1,False
2015-12-01,THA,IND,0.5363,1,False
2016-01-01,THA,IND,0.522,1,False
2016-02-01,THA,IND,0.4991,1,False
2016-03-01,THA,IND,0.4476,1,False
2016-04-01,THA,IND,0.4083,1,False
2016-05-01,THA,IND,0.5156,1,False
2016-06-01,THA,IND,0.5733,3,False
2016-07-01,THA,IND,0.5771,1,False
2016-08-01,THA,IND,0.6351,3,False
2016-09-01,THA,IND,0.2814,3,False
2016-10-01,THA,IND,0.2169,3,False
2016-11-01,THA,IND,0.2363,1,False
2016-12-01,THA,IND,0.2959,1,False
2017-01-01,THA,IND,0.3282,1,False
2017-02-01,THA,IND,0.3131,1,False
2017-03-01,THA,IND,0.3214,1,False
2017-04-01,THA,IND,0.3848,1,False
2017-05-01,THA,IND,0.4152,1,False
2017-06-01,THA,IND,0.4646,1,False
2017-07-01,THA,IND,0.6325,1,False
2017-08-01,THA,IND,0.5201,3,False
2017-09-01,THA,IND,0.3267,3,False
2017-10-01,THA,IND,0.1755,2,False
2017-11-01,THA,IND,0.0302,1,True
2017-12-01,THA,IND,0.284,1,False
2018-01-01,THA,IND,0.5592,2,False
2018-02-01,THA,IND,0.6022,2,False
2018-03-01,THA,IND,0.5486,2,False
2018-04-01,THA,IND,0.3823,4,False
2018-05-01,THA,IND,0.497,3,False
2018-06-01,THA,IND,0.3518,2,False
2018-07-01,THA,IND,0.4457,2,False
2018-08-01,THA,IND,0.35,4,False
2018-09-01,THA,IND,0.4611,1,False
2018-10-01,THA,IND,0.1259,1,False
2018-11-01,THA,IND,0.0867,1,False
2018-12-01,THA,IND,0.0964,1,False
2019-01-01,THA,IND,0.0952,1,False
2019-02-01,THA,IND,0.0566,4,False
2019-03-01,THA,IND,0.0713,4,False
2019-04-01,THA,IND,0.0335,4,True
2019-05-01,THA,IND,0.1334,1,False
2019-06-01,THA,IND,0.1567,1,False
2019-07-01,THA,IND,0.1302,1,False
2019-08-01,THA,IND,0.3805,3,False
2019-09-01,THA,IND,0.378,3,False
2019-10-01,THA,IND,0.4697,3,False
2019-11-01,THA,IND,0.51,3,False
2019-12-01,THA,IND,0.4923,3,False
2020-01-01,THA,IND,0.5281,3,False
2020-02-01,THA,IND,0.7061,3,False
2020-03-01,THA,IND,0.6218,3,False
2020-04-01,THA,IND,0.4895,1,False
2020-05-01,THA,IND,0.5503,1,False
2020-06-01,THA,IND,0.4672,1,False
2020-07-01,THA,IND,0.4451,1,False
2020-08-01,THA,IND,0.4804,1,False
2020-09-01,THA,IND,0.5278,1,False
2020-10-01,THA,IND,0.4771,1,False
2020-11-01,THA,IND,0.5136,1,False
2020-12-01,THA,IND,0.4565,1,False
2021-01-01,THA,IND,0.3012,1,False
2021-02-01,THA,IND,0.2095,1,False
2021-03-01,THA,IND,0.2555,1,False
2021-04-01,THA,IND,0.2829,1,False
2021-05-01,THA,IND,0.1705,1,False
2021-06-01,THA,IND,0.1016,1,False
2021-07-01,THA,IND,0.2156,2,False
2021-08-01,THA,IND,0.124,4,False
2021-09-01,THA,IND,0.1016,3,False
2021-10-01,THA,IND,0.1388,3,False
2021-11-01,THA,IND,0.1551,1,False
2021-12-01,THA,IND,0.1988,1,False
2022-01-01,THA,IND,0.1643,1,False
2022-02-01,THA,IND,0.1575,1,False
2022-03-01,THA,IND,0.1682,1,False
2022-04-01,THA,IND,0.1678,1,False
2022-05-01,THA,IND,0.1152,1,False
2022-06-01,THA,IND,0.1777,1,False
2022-07-01,THA,IND,0.0965,1,False
2022-08-01,THA,IND,0.102,1,False
2022-09-01,THA,IND,0.1954,1,False
2022-10-01,THA,IND,0.2939,4,False
2022-11-01,THA,IND,0.2033,4,False
2022-12-01,THA,IND,0.3134,4,False
2023-01-01,THA,IND,0.4108,2,False
2023-02-01,THA,IND,0.3595,2,False
2023-03-01,THA,IND,0.2788,2,False
2023-04-01,THA,IND,0.3046,2,False
2023-05-01,THA,IND,0.2489,2,False
2023-06-01,THA,IND,0.1235,1,False
2023-07-01,THA,IND,0.5506,4,False
2023-08-01,THA,IND,0.2354,1,False
2023-09-01,THA,IND,0.29,1,False
2023-10-01,THA,IND,0.9261,2,False
2023-11-01,THA,IND,0.6878,1,False
2023-12-01,THA,IND,0.6185,1,False
2024-01-01,THA,IND,0.3352,1,False
2024-02-01,THA,IND,0.2205,1,False
2024-03-01,THA,IND,0.2789,2,False
2024-04-01,THA,IND,0.1515,1,False
2024-05-01,THA,IND,0.1112,2,False
2024-06-01,THA,IND,0.0762,2,False
2024-07-01,THA,IND,0.0567,3,False
2024-08-01,THA,IND,0.1547,2,False
2024-09-01,THA,IND,0.1601,3,False
2024-10-01,THA,IND,0.1177,2,False
2024-11-01,THA,IND,0.13,1,False
2024-12-01,THA,IND,0.1532,3,False
2025-01-01,THA,IND,0.1026,3,False
2025-02-01,THA,IND,0.1919,1,False
2025-03-01,THA,IND,0.2608,1,False
2025-04-01,THA,IND,0.2935,3,False
2025-05-01,THA,IND,0.3343,3,False
2025-06-01,THA,IND,0.3314,1,False
2025-07-01,THA,IND,0.3299,1,False
2025-08-01,THA,IND,0.4011,1,False
2025-09-01,THA,IND,0.4504,4,False
2025-10-01,THA,IND,0.424,4,False
2025-11-01,THA,IND,0.301,4,False
2025-12-01,THA,IND,0.0843,2,False
2026-01-01,THA,IND,0.0904,2,False
2026-02-01,THA,IND,0.078,2,False
2026-03-01,THA,IND,0.0795,2,False
2015-01-01,THA,CHN,0.0037,3,True
2015-02-01,THA,CHN,0.2951,4,False
2015-03-01,THA,CHN,0.2485,4,False
2015-04-01,THA,CHN,0.1965,4,False
2015-05-01,THA,CHN,0.332,2,False
2015-06-01,THA,CHN,0.3365,2,False
2015-07-01,THA,CHN,0.307,2,False
2015-08-01,THA,CHN,0.6605,2,False
2015-09-01,THA,CHN,0.6423,2,False
2015-10-01,THA,CHN,0.6386,1,False
2015-11-01,THA,CHN,0.5153,1,False
2015-12-01,THA,CHN,0.5258,1,False
2016-01-01,THA,CHN,0.5555,1,False
2016-02-01,THA,CHN,0.7505,1,False
2016-03-01,THA,CHN,0.6698,1,False
2016-04-01,THA,CHN,0.5883,1,False
2016-05-01,THA,CHN,0.506,4,False
2016-06-01,THA,CHN,0.472,4,False
2016-07-01,THA,CHN,0.4686,3,False
2016-08-01,THA,CHN,0.5968,3,False
2016-09-01,THA,CHN,0.6683,3,False
2016-10-01,THA,CHN,0.6856,4,False
2016-11-01,THA,CHN,0.622,3,False
2016-12-01,THA,CHN,0.6566,3,False
2017-01-01,THA,CHN,0.6574,3,False
2017-02-01,THA,CHN,0.6434,4,False
2017-03-01,THA,CHN,0.6093,2,False
2017-04-01,THA,CHN,0.4684,2,False
2017-05-01,THA,CHN,0.5066,2,False
2017-06-01,THA,CHN,0.4664,2,False
2017-07-01,THA,CHN,0.4307,2,False
2017-08-01,THA,CHN,0.3689,2,False
2017-09-01,THA,CHN,0.4655,2,False
2017-10-01,THA,CHN,0.4021,3,False
2017-11-01,THA,CHN,0.2783,2,False
2017-12-01,THA,CHN,0.1235,1,False
2018-01-01,THA,CHN,0.2903,3,False
2018-02-01,THA,CHN,0.125,2,False
2018-03-01,THA,CHN,0.0432,2,True
2018-04-01,THA,CHN,0.0807,2,False
2018-05-01,THA,CHN,0.0941,2,False
2018-06-01,THA,CHN,0.1901,2,False
2018-07-01,THA,CHN,0.293,2,False
2018-08-01,THA,CHN,0.1947,1,False
2018-09-01,THA,CHN,0.2562,2,False
2018-10-01,THA,CHN,0.1861,2,False
2018-11-01,THA,CHN,0.1665,2,False
2018-12-01,THA,CHN,0.2058,1,False
2019-01-01,THA,CHN,0.1682,1,False
2019-02-01,THA,CHN,0.3795,2,False
2019-03-01,THA,CHN,0.6572,3,False
2019-04-01,THA,CHN,0.7898,2,False
2019-05-01,THA,CHN,0.7073,3,False
2019-06-01,THA,CHN,0.5414,2,False
2019-07-01,THA,CHN,0.7989,2,False
2019-08-01,THA,CHN,0.7597,3,False
2019-09-01,THA,CHN,0.7132,2,False
2019-10-01,THA,CHN,0.6249,4,False
2019-11-01,THA,CHN,0.4556,3,False
2019-12-01,THA,CHN,0.3234,2,False
2020-01-01,THA,CHN,0.2964,2,False
2020-02-01,THA,CHN,0.2083,2,False
2020-03-01,THA,CHN,0.4335,2,False
2020-04-01,THA,CHN,0.5765,2,False
2020-05-01,THA,CHN,0.5061,2,False
2020-06-01,THA,CHN,0.4946,2,False
2020-07-01,THA,CHN,0.252,2,False
2020-08-01,THA,CHN,0.1054,2,False
2020-09-01,THA,CHN,0.2885,3,False
2020-10-01,THA,CHN,0.5235,3,False
2020-11-01,THA,CHN,0.387,3,False
2020-12-01,THA,CHN,0.4362,3,False
2021-01-01,THA,CHN,0.3674,3,False
2021-02-01,THA,CHN,0.4979,3,False
2021-03-01,THA,CHN,0.1755,3,False
2021-04-01,THA,CHN,0.3146,3,False
2021-05-01,THA,CHN,0.1479,1,False
2021-06-01,THA,CHN,0.1236,1,False
2021-07-01,THA,CHN,0.3058,1,False
2021-08-01,THA,CHN,0.2929,1,False
2021-09-01,THA,CHN,0.5596,1,False
2021-10-01,THA,CHN,0.7023,1,False
2021-11-01,THA,CHN,0.5767,1,False
2021-12-01,THA,CHN,0.5268,1,False
2022-01-01,THA,CHN,0.4278,1,False
2022-02-01,THA,CHN,0.3546,1,False
2022-03-01,THA,CHN,0.4402,1,False
2022-04-01,THA,CHN,0.4639,1,False
2022-05-01,THA,CHN,0.4936,1,False
2022-06-01,THA,CHN,0.6449,1,False
2022-07-01,THA,CHN,0.5331,1,False
2022-08-01,THA,CHN,0.6291,1,False
2022-09-01,THA,CHN,0.8204,3,False
2022-10-01,THA,CHN,0.7988,1,False
2022-11-01,THA,CHN,0.8122,2,False
2022-12-01,THA,CHN,0.8597,3,False
2023-01-01,THA,CHN,0.5608,1,False
2023-02-01,THA,CHN,0.919,4,False
2023-03-01,THA,CHN,0.8953,1,False
2023-04-01,THA,CHN,0.7557,1,False
2023-05-01,THA,CHN,0.6601,1,False
2023-06-01,THA,CHN,0.8774,1,False
2023-07-01,THA,CHN,0.7201,1,False
2023-08-01,THA,CHN,0.3701,1,False
2023-09-01,THA,CHN,0.1698,1,False
2023-10-01,THA,CHN,0.1209,1,False
2023-11-01,THA,CHN,0.0209,2,True
2023-12-01,THA,CHN,0.003,1,True
2024-01-01,THA,CHN,0.0018,1,True
2024-02-01,THA,CHN,0.0017,1,True
2024-03-01,THA,CHN,0.0051,1,True
2024-04-01,THA,CHN,0.0046,1,True
2024-05-01,THA,CHN,0.0056,1,True
2024-06-01,THA,CHN,0.0182,1,True
2024-07-01,THA,CHN,0.0053,1,True
2024-08-01,THA,CHN,0.0074,1,True
2024-09-01,THA,CHN,0.0022,1,True
2024-10-01,THA,CHN,0.0025,1,True
2024-11-01,THA,CHN,0.0015,1,True
2024-12-01,THA,CHN,0.0018,1,True
2025-01-01,THA,CHN,0.003,1,True
2025-02-01,THA,CHN,0.0071,1,True
2025-03-01,THA,CHN,0.0106,1,True
2025-04-01,THA,CHN,0.0203,1,True
2025-05-01,THA,CHN,0.0295,1,True
2025-06-01,THA,CHN,0.0361,1,True
2025-07-01,THA,CHN,0.0593,1,False
2025-08-01,THA,CHN,0.3032,1,False
2025-09-01,THA,CHN,0.3284,1,False
2025-10-01,THA,CHN,0.1304,1,False
2025-11-01,THA,CHN,0.0651,2,False
2025-12-01,THA,CHN,0.0807,2,False
2026-01-01,THA,CHN,0.1234,2,False
2026-02-01,THA,CHN,0.1569,2,False
2026-03-01,THA,CHN,0.1991,2,False
2015-01-01,THA,VNM,0.4813,4,False
2015-02-01,THA,VNM,0.5314,4,False
2015-03-01,THA,VNM,0.2795,4,False
2015-04-01,THA,VNM,0.5336,4,False
2015-05-01,THA,VNM,0.4485,1,False
2015-06-01,THA,VNM,0.526,4,False
2015-07-01,THA,VNM,0.5349,4,False
2015-08-01,THA,VNM,0.324,2,False
2015-09-01,THA,VNM,0.339,2,False
2015-10-01,THA,VNM,0.4788,2,False
2015-11-01,THA,VNM,0.3171,1,False
2015-12-01,THA,VNM,0.2829,1,False
2016-01-01,THA,VNM,0.3454,4,False
2016-02-01,THA,VNM,0.3294,2,False
2016-03-01,THA,VNM,0.3213,2,False
2016-04-01,THA,VNM,0.2904,2,False
2016-05-01,THA,VNM,0.2759,2,False
2016-06-01,THA,VNM,0.2632,2,False
2016-07-01,THA,VNM,0.256,4,False
2016-08-01,THA,VNM,0.2543,4,False
2016-09-01,THA,VNM,0.2216,4,False
2016-10-01,THA,VNM,0.1531,4,False
2016-11-01,THA,VNM,0.1337,2,False
2016-12-01,THA,VNM,0.102,2,False
2017-01-01,THA,VNM,0.2286,2,False
2017-02-01,THA,VNM,0.2487,4,False
2017-03-01,THA,VNM,0.2474,2,False
2017-04-01,THA,VNM,0.3467,4,False
2017-05-01,THA,VNM,0.6205,2,False
2017-06-01,THA,VNM,0.5787,4,False
2017-07-01,THA,VNM,0.6332,2,False
2017-08-01,THA,VNM,0.7781,2,False
2017-09-01,THA,VNM,0.6858,2,False
2017-10-01,THA,VNM,0.7726,4,False
2017-11-01,THA,VNM,0.4853,4,False
2017-12-01,THA,VNM,0.4278,1,False
2018-01-01,THA,VNM,0.1915,1,False
2018-02-01,THA,VNM,0.3708,3,False
2018-03-01,THA,VNM,0.3307,2,False
2018-04-01,THA,VNM,0.2877,2,False
2018-05-01,THA,VNM,0.2373,2,False
2018-06-01,THA,VNM,0.2789,2,False
2018-07-01,THA,VNM,0.2454,4,False
2018-08-01,THA,VNM,0.1746,3,False
2018-09-01,THA,VNM,0.1106,2,False
2018-10-01,THA,VNM,0.1239,2,False
2018-11-01,THA,VNM,0.0883,1,False
2018-12-01,THA,VNM,0.1135,1,False
2019-01-01,THA,VNM,0.099,2,False
2019-02-01,THA,VNM,0.0615,1,False
2019-03-01,THA,VNM,0.0619,1,False
2019-04-01,THA,VNM,0.0999,1,False
2019-05-01,THA,VNM,0.1107,1,False
2019-06-01,THA,VNM,0.1479,1,False
2019-07-01,THA,VNM,0.1463,1,False
2019-08-01,THA,VNM,0.1371,1,False
2019-09-01,THA,VNM,0.0945,1,False
2019-10-01,THA,VNM,0.0925,1,False
2019-11-01,THA,VNM,0.0547,1,False
2019-12-01,THA,VNM,0.0645,1,False
2020-01-01,THA,VNM,0.0871,1,False
2020-02-01,THA,VNM,0.2284,1,False
2020-03-01,THA,VNM,0.0892,1,False
2020-04-01,THA,VNM,0.0259,1,True
2020-05-01,THA,VNM,0.0208,1,True
2020-06-01,THA,VNM,0.2839,1,False
2020-07-01,THA,VNM,0.534,3,False
2020-08-01,THA,VNM,0.1989,3,False
2020-09-01,THA,VNM,0.5789,3,False
2020-10-01,THA,VNM,0.5408,3,False
2020-11-01,THA,VNM,0.6222,3,False
2020-12-01,THA,VNM,0.4902,3,False
2021-01-01,THA,VNM,0.4199,3,False
2021-02-01,THA,VNM,0.3884,3,False
2021-03-01,THA,VNM,0.3027,3,False
2021-04-01,THA,VNM,0.2527,3,False
2021-05-01,THA,VNM,0.18,3,False
2021-06-01,THA,VNM,0.1727,3,False
2021-07-01,THA,VNM,0.1473,3,False
2021-08-01,THA,VNM,0.0635,3,False
2021-09-01,THA,VNM,0.0996,3,False
2021-10-01,THA,VNM,0.3433,3,False
2021-11-01,THA,VNM,0.4049,3,False
2021-12-01,THA,VNM,0.1634,4,False
2022-01-01,THA,VNM,0.1691,4,False
2022-02-01,THA,VNM,0.113,3,False
2022-03-01,THA,VNM,0.0665,3,False
2022-04-01,THA,VNM,0.0442,4,True
2022-05-01,THA,VNM,0.0415,3,True
2022-06-01,THA,VNM,0.0441,4,True
2022-07-01,THA,VNM,0.0578,3,False
2022-08-01,THA,VNM,0.0361,3,True
2022-09-01,THA,VNM,0.0369,3,True
2022-10-01,THA,VNM,0.0309,3,True
2022-11-01,THA,VNM,0.0354,3,True
2022-12-01,THA,VNM,0.0328,3,True
2023-01-01,THA,VNM,0.0223,4,True
2023-02-01,THA,VNM,0.0203,4,True
2023-03-01,THA,VNM,0.0629,4,False
2023-04-01,THA,VNM,0.6407,1,False
2023-05-01,THA,VNM,0.7717,1,False
2023-06-01,THA,VNM,0.6998,1,False
2023-07-01,THA,VNM,0.9734,4,False
2023-08-01,THA,VNM,0.7662,1,False
2023-09-01,THA,VNM,0.8847,1,False
2023-10-01,THA,VNM,0.323,1,False
2023-11-01,THA,VNM,0.1946,1,False
2023-12-01,THA,VNM,0.3112,1,False
2024-01-01,THA,VNM,0.7793,3,False
2024-02-01,THA,VNM,0.6084,1,False
2024-03-01,THA,VNM,0.5767,1,False
2024-04-01,THA,VNM,0.5684,1,False
2024-05-01,THA,VNM,0.5783,1,False
2024-06-01,THA,VNM,0.5966,3,False
2024-07-01,THA,VNM,0.5858,1,False
2024-08-01,THA,VNM,0.5464,4,False
2024-09-01,THA,VNM,0.3944,4,False
2024-10-01,THA,VNM,0.4433,3,False
2024-11-01,THA,VNM,0.3823,4,False
2024-12-01,THA,VNM,0.3782,1,False
2025-01-01,THA,VNM,0.3405,1,False
2025-02-01,THA,VNM,0.3447,1,False
2025-03-01,THA,VNM,0.3557,1,False
2025-04-01,THA,VNM,0.362,1,False
2025-05-01,THA,VNM,0.3991,1,False
2025-06-01,THA,VNM,0.3934,2,False
2025-07-01,THA,VNM,0.406,2,False
2025-08-01,THA,VNM,0.4244,2,False
2025-09-01,THA,VNM,0.5177,1,False
2025-10-01,THA,VNM,0.5743,1,False
2025-11-01,THA,VNM,0.2906,3,False
2025-12-01,THA,VNM,0.3348,3,False
2026-01-01,THA,VNM,0.4,2,False
2026-02-01,THA,VNM,0.2672,1,False
2026-03-01,THA,VNM,0.4022,3,False
2015-01-01,THA,IDN,0.1485,3,False
2015-02-01,THA,IDN,0.2337,3,False
2015-03-01,THA,IDN,0.1198,3,False
2015-04-01,THA,IDN,0.413,3,False
2015-05-01,THA,IDN,0.4346,3,False
2015-06-01,THA,IDN,0.2981,3,False
2015-07-01,THA,IDN,0.1186,3,False
2015-08-01,THA,IDN,0.0133,3,True
2015-09-01,THA,IDN,0.0551,3,False
2015-10-01,THA,IDN,0.023,2,True
2015-11-01,THA,IDN,0.0183,2,True
2015-12-01,THA,IDN,0.0363,1,True
2016-01-01,THA,IDN,0.0958,1,False
2016-02-01,THA,IDN,0.2257,4,False
2016-03-01,THA,IDN,0.246,4,False
2016-04-01,THA,IDN,0.2934,4,False
2016-05-01,THA,IDN,0.292,4,False
2016-06-01,THA,IDN,0.2307,4,False
2016-07-01,THA,IDN,0.2193,4,False
2016-08-01,THA,IDN,0.1795,4,False
2016-09-01,THA,IDN,0.1887,4,False
2016-10-01,THA,IDN,0.2529,1,False
2016-11-01,THA,IDN,0.2483,1,False
2016-12-01,THA,IDN,0.2501,1,False
2017-01-01,THA,IDN,0.2175,1,False
2017-02-01,THA,IDN,0.3037,1,False
2017-03-01,THA,IDN,0.2846,1,False
2017-04-01,THA,IDN,0.2759,1,False
2017-05-01,THA,IDN,0.3362,1,False
2017-06-01,THA,IDN,0.3588,1,False
2017-07-01,THA,IDN,0.4562,1,False
2017-08-01,THA,IDN,0.4904,1,False
2017-09-01,THA,IDN,0.4721,1,False
2017-10-01,THA,IDN,0.4841,1,False
2017-11-01,THA,IDN,0.3507,4,False
2017-12-01,THA,IDN,0.3462,3,False
2018-01-01,THA,IDN,0.2739,2,False
2018-02-01,THA,IDN,0.3,1,False
2018-03-01,THA,IDN,0.2691,2,False
2018-04-01,THA,IDN,0.5133,2,False
2018-05-01,THA,IDN,0.6772,2,False
2018-06-01,THA,IDN,0.7345,2,False
2018-07-01,THA,IDN,0.7404,3,False
2018-08-01,THA,IDN,0.6887,2,False
2018-09-01,THA,IDN,0.6649,4,False
2018-10-01,THA,IDN,0.4216,4,False
2018-11-01,THA,IDN,0.3233,4,False
2018-12-01,THA,IDN,0.2095,2,False
2019-01-01,THA,IDN,0.1571,4,False
2019-02-01,THA,IDN,0.1575,4,False
2019-03-01,THA,IDN,0.1451,4,False
2019-04-01,THA,IDN,0.191,4,False
2019-05-01,THA,IDN,0.2839,2,False
2019-06-01,THA,IDN,0.3198,2,False
2019-07-01,THA,IDN,0.15,2,False
2019-08-01,THA,IDN,0.2369,2,False
2019-09-01,THA,IDN,0.1994,2,False
2019-10-01,THA,IDN,0.2024,2,False
2019-11-01,THA,IDN,0.2626,2,False
2019-12-01,THA,IDN,0.3402,2,False
2020-01-01,THA,IDN,0.383,2,False
2020-02-01,THA,IDN,0.5036,2,False
2020-03-01,THA,IDN,0.4053,2,False
2020-04-01,THA,IDN,0.0603,1,False
2020-05-01,THA,IDN,0.1053,4,False
2020-06-01,THA,IDN,0.069,4,False
2020-07-01,THA,IDN,0.1906,4,False
2020-08-01,THA,IDN,0.5573,1,False
2020-09-01,THA,IDN,0.3592,1,False
2020-10-01,THA,IDN,0.3524,1,False
2020-11-01,THA,IDN,0.2552,1,False
2020-12-01,THA,IDN,0.0997,1,False
2021-01-01,THA,IDN,0.106,1,False
2021-02-01,THA,IDN,0.0868,1,False
2021-03-01,THA,IDN,0.1336,1,False
2021-04-01,THA,IDN,0.1362,1,False
2021-05-01,THA,IDN,0.148,1,False
2021-06-01,THA,IDN,0.1137,1,False
2021-07-01,THA,IDN,0.1526,1,False
2021-08-01,THA,IDN,0.1473,1,False
2021-09-01,THA,IDN,0.1585,1,False
2021-10-01,THA,IDN,0.1583,4,False
2021-11-01,THA,IDN,0.3629,4,False
2021-12-01,THA,IDN,0.2094,2,False
2022-01-01,THA,IDN,0.2115,2,False
2022-02-01,THA,IDN,0.0646,1,False
2022-03-01,THA,IDN,0.028,1,True
2022-04-01,THA,IDN,0.0549,1,False
2022-05-01,THA,IDN,0.0111,3,True
2022-06-01,THA,IDN,0.0522,4,False
2022-07-01,THA,IDN,0.1398,3,False
2022-08-01,THA,IDN,0.1252,2,False
2022-09-01,THA,IDN,0.1355,2,False
2022-10-01,THA,IDN,0.162,3,False
2022-11-01,THA,IDN,0.2064,3,False
2022-12-01,THA,IDN,0.1399,4,False
2023-01-01,THA,IDN,0.0474,3,True
2023-02-01,THA,IDN,0.1843,3,False
2023-03-01,THA,IDN,0.2244,3,False
2023-04-01,THA,IDN,0.2588,3,False
2023-05-01,THA,IDN,0.2658,3,False
2023-06-01,THA,IDN,0.3133,3,False
2023-07-01,THA,IDN,0.3338,3,False
2023-08-01,THA,IDN,0.4269,3,False
2023-09-01,THA,IDN,0.2686,3,False
2023-10-01,THA,IDN,0.3504,3,False
2023-11-01,THA,IDN,0.259,3,False
2023-12-01,THA,IDN,0.1426,3,False
2024-01-01,THA,IDN,0.3319,3,False
2024-02-01,THA,IDN,0.3938,3,False
2024-03-01,THA,IDN,0.3644,3,False
2024-04-01,THA,IDN,0.6119,3,False
2024-05-01,THA,IDN,0.5021,1,False
2024-06-01,THA,IDN,0.4093,1,False
2024-07-01,THA,IDN,0.3575,1,False
2024-08-01,THA,IDN,0.3066,2,False
2024-09-01,THA,IDN,0.1677,2,False
2024-10-01,THA,IDN,0.1715,2,False
2024-11-01,THA,IDN,0.1349,2,False
2024-12-01,THA,IDN,0.1526,1,False
2025-01-01,THA,IDN,0.1968,2,False
2025-02-01,THA,IDN,0.0877,1,False
2025-03-01,THA,IDN,0.1653,1,False
2025-04-01,THA,IDN,0.2501,1,False
2025-05-01,THA,IDN,0.2874,1,False
2025-06-01,THA,IDN,0.3488,4,False
2025-07-01,THA,IDN,0.2826,3,False
2025-08-01,THA,IDN,0.1261,2,False
2025-09-01,THA,IDN,0.1412,2,False
2025-10-01,THA,IDN,0.1852,2,False
2025-11-01,THA,IDN,0.0976,3,False
2025-12-01,THA,IDN,0.0252,2,True
2026-01-01,THA,IDN,0.0262,2,True
2026-02-01,THA,IDN,0.0271,2,True
2026-03-01,THA,IDN,0.0252,2,True
2015-01-01,THA,BRA,0.2757,1,False
2015-02-01,THA,BRA,0.2404,4,False
2015-03-01,THA,BRA,0.1676,4,False
2015-04-01,THA,BRA,0.2088,4,False
2015-05-01,THA,BRA,0.2304,4,False
2015-06-01,THA,BRA,0.2377,4,False
2015-07-01,THA,BRA,0.2288,4,False
2015-08-01,THA,BRA,0.2743,4,False
2015-09-01,THA,BRA,0.2865,4,False
2015-10-01,THA,BRA,0.4056,2,False
2015-11-01,THA,BRA,0.3025,2,False
2015-12-01,THA,BRA,0.159,4,False
2016-01-01,THA,BRA,0.1506,4,False
2016-02-01,THA,BRA,0.2324,2,False
2016-03-01,THA,BRA,0.1083,1,False
2016-04-01,THA,BRA,0.1052,1,False
2016-05-01,THA,BRA,0.1058,1,False
2016-06-01,THA,BRA,0.0894,1,False
2016-07-01,THA,BRA,0.1325,1,False
2016-08-01,THA,BRA,0.1939,1,False
2016-09-01,THA,BRA,0.1911,1,False
2016-10-01,THA,BRA,0.2,2,False
2016-11-01,THA,BRA,0.2758,2,False
2016-12-01,THA,BRA,0.3854,2,False
2017-01-01,THA,BRA,0.3907,1,False
2017-02-01,THA,BRA,0.0512,1,False
2017-03-01,THA,BRA,0.0171,1,True
2017-04-01,THA,BRA,0.0236,1,True
2017-05-01,THA,BRA,0.0178,1,True
2017-06-01,THA,BRA,0.0174,1,True
2017-07-01,THA,BRA,0.0142,1,True
2017-08-01,THA,BRA,0.0182,1,True
2017-09-01,THA,BRA,0.0295,1,True
2017-10-01,THA,BRA,0.0299,1,True
2017-11-01,THA,BRA,0.0231,1,True
2017-12-01,THA,BRA,0.0062,1,True
2018-01-01,THA,BRA,0.0729,1,False
2018-02-01,THA,BRA,0.3223,1,False
2018-03-01,THA,BRA,0.6933,2,False
2018-04-01,THA,BRA,0.8597,2,False
2018-05-01,THA,BRA,0.9556,2,False
2018-06-01,THA,BRA,0.9517,1,False
2018-07-01,THA,BRA,0.3453,1,False
2018-08-01,THA,BRA,0.2703,1,False
2018-09-01,THA,BRA,0.3968,1,False
2018-10-01,THA,BRA,0.1011,1,False
2018-11-01,THA,BRA,0.038,1,True
2018-12-01,THA,BRA,0.0639,1,False
2019-01-01,THA,BRA,0.0532,1,False
2019-02-01,THA,BRA,0.0556,1,False
2019-03-01,THA,BRA,0.0602,1,False
2019-04-01,THA,BRA,0.0538,1,False
2019-05-01,THA,BRA,0.0658,1,False
2019-06-01,THA,BRA,0.0643,1,False
2019-07-01,THA,BRA,0.2117,1,False
2019-08-01,THA,BRA,0.1413,1,False
2019-09-01,THA,BRA,0.1361,1,False
2019-10-01,THA,BRA,0.2144,1,False
2019-11-01,THA,BRA,0.2655,1,False
2019-12-01,THA,BRA,0.2522,1,False
2020-01-01,THA,BRA,0.2144,1,False
2020-02-01,THA,BRA,0.2233,1,False
2020-03-01,THA,BRA,0.1965,1,False
2020-04-01,THA,BRA,0.1146,1,False
2020-05-01,THA,BRA,0.0339,1,True
2020-06-01,THA,BRA,0.0149,1,True
2020-07-01,THA,BRA,0.0286,1,True
2020-08-01,THA,BRA,0.0161,1,True
2020-09-01,THA,BRA,0.0165,1,True
2020-10-01,THA,BRA,0.0247,1,True
2020-11-01,THA,BRA,0.0656,1,False
2020-12-01,THA,BRA,0.1208,1,False
2021-01-01,THA,BRA,0.1109,3,False
2021-02-01,THA,BRA,0.1065,4,False
2021-03-01,THA,BRA,0.3934,4,False
2021-04-01,THA,BRA,0.1311,3,False
2021-05-01,THA,BRA,0.1247,3,False
2021-06-01,THA,BRA,0.0301,3,True
2021-07-01,THA,BRA,0.0741,3,False
2021-08-01,THA,BRA,0.0987,3,False
2021-09-01,THA,BRA,0.1505,2,False
2021-10-01,THA,BRA,0.1536,4,False
2021-11-01,THA,BRA,0.1528,4,False
2021-12-01,THA,BRA,0.1502,4,False
2022-01-01,THA,BRA,0.1323,2,False
2022-02-01,THA,BRA,0.1763,2,False
2022-03-01,THA,BRA,0.1073,4,False
2022-04-01,THA,BRA,0.0677,3,False
2022-05-01,THA,BRA,0.0215,2,True
2022-06-01,THA,BRA,0.0144,2,True
2022-07-01,THA,BRA,0.0121,2,True
2022-08-01,THA,BRA,0.0301,2,True
2022-09-01,THA,BRA,0.027,2,True
2022-10-01,THA,BRA,0.0042,1,True
2022-11-01,THA,BRA,0.0028,1,True
2022-12-01,THA,BRA,0.0035,1,True
2023-01-01,THA,BRA,0.0015,1,True
2023-02-01,THA,BRA,0.001,1,True
2023-03-01,THA,BRA,0.0007,1,True
2023-04-01,THA,BRA,0.018,1,True
2023-05-01,THA,BRA,0.0279,4,True
2023-06-01,THA,BRA,0.0475,4,True
2023-07-01,THA,BRA,0.0566,3,False
2023-08-01,THA,BRA,0.0215,3,True
2023-09-01,THA,BRA,0.0193,3,True
2023-10-01,THA,BRA,0.0364,3,True
2023-11-01,THA,BRA,0.0511,3,False
2023-12-01,THA,BRA,0.0435,3,True
2024-01-01,THA,BRA,0.0542,3,False
2024-02-01,THA,BRA,0.0357,3,True
2024-03-01,THA,BRA,0.061,3,False
2024-04-01,THA,BRA,0.3922,3,False
2024-05-01,THA,BRA,0.2802,1,False
2024-06-01,THA,BRA,0.2578,1,False
2024-07-01,THA,BRA,0.2168,1,False
2024-08-01,THA,BRA,0.1979,1,False
2024-09-01,THA,BRA,0.1884,1,False
2024-10-01,THA,BRA,0.2129,1,False
2024-11-01,THA,BRA,0.2585,1,False
2024-12-01,THA,BRA,0.2418,1,False
2025-01-01,THA,BRA,0.2675,1,False
2025-02-01,THA,BRA,0.2696,1,False
2025-03-01,THA,BRA,0.3256,1,False
2025-04-01,THA,BRA,0.3109,3,False
2025-05-01,THA,BRA,0.293,2,False
2025-06-01,THA,BRA,0.2619,3,False
2025-07-01,THA,BRA,0.3676,2,False
2025-08-01,THA,BRA,0.4435,2,False
2025-09-01,THA,BRA,0.3762,2,False
2025-10-01,THA,BRA,0.2869,2,False
2025-11-01,THA,BRA,0.5138,1,False
2025-12-01,THA,BRA,0.5876,1,False
2026-01-01,THA,BRA,0.8699,1,False
2026-02-01,THA,BRA,0.918,1,False
2026-03-01,THA,BRA,0.4521,4,False
2015-01-01,THA,ZAF,0.0164,3,True
2015-02-01,THA,ZAF,0.0162,3,True
2015-03-01,THA,ZAF,0.0087,3,True
2015-04-01,THA,ZAF,0.0141,3,True
2015-05-01,THA,ZAF,0.021,2,True
2015-06-01,THA,ZAF,0.058,2,False
2015-07-01,THA,ZAF,0.048,3,True
2015-08-01,THA,ZAF,0.0395,3,True
2015-09-01,THA,ZAF,0.0271,3,True
2015-10-01,THA,ZAF,0.0288,3,True
2015-11-01,THA,ZAF,0.0807,3,False
2015-12-01,THA,ZAF,0.1216,3,False
2016-01-01,THA,ZAF,0.159,3,False
2016-02-01,THA,ZAF,0.1375,1,False
2016-03-01,THA,ZAF,0.0173,1,True
2016-04-01,THA,ZAF,0.1035,1,False
2016-05-01,THA,ZAF,0.1335,1,False
2016-06-01,THA,ZAF,0.1583,1,False
2016-07-01,THA,ZAF,0.0215,1,True
2016-08-01,THA,ZAF,0.0282,1,True
2016-09-01,THA,ZAF,0.0453,1,True
2016-10-01,THA,ZAF,0.0549,1,False
2016-11-01,THA,ZAF,0.0493,1,True
2016-12-01,THA,ZAF,0.0466,1,True
2017-01-01,THA,ZAF,0.0312,1,True
2017-02-01,THA,ZAF,0.0218,1,True
2017-03-01,THA,ZAF,0.0435,1,True
2017-04-01,THA,ZAF,0.0206,1,True
2017-05-01,THA,ZAF,0.0253,1,True
2017-06-01,THA,ZAF,0.0131,1,True
2017-07-01,THA,ZAF,0.0154,1,True
2017-08-01,THA,ZAF,0.0139,1,True
2017-09-01,THA,ZAF,0.0286,1,True
2017-10-01,THA,ZAF,0.0176,1,True
2017-11-01,THA,ZAF,0.0097,1,True
2017-12-01,THA,ZAF,0.0107,1,True
2018-01-01,THA,ZAF,0.138,1,False
2018-02-01,THA,ZAF,0.1955,4,False
2018-03-01,THA,ZAF,0.1018,4,False
2018-04-01,THA,ZAF,0.1189,4,False
2018-05-01,THA,ZAF,0.1294,4,False
2018-06-01,THA,ZAF,0.1248,4,False
2018-07-01,THA,ZAF,0.1239,4,False
2018-08-01,THA,ZAF,0.1107,4,False
2018-09-01,THA,ZAF,0.0732,4,False
2018-10-01,THA,ZAF,0.1452,4,False
2018-11-01,THA,ZAF,0.4092,4,False
2018-12-01,THA,ZAF,0.5036,4,False
2019-01-01,THA,ZAF,0.3875,4,False
2019-02-01,THA,ZAF,0.1144,1,False
2019-03-01,THA,ZAF,0.1739,4,False
2019-04-01,THA,ZAF,0.1959,1,False
2019-05-01,THA,ZAF,0.199,1,False
2019-06-01,THA,ZAF,0.195,4,False
2019-07-01,THA,ZAF,0.1861,4,False
2019-08-01,THA,ZAF,0.1349,4,False
2019-09-01,THA,ZAF,0.0989,4,False
2019-10-01,THA,ZAF,0.0655,4,False
2019-11-01,THA,ZAF,0.0612,4,False
2019-12-01,THA,ZAF,0.0442,4,True
2020-01-01,THA,ZAF,0.0502,4,False
2020-02-01,THA,ZAF,0.0951,1,False
2020-03-01,THA,ZAF,0.0726,3,False
2020-04-01,THA,ZAF,0.0252,4,True
2020-05-01,THA,ZAF,0.0026,1,True
2020-06-01,THA,ZAF,0.0001,1,True
2020-07-01,THA,ZAF,0.0002,1,True
2020-08-01,THA,ZAF,0.001,1,True
2020-09-01,THA,ZAF,0.0005,4,True
2020-10-01,THA,ZAF,0.0005,4,True
2020-11-01,THA,ZAF,0.0011,1,True
2020-12-01,THA,ZAF,0.0005,1,True
2021-01-01,THA,ZAF,0.0003,1,True
2021-02-01,THA,ZAF,0.0006,1,True
2021-03-01,THA,ZAF,0.0004,1,True
2021-04-01,THA,ZAF,0.0007,1,True
2021-05-01,THA,ZAF,0.0099,1,True
2021-06-01,THA,ZAF,0.0416,1,True
2021-07-01,THA,ZAF,0.043,2,True
2021-08-01,THA,ZAF,0.0737,1,False
2021-09-01,THA,ZAF,0.0843,2,False
2021-10-01,THA,ZAF,0.0621,2,False
2021-11-01,THA,ZAF,0.0605,2,False
2021-12-01,THA,ZAF,0.0482,2,True
2022-01-01,THA,ZAF,0.0558,4,False
2022-02-01,THA,ZAF,0.0548,4,False
2022-03-01,THA,ZAF,0.2187,4,False
2022-04-01,THA,ZAF,0.3758,4,False
2022-05-01,THA,ZAF,0.3443,2,False
2022-06-01,THA,ZAF,0.2613,4,False
2022-07-01,THA,ZAF,0.2295,4,False
2022-08-01,THA,ZAF,0.2557,4,False
2022-09-01,THA,ZAF,0.2937,4,False
2022-10-01,THA,ZAF,0.267,4,False
2022-11-01,THA,ZAF,0.4328,4,False
2022-12-01,THA,ZAF,0.6228,4,False
2023-01-01,THA,ZAF,0.7053,1,False
2023-02-01,THA,ZAF,0.5753,1,False
2023-03-01,THA,ZAF,0.5248,1,False
2023-04-01,THA,ZAF,0.5875,3,False
2023-05-01,THA,ZAF,0.5451,3,False
2023-06-01,THA,ZAF,0.3113,1,False
2023-07-01,THA,ZAF,0.0548,1,False
2023-08-01,THA,ZAF,0.004,1,True
2023-09-01,THA,ZAF,0.0097,1,True
2023-10-01,THA,ZAF,0.1001,1,False
2023-11-01,THA,ZAF,0.2402,4,False
2023-12-01,THA,ZAF,0.0258,3,True
2024-01-01,THA,ZAF,0.0227,3,True
2024-02-01,THA,ZAF,0.0381,1,True
2024-03-01,THA,ZAF,0.0167,1,True
2024-04-01,THA,ZAF,0.0437,1,True
2024-05-01,THA,ZAF,0.066,1,False
2024-06-01,THA,ZAF,0.0384,1,True
2024-07-01,THA,ZAF,0.0145,1,True
2024-08-01,THA,ZAF,0.0187,1,True
2024-09-01,THA,ZAF,0.0217,1,True
2024-10-01,THA,ZAF,0.0423,1,True
2024-11-01,THA,ZAF,0.2356,1,False
2024-12-01,THA,ZAF,0.2714,2,False
2025-01-01,THA,ZAF,0.2298,1,False
2025-02-01,THA,ZAF,0.1647,1,False
2025-03-01,THA,ZAF,0.2295,1,False
2025-04-01,THA,ZAF,0.113,1,False
2025-05-01,THA,ZAF,0.1828,1,False
2025-06-01,THA,ZAF,0.3192,1,False
2025-07-01,THA,ZAF,0.452,1,False
2025-08-01,THA,ZAF,0.5045,1,False
2025-09-01,THA,ZAF,0.5461,1,False
2025-10-01,THA,ZAF,0.6397,2,False
2025-11-01,THA,ZAF,0.5925,2,False
2025-12-01,THA,ZAF,0.5061,2,False
2026-01-01,THA,ZAF,0.5546,2,False
2026-02-01,THA,ZAF,0.4239,2,False
2026-03-01,THA,ZAF,0.31,2,False
2015-01-01,THA,MEX,0.0165,4,True
2015-02-01,THA,MEX,0.0281,4,True
2015-03-01,THA,MEX,0.0748,4,False
2015-04-01,THA,MEX,0.0537,4,False
2015-05-01,THA,MEX,0.0764,4,False
2015-06-01,THA,MEX,0.0448,2,True
2015-07-01,THA,MEX,0.0413,4,True
2015-08-01,THA,MEX,0.015,2,True
2015-09-01,THA,MEX,0.0067,2,True
2015-10-01,THA,MEX,0.0051,2,True
2015-11-01,THA,MEX,0.0023,2,True
2015-12-01,THA,MEX,0.0017,2,True
2016-01-01,THA,MEX,0.0062,2,True
2016-02-01,THA,MEX,0.0306,2,True
2016-03-01,THA,MEX,0.0429,2,True
2016-04-01,THA,MEX,0.0298,2,True
2016-05-01,THA,MEX,0.0425,2,True
2016-06-01,THA,MEX,0.0632,2,False
2016-07-01,THA,MEX,0.0769,2,False
2016-08-01,THA,MEX,0.047,2,True
2016-09-01,THA,MEX,0.0306,2,True
2016-10-01,THA,MEX,0.0707,2,False
2016-11-01,THA,MEX,0.1217,2,False
2016-12-01,THA,MEX,0.2565,2,False
2017-01-01,THA,MEX,0.322,2,False
2017-02-01,THA,MEX,0.0677,1,False
2017-03-01,THA,MEX,0.0655,1,False
2017-04-01,THA,MEX,0.0307,1,True
2017-05-01,THA,MEX,0.0182,1,True
2017-06-01,THA,MEX,0.0108,1,True
2017-07-01,THA,MEX,0.0074,1,True
2017-08-01,THA,MEX,0.0076,1,True
2017-09-01,THA,MEX,0.0058,1,True
2017-10-01,THA,MEX,0.0075,1,True
2017-11-01,THA,MEX,0.0065,1,True
2017-12-01,THA,MEX,0.0021,1,True
2018-01-01,THA,MEX,0.137,4,False
2018-02-01,THA,MEX,0.1106,4,False
2018-03-01,THA,MEX,0.1163,4,False
2018-04-01,THA,MEX,0.1612,4,False
2018-05-01,THA,MEX,0.1632,4,False
2018-06-01,THA,MEX,0.1854,4,False
2018-07-01,THA,MEX,0.198,4,False
2018-08-01,THA,MEX,0.1743,3,False
2018-09-01,THA,MEX,0.2644,4,False
2018-10-01,THA,MEX,0.3399,3,False
2018-11-01,THA,MEX,0.4754,1,False
2018-12-01,THA,MEX,0.477,1,False
2019-01-01,THA,MEX,0.5167,1,False
2019-02-01,THA,MEX,0.6751,4,False
2019-03-01,THA,MEX,0.5411,4,False
2019-04-01,THA,MEX,0.5006,4,False
2019-05-01,THA,MEX,0.3363,4,False
2019-06-01,THA,MEX,0.4162,3,False
2019-07-01,THA,MEX,0.2906,3,False
2019-08-01,THA,MEX,0.283,4,False
2019-09-01,THA,MEX,0.3192,3,False
2019-10-01,THA,MEX,0.2652,3,False
2019-11-01,THA,MEX,0.2052,3,False
2019-12-01,THA,MEX,0.2238,3,False
2020-01-01,THA,MEX,0.2519,3,False
2020-02-01,THA,MEX,0.2867,3,False
2020-03-01,THA,MEX,0.2683,3,False
2020-04-01,THA,MEX,0.0684,2,False
2020-05-01,THA,MEX,0.0043,2,True
2020-06-01,THA,MEX,0.0441,2,True
2020-07-01,THA,MEX,0.2822,3,False
2020-08-01,THA,MEX,0.4441,3,False
2020-09-01,THA,MEX,0.2069,4,False
2020-10-01,THA,MEX,0.096,3,False
2020-11-01,THA,MEX,0.1073,3,False
2020-12-01,THA,MEX,0.093,4,False
2021-01-01,THA,MEX,0.0897,4,False
2021-02-01,THA,MEX,0.1027,4,False
2021-03-01,THA,MEX,0.1288,4,False
2021-04-01,THA,MEX,0.0264,4,True
2021-05-01,THA,MEX,0.0824,3,False
2021-06-01,THA,MEX,0.1069,3,False
2021-07-01,THA,MEX,0.0574,3,False
2021-08-01,THA,MEX,0.0482,3,True
2021-09-01,THA,MEX,0.0364,3,True
2021-10-01,THA,MEX,0.0241,3,True
2021-11-01,THA,MEX,0.0276,3,True
2021-12-01,THA,MEX,0.09,4,False
2022-01-01,THA,MEX,0.1184,4,False
2022-02-01,THA,MEX,0.151,4,False
2022-03-01,THA,MEX,0.1628,4,False
2022-04-01,THA,MEX,0.1205,4,False
2022-05-01,THA,MEX,0.1682,1,False
2022-06-01,THA,MEX,0.2482,1,False
2022-07-01,THA,MEX,0.252,1,False
2022-08-01,THA,MEX,0.3759,3,False
2022-09-01,THA,MEX,0.3458,1,False
2022-10-01,THA,MEX,0.4586,4,False
2022-11-01,THA,MEX,0.4805,4,False
2022-12-01,THA,MEX,0.5324,4,False
2023-01-01,THA,MEX,0.4965,4,False
2023-02-01,THA,MEX,0.6242,4,False
2023-03-01,THA,MEX,0.4525,2,False
2023-04-01,THA,MEX,0.2315,2,False
2023-05-01,THA,MEX,0.1643,2,False
2023-06-01,THA,MEX,0.0977,1,False
2023-07-01,THA,MEX,0.0185,1,True
2023-08-01,THA,MEX,0.0172,1,True
2023-09-01,THA,MEX,0.0156,1,True
2023-10-01,THA,MEX,0.0129,1,True
2023-11-01,THA,MEX,0.0019,1,True
2023-12-01,THA,MEX,0.0006,1,True
2024-01-01,THA,MEX,0.0011,1,True
2024-02-01,THA,MEX,0.0006,1,True
2024-03-01,THA,MEX,0.0009,1,True
2024-04-01,THA,MEX,0.0216,3,True
2024-05-01,THA,MEX,0.0044,4,True
2024-06-01,THA,MEX,0.0024,3,True
2024-07-01,THA,MEX,0.0016,2,True
2024-08-01,THA,MEX,0.0003,1,True
2024-09-01,THA,MEX,0.0004,1,True
2024-10-01,THA,MEX,0.0006,1,True
2024-11-01,THA,MEX,0.0053,1,True
2024-12-01,THA,MEX,0.0335,1,True
2025-01-01,THA,MEX,0.0366,1,True
2025-02-01,THA,MEX,0.0402,3,True
2025-03-01,THA,MEX,0.0388,3,True
2025-04-01,THA,MEX,0.1006,3,False
2025-05-01,THA,MEX,0.0982,4,False
2025-06-01,THA,MEX,0.0735,4,False
2025-07-01,THA,MEX,0.163,4,False
2025-08-01,THA,MEX,0.1366,4,False
2025-09-01,THA,MEX,0.1698,4,False
2025-10-01,THA,MEX,0.0209,4,True
2025-11-01,THA,MEX,0.0557,4,False
2025-12-01,THA,MEX,0.0516,4,False
2026-01-01,THA,MEX,0.0277,4,True
2026-02-01,THA,MEX,0.0255,4,True
2026-03-01,THA,MEX,0.0397,4,True
2015-01-01,THA,SGP,0.186,2,False
2015-02-01,THA,SGP,0.362,2,False
2015-03-01,THA,SGP,0.7231,2,False
2015-04-01,THA,SGP,0.7218,2,False
2015-05-01,THA,SGP,0.7114,2,False
2015-06-01,THA,SGP,0.6407,2,False
2015-07-01,THA,SGP,0.5645,2,False
2015-08-01,THA,SGP,0.7936,2,False
2015-09-01,THA,SGP,0.6623,2,False
2015-10-01,THA,SGP,0.7669,2,False
2015-11-01,THA,SGP,0.7099,2,False
2015-12-01,THA,SGP,0.7133,1,False
2016-01-01,THA,SGP,0.5029,2,False
2016-02-01,THA,SGP,0.5344,2,False
2016-03-01,THA,SGP,0.5705,2,False
2016-04-01,THA,SGP,0.4731,2,False
2016-05-01,THA,SGP,0.5529,2,False
2016-06-01,THA,SGP,0.6208,2,False
2016-07-01,THA,SGP,0.6304,2,False
2016-08-01,THA,SGP,0.6249,2,False
2016-09-01,THA,SGP,0.7341,2,False
2016-10-01,THA,SGP,0.7249,2,False
2016-11-01,THA,SGP,0.6904,1,False
2016-12-01,THA,SGP,0.7652,4,False
2017-01-01,THA,SGP,0.6598,4,False
2017-02-01,THA,SGP,0.5478,4,False
2017-03-01,THA,SGP,0.3175,1,False
2017-04-01,THA,SGP,0.0778,1,False
2017-05-01,THA,SGP,0.049,1,True
2017-06-01,THA,SGP,0.0946,1,False
2017-07-01,THA,SGP,0.0985,1,False
2017-08-01,THA,SGP,0.0939,1,False
2017-09-01,THA,SGP,0.1138,1,False
2017-10-01,THA,SGP,0.2074,1,False
2017-11-01,THA,SGP,0.5937,2,False
2017-12-01,THA,SGP,0.3199,1,False
2018-01-01,THA,SGP,0.4504,1,False
2018-02-01,THA,SGP,0.8368,4,False
2018-03-01,THA,SGP,0.756,4,False
2018-04-01,THA,SGP,0.7597,4,False
2018-05-01,THA,SGP,0.7378,4,False
2018-06-01,THA,SGP,0.7215,4,False
2018-07-01,THA,SGP,0.5236,2,False
2018-08-01,THA,SGP,0.4725,4,False
2018-09-01,THA,SGP,0.3994,2,False
2018-10-01,THA,SGP,0.4594,2,False
2018-11-01,THA,SGP,0.4742,2,False
2018-12-01,THA,SGP,0.5563,2,False
2019-01-01,THA,SGP,0.5097,2,False
2019-02-01,THA,SGP,0.851,2,False
2019-03-01,THA,SGP,0.7693,1,False
2019-04-01,THA,SGP,0.8616,1,False
2019-05-01,THA,SGP,0.873,1,False
2019-06-01,THA,SGP,0.9838,3,False
2019-07-01,THA,SGP,0.9059,2,False
2019-08-01,THA,SGP,0.906,1,False
2019-09-01,THA,SGP,0.8528,1,False
2019-10-01,THA,SGP,0.6713,1,False
2019-11-01,THA,SGP,0.6383,1,False
2019-12-01,THA,SGP,0.5961,1,False
2020-01-01,THA,SGP,0.747,1,False
2020-02-01,THA,SGP,0.6375,3,False
2020-03-01,THA,SGP,0.4196,2,False
2020-04-01,THA,SGP,0.0258,1,True
2020-05-01,THA,SGP,0.0024,1,True
2020-06-01,THA,SGP,0.0017,1,True
2020-07-01,THA,SGP,0.0047,1,True
2020-08-01,THA,SGP,0.0034,1,True
2020-09-01,THA,SGP,0.0032,1,True
2020-10-01,THA,SGP,0.006,1,True
2020-11-01,THA,SGP,0.0032,1,True
2020-12-01,THA,SGP,0.0043,1,True
2021-01-01,THA,SGP,0.0018,1,True
2021-02-01,THA,SGP,0.0246,4,True
2021-03-01,THA,SGP,0.0457,4,True
2021-04-01,THA,SGP,0.6451,2,False
2021-05-01,THA,SGP,0.1546,1,False
2021-06-01,THA,SGP,0.0744,1,False
2021-07-01,THA,SGP,0.101,1,False
2021-08-01,THA,SGP,0.077,1,False
2021-09-01,THA,SGP,0.0864,1,False
2021-10-01,THA,SGP,0.0904,1,False
2021-11-01,THA,SGP,0.0791,4,False
2021-12-01,THA,SGP,0.0923,4,False
2022-01-01,THA,SGP,0.1028,4,False
2022-02-01,THA,SGP,0.1155,4,False
2022-03-01,THA,SGP,0.1023,1,False
2022-04-01,THA,SGP,0.0382,1,True
2022-05-01,THA,SGP,0.0896,1,False
2022-06-01,THA,SGP,0.2144,1,False
2022-07-01,THA,SGP,0.1285,1,False
2022-08-01,THA,SGP,0.1857,1,False
2022-09-01,THA,SGP,0.2973,1,False
2022-10-01,THA,SGP,0.5912,4,False
2022-11-01,THA,SGP,0.7225,1,False
2022-12-01,THA,SGP,0.5925,1,False
2023-01-01,THA,SGP,0.3089,4,False
2023-02-01,THA,SGP,0.1867,3,False
2023-03-01,THA,SGP,0.0635,3,False
2023-04-01,THA,SGP,0.014,3,True
2023-05-01,THA,SGP,0.0229,3,True
2023-06-01,THA,SGP,0.0309,3,True
2023-07-01,THA,SGP,0.03,3,True
2023-08-01,THA,SGP,0.0171,1,True
2023-09-01,THA,SGP,0.0234,1,True
2023-10-01,THA,SGP,0.0281,1,True
2023-11-01,THA,SGP,0.0511,3,False
2023-12-01,THA,SGP,0.0146,3,True
2024-01-01,THA,SGP,0.0169,3,True
2024-02-01,THA,SGP,0.0142,1,True
2024-03-01,THA,SGP,0.0102,1,True
2024-04-01,THA,SGP,0.009,1,True
2024-05-01,THA,SGP,0.0072,1,True
2024-06-01,THA,SGP,0.0046,1,True
2024-07-01,THA,SGP,0.0037,1,True
2024-08-01,THA,SGP,0.0016,1,True
2024-09-01,THA,SGP,0.0014,1,True
2024-10-01,THA,SGP,0.0056,1,True
2024-11-01,THA,SGP,0.0358,1,True
2024-12-01,THA,SGP,0.0232,1,True
2025-01-01,THA,SGP,0.0233,1,True
2025-02-01,THA,SGP,0.0764,1,False
2025-03-01,THA,SGP,0.1291,1,False
2025-04-01,THA,SGP,0.1508,1,False
2025-05-01,THA,SGP,0.1704,1,False
2025-06-01,THA,SGP,0.3094,1,False
2025-07-01,THA,SGP,0.3839,1,False
2025-08-01,THA,SGP,0.5944,1,False
2025-09-01,THA,SGP,0.7455,4,False
2025-10-01,THA,SGP,0.5015,1,False
2025-11-01,THA,SGP,0.5482,1,False
2025-12-01,THA,SGP,0.5981,1,False
2026-01-01,THA,SGP,0.554,2,False
2026-02-01,THA,SGP,0.5965,1,False
2026-03-01,THA,SGP,0.4491,2,False
2015-01-01,THA,KOR,0.2885,2,False
2015-02-01,THA,KOR,0.3118,2,False
2015-03-01,THA,KOR,0.6673,4,False
2015-04-01,THA,KOR,0.4771,2,False
2015-05-01,THA,KOR,0.3246,2,False
2015-06-01,THA,KOR,0.3927,1,False
2015-07-01,THA,KOR,0.5029,2,False
2015-08-01,THA,KOR,0.5118,1,False
2015-09-01,THA,KOR,0.581,2,False
2015-10-01,THA,KOR,0.5551,2,False
2015-11-01,THA,KOR,0.8474,2,False
2015-12-01,THA,KOR,0.8094,2,False
2016-01-01,THA,KOR,0.6771,2,False
2016-02-01,THA,KOR,0.2928,2,False
2016-03-01,THA,KOR,0.4159,2,False
2016-04-01,THA,KOR,0.437,3,False
2016-05-01,THA,KOR,0.4127,2,False
2016-06-01,THA,KOR,0.3951,2,False
2016-07-01,THA,KOR,0.4365,2,False
2016-08-01,THA,KOR,0.3163,3,False
2016-09-01,THA,KOR,0.2476,3,False
2016-10-01,THA,KOR,0.185,2,False
2016-11-01,THA,KOR,0.1755,3,False
2016-12-01,THA,KOR,0.1657,3,False
2017-01-01,THA,KOR,0.2002,3,False
2017-02-01,THA,KOR,0.2302,4,False
2017-03-01,THA,KOR,0.1852,2,False
2017-04-01,THA,KOR,0.0804,2,False
2017-05-01,THA,KOR,0.0845,2,False
2017-06-01,THA,KOR,0.08,2,False
2017-07-01,THA,KOR,0.0905,2,False
2017-08-01,THA,KOR,0.1111,2,False
2017-09-01,THA,KOR,0.1406,2,False
2017-10-01,THA,KOR,0.0885,2,False
2017-11-01,THA,KOR,0.1104,2,False
2017-12-01,THA,KOR,0.0473,2,True
2018-01-01,THA,KOR,0.0709,2,False
2018-02-01,THA,KOR,0.1548,2,False
2018-03-01,THA,KOR,0.1499,2,False
2018-04-01,THA,KOR,0.1268,2,False
2018-05-01,THA,KOR,0.1068,2,False
2018-06-01,THA,KOR,0.1089,2,False
2018-07-01,THA,KOR,0.1222,2,False
2018-08-01,THA,KOR,0.0684,2,False
2018-09-01,THA,KOR,0.0767,2,False
2018-10-01,THA,KOR,0.2403,2,False
2018-11-01,THA,KOR,0.33,2,False
2018-12-01,THA,KOR,0.4319,1,False
2019-01-01,THA,KOR,0.4482,2,False
2019-02-01,THA,KOR,0.2061,2,False
2019-03-01,THA,KOR,0.3042,2,False
2019-04-01,THA,KOR,0.3911,2,False
2019-05-01,THA,KOR,0.3581,2,False
2019-06-01,THA,KOR,0.5048,2,False
2019-07-01,THA,KOR,0.4791,4,False
2019-08-01,THA,KOR,0.4078,4,False
2019-09-01,THA,KOR,0.646,2,False
2019-10-01,THA,KOR,0.2666,4,False
2019-11-01,THA,KOR,0.2915,4,False
2019-12-01,THA,KOR,0.1383,2,False
2020-01-01,THA,KOR,0.1127,1,False
2020-02-01,THA,KOR,0.0713,1,False
2020-03-01,THA,KOR,0.0308,1,True
2020-04-01,THA,KOR,0.0464,1,True
2020-05-01,THA,KOR,0.0069,1,True
2020-06-01,THA,KOR,0.0058,1,True
2020-07-01,THA,KOR,0.0379,1,True
2020-08-01,THA,KOR,0.0703,1,False
2020-09-01,THA,KOR,0.1658,1,False
2020-10-01,THA,KOR,0.2202,1,False
2020-11-01,THA,KOR,0.1354,1,False
2020-12-01,THA,KOR,0.129,1,False
2021-01-01,THA,KOR,0.1685,1,False
2021-02-01,THA,KOR,0.2976,1,False
2021-03-01,THA,KOR,0.5136,1,False
2021-04-01,THA,KOR,0.877,4,False
2021-05-01,THA,KOR,0.7216,4,False
2021-06-01,THA,KOR,0.5265,4,False
2021-07-01,THA,KOR,0.5355,4,False
2021-08-01,THA,KOR,0.2427,4,False
2021-09-01,THA,KOR,0.2903,1,False
2021-10-01,THA,KOR,0.28,1,False
2021-11-01,THA,KOR,0.4786,1,False
2021-12-01,THA,KOR,0.6608,4,False
2022-01-01,THA,KOR,0.6217,4,False
2022-02-01,THA,KOR,0.6064,4,False
2022-03-01,THA,KOR,0.7022,4,False
2022-04-01,THA,KOR,0.6259,2,False
2022-05-01,THA,KOR,0.5164,2,False
2022-06-01,THA,KOR,0.5497,1,False
2022-07-01,THA,KOR,0.5013,1,False
2022-08-01,THA,KOR,0.5218,4,False
2022-09-01,THA,KOR,0.4831,1,False
2022-10-01,THA,KOR,0.417,4,False
2022-11-01,THA,KOR,0.4168,1,False
2022-12-01,THA,KOR,0.3105,1,False
2023-01-01,THA,KOR,0.3765,1,False
2023-02-01,THA,KOR,0.3069,1,False
2023-03-01,THA,KOR,0.2855,3,False
2023-04-01,THA,KOR,0.1641,3,False
2023-05-01,THA,KOR,0.1297,3,False
2023-06-01,THA,KOR,0.1083,3,False
2023-07-01,THA,KOR,0.0403,1,True
2023-08-01,THA,KOR,0.0192,1,True
2023-09-01,THA,KOR,0.0925,3,False
2023-10-01,THA,KOR,0.0849,3,False
2023-11-01,THA,KOR,0.0841,3,False
2023-12-01,THA,KOR,0.0688,3,False
2024-01-01,THA,KOR,0.068,3,False
2024-02-01,THA,KOR,0.0709,3,False
2024-03-01,THA,KOR,0.093,3,False
2024-04-01,THA,KOR,0.0546,3,False
2024-05-01,THA,KOR,0.0717,3,False
2024-06-01,THA,KOR,0.0631,3,False
2024-07-01,THA,KOR,0.1058,3,False
2024-08-01,THA,KOR,0.0578,2,False
2024-09-01,THA,KOR,0.0309,1,True
2024-10-01,THA,KOR,0.0861,1,False
2024-11-01,THA,KOR,0.1558,2,False
2024-12-01,THA,KOR,0.1939,2,False
2025-01-01,THA,KOR,0.1905,1,False
2025-02-01,THA,KOR,0.2184,1,False
2025-03-01,THA,KOR,0.4768,1,False
2025-04-01,THA,KOR,0.5981,3,False
2025-05-01,THA,KOR,0.4843,3,False
2025-06-01,THA,KOR,0.4998,3,False
2025-07-01,THA,KOR,0.4872,3,False
2025-08-01,THA,KOR,0.4836,3,False
2025-09-01,THA,KOR,0.4357,4,False
2025-10-01,THA,KOR,0.0407,4,True
2025-11-01,THA,KOR,0.0343,4,True
2025-12-01,THA,KOR,0.0214,4,True
2026-01-01,THA,KOR,0.0027,4,True
2026-02-01,THA,KOR,0.0018,4,True
2026-03-01,THA,KOR,0.0043,1,True
2015-01-01,THA,GBR,0.0072,4,True
2015-02-01,THA,GBR,0.0137,3,True
2015-03-01,THA,GBR,0.0236,3,True
2015-04-01,THA,GBR,0.0383,3,True
2015-05-01,THA,GBR,0.0239,3,True
2015-06-01,THA,GBR,0.0238,3,True
2015-07-01,THA,GBR,0.0557,3,False
2015-08-01,THA,GBR,0.0838,4,False
2015-09-01,THA,GBR,0.0818,4,False
2015-10-01,THA,GBR,0.0743,4,False
2015-11-01,THA,GBR,0.0829,4,False
2015-12-01,THA,GBR,0.0664,3,False
2016-01-01,THA,GBR,0.0701,3,False
2016-02-01,THA,GBR,0.1252,2,False
2016-03-01,THA,GBR,0.1812,1,False
2016-04-01,THA,GBR,0.1083,2,False
2016-05-01,THA,GBR,0.0454,2,True
2016-06-01,THA,GBR,0.0492,2,True
2016-07-01,THA,GBR,0.0441,2,True
2016-08-01,THA,GBR,0.0443,2,True
2016-09-01,THA,GBR,0.0419,2,True
2016-10-01,THA,GBR,0.008,2,True
2016-11-01,THA,GBR,0.0111,2,True
2016-12-01,THA,GBR,0.0048,2,True
2017-01-01,THA,GBR,0.0017,2,True
2017-02-01,THA,GBR,0.0013,2,True
2017-03-01,THA,GBR,0.0002,2,True
2017-04-01,THA,GBR,0.0006,2,True
2017-05-01,THA,GBR,0.0,2,True
2017-06-01,THA,GBR,0.0,1,True
2017-07-01,THA,GBR,0.0003,1,True
2017-08-01,THA,GBR,0.0005,1,True
2017-09-01,THA,GBR,0.0013,1,True
2017-10-01,THA,GBR,0.0009,1,True
2017-11-01,THA,GBR,0.0022,1,True
2017-12-01,THA,GBR,0.0449,1,True
2018-01-01,THA,GBR,0.2285,2,False
2018-02-01,THA,GBR,0.5168,2,False
2018-03-01,THA,GBR,0.5999,3,False
2018-04-01,THA,GBR,0.6694,2,False
2018-05-01,THA,GBR,0.8869,1,False
2018-06-01,THA,GBR,0.8575,1,False
2018-07-01,THA,GBR,0.8697,3,False
2018-08-01,THA,GBR,0.7173,4,False
2018-09-01,THA,GBR,0.7168,4,False
2018-10-01,THA,GBR,0.4659,1,False
2018-11-01,THA,GBR,0.4616,1,False
2018-12-01,THA,GBR,0.4536,2,False
2019-01-01,THA,GBR,0.399,2,False
2019-02-01,THA,GBR,0.3963,2,False
2019-03-01,THA,GBR,0.3153,2,False
2019-04-01,THA,GBR,0.3196,2,False
2019-05-01,THA,GBR,0.4129,2,False
2019-06-01,THA,GBR,0.4793,2,False
2019-07-01,THA,GBR,0.5365,1,False
2019-08-01,THA,GBR,0.4511,1,False
2019-09-01,THA,GBR,0.3435,1,False
2019-10-01,THA,GBR,0.2529,1,False
2019-11-01,THA,GBR,0.1877,1,False
2019-12-01,THA,GBR,0.2296,3,False
2020-01-01,THA,GBR,0.2091,3,False
2020-02-01,THA,GBR,0.5388,3,False
2020-03-01,THA,GBR,0.4095,4,False
2020-04-01,THA,GBR,0.1175,1,False
2020-05-01,THA,GBR,0.0067,1,True
2020-06-01,THA,GBR,0.0048,1,True
2020-07-01,THA,GBR,0.0605,1,False
2020-08-01,THA,GBR,0.1655,1,False
2020-09-01,THA,GBR,0.0376,1,True
2020-10-01,THA,GBR,0.0294,2,True
2020-11-01,THA,GBR,0.0138,2,True
2020-12-01,THA,GBR,0.0136,1,True
2021-01-01,THA,GBR,0.0042,1,True
2021-02-01,THA,GBR,0.0064,1,True
2021-03-01,THA,GBR,0.0041,1,True
2021-04-01,THA,GBR,0.006,1,True
2021-05-01,THA,GBR,0.03,1,True
2021-06-01,THA,GBR,0.0671,2,False
2021-07-01,THA,GBR,0.0931,2,False
2021-08-01,THA,GBR,0.0687,2,False
2021-09-01,THA,GBR,0.1122,2,False
2021-10-01,THA,GBR,0.1134,2,False
2021-11-01,THA,GBR,0.0814,2,False
2021-12-01,THA,GBR,0.0825,2,False
2022-01-01,THA,GBR,0.0655,2,False
2022-02-01,THA,GBR,0.0495,2,True
2022-03-01,THA,GBR,0.0929,2,False
2022-04-01,THA,GBR,0.0686,3,False
2022-05-01,THA,GBR,0.0157,2,True
2022-06-01,THA,GBR,0.0137,2,True
2022-07-01,THA,GBR,0.0211,3,True
2022-08-01,THA,GBR,0.0172,2,True
2022-09-01,THA,GBR,0.0177,2,True
2022-10-01,THA,GBR,0.0119,3,True
2022-11-01,THA,GBR,0.0066,2,True
2022-12-01,THA,GBR,0.0088,2,True
2023-01-01,THA,GBR,0.0075,4,True
2023-02-01,THA,GBR,0.0018,4,True
2023-03-01,THA,GBR,0.0039,4,True
2023-04-01,THA,GBR,0.0045,4,True
2023-05-01,THA,GBR,0.0011,4,True
2023-06-01,THA,GBR,0.0011,4,True
2023-07-01,THA,GBR,0.0011,4,True
2023-08-01,THA,GBR,0.0027,4,True
2023-09-01,THA,GBR,0.0066,4,True
2023-10-01,THA,GBR,0.0053,4,True
2023-11-01,THA,GBR,0.0034,1,True
2023-12-01,THA,GBR,0.0015,1,True
2024-01-01,THA,GBR,0.0019,1,True
2024-02-01,THA,GBR,0.0014,1,True
2024-03-01,THA,GBR,0.0005,1,True
2024-04-01,THA,GBR,0.0005,1,True
2024-05-01,THA,GBR,0.0004,1,True
2024-06-01,THA,GBR,0.0002,1,True
2024-07-01,THA,GBR,0.0,1,True
2024-08-01,THA,GBR,0.0001,1,True
2024-09-01,THA,GBR,0.0,1,True
2024-10-01,THA,GBR,0.0001,1,True
2024-11-01,THA,GBR,0.0001,1,True
2024-12-01,THA,GBR,0.0001,1,True
2025-01-01,THA,GBR,0.0001,1,True
2025-02-01,THA,GBR,0.0001,1,True
2025-03-01,THA,GBR,0.0003,1,True
2025-04-01,THA,GBR,0.0006,1,True
2025-05-01,THA,GBR,0.0008,1,True
2025-06-01,THA,GBR,0.001,1,True
2025-07-01,THA,GBR,0.002,1,True
2025-08-01,THA,GBR,0.0023,1,True
2025-09-01,THA,GBR,0.003,1,True
2025-10-01,THA,GBR,0.0074,3,True
2025-11-01,THA,GBR,0.0139,3,True
2025-12-01,THA,GBR,0.0316,2,True
2026-01-01,THA,GBR,0.0804,1,False
2026-02-01,THA,GBR,0.2069,1,False
2026-03-01,THA,GBR,0.1787,2,False
2015-01-01,THA,USA,0.1063,3,False
2015-02-01,THA,USA,0.1407,1,False
2015-03-01,THA,USA,0.1435,1,False
2015-04-01,THA,USA,0.1777,1,False
2015-05-01,THA,USA,0.3068,1,False
2015-06-01,THA,USA,0.2482,3,False
2015-07-01,THA,USA,0.1522,3,False
2015-08-01,THA,USA,0.1582,3,False
2015-09-01,THA,USA,0.1652,1,False
2015-10-01,THA,USA,0.156,3,False
2015-11-01,THA,USA,0.15,3,False
2015-12-01,THA,USA,0.1227,3,False
2016-01-01,THA,USA,0.1573,1,False
2016-02-01,THA,USA,0.0352,1,True
2016-03-01,THA,USA,0.1934,1,False
2016-04-01,THA,USA,0.1766,4,False
2016-05-01,THA,USA,0.111,1,False
2016-06-01,THA,USA,0.0854,1,False
2016-07-01,THA,USA,0.0712,1,False
2016-08-01,THA,USA,0.1185,1,False
2016-09-01,THA,USA,0.1265,1,False
2016-10-01,THA,USA,0.0892,1,False
2016-11-01,THA,USA,0.0399,1,True
2016-12-01,THA,USA,0.0261,1,True
2017-01-01,THA,USA,0.0128,1,True
2017-02-01,THA,USA,0.0071,1,True
2017-03-01,THA,USA,0.0007,1,True
2017-04-01,THA,USA,0.0007,1,True
2017-05-01,THA,USA,0.0007,1,True
2017-06-01,THA,USA,0.001,1,True
2017-07-01,THA,USA,0.0008,1,True
2017-08-01,THA,USA,0.0009,1,True
2017-09-01,THA,USA,0.0007,1,True
2017-10-01,THA,USA,0.0006,1,True
2017-11-01,THA,USA,0.0009,1,True
2017-12-01,THA,USA,0.008,1,True
2018-01-01,THA,USA,0.4723,3,False
2018-02-01,THA,USA,0.4442,1,False
2018-03-01,THA,USA,0.5034,1,False
2018-04-01,THA,USA,0.6075,4,False
2018-05-01,THA,USA,0.5776,4,False
2018-06-01,THA,USA,0.5743,4,False
2018-07-01,THA,USA,0.4981,4,False
2018-08-01,THA,USA,0.4475,4,False
2018-09-01,THA,USA,0.4967,4,False
2018-10-01,THA,USA,0.4453,4,False
2018-11-01,THA,USA,0.5773,4,False
2018-12-01,THA,USA,0.7178,1,False
2019-01-01,THA,USA,0.7158,1,False
2019-02-01,THA,USA,0.6392,1,False
2019-03-01,THA,USA,0.6206,1,False
2019-04-01,THA,USA,0.7966,1,False
2019-05-01,THA,USA,0.7936,2,False
2019-06-01,THA,USA,0.7964,2,False
2019-07-01,THA,USA,0.8666,3,False
2019-08-01,THA,USA,0.7916,3,False
2019-09-01,THA,USA,0.7644,3,False
2019-10-01,THA,USA,0.7447,4,False
2019-11-01,THA,USA,0.3211,4,False
2019-12-01,THA,USA,0.1595,3,False
2020-01-01,THA,USA,0.1185,2,False
2020-02-01,THA,USA,0.0188,1,True
2020-03-01,THA,USA,0.0251,1,True
2020-04-01,THA,USA,0.0019,1,True
2020-05-01,THA,USA,0.0002,1,True
2020-06-01,THA,USA,0.0002,1,True
2020-07-01,THA,USA,0.0026,1,True
2020-08-01,THA,USA,0.0044,1,True
2020-09-01,THA,USA,0.0155,1,True
2020-10-01,THA,USA,0.0091,2,True
2020-11-01,THA,USA,0.0056,2,True
2020-12-01,THA,USA,0.0028,2,True
2021-01-01,THA,USA,0.0019,2,True
2021-02-01,THA,USA,0.0018,2,True
2021-03-01,THA,USA,0.0052,2,True
2021-04-01,THA,USA,0.1988,2,False
2021-05-01,THA,USA,0.2989,4,False
2021-06-01,THA,USA,0.1152,1,False
2021-07-01,THA,USA,0.1064,1,False
2021-08-01,THA,USA,0.0862,3,False
2021-09-01,THA,USA,0.1374,3,False
2021-10-01,THA,USA,0.076,3,False
2021-11-01,THA,USA,0.0925,3,False
2021-12-01,THA,USA,0.0684,3,False
2022-01-01,THA,USA,0.058,3,False
2022-02-01,THA,USA,0.1227,3,False
2022-03-01,THA,USA,0.134,3,False
2022-04-01,THA,USA,0.1609,3,False
2022-05-01,THA,USA,0.5278,4,False
2022-06-01,THA,USA,0.2331,4,False
2022-07-01,THA,USA,0.308,4,False
2022-08-01,THA,USA,0.4124,4,False
2022-09-01,THA,USA,0.4089,4,False
2022-10-01,THA,USA,0.3072,1,False
2022-11-01,THA,USA,0.1939,1,False
2022-12-01,THA,USA,0.0938,1,False
2023-01-01,THA,USA,0.0485,1,True
2023-02-01,THA,USA,0.0319,1,True
2023-03-01,THA,USA,0.0307,1,True
2023-04-01,THA,USA,0.0555,3,False
2023-05-01,THA,USA,0.0488,3,True
2023-06-01,THA,USA,0.1599,3,False
2023-07-01,THA,USA,0.1106,1,False
2023-08-01,THA,USA,0.0903,3,False
2023-09-01,THA,USA,0.0706,3,False
2023-10-01,THA,USA,0.0723,3,False
2023-11-01,THA,USA,0.0102,3,True
2023-12-01,THA,USA,0.0019,3,True
2024-01-01,THA,USA,0.0032,3,True
2024-02-01,THA,USA,0.0065,2,True
2024-03-01,THA,USA,0.0147,3,True
2024-04-01,THA,USA,0.024,3,True
2024-05-01,THA,USA,0.0083,4,True
2024-06-01,THA,USA,0.0145,4,True
2024-07-01,THA,USA,0.0181,4,True
2024-08-01,THA,USA,0.0481,4,True
2024-09-01,THA,USA,0.0637,4,False
2024-10-01,THA,USA,0.0681,4,False
2024-11-01,THA,USA,0.0605,3,False
2024-12-01,THA,USA,0.0637,3,False
2025-01-01,THA,USA,0.0585,3,False
2025-02-01,THA,USA,0.0744,4,False
2025-03-01,THA,USA,0.0415,3,True
2025-04-01,THA,USA,0.0465,3,True
2025-05-01,THA,USA,0.048,3,True
2025-06-01,THA,USA,0.0588,3,False
2025-07-01,THA,USA,0.1517,3,False
2025-08-01,THA,USA,0.2142,3,False
2025-09-01,THA,USA,0.2817,4,False
2025-10-01,THA,USA,0.371,3,False
2025-11-01,THA,USA,0.5248,4,False
2025-12-01,THA,USA,0.455,4,False
2026-01-01,THA,USA,0.0864,4,False
2026-02-01,THA,USA,0.0564,3,False
2026-03-01,THA,USA,0.0362,2,True
2015-01-01,THA,DEU,0.0347,3,True
2015-02-01,THA,DEU,0.1316,4,False
2015-03-01,THA,DEU,0.1445,4,False
2015-04-01,THA,DEU,0.0346,3,True
2015-05-01,THA,DEU,0.0162,4,True
2015-06-01,THA,DEU,0.0106,4,True
2015-07-01,THA,DEU,0.0115,4,True
2015-08-01,THA,DEU,0.0066,4,True
2015-09-01,THA,DEU,0.0066,4,True
2015-10-01,THA,DEU,0.0054,4,True
2015-11-01,THA,DEU,0.009,4,True
2015-12-01,THA,DEU,0.004,4,True
2016-01-01,THA,DEU,0.0025,4,True
2016-02-01,THA,DEU,0.0098,4,True
2016-03-01,THA,DEU,0.0129,4,True
2016-04-01,THA,DEU,0.0097,4,True
2016-05-01,THA,DEU,0.003,4,True
2016-06-01,THA,DEU,0.0052,4,True
2016-07-01,THA,DEU,0.0138,4,True
2016-08-01,THA,DEU,0.0175,4,True
2016-09-01,THA,DEU,0.0142,4,True
2016-10-01,THA,DEU,0.0157,4,True
2016-11-01,THA,DEU,0.0157,4,True
2016-12-01,THA,DEU,0.0246,4,True
2017-01-01,THA,DEU,0.1036,4,False
2017-02-01,THA,DEU,0.1071,4,False
2017-03-01,THA,DEU,0.1091,2,False
2017-04-01,THA,DEU,0.0817,2,False
2017-05-01,THA,DEU,0.0352,2,True
2017-06-01,THA,DEU,0.0297,2,True
2017-07-01,THA,DEU,0.0202,2,True
2017-08-01,THA,DEU,0.0226,2,True
2017-09-01,THA,DEU,0.0387,2,True
2017-10-01,THA,DEU,0.0292,2,True
2017-11-01,THA,DEU,0.0101,4,True
2017-12-01,THA,DEU,0.006,3,True
2018-01-01,THA,DEU,0.005,2,True
2018-02-01,THA,DEU,0.0033,2,True
2018-03-01,THA,DEU,0.0114,2,True
2018-04-01,THA,DEU,0.0076,3,True
2018-05-01,THA,DEU,0.0087,3,True
2018-06-01,THA,DEU,0.0198,3,True
2018-07-01,THA,DEU,0.028,2,True
2018-08-01,THA,DEU,0.0462,3,True
2018-09-01,THA,DEU,0.0514,2,False
2018-10-01,THA,DEU,0.1784,1,False
2018-11-01,THA,DEU,0.2707,2,False
2018-12-01,THA,DEU,0.3111,3,False
2019-01-01,THA,DEU,0.3196,3,False
2019-02-01,THA,DEU,0.2887,3,False
2019-03-01,THA,DEU,0.3581,3,False
2019-04-01,THA,DEU,0.273,4,False
2019-05-01,THA,DEU,0.1174,4,False
2019-06-01,THA,DEU,0.132,1,False
2019-07-01,THA,DEU,0.0956,2,False
2019-08-01,THA,DEU,0.1005,4,False
2019-09-01,THA,DEU,0.1614,3,False
2019-10-01,THA,DEU,0.2072,3,False
2019-11-01,THA,DEU,0.2413,4,False
2019-12-01,THA,DEU,0.147,3,False
2020-01-01,THA,DEU,0.1118,2,False
2020-02-01,THA,DEU,0.1431,2,False
2020-03-01,THA,DEU,0.0846,2,False
2020-04-01,THA,DEU,0.079,1,False
2020-05-01,THA,DEU,0.0211,2,True
2020-06-01,THA,DEU,0.0048,2,True
2020-07-01,THA,DEU,0.0153,1,True
2020-08-01,THA,DEU,0.0054,2,True
2020-09-01,THA,DEU,0.0039,2,True
2020-10-01,THA,DEU,0.0037,2,True
2020-11-01,THA,DEU,0.0043,2,True
2020-12-01,THA,DEU,0.0045,2,True
2021-01-01,THA,DEU,0.0054,2,True
2021-02-01,THA,DEU,0.0106,2,True
2021-03-01,THA,DEU,0.042,3,True
2021-04-01,THA,DEU,0.0543,3,False
2021-05-01,THA,DEU,0.103,2,False
2021-06-01,THA,DEU,0.3168,2,False
2021-07-01,THA,DEU,0.3061,2,False
2021-08-01,THA,DEU,0.2906,4,False
2021-09-01,THA,DEU,0.3135,4,False
2021-10-01,THA,DEU,0.3058,4,False
2021-11-01,THA,DEU,0.2834,4,False
2021-12-01,THA,DEU,0.343,4,False
2022-01-01,THA,DEU,0.5768,4,False
2022-02-01,THA,DEU,0.5096,4,False
2022-03-01,THA,DEU,0.5187,4,False
2022-04-01,THA,DEU,0.507,1,False
2022-05-01,THA,DEU,0.6047,1,False
2022-06-01,THA,DEU,0.5035,1,False
2022-07-01,THA,DEU,0.7754,4,False
2022-08-01,THA,DEU,0.7545,4,False
2022-09-01,THA,DEU,0.7505,4,False
2022-10-01,THA,DEU,0.6338,4,False
2022-11-01,THA,DEU,0.6347,1,False
2022-12-01,THA,DEU,0.5536,4,False
2023-01-01,THA,DEU,0.2494,4,False
2023-02-01,THA,DEU,0.1892,4,False
2023-03-01,THA,DEU,0.1954,4,False
2023-04-01,THA,DEU,0.0235,4,True
2023-05-01,THA,DEU,0.0247,4,True
2023-06-01,THA,DEU,0.0113,4,True
2023-07-01,THA,DEU,0.0098,4,True
2023-08-01,THA,DEU,0.0062,4,True
2023-09-01,THA,DEU,0.0022,4,True
2023-10-01,THA,DEU,0.0011,4,True
2023-11-01,THA,DEU,0.0,4,True
2023-12-01,THA,DEU,0.0,4,True
2024-01-01,THA,DEU,0.0,4,True
2024-02-01,THA,DEU,0.0,4,True
2024-03-01,THA,DEU,0.0,4,True
2024-04-01,THA,DEU,0.0,4,True
2024-05-01,THA,DEU,0.0,4,True
2024-06-01,THA,DEU,0.0,4,True
2024-07-01,THA,DEU,0.0,4,True
2024-08-01,THA,DEU,0.0,4,True
2024-09-01,THA,DEU,0.0,4,True
2024-10-01,THA,DEU,0.0,4,True
2024-11-01,THA,DEU,0.0,4,True
2024-12-01,THA,DEU,0.0001,4,True
2025-01-01,THA,DEU,0.0001,4,True
2025-02-01,THA,DEU,0.0001,4,True
2025-03-01,THA,DEU,0.0001,4,True
2025-04-01,THA,DEU,0.0001,4,True
2025-05-01,THA,DEU,0.0007,4,True
2025-06-01,THA,DEU,0.0037,4,True
2025-07-01,THA,DEU,0.0048,4,True
2025-08-01,THA,DEU,0.0097,4,True
2025-09-01,THA,DEU,0.008,4,True
2025-10-01,THA,DEU,0.0189,4,True
2025-11-01,THA,DEU,0.0841,4,False
2025-12-01,THA,DEU,0.0805,4,False
2026-01-01,THA,DEU,0.229,4,False
2026-02-01,THA,DEU,0.2455,4,False
2026-03-01,THA,DEU,0.4101,4,False
2015-01-01,THA,FRA,0.1235,3,False
2015-02-01,THA,FRA,0.0927,3,False
2015-03-01,THA,FRA,0.0801,3,False
2015-04-01,THA,FRA,0.0237,3,True
2015-05-01,THA,FRA,0.0287,3,True
2015-06-01,THA,FRA,0.0283,1,True
2015-07-01,THA,FRA,0.0358,3,True
2015-08-01,THA,FRA,0.0462,4,True
2015-09-01,THA,FRA,0.0312,3,True
2015-10-01,THA,FRA,0.034,3,True
2015-11-01,THA,FRA,0.0586,3,False
2015-12-01,THA,FRA,0.0413,3,True
2016-01-01,THA,FRA,0.0695,4,False
2016-02-01,THA,FRA,0.1677,4,False
2016-03-01,THA,FRA,0.0786,4,False
2016-04-01,THA,FRA,0.0598,4,False
2016-05-01,THA,FRA,0.0387,4,True
2016-06-01,THA,FRA,0.102,4,False
2016-07-01,THA,FRA,0.229,4,False
2016-08-01,THA,FRA,0.2794,4,False
2016-09-01,THA,FRA,0.3372,4,False
2016-10-01,THA,FRA,0.3414,4,False
2016-11-01,THA,FRA,0.2059,4,False
2016-12-01,THA,FRA,0.2271,4,False
2017-01-01,THA,FRA,0.1937,1,False
2017-02-01,THA,FRA,0.0265,1,True
2017-03-01,THA,FRA,0.0619,1,False
2017-04-01,THA,FRA,0.0534,1,False
2017-05-01,THA,FRA,0.0475,1,True
2017-06-01,THA,FRA,0.0822,1,False
2017-07-01,THA,FRA,0.069,1,False
2017-08-01,THA,FRA,0.0746,1,False
2017-09-01,THA,FRA,0.1101,1,False
2017-10-01,THA,FRA,0.0758,1,False
2017-11-01,THA,FRA,0.0951,1,False
2017-12-01,THA,FRA,0.1935,3,False
2018-01-01,THA,FRA,0.2397,3,False
2018-02-01,THA,FRA,0.2739,1,False
2018-03-01,THA,FRA,0.3771,4,False
2018-04-01,THA,FRA,0.2862,4,False
2018-05-01,THA,FRA,0.2648,4,False
2018-06-01,THA,FRA,0.2539,4,False
2018-07-01,THA,FRA,0.2701,4,False
2018-08-01,THA,FRA,0.2839,3,False
2018-09-01,THA,FRA,0.3261,4,False
2018-10-01,THA,FRA,0.3615,1,False
2018-11-01,THA,FRA,0.4179,3,False
2018-12-01,THA,FRA,0.3451,1,False
2019-01-01,THA,FRA,0.2967,1,False
2019-02-01,THA,FRA,0.2533,1,False
2019-03-01,THA,FRA,0.2797,1,False
2019-04-01,THA,FRA,0.3083,1,False
2019-05-01,THA,FRA,0.2857,1,False
2019-06-01,THA,FRA,0.2173,1,False
2019-07-01,THA,FRA,0.1638,1,False
2019-08-01,THA,FRA,0.2086,1,False
2019-09-01,THA,FRA,0.2283,1,False
2019-10-01,THA,FRA,0.3235,4,False
2019-11-01,THA,FRA,0.3342,3,False
2019-12-01,THA,FRA,0.1119,2,False
2020-01-01,THA,FRA,0.0224,1,True
2020-02-01,THA,FRA,0.0277,1,True
2020-03-01,THA,FRA,0.0235,1,True
2020-04-01,THA,FRA,0.0013,1,True
2020-05-01,THA,FRA,0.0003,1,True
2020-06-01,THA,FRA,0.0009,1,True
2020-07-01,THA,FRA,0.0005,1,True
2020-08-01,THA,FRA,0.0032,2,True
2020-09-01,THA,FRA,0.0005,2,True
2020-10-01,THA,FRA,0.0006,1,True
2020-11-01,THA,FRA,0.0006,1,True
2020-12-01,THA,FRA,0.0006,1,True
2021-01-01,THA,FRA,0.0004,1,True
2021-02-01,THA,FRA,0.0045,1,True
2021-03-01,THA,FRA,0.006,1,True
2021-04-01,THA,FRA,0.0343,1,True
2021-05-01,THA,FRA,0.0912,1,False
2021-06-01,THA,FRA,0.1136,1,False
2021-07-01,THA,FRA,0.1484,1,False
2021-08-01,THA,FRA,0.1451,1,False
2021-09-01,THA,FRA,0.1611,2,False
2021-10-01,THA,FRA,0.1579,2,False
2021-11-01,THA,FRA,0.1377,2,False
2021-12-01,THA,FRA,0.2098,2,False
2022-01-01,THA,FRA,0.2239,2,False
2022-02-01,THA,FRA,0.1264,2,False
2022-03-01,THA,FRA,0.5398,2,False
2022-04-01,THA,FRA,0.4267,2,False
2022-05-01,THA,FRA,0.5637,2,False
2022-06-01,THA,FRA,0.6054,1,False
2022-07-01,THA,FRA,0.5587,1,False
2022-08-01,THA,FRA,0.679,2,False
2022-09-01,THA,FRA,0.7064,1,False
2022-10-01,THA,FRA,0.2986,1,False
2022-11-01,THA,FRA,0.6175,1,False
2022-12-01,THA,FRA,0.6071,1,False
2023-01-01,THA,FRA,0.1629,4,False
2023-02-01,THA,FRA,0.0991,4,False
2023-03-01,THA,FRA,0.061,4,False
2023-04-01,THA,FRA,0.0358,4,True
2023-05-01,THA,FRA,0.0406,3,True
2023-06-01,THA,FRA,0.077,3,False
2023-07-01,THA,FRA,0.0249,3,True
2023-08-01,THA,FRA,0.0166,1,True
2023-09-01,THA,FRA,0.0376,3,True
2023-10-01,THA,FRA,0.0362,3,True
2023-11-01,THA,FRA,0.0172,1,True
2023-12-01,THA,FRA,0.0045,1,True
2024-01-01,THA,FRA,0.0091,3,True
2024-02-01,THA,FRA,0.0026,3,True
2024-03-01,THA,FRA,0.0024,1,True
2024-04-01,THA,FRA,0.0008,1,True
2024-05-01,THA,FRA,0.0006,1,True
2024-06-01,THA,FRA,0.0004,1,True
2024-07-01,THA,FRA,0.0001,1,True
2024-08-01,THA,FRA,0.0001,1,True
2024-09-01,THA,FRA,0.0002,1,True
2024-10-01,THA,FRA,0.0007,1,True
2024-11-01,THA,FRA,0.0007,1,True
2024-12-01,THA,FRA,0.0006,1,True
2025-01-01,THA,FRA,0.0004,1,True
2025-02-01,THA,FRA,0.0011,1,True
2025-03-01,THA,FRA,0.008,1,True
2025-04-01,THA,FRA,0.0098,1,True
2025-05-01,THA,FRA,0.0134,1,True
2025-06-01,THA,FRA,0.0121,4,True
2025-07-01,THA,FRA,0.012,3,True
2025-08-01,THA,FRA,0.0278,1,True
2025-09-01,THA,FRA,0.0164,1,True
2025-10-01,THA,FRA,0.0498,1,True
2025-11-01,THA,FRA,0.08,2,False
2025-12-01,THA,FRA,0.051,1,False
2026-01-01,THA,FRA,0.1538,4,False
2026-02-01,THA,FRA,0.0718,4,False
2026-03-01,THA,FRA,0.0224,4,True
2015-01-01,THA,JPN,0.0035,1,True
2015-02-01,THA,JPN,0.0022,1,True
2015-03-01,THA,JPN,0.003,1,True
2015-04-01,THA,JPN,0.0058,1,True
2015-05-01,THA,JPN,0.0828,4,False
2015-06-01,THA,JPN,0.083,4,False
2015-07-01,THA,JPN,0.0496,4,True
2015-08-01,THA,JPN,0.0489,4,True
2015-09-01,THA,JPN,0.1037,4,False
2015-10-01,THA,JPN,0.0881,4,False
2015-11-01,THA,JPN,0.0584,4,False
2015-12-01,THA,JPN,0.0769,4,False
2016-01-01,THA,JPN,0.049,4,True
2016-02-01,THA,JPN,0.0973,1,False
2016-03-01,THA,JPN,0.0449,1,True
2016-04-01,THA,JPN,0.0208,1,True
2016-05-01,THA,JPN,0.0166,1,True
2016-06-01,THA,JPN,0.027,1,True
2016-07-01,THA,JPN,0.0486,1,True
2016-08-01,THA,JPN,0.0417,1,True
2016-09-01,THA,JPN,0.0447,1,True
2016-10-01,THA,JPN,0.0438,1,True
2016-11-01,THA,JPN,0.0539,1,False
2016-12-01,THA,JPN,0.0622,1,False
2017-01-01,THA,JPN,0.0403,1,True
2017-02-01,THA,JPN,0.0623,1,False
2017-03-01,THA,JPN,0.0482,1,True
2017-04-01,THA,JPN,0.0819,4,False
2017-05-01,THA,JPN,0.082,4,False
2017-06-01,THA,JPN,0.0901,4,False
2017-07-01,THA,JPN,0.069,1,False
2017-08-01,THA,JPN,0.0415,1,True
2017-09-01,THA,JPN,0.0171,1,True
2017-10-01,THA,JPN,0.0143,1,True
2017-11-01,THA,JPN,0.0251,1,True
2017-12-01,THA,JPN,0.0429,1,True
2018-01-01,THA,JPN,0.2764,1,False
2018-02-01,THA,JPN,0.6948,3,False
2018-03-01,THA,JPN,0.5717,2,False
2018-04-01,THA,JPN,0.5693,2,False
2018-05-01,THA,JPN,0.3545,4,False
2018-06-01,THA,JPN,0.3498,4,False
2018-07-01,THA,JPN,0.4303,2,False
2018-08-01,THA,JPN,0.446,2,False
2018-09-01,THA,JPN,0.2909,2,False
2018-10-01,THA,JPN,0.4751,1,False
2018-11-01,THA,JPN,0.1898,4,False
2018-12-01,THA,JPN,0.4137,2,False
2019-01-01,THA,JPN,0.3249,2,False
2019-02-01,THA,JPN,0.3987,1,False
2019-03-01,THA,JPN,0.4755,1,False
2019-04-01,THA,JPN,0.2632,4,False
2019-05-01,THA,JPN,0.1504,3,False
2019-06-01,THA,JPN,0.197,3,False
2019-07-01,THA,JPN,0.1947,2,False
2019-08-01,THA,JPN,0.2026,2,False
2019-09-01,THA,JPN,0.2281,4,False
2019-10-01,THA,JPN,0.2162,4,False
2019-11-01,THA,JPN,0.4176,4,False
2019-12-01,THA,JPN,0.4124,2,False
2020-01-01,THA,JPN,0.4145,1,False
2020-02-01,THA,JPN,0.546,4,False
2020-03-01,THA,JPN,0.4913,4,False
2020-04-01,THA,JPN,0.556,4,False
2020-05-01,THA,JPN,0.3024,1,False
2020-06-01,THA,JPN,0.1947,1,False
2020-07-01,THA,JPN,0.1556,1,False
2020-08-01,THA,JPN,0.1787,1,False
2020-09-01,THA,JPN,0.1346,2,False
2020-10-01,THA,JPN,0.0543,1,False
2020-11-01,THA,JPN,0.0557,1,False
2020-12-01,THA,JPN,0.0443,1,True
2021-01-01,THA,JPN,0.0225,1,True
2021-02-01,THA,JPN,0.0215,1,True
2021-03-01,THA,JPN,0.0265,1,True
2021-04-01,THA,JPN,0.03,1,True
2021-05-01,THA,JPN,0.0361,1,True
2021-06-01,THA,JPN,0.0211,1,True
2021-07-01,THA,JPN,0.0219,1,True
2021-08-01,THA,JPN,0.0518,1,False
2021-09-01,THA,JPN,0.0309,1,True
2021-10-01,THA,JPN,0.0297,1,True
2021-11-01,THA,JPN,0.0318,4,True
2021-12-01,THA,JPN,0.0433,1,True
2022-01-01,THA,JPN,0.0213,4,True
2022-02-01,THA,JPN,0.0158,4,True
2022-03-01,THA,JPN,0.0086,4,True
2022-04-01,THA,JPN,0.009,4,True
2022-05-01,THA,JPN,0.0139,4,True
2022-06-01,THA,JPN,0.0368,4,True
2022-07-01,THA,JPN,0.223,3,False
2022-08-01,THA,JPN,0.1961,3,False
2022-09-01,THA,JPN,0.2393,3,False
2022-10-01,THA,JPN,0.4668,3,False
2022-11-01,THA,JPN,0.5019,3,False
2022-12-01,THA,JPN,0.6018,3,False
2023-01-01,THA,JPN,0.4949,4,False
2023-02-01,THA,JPN,0.3573,3,False
2023-03-01,THA,JPN,0.3418,3,False
2023-04-01,THA,JPN,0.5903,4,False
2023-05-01,THA,JPN,0.5259,4,False
2023-06-01,THA,JPN,0.5495,4,False
2023-07-01,THA,JPN,0.4539,4,False
2023-08-01,THA,JPN,0.4659,4,False
2023-09-01,THA,JPN,0.4273,4,False
2023-10-01,THA,JPN,0.8915,4,False
2023-11-01,THA,JPN,0.8746,2,False
2023-12-01,THA,JPN,0.8303,1,False
2024-01-01,THA,JPN,0.661,1,False
2024-02-01,THA,JPN,0.8131,3,False
2024-03-01,THA,JPN,0.8406,3,False
2024-04-01,THA,JPN,0.7293,1,False
2024-05-01,THA,JPN,0.7254,1,False
2024-06-01,THA,JPN,0.7295,2,False
2024-07-01,THA,JPN,0.5709,1,False
2024-08-01,THA,JPN,0.794,1,False
2024-09-01,THA,JPN,0.8011,2,False
2024-10-01,THA,JPN,0.6575,1,False
2024-11-01,THA,JPN,0.2815,2,False
2024-12-01,THA,JPN,0.1234,1,False
2025-01-01,THA,JPN,0.0713,1,False
2025-02-01,THA,JPN,0.1428,1,False
2025-03-01,THA,JPN,0.168,1,False
2025-04-01,THA,JPN,0.0978,2,False
2025-05-01,THA,JPN,0.0795,1,False
2025-06-01,THA,JPN,0.1551,1,False
2025-07-01,THA,JPN,0.0761,2,False
2025-08-01,THA,JPN,0.0755,2,False
2025-09-01,THA,JPN,0.0199,2,True
2025-10-01,THA,JPN,0.0179,2,True
2025-11-01,THA,JPN,0.0272,2,True
2025-12-01,THA,JPN,0.0226,2,True
2026-01-01,THA,JPN,0.0471,2,True
2026-02-01,THA,JPN,0.045,2,True
2026-03-01,THA,JPN,0.0811,2,False
2015-01-01,BRA,IND,0.313,1,False
2015-02-01,BRA,IND,0.337,1,False
2015-03-01,BRA,IND,0.247,1,False
2015-04-01,BRA,IND,0.4609,1,False
2015-05-01,BRA,IND,0.3638,1,False
2015-06-01,BRA,IND,0.3807,1,False
2015-07-01,BRA,IND,0.492,1,False
2015-08-01,BRA,IND,0.1355,2,False
2015-09-01,BRA,IND,0.1607,1,False
2015-10-01,BRA,IND,0.3632,2,False
2015-11-01,BRA,IND,0.2667,2,False
2015-12-01,BRA,IND,0.2184,2,False
2016-01-01,BRA,IND,0.1077,2,False
2016-02-01,BRA,IND,0.115,2,False
2016-03-01,BRA,IND,0.1545,2,False
2016-04-01,BRA,IND,0.164,2,False
2016-05-01,BRA,IND,0.1856,2,False
2016-06-01,BRA,IND,0.1393,2,False
2016-07-01,BRA,IND,0.1692,2,False
2016-08-01,BRA,IND,0.1571,2,False
2016-09-01,BRA,IND,0.2311,2,False
2016-10-01,BRA,IND,0.1138,2,False
2016-11-01,BRA,IND,0.2568,2,False
2016-12-01,BRA,IND,0.5671,2,False
2017-01-01,BRA,IND,0.7779,4,False
2017-02-01,BRA,IND,0.7488,4,False
2017-03-01,BRA,IND,0.7232,4,False
2017-04-01,BRA,IND,0.6155,4,False
2017-05-01,BRA,IND,0.6245,4,False
2017-06-01,BRA,IND,0.3809,2,False
2017-07-01,BRA,IND,0.3769,1,False
2017-08-01,BRA,IND,0.4695,2,False
2017-09-01,BRA,IND,0.4668,4,False
2017-10-01,BRA,IND,0.2677,4,False
2017-11-01,BRA,IND,0.3091,4,False
2017-12-01,BRA,IND,0.2658,4,False
2018-01-01,BRA,IND,0.2789,4,False
2018-02-01,BRA,IND,0.2377,4,False
2018-03-01,BRA,IND,0.2338,4,False
2018-04-01,BRA,IND,0.2052,4,False
2018-05-01,BRA,IND,0.2874,4,False
2018-06-01,BRA,IND,0.3909,4,False
2018-07-01,BRA,IND,0.5635,4,False
2018-08-01,BRA,IND,0.1835,2,False
2018-09-01,BRA,IND,0.1616,2,False
2018-10-01,BRA,IND,0.1825,1,False
2018-11-01,BRA,IND,0.1657,1,False
2018-12-01,BRA,IND,0.1746,2,False
2019-01-01,BRA,IND,0.169,1,False
2019-02-01,BRA,IND,0.1049,1,False
2019-03-01,BRA,IND,0.0643,1,False
2019-04-01,BRA,IND,0.0224,1,True
2019-05-01,BRA,IND,0.0033,1,True
2019-06-01,BRA,IND,0.0038,1,True
2019-07-01,BRA,IND,0.0009,1,True
2019-08-01,BRA,IND,0.0026,2,True
2019-09-01,BRA,IND,0.0019,2,True
2019-10-01,BRA,IND,0.0019,2,True
2019-11-01,BRA,IND,0.0016,4,True
2019-12-01,BRA,IND,0.0026,4,True
2020-01-01,BRA,IND,0.0013,4,True
2020-02-01,BRA,IND,0.0472,4,True
2020-03-01,BRA,IND,0.0978,4,False
2020-04-01,BRA,IND,0.1129,3,False
2020-05-01,BRA,IND,0.0922,4,False
2020-06-01,BRA,IND,0.0839,4,False
2020-07-01,BRA,IND,0.0941,4,False
2020-08-01,BRA,IND,0.086,4,False
2020-09-01,BRA,IND,0.1019,4,False
2020-10-01,BRA,IND,0.0767,4,False
2020-11-01,BRA,IND,0.095,4,False
2020-12-01,BRA,IND,0.1087,4,False
2021-01-01,BRA,IND,0.0936,3,False
2021-02-01,BRA,IND,0.0926,3,False
2021-03-01,BRA,IND,0.1181,3,False
2021-04-01,BRA,IND,0.1234,3,False
2021-05-01,BRA,IND,0.2196,3,False
2021-06-01,BRA,IND,0.2717,3,False
2021-07-01,BRA,IND,0.2703,3,False
2021-08-01,BRA,IND,0.1604,3,False
2021-09-01,BRA,IND,0.2082,3,False
2021-10-01,BRA,IND,0.1757,3,False
2021-11-01,BRA,IND,0.2132,3,False
2021-12-01,BRA,IND,0.2208,3,False
2022-01-01,BRA,IND,0.2716,3,False
2022-02-01,BRA,IND,0.3134,3,False
2022-03-01,BRA,IND,0.4537,3,False
2022-04-01,BRA,IND,0.3814,3,False
2022-05-01,BRA,IND,0.3105,3,False
2022-06-01,BRA,IND,0.5603,2,False
2022-07-01,BRA,IND,0.6095,2,False
2022-08-01,BRA,IND,0.5903,3,False
2022-09-01,BRA,IND,0.53,4,False
2022-10-01,BRA,IND,0.4303,3,False
2022-11-01,BRA,IND,0.2754,4,False
2022-12-01,BRA,IND,0.1636,1,False
2023-01-01,BRA,IND,0.1955,1,False
2023-02-01,BRA,IND,0.2039,1,False
2023-03-01,BRA,IND,0.2405,2,False
2023-04-01,BRA,IND,0.2355,2,False
2023-05-01,BRA,IND,0.2541,2,False
2023-06-01,BRA,IND,0.2066,2,False
2023-07-01,BRA,IND,0.1515,4,False
2023-08-01,BRA,IND,0.1896,2,False
2023-09-01,BRA,IND,0.0681,2,False
2023-10-01,BRA,IND,0.0429,2,True
2023-11-01,BRA,IND,0.1474,2,False
2023-12-01,BRA,IND,0.1561,2,False
2024-01-01,BRA,IND,0.1843,2,False
2024-02-01,BRA,IND,0.1937,2,False
2024-03-01,BRA,IND,0.3254,2,False
2024-04-01,BRA,IND,0.263,2,False
2024-05-01,BRA,IND,0.227,2,False
2024-06-01,BRA,IND,0.2139,2,False
2024-07-01,BRA,IND,0.1694,2,False
2024-08-01,BRA,IND,0.1401,2,False
2024-09-01,BRA,IND,0.1384,2,False
2024-10-01,BRA,IND,0.1222,2,False
2024-11-01,BRA,IND,0.1348,2,False
2024-12-01,BRA,IND,0.1128,2,False
2025-01-01,BRA,IND,0.0812,2,False
2025-02-01,BRA,IND,0.1126,2,False
2025-03-01,BRA,IND,0.1485,2,False
2025-04-01,BRA,IND,0.0793,2,False
2025-05-01,BRA,IND,0.07,2,False
2025-06-01,BRA,IND,0.067,2,False
2025-07-01,BRA,IND,0.0776,2,False
2025-08-01,BRA,IND,0.2723,2,False
2025-09-01,BRA,IND,0.2381,2,False
2025-10-01,BRA,IND,0.1957,2,False
2025-11-01,BRA,IND,0.2378,2,False
2025-12-01,BRA,IND,0.2436,2,False
2026-01-01,BRA,IND,0.211,2,False
2026-02-01,BRA,IND,0.1916,2,False
2026-03-01,BRA,IND,0.1699,2,False
2015-01-01,BRA,CHN,0.0341,1,True
2015-02-01,BRA,CHN,0.0787,1,False
2015-03-01,BRA,CHN,0.0832,1,False
2015-04-01,BRA,CHN,0.1588,1,False
2015-05-01,BRA,CHN,0.2919,4,False
2015-06-01,BRA,CHN,0.163,4,False
2015-07-01,BRA,CHN,0.2635,4,False
2015-08-01,BRA,CHN,0.1982,4,False
2015-09-01,BRA,CHN,0.2087,1,False
2015-10-01,BRA,CHN,0.2394,1,False
2015-11-01,BRA,CHN,0.1735,1,False
2015-12-01,BRA,CHN,0.1866,1,False
2016-01-01,BRA,CHN,0.1521,1,False
2016-02-01,BRA,CHN,0.3349,2,False
2016-03-01,BRA,CHN,0.3189,1,False
2016-04-01,BRA,CHN,0.2872,4,False
2016-05-01,BRA,CHN,0.1974,4,False
2016-06-01,BRA,CHN,0.1997,2,False
2016-07-01,BRA,CHN,0.184,1,False
2016-08-01,BRA,CHN,0.2636,2,False
2016-09-01,BRA,CHN,0.2402,1,False
2016-10-01,BRA,CHN,0.211,1,False
2016-11-01,BRA,CHN,0.2168,1,False
2016-12-01,BRA,CHN,0.2209,1,False
2017-01-01,BRA,CHN,0.1441,1,False
2017-02-01,BRA,CHN,0.4228,1,False
2017-03-01,BRA,CHN,0.2139,1,False
2017-04-01,BRA,CHN,0.1614,1,False
2017-05-01,BRA,CHN,0.163,1,False
2017-06-01,BRA,CHN,0.108,1,False
2017-07-01,BRA,CHN,0.0455,2,True
2017-08-01,BRA,CHN,0.0173,1,True
2017-09-01,BRA,CHN,0.0092,4,True
2017-10-01,BRA,CHN,0.0011,3,True
2017-11-01,BRA,CHN,0.0008,2,True
2017-12-01,BRA,CHN,0.0009,1,True
2018-01-01,BRA,CHN,0.0041,1,True
2018-02-01,BRA,CHN,0.0067,1,True
2018-03-01,BRA,CHN,0.0094,1,True
2018-04-01,BRA,CHN,0.0083,1,True
2018-05-01,BRA,CHN,0.0061,1,True
2018-06-01,BRA,CHN,0.0044,1,True
2018-07-01,BRA,CHN,0.0213,2,True
2018-08-01,BRA,CHN,0.0289,1,True
2018-09-01,BRA,CHN,0.0443,1,True
2018-10-01,BRA,CHN,0.0529,1,False
2018-11-01,BRA,CHN,0.0878,1,False
2018-12-01,BRA,CHN,0.194,1,False
2019-01-01,BRA,CHN,0.1996,1,False
2019-02-01,BRA,CHN,0.1869,4,False
2019-03-01,BRA,CHN,0.0989,4,False
2019-04-01,BRA,CHN,0.1077,4,False
2019-05-01,BRA,CHN,0.0794,4,False
2019-06-01,BRA,CHN,0.1657,4,False
2019-07-01,BRA,CHN,0.1906,2,False
2019-08-01,BRA,CHN,0.1963,2,False
2019-09-01,BRA,CHN,0.3175,2,False
2019-10-01,BRA,CHN,0.0551,4,False
2019-11-01,BRA,CHN,0.0575,4,False
2019-12-01,BRA,CHN,0.0396,2,True
2020-01-01,BRA,CHN,0.0203,1,True
2020-02-01,BRA,CHN,0.0175,4,True
2020-03-01,BRA,CHN,0.0218,3,True
2020-04-01,BRA,CHN,0.0336,1,True
2020-05-01,BRA,CHN,0.0271,1,True
2020-06-01,BRA,CHN,0.0571,1,False
2020-07-01,BRA,CHN,0.0134,1,True
2020-08-01,BRA,CHN,0.0102,1,True
2020-09-01,BRA,CHN,0.0471,1,True
2020-10-01,BRA,CHN,0.0988,1,False
2020-11-01,BRA,CHN,0.1224,1,False
2020-12-01,BRA,CHN,0.1382,1,False
2021-01-01,BRA,CHN,0.1309,1,False
2021-02-01,BRA,CHN,0.2535,1,False
2021-03-01,BRA,CHN,0.432,1,False
2021-04-01,BRA,CHN,0.8145,4,False
2021-05-01,BRA,CHN,0.5188,1,False
2021-06-01,BRA,CHN,0.2576,1,False
2021-07-01,BRA,CHN,0.0545,1,False
2021-08-01,BRA,CHN,0.0449,1,True
2021-09-01,BRA,CHN,0.0808,1,False
2021-10-01,BRA,CHN,0.0783,1,False
2021-11-01,BRA,CHN,0.1557,1,False
2021-12-01,BRA,CHN,0.1464,3,False
2022-01-01,BRA,CHN,0.1538,3,False
2022-02-01,BRA,CHN,0.109,3,False
2022-03-01,BRA,CHN,0.178,3,False
2022-04-01,BRA,CHN,0.121,3,False
2022-05-01,BRA,CHN,0.2913,4,False
2022-06-01,BRA,CHN,0.2783,4,False
2022-07-01,BRA,CHN,0.1901,4,False
2022-08-01,BRA,CHN,0.2066,4,False
2022-09-01,BRA,CHN,0.2889,2,False
2022-10-01,BRA,CHN,0.097,4,False
2022-11-01,BRA,CHN,0.1207,4,False
2022-12-01,BRA,CHN,0.1226,4,False
2023-01-01,BRA,CHN,0.1219,4,False
2023-02-01,BRA,CHN,0.2004,4,False
2023-03-01,BRA,CHN,0.1899,4,False
2023-04-01,BRA,CHN,0.3908,4,False
2023-05-01,BRA,CHN,0.5031,2,False
2023-06-01,BRA,CHN,0.43,2,False
2023-07-01,BRA,CHN,0.4946,1,False
2023-08-01,BRA,CHN,0.4297,3,False
2023-09-01,BRA,CHN,0.0924,4,False
2023-10-01,BRA,CHN,0.0223,3,True
2023-11-01,BRA,CHN,0.0031,3,True
2023-12-01,BRA,CHN,0.0014,3,True
2024-01-01,BRA,CHN,0.0019,3,True
2024-02-01,BRA,CHN,0.0019,3,True
2024-03-01,BRA,CHN,0.0009,3,True
2024-04-01,BRA,CHN,0.0031,3,True
2024-05-01,BRA,CHN,0.0037,3,True
2024-06-01,BRA,CHN,0.0034,3,True
2024-07-01,BRA,CHN,0.0022,3,True
2024-08-01,BRA,CHN,0.0027,3,True
2024-09-01,BRA,CHN,0.0033,3,True
2024-10-01,BRA,CHN,0.008,3,True
2024-11-01,BRA,CHN,0.0233,1,True
2024-12-01,BRA,CHN,0.037,1,True
2025-01-01,BRA,CHN,0.0783,1,False
2025-02-01,BRA,CHN,0.1077,1,False
2025-03-01,BRA,CHN,0.0721,1,False
2025-04-01,BRA,CHN,0.1248,3,False
2025-05-01,BRA,CHN,0.0716,2,False
2025-06-01,BRA,CHN,0.0449,1,True
2025-07-01,BRA,CHN,0.0474,1,True
2025-08-01,BRA,CHN,0.1759,1,False
2025-09-01,BRA,CHN,0.4867,3,False
2025-10-01,BRA,CHN,0.1906,4,False
2025-11-01,BRA,CHN,0.2052,4,False
2025-12-01,BRA,CHN,0.2457,4,False
2026-01-01,BRA,CHN,0.1815,4,False
2026-02-01,BRA,CHN,0.0839,4,False
2026-03-01,BRA,CHN,0.0803,4,False
2015-01-01,BRA,VNM,0.0337,1,True
2015-02-01,BRA,VNM,0.0057,1,True
2015-03-01,BRA,VNM,0.0013,1,True
2015-04-01,BRA,VNM,0.0032,1,True
2015-05-01,BRA,VNM,0.0008,1,True
2015-06-01,BRA,VNM,0.0024,1,True
2015-07-01,BRA,VNM,0.0066,1,True
2015-08-01,BRA,VNM,0.0261,2,True
2015-09-01,BRA,VNM,0.0148,4,True
2015-10-01,BRA,VNM,0.0223,2,True
2015-11-01,BRA,VNM,0.01,1,True
2015-12-01,BRA,VNM,0.0226,1,True
2016-01-01,BRA,VNM,0.0741,4,False
2016-02-01,BRA,VNM,0.0771,4,False
2016-03-01,BRA,VNM,0.0795,4,False
2016-04-01,BRA,VNM,0.0464,4,True
2016-05-01,BRA,VNM,0.1662,4,False
2016-06-01,BRA,VNM,0.2821,4,False
2016-07-01,BRA,VNM,0.3208,2,False
2016-08-01,BRA,VNM,0.2677,2,False
2016-09-01,BRA,VNM,0.3031,2,False
2016-10-01,BRA,VNM,0.2529,2,False
2016-11-01,BRA,VNM,0.1566,2,False
2016-12-01,BRA,VNM,0.1918,2,False
2017-01-01,BRA,VNM,0.0221,1,True
2017-02-01,BRA,VNM,0.0117,1,True
2017-03-01,BRA,VNM,0.0032,1,True
2017-04-01,BRA,VNM,0.0822,1,False
2017-05-01,BRA,VNM,0.0968,2,False
2017-06-01,BRA,VNM,0.0913,2,False
2017-07-01,BRA,VNM,0.0875,2,False
2017-08-01,BRA,VNM,0.1024,4,False
2017-09-01,BRA,VNM,0.0392,4,True
2017-10-01,BRA,VNM,0.0251,4,True
2017-11-01,BRA,VNM,0.022,2,True
2017-12-01,BRA,VNM,0.0054,1,True
2018-01-01,BRA,VNM,0.0014,1,True
2018-02-01,BRA,VNM,0.0066,2,True
2018-03-01,BRA,VNM,0.0067,1,True
2018-04-01,BRA,VNM,0.082,2,False
2018-05-01,BRA,VNM,0.1009,2,False
2018-06-01,BRA,VNM,0.0752,2,False
2018-07-01,BRA,VNM,0.0918,2,False
2018-08-01,BRA,VNM,0.2223,1,False
2018-09-01,BRA,VNM,0.3425,1,False
2018-10-01,BRA,VNM,0.2388,1,False
2018-11-01,BRA,VNM,0.242,1,False
2018-12-01,BRA,VNM,0.2266,1,False
2019-01-01,BRA,VNM,0.2368,1,False
2019-02-01,BRA,VNM,0.2613,1,False
2019-03-01,BRA,VNM,0.2556,1,False
2019-04-01,BRA,VNM,0.2813,1,False
2019-05-01,BRA,VNM,0.2987,1,False
2019-06-01,BRA,VNM,0.4265,3,False
2019-07-01,BRA,VNM,0.4285,3,False
2019-08-01,BRA,VNM,0.3631,3,False
2019-09-01,BRA,VNM,0.2788,3,False
2019-10-01,BRA,VNM,0.2092,3,False
2019-11-01,BRA,VNM,0.0571,4,False
2019-12-01,BRA,VNM,0.0339,3,True
2020-01-01,BRA,VNM,0.1377,2,False
2020-02-01,BRA,VNM,0.1964,1,False
2020-03-01,BRA,VNM,0.369,1,False
2020-04-01,BRA,VNM,0.5181,1,False
2020-05-01,BRA,VNM,0.5046,1,False
2020-06-01,BRA,VNM,0.739,3,False
2020-07-01,BRA,VNM,0.4465,3,False
2020-08-01,BRA,VNM,0.258,3,False
2020-09-01,BRA,VNM,0.2658,1,False
2020-10-01,BRA,VNM,0.2266,1,False
2020-11-01,BRA,VNM,0.1905,1,False
2020-12-01,BRA,VNM,0.1113,1,False
2021-01-01,BRA,VNM,0.1929,1,False
2021-02-01,BRA,VNM,0.1627,1,False
2021-03-01,BRA,VNM,0.0952,1,False
2021-04-01,BRA,VNM,0.0685,1,False
2021-05-01,BRA,VNM,0.0323,1,True
2021-06-01,BRA,VNM,0.0331,1,True
2021-07-01,BRA,VNM,0.2054,4,False
2021-08-01,BRA,VNM,0.0945,1,False
2021-09-01,BRA,VNM,0.0823,1,False
2021-10-01,BRA,VNM,0.4236,3,False
2021-11-01,BRA,VNM,0.3479,3,False
2021-12-01,BRA,VNM,0.2816,3,False
2022-01-01,BRA,VNM,0.2266,3,False
2022-02-01,BRA,VNM,0.2277,3,False
2022-03-01,BRA,VNM,0.5217,2,False
2022-04-01,BRA,VNM,0.3694,2,False
2022-05-01,BRA,VNM,0.3737,2,False
2022-06-01,BRA,VNM,0.3532,1,False
2022-07-01,BRA,VNM,0.3609,1,False
2022-08-01,BRA,VNM,0.2192,1,False
2022-09-01,BRA,VNM,0.1966,1,False
2022-10-01,BRA,VNM,0.1279,1,False
2022-11-01,BRA,VNM,0.144,1,False
2022-12-01,BRA,VNM,0.1366,1,False
2023-01-01,BRA,VNM,0.1544,1,False
2023-02-01,BRA,VNM,0.1351,1,False
2023-03-01,BRA,VNM,0.0771,1,False
2023-04-01,BRA,VNM,0.0695,1,False
2023-05-01,BRA,VNM,0.123,1,False
2023-06-01,BRA,VNM,0.2193,1,False
2023-07-01,BRA,VNM,0.2966,3,False
2023-08-01,BRA,VNM,0.2935,2,False
2023-09-01,BRA,VNM,0.2972,2,False
2023-10-01,BRA,VNM,0.1043,4,False
2023-11-01,BRA,VNM,0.1234,4,False
2023-12-01,BRA,VNM,0.0992,4,False
2024-01-01,BRA,VNM,0.0837,4,False
2024-02-01,BRA,VNM,0.0861,2,False
2024-03-01,BRA,VNM,0.0715,4,False
2024-04-01,BRA,VNM,0.0794,4,False
2024-05-01,BRA,VNM,0.0627,4,False
2024-06-01,BRA,VNM,0.0831,4,False
2024-07-01,BRA,VNM,0.089,4,False
2024-08-01,BRA,VNM,0.2333,4,False
2024-09-01,BRA,VNM,0.2664,4,False
2024-10-01,BRA,VNM,0.1682,4,False
2024-11-01,BRA,VNM,0.1754,4,False
2024-12-01,BRA,VNM,0.1231,4,False
2025-01-01,BRA,VNM,0.1287,4,False
2025-02-01,BRA,VNM,0.0263,4,True
2025-03-01,BRA,VNM,0.032,4,True
2025-04-01,BRA,VNM,0.0131,4,True
2025-05-01,BRA,VNM,0.0897,4,False
2025-06-01,BRA,VNM,0.1014,4,False
2025-07-01,BRA,VNM,0.0797,4,False
2025-08-01,BRA,VNM,0.1008,4,False
2025-09-01,BRA,VNM,0.0516,4,False
2025-10-01,BRA,VNM,0.1262,3,False
2025-11-01,BRA,VNM,0.0791,3,False
2025-12-01,BRA,VNM,0.1069,3,False
2026-01-01,BRA,VNM,0.1155,2,False
2026-02-01,BRA,VNM,0.164,3,False
2026-03-01,BRA,VNM,0.1047,3,False
2015-01-01,BRA,IDN,0.0183,1,True
2015-02-01,BRA,IDN,0.0149,1,True
2015-03-01,BRA,IDN,0.0761,1,False
2015-04-01,BRA,IDN,0.1388,1,False
2015-05-01,BRA,IDN,0.1968,1,False
2015-06-01,BRA,IDN,0.0953,1,False
2015-07-01,BRA,IDN,0.0245,1,True
2015-08-01,BRA,IDN,0.003,3,True
2015-09-01,BRA,IDN,0.009,3,True
2015-10-01,BRA,IDN,0.0025,2,True
2015-11-01,BRA,IDN,0.0007,1,True
2015-12-01,BRA,IDN,0.0031,1,True
2016-01-01,BRA,IDN,0.0568,2,False
2016-02-01,BRA,IDN,0.2078,1,False
2016-03-01,BRA,IDN,0.0986,1,False
2016-04-01,BRA,IDN,0.0292,1,True
2016-05-01,BRA,IDN,0.0408,1,True
2016-06-01,BRA,IDN,0.022,1,True
2016-07-01,BRA,IDN,0.0405,4,True
2016-08-01,BRA,IDN,0.0358,1,True
2016-09-01,BRA,IDN,0.0407,1,True
2016-10-01,BRA,IDN,0.0261,1,True
2016-11-01,BRA,IDN,0.0192,1,True
2016-12-01,BRA,IDN,0.0245,1,True
2017-01-01,BRA,IDN,0.0156,1,True
2017-02-01,BRA,IDN,0.0233,1,True
2017-03-01,BRA,IDN,0.0415,1,True
2017-04-01,BRA,IDN,0.0828,1,False
2017-05-01,BRA,IDN,0.0578,1,False
2017-06-01,BRA,IDN,0.064,1,False
2017-07-01,BRA,IDN,0.0623,1,False
2017-08-01,BRA,IDN,0.0472,1,True
2017-09-01,BRA,IDN,0.0196,1,True
2017-10-01,BRA,IDN,0.0469,1,True
2017-11-01,BRA,IDN,0.1407,1,False
2017-12-01,BRA,IDN,0.2045,1,False
2018-01-01,BRA,IDN,0.1838,1,False
2018-02-01,BRA,IDN,0.2508,1,False
2018-03-01,BRA,IDN,0.3793,1,False
2018-04-01,BRA,IDN,0.5564,2,False
2018-05-01,BRA,IDN,0.444,3,False
2018-06-01,BRA,IDN,0.2151,2,False
2018-07-01,BRA,IDN,0.153,2,False
2018-08-01,BRA,IDN,0.6386,2,False
2018-09-01,BRA,IDN,0.6236,3,False
2018-10-01,BRA,IDN,0.5695,3,False
2018-11-01,BRA,IDN,0.7053,2,False
2018-12-01,BRA,IDN,0.7201,3,False
2019-01-01,BRA,IDN,0.7257,3,False
2019-02-01,BRA,IDN,0.7832,3,False
2019-03-01,BRA,IDN,0.6476,1,False
2019-04-01,BRA,IDN,0.7494,3,False
2019-05-01,BRA,IDN,0.6812,1,False
2019-06-01,BRA,IDN,0.536,3,False
2019-07-01,BRA,IDN,0.4919,4,False
2019-08-01,BRA,IDN,0.3608,3,False
2019-09-01,BRA,IDN,0.2957,3,False
2019-10-01,BRA,IDN,0.4042,3,False
2019-11-01,BRA,IDN,0.4228,3,False
2019-12-01,BRA,IDN,0.2616,4,False
2020-01-01,BRA,IDN,0.1302,3,False
2020-02-01,BRA,IDN,0.2534,3,False
2020-03-01,BRA,IDN,0.3037,3,False
2020-04-01,BRA,IDN,0.6205,3,False
2020-05-01,BRA,IDN,0.6417,3,False
2020-06-01,BRA,IDN,0.6172,4,False
2020-07-01,BRA,IDN,0.619,4,False
2020-08-01,BRA,IDN,0.6293,3,False
2020-09-01,BRA,IDN,0.2514,4,False
2020-10-01,BRA,IDN,0.2409,3,False
2020-11-01,BRA,IDN,0.2355,3,False
2020-12-01,BRA,IDN,0.2653,3,False
2021-01-01,BRA,IDN,0.3241,1,False
2021-02-01,BRA,IDN,0.3755,4,False
2021-03-01,BRA,IDN,0.4181,3,False
2021-04-01,BRA,IDN,0.4958,3,False
2021-05-01,BRA,IDN,0.3748,4,False
2021-06-01,BRA,IDN,0.195,4,False
2021-07-01,BRA,IDN,0.1981,4,False
2021-08-01,BRA,IDN,0.1915,4,False
2021-09-01,BRA,IDN,0.0673,4,False
2021-10-01,BRA,IDN,0.1593,4,False
2021-11-01,BRA,IDN,0.6333,4,False
2021-12-01,BRA,IDN,0.6205,4,False
2022-01-01,BRA,IDN,0.6607,4,False
2022-02-01,BRA,IDN,0.4529,3,False
2022-03-01,BRA,IDN,0.7104,3,False
2022-04-01,BRA,IDN,0.392,4,False
2022-05-01,BRA,IDN,0.0784,4,False
2022-06-01,BRA,IDN,0.0724,4,False
2022-07-01,BRA,IDN,0.0555,2,False
2022-08-01,BRA,IDN,0.02,1,True
2022-09-01,BRA,IDN,0.0354,1,True
2022-10-01,BRA,IDN,0.0819,1,False
2022-11-01,BRA,IDN,0.0812,1,False
2022-12-01,BRA,IDN,0.0422,2,True
2023-01-01,BRA,IDN,0.0229,2,True
2023-02-01,BRA,IDN,0.0502,1,False
2023-03-01,BRA,IDN,0.0567,2,False
2023-04-01,BRA,IDN,0.0467,2,True
2023-05-01,BRA,IDN,0.0451,2,True
2023-06-01,BRA,IDN,0.0265,2,True
2023-07-01,BRA,IDN,0.0254,1,True
2023-08-01,BRA,IDN,0.0283,2,True
2023-09-01,BRA,IDN,0.1119,1,False
2023-10-01,BRA,IDN,0.1459,1,False
2023-11-01,BRA,IDN,0.2684,2,False
2023-12-01,BRA,IDN,0.29,1,False
2024-01-01,BRA,IDN,0.3885,1,False
2024-02-01,BRA,IDN,0.3908,1,False
2024-03-01,BRA,IDN,0.3962,1,False
2024-04-01,BRA,IDN,0.3218,1,False
2024-05-01,BRA,IDN,0.1792,1,False
2024-06-01,BRA,IDN,0.1326,1,False
2024-07-01,BRA,IDN,0.1092,1,False
2024-08-01,BRA,IDN,0.0662,1,False
2024-09-01,BRA,IDN,0.0236,2,True
2024-10-01,BRA,IDN,0.0175,1,True
2024-11-01,BRA,IDN,0.0111,2,True
2024-12-01,BRA,IDN,0.0082,1,True
2025-01-01,BRA,IDN,0.0086,2,True
2025-02-01,BRA,IDN,0.0008,1,True
2025-03-01,BRA,IDN,0.0034,1,True
2025-04-01,BRA,IDN,0.0094,1,True
2025-05-01,BRA,IDN,0.0081,1,True
2025-06-01,BRA,IDN,0.0319,1,True
2025-07-01,BRA,IDN,0.1724,1,False
2025-08-01,BRA,IDN,0.4664,1,False
2025-09-01,BRA,IDN,0.7397,2,False
2025-10-01,BRA,IDN,0.7169,2,False
2025-11-01,BRA,IDN,0.5149,2,False
2025-12-01,BRA,IDN,0.2498,1,False
2026-01-01,BRA,IDN,0.5178,1,False
2026-02-01,BRA,IDN,0.269,4,False
2026-03-01,BRA,IDN,0.3319,4,False
2015-01-01,BRA,THA,0.7047,1,False
2015-02-01,BRA,THA,0.3548,4,False
2015-03-01,BRA,THA,0.1832,1,False
2015-04-01,BRA,THA,0.1054,1,False
2015-05-01,BRA,THA,0.0676,1,False
2015-06-01,BRA,THA,0.0325,1,True
2015-07-01,BRA,THA,0.0917,1,False
2015-08-01,BRA,THA,0.0658,1,False
2015-09-01,BRA,THA,0.1454,1,False
2015-10-01,BRA,THA,0.0737,2,False
2015-11-01,BRA,THA,0.2342,1,False
2015-12-01,BRA,THA,0.3611,2,False
2016-01-01,BRA,THA,0.155,2,False
2016-02-01,BRA,THA,0.2404,1,False
2016-03-01,BRA,THA,0.3138,2,False
2016-04-01,BRA,THA,0.4308,4,False
2016-05-01,BRA,THA,0.3401,4,False
2016-06-01,BRA,THA,0.269,4,False
2016-07-01,BRA,THA,0.1263,4,False
2016-08-01,BRA,THA,0.1373,4,False
2016-09-01,BRA,THA,0.1244,4,False
2016-10-01,BRA,THA,0.1455,4,False
2016-11-01,BRA,THA,0.1566,4,False
2016-12-01,BRA,THA,0.2557,4,False
2017-01-01,BRA,THA,0.2727,4,False
2017-02-01,BRA,THA,0.1882,4,False
2017-03-01,BRA,THA,0.2198,4,False
2017-04-01,BRA,THA,0.4729,4,False
2017-05-01,BRA,THA,0.3964,1,False
2017-06-01,BRA,THA,0.5248,1,False
2017-07-01,BRA,THA,0.3515,1,False
2017-08-01,BRA,THA,0.1539,4,False
2017-09-01,BRA,THA,0.1454,4,False
2017-10-01,BRA,THA,0.046,3,True
2017-11-01,BRA,THA,0.1066,3,False
2017-12-01,BRA,THA,0.0609,1,False
2018-01-01,BRA,THA,0.052,1,False
2018-02-01,BRA,THA,0.0259,1,True
2018-03-01,BRA,THA,0.0154,1,True
2018-04-01,BRA,THA,0.0164,1,True
2018-05-01,BRA,THA,0.0237,1,True
2018-06-01,BRA,THA,0.0299,1,True
2018-07-01,BRA,THA,0.0423,1,True
2018-08-01,BRA,THA,0.0966,2,False
2018-09-01,BRA,THA,0.1199,1,False
2018-10-01,BRA,THA,0.0971,1,False
2018-11-01,BRA,THA,0.0523,1,False
2018-12-01,BRA,THA,0.1199,2,False
2019-01-01,BRA,THA,0.0983,3,False
2019-02-01,BRA,THA,0.0659,3,False
2019-03-01,BRA,THA,0.0314,2,True
2019-04-01,BRA,THA,0.0218,2,True
2019-05-01,BRA,THA,0.0262,1,True
2019-06-01,BRA,THA,0.0943,1,False
2019-07-01,BRA,THA,0.0987,2,False
2019-08-01,BRA,THA,0.1509,1,False
2019-09-01,BRA,THA,0.1316,1,False
2019-10-01,BRA,THA,0.111,1,False
2019-11-01,BRA,THA,0.1537,1,False
2019-12-01,BRA,THA,0.5771,1,False
2020-01-01,BRA,THA,0.6674,2,False
2020-02-01,BRA,THA,0.5265,1,False
2020-03-01,BRA,THA,0.4755,1,False
2020-04-01,BRA,THA,0.3028,1,False
2020-05-01,BRA,THA,0.3851,1,False
2020-06-01,BRA,THA,0.4671,1,False
2020-07-01,BRA,THA,0.3994,1,False
2020-08-01,BRA,THA,0.4107,1,False
2020-09-01,BRA,THA,0.4519,2,False
2020-10-01,BRA,THA,0.2037,1,False
2020-11-01,BRA,THA,0.1556,1,False
2020-12-01,BRA,THA,0.1429,1,False
2021-01-01,BRA,THA,0.0619,1,False
2021-02-01,BRA,THA,0.1635,1,False
2021-03-01,BRA,THA,0.1775,1,False
2021-04-01,BRA,THA,0.1839,4,False
2021-05-01,BRA,THA,0.0766,4,False
2021-06-01,BRA,THA,0.0857,4,False
2021-07-01,BRA,THA,0.1269,4,False
2021-08-01,BRA,THA,0.1887,4,False
2021-09-01,BRA,THA,0.1908,4,False
2021-10-01,BRA,THA,0.1442,4,False
2021-11-01,BRA,THA,0.086,1,False
2021-12-01,BRA,THA,0.198,1,False
2022-01-01,BRA,THA,0.2526,1,False
2022-02-01,BRA,THA,0.5526,2,False
2022-03-01,BRA,THA,0.4413,2,False
2022-04-01,BRA,THA,0.2381,4,False
2022-05-01,BRA,THA,0.3355,4,False
2022-06-01,BRA,THA,0.5577,2,False
2022-07-01,BRA,THA,0.3583,2,False
2022-08-01,BRA,THA,0.3105,2,False
2022-09-01,BRA,THA,0.1716,2,False
2022-10-01,BRA,THA,0.0992,2,False
2022-11-01,BRA,THA,0.1035,2,False
2022-12-01,BRA,THA,0.0742,2,False
2023-01-01,BRA,THA,0.0728,2,False
2023-02-01,BRA,THA,0.0853,2,False
2023-03-01,BRA,THA,0.2906,2,False
2023-04-01,BRA,THA,0.1032,1,False
2023-05-01,BRA,THA,0.025,1,True
2023-06-01,BRA,THA,0.0364,1,True
2023-07-01,BRA,THA,0.0176,1,True
2023-08-01,BRA,THA,0.0259,1,True
2023-09-01,BRA,THA,0.0158,1,True
2023-10-01,BRA,THA,0.0121,1,True
2023-11-01,BRA,THA,0.0056,1,True
2023-12-01,BRA,THA,0.0006,1,True
2024-01-01,BRA,THA,0.0004,1,True
2024-02-01,BRA,THA,0.0002,1,True
2024-03-01,BRA,THA,0.0002,1,True
2024-04-01,BRA,THA,0.0005,1,True
2024-05-01,BRA,THA,0.0025,1,True
2024-06-01,BRA,THA,0.0043,1,True
2024-07-01,BRA,THA,0.0081,1,True
2024-08-01,BRA,THA,0.0065,4,True
2024-09-01,BRA,THA,0.0086,1,True
2024-10-01,BRA,THA,0.0087,1,True
2024-11-01,BRA,THA,0.0157,1,True
2024-12-01,BRA,THA,0.0165,1,True
2025-01-01,BRA,THA,0.033,1,True
2025-02-01,BRA,THA,0.0328,1,True
2025-03-01,BRA,THA,0.0334,1,True
2025-04-01,BRA,THA,0.0671,1,False
2025-05-01,BRA,THA,0.1016,1,False
2025-06-01,BRA,THA,0.1722,1,False
2025-07-01,BRA,THA,0.2973,1,False
2025-08-01,BRA,THA,0.5346,3,False
2025-09-01,BRA,THA,0.6244,3,False
2025-10-01,BRA,THA,0.2936,4,False
2025-11-01,BRA,THA,0.2517,4,False
2025-12-01,BRA,THA,0.146,1,False
2026-01-01,BRA,THA,0.2482,1,False
2026-02-01,BRA,THA,0.4032,3,False
2026-03-01,BRA,THA,0.442,4,False
2015-01-01,BRA,ZAF,0.0045,4,True
2015-02-01,BRA,ZAF,0.0224,4,True
2015-03-01,BRA,ZAF,0.1146,4,False
2015-04-01,BRA,ZAF,0.1102,4,False
2015-05-01,BRA,ZAF,0.1649,3,False
2015-06-01,BRA,ZAF,0.0921,2,False
2015-07-01,BRA,ZAF,0.1407,3,False
2015-08-01,BRA,ZAF,0.1031,2,False
2015-09-01,BRA,ZAF,0.0983,2,False
2015-10-01,BRA,ZAF,0.0751,3,False
2015-11-01,BRA,ZAF,0.233,3,False
2015-12-01,BRA,ZAF,0.2665,2,False
2016-01-01,BRA,ZAF,0.4304,2,False
2016-02-01,BRA,ZAF,0.1794,1,False
2016-03-01,BRA,ZAF,0.0283,1,True
2016-04-01,BRA,ZAF,0.1224,1,False
2016-05-01,BRA,ZAF,0.1431,1,False
2016-06-01,BRA,ZAF,0.1593,1,False
2016-07-01,BRA,ZAF,0.0472,1,True
2016-08-01,BRA,ZAF,0.0527,1,False
2016-09-01,BRA,ZAF,0.0661,1,False
2016-10-01,BRA,ZAF,0.0936,1,False
2016-11-01,BRA,ZAF,0.0864,1,False
2016-12-01,BRA,ZAF,0.1102,1,False
2017-01-01,BRA,ZAF,0.0618,1,False
2017-02-01,BRA,ZAF,0.028,1,True
2017-03-01,BRA,ZAF,0.0173,1,True
2017-04-01,BRA,ZAF,0.0024,1,True
2017-05-01,BRA,ZAF,0.0001,1,True
2017-06-01,BRA,ZAF,0.0003,1,True
2017-07-01,BRA,ZAF,0.0003,1,True
2017-08-01,BRA,ZAF,0.0,1,True
2017-09-01,BRA,ZAF,0.001,1,True
2017-10-01,BRA,ZAF,0.0056,1,True
2017-11-01,BRA,ZAF,0.0085,1,True
2017-12-01,BRA,ZAF,0.0048,1,True
2018-01-01,BRA,ZAF,0.0059,1,True
2018-02-01,BRA,ZAF,0.0024,1,True
2018-03-01,BRA,ZAF,0.0013,1,True
2018-04-01,BRA,ZAF,0.0014,1,True
2018-05-01,BRA,ZAF,0.0033,1,True
2018-06-01,BRA,ZAF,0.004,1,True
2018-07-01,BRA,ZAF,0.0038,1,True
2018-08-01,BRA,ZAF,0.0011,1,True
2018-09-01,BRA,ZAF,0.0003,1,True
2018-10-01,BRA,ZAF,0.0001,1,True
2018-11-01,BRA,ZAF,0.0,1,True
2018-12-01,BRA,ZAF,0.0,1,True
2019-01-01,BRA,ZAF,0.0005,1,True
2019-02-01,BRA,ZAF,0.0126,1,True
2019-03-01,BRA,ZAF,0.0032,1,True
2019-04-01,BRA,ZAF,0.0018,1,True
2019-05-01,BRA,ZAF,0.0024,1,True
2019-06-01,BRA,ZAF,0.0034,1,True
2019-07-01,BRA,ZAF,0.0036,1,True
2019-08-01,BRA,ZAF,0.0023,1,True
2019-09-01,BRA,ZAF,0.0033,1,True
2019-10-01,BRA,ZAF,0.0064,1,True
2019-11-01,BRA,ZAF,0.0288,1,True
2019-12-01,BRA,ZAF,0.0395,3,True
2020-01-01,BRA,ZAF,0.0279,2,True
2020-02-01,BRA,ZAF,0.0192,3,True
2020-03-01,BRA,ZAF,0.0165,2,True
2020-04-01,BRA,ZAF,0.0192,2,True
2020-05-01,BRA,ZAF,0.0089,2,True
2020-06-01,BRA,ZAF,0.005,2,True
2020-07-01,BRA,ZAF,0.0052,2,True
2020-08-01,BRA,ZAF,0.0027,2,True
2020-09-01,BRA,ZAF,0.0011,2,True
2020-10-01,BRA,ZAF,0.0015,2,True
2020-11-01,BRA,ZAF,0.0015,2,True
2020-12-01,BRA,ZAF,0.0058,4,True
2021-01-01,BRA,ZAF,0.0051,4,True
2021-02-01,BRA,ZAF,0.0048,4,True
2021-03-01,BRA,ZAF,0.0037,2,True
2021-04-01,BRA,ZAF,0.0038,2,True
2021-05-01,BRA,ZAF,0.0018,2,True
2021-06-01,BRA,ZAF,0.0017,1,True
2021-07-01,BRA,ZAF,0.0068,1,True
2021-08-01,BRA,ZAF,0.0119,3,True
2021-09-01,BRA,ZAF,0.0067,3,True
2021-10-01,BRA,ZAF,0.0105,1,True
2021-11-01,BRA,ZAF,0.0078,1,True
2021-12-01,BRA,ZAF,0.0056,1,True
2022-01-01,BRA,ZAF,0.0055,2,True
2022-02-01,BRA,ZAF,0.0033,2,True
2022-03-01,BRA,ZAF,0.0029,1,True
2022-04-01,BRA,ZAF,0.0022,1,True
2022-05-01,BRA,ZAF,0.0019,1,True
2022-06-01,BRA,ZAF,0.0011,1,True
2022-07-01,BRA,ZAF,0.001,2,True
2022-08-01,BRA,ZAF,0.0041,1,True
2022-09-01,BRA,ZAF,0.0055,1,True
2022-10-01,BRA,ZAF,0.0117,1,True
2022-11-01,BRA,ZAF,0.0173,1,True
2022-12-01,BRA,ZAF,0.0169,1,True
2023-01-01,BRA,ZAF,0.013,1,True
2023-02-01,BRA,ZAF,0.0084,1,True
2023-03-01,BRA,ZAF,0.0177,1,True
2023-04-01,BRA,ZAF,0.0348,1,True
2023-05-01,BRA,ZAF,0.0447,1,True
2023-06-01,BRA,ZAF,0.0248,1,True
2023-07-01,BRA,ZAF,0.002,1,True
2023-08-01,BRA,ZAF,0.0009,1,True
2023-09-01,BRA,ZAF,0.0015,1,True
2023-10-01,BRA,ZAF,0.0029,1,True
2023-11-01,BRA,ZAF,0.009,1,True
2023-12-01,BRA,ZAF,0.0084,1,True
2024-01-01,BRA,ZAF,0.0067,1,True
2024-02-01,BRA,ZAF,0.0116,1,True
2024-03-01,BRA,ZAF,0.0135,3,True
2024-04-01,BRA,ZAF,0.0033,1,True
2024-05-01,BRA,ZAF,0.0013,1,True
2024-06-01,BRA,ZAF,0.001,1,True
2024-07-01,BRA,ZAF,0.0005,1,True
2024-08-01,BRA,ZAF,0.0004,1,True
2024-09-01,BRA,ZAF,0.0003,1,True
2024-10-01,BRA,ZAF,0.0002,1,True
2024-11-01,BRA,ZAF,0.0006,1,True
2024-12-01,BRA,ZAF,0.0013,1,True
2025-01-01,BRA,ZAF,0.0006,1,True
2025-02-01,BRA,ZAF,0.0002,1,True
2025-03-01,BRA,ZAF,0.0004,1,True
2025-04-01,BRA,ZAF,0.0003,1,True
2025-05-01,BRA,ZAF,0.0007,1,True
2025-06-01,BRA,ZAF,0.0058,1,True
2025-07-01,BRA,ZAF,0.0116,2,True
2025-08-01,BRA,ZAF,0.0156,2,True
2025-09-01,BRA,ZAF,0.0075,1,True
2025-10-01,BRA,ZAF,0.006,1,True
2025-11-01,BRA,ZAF,0.0086,1,True
2025-12-01,BRA,ZAF,0.0103,1,True
2026-01-01,BRA,ZAF,0.0073,1,True
2026-02-01,BRA,ZAF,0.0173,1,True
2026-03-01,BRA,ZAF,0.0324,1,True
2015-01-01,BRA,MEX,0.0771,2,False
2015-02-01,BRA,MEX,0.0431,2,True
2015-03-01,BRA,MEX,0.0362,4,True
2015-04-01,BRA,MEX,0.0602,4,False
2015-05-01,BRA,MEX,0.0658,2,False
2015-06-01,BRA,MEX,0.0143,2,True
2015-07-01,BRA,MEX,0.0188,2,True
2015-08-01,BRA,MEX,0.013,2,True
2015-09-01,BRA,MEX,0.0061,2,True
2015-10-01,BRA,MEX,0.0044,2,True
2015-11-01,BRA,MEX,0.002,2,True
2015-12-01,BRA,MEX,0.0007,2,True
2016-01-01,BRA,MEX,0.0017,2,True
2016-02-01,BRA,MEX,0.0269,2,True
2016-03-01,BRA,MEX,0.0328,2,True
2016-04-01,BRA,MEX,0.0085,2,True
2016-05-01,BRA,MEX,0.0207,2,True
2016-06-01,BRA,MEX,0.0363,2,True
2016-07-01,BRA,MEX,0.0305,2,True
2016-08-01,BRA,MEX,0.0234,2,True
2016-09-01,BRA,MEX,0.0174,2,True
2016-10-01,BRA,MEX,0.0285,2,True
2016-11-01,BRA,MEX,0.0593,2,False
2016-12-01,BRA,MEX,0.1442,2,False
2017-01-01,BRA,MEX,0.12,2,False
2017-02-01,BRA,MEX,0.0114,2,True
2017-03-01,BRA,MEX,0.0155,2,True
2017-04-01,BRA,MEX,0.0211,2,True
2017-05-01,BRA,MEX,0.0478,1,True
2017-06-01,BRA,MEX,0.0747,1,False
2017-07-01,BRA,MEX,0.0869,1,False
2017-08-01,BRA,MEX,0.0841,1,False
2017-09-01,BRA,MEX,0.0844,1,False
2017-10-01,BRA,MEX,0.078,1,False
2017-11-01,BRA,MEX,0.0515,3,False
2017-12-01,BRA,MEX,0.0209,2,True
2018-01-01,BRA,MEX,0.0184,2,True
2018-02-01,BRA,MEX,0.0034,1,True
2018-03-01,BRA,MEX,0.0109,2,True
2018-04-01,BRA,MEX,0.0362,2,True
2018-05-01,BRA,MEX,0.1555,2,False
2018-06-01,BRA,MEX,0.1868,2,False
2018-07-01,BRA,MEX,0.2108,2,False
2018-08-01,BRA,MEX,0.2383,3,False
2018-09-01,BRA,MEX,0.296,2,False
2018-10-01,BRA,MEX,0.1881,4,False
2018-11-01,BRA,MEX,0.0833,4,False
2018-12-01,BRA,MEX,0.107,3,False
2019-01-01,BRA,MEX,0.2189,3,False
2019-02-01,BRA,MEX,0.4007,4,False
2019-03-01,BRA,MEX,0.6073,2,False
2019-04-01,BRA,MEX,0.6037,1,False
2019-05-01,BRA,MEX,0.6515,1,False
2019-06-01,BRA,MEX,0.4765,1,False
2019-07-01,BRA,MEX,0.3611,1,False
2019-08-01,BRA,MEX,0.1967,1,False
2019-09-01,BRA,MEX,0.0534,1,False
2019-10-01,BRA,MEX,0.017,1,True
2019-11-01,BRA,MEX,0.0138,1,True
2019-12-01,BRA,MEX,0.0053,1,True
2020-01-01,BRA,MEX,0.0756,1,False
2020-02-01,BRA,MEX,0.0814,1,False
2020-03-01,BRA,MEX,0.1394,1,False
2020-04-01,BRA,MEX,0.2218,4,False
2020-05-01,BRA,MEX,0.0681,4,False
2020-06-01,BRA,MEX,0.1311,4,False
2020-07-01,BRA,MEX,0.1251,4,False
2020-08-01,BRA,MEX,0.1877,3,False
2020-09-01,BRA,MEX,0.1337,3,False
2020-10-01,BRA,MEX,0.1062,3,False
2020-11-01,BRA,MEX,0.0747,3,False
2020-12-01,BRA,MEX,0.441,3,False
2021-01-01,BRA,MEX,0.3844,3,False
2021-02-01,BRA,MEX,0.2776,3,False
2021-03-01,BRA,MEX,0.3159,3,False
2021-04-01,BRA,MEX,0.5348,1,False
2021-05-01,BRA,MEX,0.081,1,False
2021-06-01,BRA,MEX,0.0648,1,False
2021-07-01,BRA,MEX,0.0706,1,False
2021-08-01,BRA,MEX,0.0778,1,False
2021-09-01,BRA,MEX,0.0883,2,False
2021-10-01,BRA,MEX,0.0361,2,True
2021-11-01,BRA,MEX,0.0121,2,True
2021-12-01,BRA,MEX,0.0091,2,True
2022-01-01,BRA,MEX,0.0108,2,True
2022-02-01,BRA,MEX,0.0086,2,True
2022-03-01,BRA,MEX,0.0115,2,True
2022-04-01,BRA,MEX,0.0129,2,True
2022-05-01,BRA,MEX,0.0153,2,True
2022-06-01,BRA,MEX,0.0152,2,True
2022-07-01,BRA,MEX,0.0309,1,True
2022-08-01,BRA,MEX,0.0357,2,True
2022-09-01,BRA,MEX,0.1171,1,False
2022-10-01,BRA,MEX,0.1337,1,False
2022-11-01,BRA,MEX,0.0912,1,False
2022-12-01,BRA,MEX,0.0348,1,True
2023-01-01,BRA,MEX,0.0349,4,True
2023-02-01,BRA,MEX,0.0723,1,False
2023-03-01,BRA,MEX,0.0534,2,False
2023-04-01,BRA,MEX,0.0157,1,True
2023-05-01,BRA,MEX,0.0072,1,True
2023-06-01,BRA,MEX,0.0035,1,True
2023-07-01,BRA,MEX,0.0015,1,True
2023-08-01,BRA,MEX,0.0006,1,True
2023-09-01,BRA,MEX,0.0006,1,True
2023-10-01,BRA,MEX,0.0005,1,True
2023-11-01,BRA,MEX,0.0005,1,True
2023-12-01,BRA,MEX,0.0004,1,True
2024-01-01,BRA,MEX,0.0005,1,True
2024-02-01,BRA,MEX,0.0005,1,True
2024-03-01,BRA,MEX,0.0003,1,True
2024-04-01,BRA,MEX,0.0,1,True
2024-05-01,BRA,MEX,0.0,1,True
2024-06-01,BRA,MEX,0.0,1,True
2024-07-01,BRA,MEX,0.0001,1,True
2024-08-01,BRA,MEX,0.0001,1,True
2024-09-01,BRA,MEX,0.0002,1,True
2024-10-01,BRA,MEX,0.0001,1,True
2024-11-01,BRA,MEX,0.0009,1,True
2024-12-01,BRA,MEX,0.001,1,True
2025-01-01,BRA,MEX,0.0004,1,True
2025-02-01,BRA,MEX,0.0008,1,True
2025-03-01,BRA,MEX,0.0026,1,True
2025-04-01,BRA,MEX,0.0032,1,True
2025-05-01,BRA,MEX,0.0021,1,True
2025-06-01,BRA,MEX,0.0159,1,True
2025-07-01,BRA,MEX,0.0091,1,True
2025-08-01,BRA,MEX,0.1389,1,False
2025-09-01,BRA,MEX,0.3502,1,False
2025-10-01,BRA,MEX,0.4142,1,False
2025-11-01,BRA,MEX,0.3331,1,False
2025-12-01,BRA,MEX,0.4925,1,False
2026-01-01,BRA,MEX,0.8613,1,False
2026-02-01,BRA,MEX,0.7662,1,False
2026-03-01,BRA,MEX,0.8245,3,False
2015-01-01,BRA,SGP,0.0689,3,False
2015-02-01,BRA,SGP,0.032,2,True
2015-03-01,BRA,SGP,0.0497,2,True
2015-04-01,BRA,SGP,0.0494,2,True
2015-05-01,BRA,SGP,0.0466,2,True
2015-06-01,BRA,SGP,0.0896,2,False
2015-07-01,BRA,SGP,0.132,2,False
2015-08-01,BRA,SGP,0.1661,2,False
2015-09-01,BRA,SGP,0.1151,2,False
2015-10-01,BRA,SGP,0.2288,1,False
2015-11-01,BRA,SGP,0.2165,1,False
2015-12-01,BRA,SGP,0.2193,1,False
2016-01-01,BRA,SGP,0.1109,2,False
2016-02-01,BRA,SGP,0.0624,1,False
2016-03-01,BRA,SGP,0.1264,1,False
2016-04-01,BRA,SGP,0.2872,1,False
2016-05-01,BRA,SGP,0.3163,2,False
2016-06-01,BRA,SGP,0.2684,2,False
2016-07-01,BRA,SGP,0.2257,1,False
2016-08-01,BRA,SGP,0.2245,1,False
2016-09-01,BRA,SGP,0.1714,2,False
2016-10-01,BRA,SGP,0.1524,2,False
2016-11-01,BRA,SGP,0.2003,1,False
2016-12-01,BRA,SGP,0.199,2,False
2017-01-01,BRA,SGP,0.1019,2,False
2017-02-01,BRA,SGP,0.0534,4,False
2017-03-01,BRA,SGP,0.0132,4,True
2017-04-01,BRA,SGP,0.0295,2,True
2017-05-01,BRA,SGP,0.0026,1,True
2017-06-01,BRA,SGP,0.0038,1,True
2017-07-01,BRA,SGP,0.0109,1,True
2017-08-01,BRA,SGP,0.0059,1,True
2017-09-01,BRA,SGP,0.0191,1,True
2017-10-01,BRA,SGP,0.0308,4,True
2017-11-01,BRA,SGP,0.0142,4,True
2017-12-01,BRA,SGP,0.0119,4,True
2018-01-01,BRA,SGP,0.0199,4,True
2018-02-01,BRA,SGP,0.0083,4,True
2018-03-01,BRA,SGP,0.0061,4,True
2018-04-01,BRA,SGP,0.0056,4,True
2018-05-01,BRA,SGP,0.0074,4,True
2018-06-01,BRA,SGP,0.0026,4,True
2018-07-01,BRA,SGP,0.0019,4,True
2018-08-01,BRA,SGP,0.0024,4,True
2018-09-01,BRA,SGP,0.0072,4,True
2018-10-01,BRA,SGP,0.0304,4,True
2018-11-01,BRA,SGP,0.0297,4,True
2018-12-01,BRA,SGP,0.0463,4,True
2019-01-01,BRA,SGP,0.237,4,False
2019-02-01,BRA,SGP,0.2126,4,False
2019-03-01,BRA,SGP,0.2702,4,False
2019-04-01,BRA,SGP,0.3317,4,False
2019-05-01,BRA,SGP,0.4007,4,False
2019-06-01,BRA,SGP,0.3934,4,False
2019-07-01,BRA,SGP,0.3987,4,False
2019-08-01,BRA,SGP,0.2667,2,False
2019-09-01,BRA,SGP,0.1131,2,False
2019-10-01,BRA,SGP,0.0472,2,True
2019-11-01,BRA,SGP,0.0214,2,True
2019-12-01,BRA,SGP,0.0261,2,True
2020-01-01,BRA,SGP,0.019,1,True
2020-02-01,BRA,SGP,0.0319,2,True
2020-03-01,BRA,SGP,0.0251,2,True
2020-04-01,BRA,SGP,0.1049,2,False
2020-05-01,BRA,SGP,0.0983,2,False
2020-06-01,BRA,SGP,0.0656,2,False
2020-07-01,BRA,SGP,0.0745,2,False
2020-08-01,BRA,SGP,0.08,2,False
2020-09-01,BRA,SGP,0.1103,2,False
2020-10-01,BRA,SGP,0.1014,2,False
2020-11-01,BRA,SGP,0.1018,2,False
2020-12-01,BRA,SGP,0.1862,2,False
2021-01-01,BRA,SGP,0.1895,2,False
2021-02-01,BRA,SGP,0.3677,2,False
2021-03-01,BRA,SGP,0.4245,2,False
2021-04-01,BRA,SGP,0.1322,3,False
2021-05-01,BRA,SGP,0.0526,4,False
2021-06-01,BRA,SGP,0.0192,3,True
2021-07-01,BRA,SGP,0.0431,3,True
2021-08-01,BRA,SGP,0.0492,3,True
2021-09-01,BRA,SGP,0.0461,4,True
2021-10-01,BRA,SGP,0.0335,3,True
2021-11-01,BRA,SGP,0.0099,3,True
2021-12-01,BRA,SGP,0.0114,3,True
2022-01-01,BRA,SGP,0.0234,3,True
2022-02-01,BRA,SGP,0.0264,3,True
2022-03-01,BRA,SGP,0.0305,3,True
2022-04-01,BRA,SGP,0.1489,3,False
2022-05-01,BRA,SGP,0.095,4,False
2022-06-01,BRA,SGP,0.0648,4,False
2022-07-01,BRA,SGP,0.3361,4,False
2022-08-01,BRA,SGP,0.1771,4,False
2022-09-01,BRA,SGP,0.3029,4,False
2022-10-01,BRA,SGP,0.1077,1,False
2022-11-01,BRA,SGP,0.0044,1,True
2022-12-01,BRA,SGP,0.004,1,True
2023-01-01,BRA,SGP,0.0021,1,True
2023-02-01,BRA,SGP,0.004,1,True
2023-03-01,BRA,SGP,0.002,1,True
2023-04-01,BRA,SGP,0.0005,1,True
2023-05-01,BRA,SGP,0.0018,1,True
2023-06-01,BRA,SGP,0.0005,1,True
2023-07-01,BRA,SGP,0.0002,1,True
2023-08-01,BRA,SGP,0.0002,1,True
2023-09-01,BRA,SGP,0.0001,1,True
2023-10-01,BRA,SGP,0.0002,1,True
2023-11-01,BRA,SGP,0.001,1,True
2023-12-01,BRA,SGP,0.001,1,True
2024-01-01,BRA,SGP,0.0012,1,True
2024-02-01,BRA,SGP,0.0013,1,True
2024-03-01,BRA,SGP,0.0005,1,True
2024-04-01,BRA,SGP,0.0002,1,True
2024-05-01,BRA,SGP,0.0001,1,True
2024-06-01,BRA,SGP,0.0003,1,True
2024-07-01,BRA,SGP,0.0001,3,True
2024-08-01,BRA,SGP,0.0001,1,True
2024-09-01,BRA,SGP,0.0,1,True
2024-10-01,BRA,SGP,0.0001,1,True
2024-11-01,BRA,SGP,0.0002,3,True
2024-12-01,BRA,SGP,0.0001,2,True
2025-01-01,BRA,SGP,0.0001,1,True
2025-02-01,BRA,SGP,0.0003,1,True
2025-03-01,BRA,SGP,0.0001,3,True
2025-04-01,BRA,SGP,0.0,2,True
2025-05-01,BRA,SGP,0.0007,1,True
2025-06-01,BRA,SGP,0.0106,2,True
2025-07-01,BRA,SGP,0.04,3,True
2025-08-01,BRA,SGP,0.0944,3,False
2025-09-01,BRA,SGP,0.1572,2,False
2025-10-01,BRA,SGP,0.2002,2,False
2025-11-01,BRA,SGP,0.1525,2,False
2025-12-01,BRA,SGP,0.2304,2,False
2026-01-01,BRA,SGP,0.2479,2,False
2026-02-01,BRA,SGP,0.1423,3,False
2026-03-01,BRA,SGP,0.067,2,False
2015-01-01,BRA,KOR,0.259,4,False
2015-02-01,BRA,KOR,0.0681,4,False
2015-03-01,BRA,KOR,0.078,3,False
2015-04-01,BRA,KOR,0.0613,2,False
2015-05-01,BRA,KOR,0.0393,2,True
2015-06-01,BRA,KOR,0.0317,2,True
2015-07-01,BRA,KOR,0.035,2,True
2015-08-01,BRA,KOR,0.0484,1,True
2015-09-01,BRA,KOR,0.1593,2,False
2015-10-01,BRA,KOR,0.0713,2,False
2015-11-01,BRA,KOR,0.2919,1,False
2015-12-01,BRA,KOR,0.3119,1,False
2016-01-01,BRA,KOR,0.8026,2,False
2016-02-01,BRA,KOR,0.2021,1,False
2016-03-01,BRA,KOR,0.5665,1,False
2016-04-01,BRA,KOR,0.3552,1,False
2016-05-01,BRA,KOR,0.406,1,False
2016-06-01,BRA,KOR,0.3309,1,False
2016-07-01,BRA,KOR,0.3492,1,False
2016-08-01,BRA,KOR,0.324,1,False
2016-09-01,BRA,KOR,0.272,1,False
2016-10-01,BRA,KOR,0.2698,1,False
2016-11-01,BRA,KOR,0.4121,3,False
2016-12-01,BRA,KOR,0.4787,3,False
2017-01-01,BRA,KOR,0.5559,1,False
2017-02-01,BRA,KOR,0.3115,1,False
2017-03-01,BRA,KOR,0.2546,3,False
2017-04-01,BRA,KOR,0.206,3,False
2017-05-01,BRA,KOR,0.1816,3,False
2017-06-01,BRA,KOR,0.2224,3,False
2017-07-01,BRA,KOR,0.2565,3,False
2017-08-01,BRA,KOR,0.222,3,False
2017-09-01,BRA,KOR,0.1644,1,False
2017-10-01,BRA,KOR,0.1562,3,False
2017-11-01,BRA,KOR,0.13,3,False
2017-12-01,BRA,KOR,0.0658,3,False
2018-01-01,BRA,KOR,0.0815,3,False
2018-02-01,BRA,KOR,0.1623,3,False
2018-03-01,BRA,KOR,0.1405,3,False
2018-04-01,BRA,KOR,0.1235,3,False
2018-05-01,BRA,KOR,0.1185,3,False
2018-06-01,BRA,KOR,0.1445,3,False
2018-07-01,BRA,KOR,0.2173,3,False
2018-08-01,BRA,KOR,0.1646,3,False
2018-09-01,BRA,KOR,0.1964,2,False
2018-10-01,BRA,KOR,0.1498,2,False
2018-11-01,BRA,KOR,0.1061,2,False
2018-12-01,BRA,KOR,0.2431,2,False
2019-01-01,BRA,KOR,0.2313,2,False
2019-02-01,BRA,KOR,0.3748,2,False
2019-03-01,BRA,KOR,0.433,2,False
2019-04-01,BRA,KOR,0.4833,2,False
2019-05-01,BRA,KOR,0.4822,2,False
2019-06-01,BRA,KOR,0.2205,2,False
2019-07-01,BRA,KOR,0.1665,2,False
2019-08-01,BRA,KOR,0.088,1,False
2019-09-01,BRA,KOR,0.2367,1,False
2019-10-01,BRA,KOR,0.2386,1,False
2019-11-01,BRA,KOR,0.1669,2,False
2019-12-01,BRA,KOR,0.1535,1,False
2020-01-01,BRA,KOR,0.2853,3,False
2020-02-01,BRA,KOR,0.2474,3,False
2020-03-01,BRA,KOR,0.6103,3,False
2020-04-01,BRA,KOR,0.4052,4,False
2020-05-01,BRA,KOR,0.0654,4,False
2020-06-01,BRA,KOR,0.0837,4,False
2020-07-01,BRA,KOR,0.2099,3,False
2020-08-01,BRA,KOR,0.1637,4,False
2020-09-01,BRA,KOR,0.1668,3,False
2020-10-01,BRA,KOR,0.0647,4,False
2020-11-01,BRA,KOR,0.3565,3,False
2020-12-01,BRA,KOR,0.2333,4,False
2021-01-01,BRA,KOR,0.3037,4,False
2021-02-01,BRA,KOR,0.2797,4,False
2021-03-01,BRA,KOR,0.3114,3,False
2021-04-01,BRA,KOR,0.1594,1,False
2021-05-01,BRA,KOR,0.047,1,True
2021-06-01,BRA,KOR,0.0225,1,True
2021-07-01,BRA,KOR,0.06,1,False
2021-08-01,BRA,KOR,0.0125,2,True
2021-09-01,BRA,KOR,0.0169,2,True
2021-10-01,BRA,KOR,0.0079,2,True
2021-11-01,BRA,KOR,0.0031,1,True
2021-12-01,BRA,KOR,0.0062,2,True
2022-01-01,BRA,KOR,0.0068,2,True
2022-02-01,BRA,KOR,0.0097,2,True
2022-03-01,BRA,KOR,0.0099,2,True
2022-04-01,BRA,KOR,0.0119,2,True
2022-05-01,BRA,KOR,0.0151,2,True
2022-06-01,BRA,KOR,0.0273,2,True
2022-07-01,BRA,KOR,0.1259,1,False
2022-08-01,BRA,KOR,0.1677,1,False
2022-09-01,BRA,KOR,0.0125,1,True
2022-10-01,BRA,KOR,0.0118,1,True
2022-11-01,BRA,KOR,0.0233,1,True
2022-12-01,BRA,KOR,0.0044,1,True
2023-01-01,BRA,KOR,0.0058,1,True
2023-02-01,BRA,KOR,0.0119,1,True
2023-03-01,BRA,KOR,0.0076,1,True
2023-04-01,BRA,KOR,0.0035,1,True
2023-05-01,BRA,KOR,0.002,1,True
2023-06-01,BRA,KOR,0.0008,1,True
2023-07-01,BRA,KOR,0.0003,1,True
2023-08-01,BRA,KOR,0.0001,1,True
2023-09-01,BRA,KOR,0.0022,1,True
2023-10-01,BRA,KOR,0.0058,1,True
2023-11-01,BRA,KOR,0.0062,1,True
2023-12-01,BRA,KOR,0.0045,1,True
2024-01-01,BRA,KOR,0.0046,1,True
2024-02-01,BRA,KOR,0.0048,1,True
2024-03-01,BRA,KOR,0.0029,1,True
2024-04-01,BRA,KOR,0.0052,1,True
2024-05-01,BRA,KOR,0.0079,1,True
2024-06-01,BRA,KOR,0.0032,1,True
2024-07-01,BRA,KOR,0.002,1,True
2024-08-01,BRA,KOR,0.0012,1,True
2024-09-01,BRA,KOR,0.0002,1,True
2024-10-01,BRA,KOR,0.0005,1,True
2024-11-01,BRA,KOR,0.0012,1,True
2024-12-01,BRA,KOR,0.0005,1,True
2025-01-01,BRA,KOR,0.0001,1,True
2025-02-01,BRA,KOR,0.0,1,True
2025-03-01,BRA,KOR,0.0001,1,True
2025-04-01,BRA,KOR,0.0009,1,True
2025-05-01,BRA,KOR,0.016,1,True
2025-06-01,BRA,KOR,0.1112,3,False
2025-07-01,BRA,KOR,0.0937,4,False
2025-08-01,BRA,KOR,0.1051,3,False
2025-09-01,BRA,KOR,0.0547,2,False
2025-10-01,BRA,KOR,0.046,4,True
2025-11-01,BRA,KOR,0.041,4,True
2025-12-01,BRA,KOR,0.0393,4,True
2026-01-01,BRA,KOR,0.0443,2,True
2026-02-01,BRA,KOR,0.0481,2,True
2026-03-01,BRA,KOR,0.0604,2,False
2015-01-01,BRA,GBR,0.0483,4,True
2015-02-01,BRA,GBR,0.0595,4,False
2015-03-01,BRA,GBR,0.1349,4,False
2015-04-01,BRA,GBR,0.1187,4,False
2015-05-01,BRA,GBR,0.093,4,False
2015-06-01,BRA,GBR,0.057,4,False
2015-07-01,BRA,GBR,0.1388,4,False
2015-08-01,BRA,GBR,0.1804,4,False
2015-09-01,BRA,GBR,0.1583,4,False
2015-10-01,BRA,GBR,0.2081,4,False
2015-11-01,BRA,GBR,0.2109,4,False
2015-12-01,BRA,GBR,0.1597,2,False
2016-01-01,BRA,GBR,0.0727,4,False
2016-02-01,BRA,GBR,0.057,3,False
2016-03-01,BRA,GBR,0.0386,2,True
2016-04-01,BRA,GBR,0.0665,2,False
2016-05-01,BRA,GBR,0.069,2,False
2016-06-01,BRA,GBR,0.0703,2,False
2016-07-01,BRA,GBR,0.073,2,False
2016-08-01,BRA,GBR,0.1212,2,False
2016-09-01,BRA,GBR,0.0797,2,False
2016-10-01,BRA,GBR,0.0164,2,True
2016-11-01,BRA,GBR,0.0281,2,True
2016-12-01,BRA,GBR,0.0318,2,True
2017-01-01,BRA,GBR,0.065,1,False
2017-02-01,BRA,GBR,0.0692,1,False
2017-03-01,BRA,GBR,0.0487,4,True
2017-04-01,BRA,GBR,0.0802,4,False
2017-05-01,BRA,GBR,0.0614,4,False
2017-06-01,BRA,GBR,0.1075,1,False
2017-07-01,BRA,GBR,0.036,4,True
2017-08-01,BRA,GBR,0.0432,4,True
2017-09-01,BRA,GBR,0.1017,1,False
2017-10-01,BRA,GBR,0.0922,1,False
2017-11-01,BRA,GBR,0.0928,1,False
2017-12-01,BRA,GBR,0.0789,4,False
2018-01-01,BRA,GBR,0.0598,4,False
2018-02-01,BRA,GBR,0.0143,4,True
2018-03-01,BRA,GBR,0.0169,4,True
2018-04-01,BRA,GBR,0.0139,4,True
2018-05-01,BRA,GBR,0.0136,4,True
2018-06-01,BRA,GBR,0.0039,4,True
2018-07-01,BRA,GBR,0.0026,4,True
2018-08-01,BRA,GBR,0.0035,4,True
2018-09-01,BRA,GBR,0.0039,4,True
2018-10-01,BRA,GBR,0.0054,4,True
2018-11-01,BRA,GBR,0.0113,4,True
2018-12-01,BRA,GBR,0.0078,4,True
2019-01-01,BRA,GBR,0.0155,4,True
2019-02-01,BRA,GBR,0.0388,4,True
2019-03-01,BRA,GBR,0.0449,4,True
2019-04-01,BRA,GBR,0.0489,4,True
2019-05-01,BRA,GBR,0.0333,4,True
2019-06-01,BRA,GBR,0.0563,4,False
2019-07-01,BRA,GBR,0.0592,4,False
2019-08-01,BRA,GBR,0.0641,4,False
2019-09-01,BRA,GBR,0.1031,4,False
2019-10-01,BRA,GBR,0.0599,1,False
2019-11-01,BRA,GBR,0.0226,1,True
2019-12-01,BRA,GBR,0.0852,1,False
2020-01-01,BRA,GBR,0.0792,1,False
2020-02-01,BRA,GBR,0.2567,4,False
2020-03-01,BRA,GBR,0.1989,3,False
2020-04-01,BRA,GBR,0.1662,4,False
2020-05-01,BRA,GBR,0.0337,4,True
2020-06-01,BRA,GBR,0.0241,4,True
2020-07-01,BRA,GBR,0.0411,3,True
2020-08-01,BRA,GBR,0.0206,4,True
2020-09-01,BRA,GBR,0.0182,4,True
2020-10-01,BRA,GBR,0.0297,4,True
2020-11-01,BRA,GBR,0.0209,4,True
2020-12-01,BRA,GBR,0.0695,3,False
2021-01-01,BRA,GBR,0.0432,3,True
2021-02-01,BRA,GBR,0.0403,3,True
2021-03-01,BRA,GBR,0.0321,4,True
2021-04-01,BRA,GBR,0.015,3,True
2021-05-01,BRA,GBR,0.0024,3,True
2021-06-01,BRA,GBR,0.0007,1,True
2021-07-01,BRA,GBR,0.0007,1,True
2021-08-01,BRA,GBR,0.0124,1,True
2021-09-01,BRA,GBR,0.0002,3,True
2021-10-01,BRA,GBR,0.0007,3,True
2021-11-01,BRA,GBR,0.0001,2,True
2021-12-01,BRA,GBR,0.0002,1,True
2022-01-01,BRA,GBR,0.0002,1,True
2022-02-01,BRA,GBR,0.0002,1,True
2022-03-01,BRA,GBR,0.0003,2,True
2022-04-01,BRA,GBR,0.0003,4,True
2022-05-01,BRA,GBR,0.0007,4,True
2022-06-01,BRA,GBR,0.0004,4,True
2022-07-01,BRA,GBR,0.0003,4,True
2022-08-01,BRA,GBR,0.0005,4,True
2022-09-01,BRA,GBR,0.0001,4,True
2022-10-01,BRA,GBR,0.0001,3,True
2022-11-01,BRA,GBR,0.0004,4,True
2022-12-01,BRA,GBR,0.0003,3,True
2023-01-01,BRA,GBR,0.0003,3,True
2023-02-01,BRA,GBR,0.0008,3,True
2023-03-01,BRA,GBR,0.001,3,True
2023-04-01,BRA,GBR,0.0006,3,True
2023-05-01,BRA,GBR,0.0002,3,True
2023-06-01,BRA,GBR,0.0004,2,True
2023-07-01,BRA,GBR,0.0002,1,True
2023-08-01,BRA,GBR,0.0002,3,True
2023-09-01,BRA,GBR,0.0001,1,True
2023-10-01,BRA,GBR,0.0001,1,True
2023-11-01,BRA,GBR,0.0004,1,True
2023-12-01,BRA,GBR,0.0002,1,True
2024-01-01,BRA,GBR,0.0002,1,True
2024-02-01,BRA,GBR,0.0001,4,True
2024-03-01,BRA,GBR,0.0001,4,True
2024-04-01,BRA,GBR,0.0001,1,True
2024-05-01,BRA,GBR,0.0001,1,True
2024-06-01,BRA,GBR,0.0,1,True
2024-07-01,BRA,GBR,0.0,1,True
2024-08-01,BRA,GBR,0.0,1,True
2024-09-01,BRA,GBR,0.0,1,True
2024-10-01,BRA,GBR,0.0,1,True
2024-11-01,BRA,GBR,0.0001,1,True
2024-12-01,BRA,GBR,0.0002,1,True
2025-01-01,BRA,GBR,0.0001,1,True
2025-02-01,BRA,GBR,0.0001,1,True
2025-03-01,BRA,GBR,0.0004,1,True
2025-04-01,BRA,GBR,0.0051,4,True
2025-05-01,BRA,GBR,0.0034,1,True
2025-06-01,BRA,GBR,0.0043,1,True
2025-07-01,BRA,GBR,0.008,3,True
2025-08-01,BRA,GBR,0.0067,1,True
2025-09-01,BRA,GBR,0.0106,1,True
2025-10-01,BRA,GBR,0.0367,4,True
2025-11-01,BRA,GBR,0.0964,3,False
2025-12-01,BRA,GBR,0.1693,1,False
2026-01-01,BRA,GBR,0.1872,4,False
2026-02-01,BRA,GBR,0.2214,4,False
2026-03-01,BRA,GBR,0.2692,4,False
2015-01-01,BRA,USA,0.0879,2,False
2015-02-01,BRA,USA,0.0377,2,True
2015-03-01,BRA,USA,0.0178,2,True
2015-04-01,BRA,USA,0.0153,2,True
2015-05-01,BRA,USA,0.0124,2,True
2015-06-01,BRA,USA,0.0147,2,True
2015-07-01,BRA,USA,0.0326,2,True
2015-08-01,BRA,USA,0.0402,2,True
2015-09-01,BRA,USA,0.0485,2,True
2015-10-01,BRA,USA,0.0145,2,True
2015-11-01,BRA,USA,0.057,2,False
2015-12-01,BRA,USA,0.0715,4,False
2016-01-01,BRA,USA,0.0663,3,False
2016-02-01,BRA,USA,0.0962,4,False
2016-03-01,BRA,USA,0.0612,3,False
2016-04-01,BRA,USA,0.108,3,False
2016-05-01,BRA,USA,0.2783,3,False
2016-06-01,BRA,USA,0.515,1,False
2016-07-01,BRA,USA,0.5071,1,False
2016-08-01,BRA,USA,0.5452,3,False
2016-09-01,BRA,USA,0.4839,3,False
2016-10-01,BRA,USA,0.3135,3,False
2016-11-01,BRA,USA,0.3347,1,False
2016-12-01,BRA,USA,0.2096,1,False
2017-01-01,BRA,USA,0.2121,1,False
2017-02-01,BRA,USA,0.4073,4,False
2017-03-01,BRA,USA,0.2388,1,False
2017-04-01,BRA,USA,0.1087,1,False
2017-05-01,BRA,USA,0.077,1,False
2017-06-01,BRA,USA,0.0556,1,False
2017-07-01,BRA,USA,0.0511,1,False
2017-08-01,BRA,USA,0.1128,1,False
2017-09-01,BRA,USA,0.2539,1,False
2017-10-01,BRA,USA,0.2428,4,False
2017-11-01,BRA,USA,0.1896,4,False
2017-12-01,BRA,USA,0.3836,4,False
2018-01-01,BRA,USA,0.4944,4,False
2018-02-01,BRA,USA,0.5273,2,False
2018-03-01,BRA,USA,0.484,2,False
2018-04-01,BRA,USA,0.4547,2,False
2018-05-01,BRA,USA,0.4213,2,False
2018-06-01,BRA,USA,0.4668,2,False
2018-07-01,BRA,USA,0.4729,2,False
2018-08-01,BRA,USA,0.4574,2,False
2018-09-01,BRA,USA,0.3472,2,False
2018-10-01,BRA,USA,0.2731,1,False
2018-11-01,BRA,USA,0.2989,1,False
2018-12-01,BRA,USA,0.2513,1,False
2019-01-01,BRA,USA,0.193,1,False
2019-02-01,BRA,USA,0.504,2,False
2019-03-01,BRA,USA,0.3746,3,False
2019-04-01,BRA,USA,0.2896,2,False
2019-05-01,BRA,USA,0.4182,2,False
2019-06-01,BRA,USA,0.6448,3,False
2019-07-01,BRA,USA,0.5765,3,False
2019-08-01,BRA,USA,0.675,1,False
2019-09-01,BRA,USA,0.917,1,False
2019-10-01,BRA,USA,0.6725,4,False
2019-11-01,BRA,USA,0.0657,4,False
2019-12-01,BRA,USA,0.0192,3,True
2020-01-01,BRA,USA,0.0043,2,True
2020-02-01,BRA,USA,0.0103,1,True
2020-03-01,BRA,USA,0.0073,2,True
2020-04-01,BRA,USA,0.0262,2,True
2020-05-01,BRA,USA,0.1002,1,False
2020-06-01,BRA,USA,0.1096,1,False
2020-07-01,BRA,USA,0.0897,1,False
2020-08-01,BRA,USA,0.0927,1,False
2020-09-01,BRA,USA,0.1103,1,False
2020-10-01,BRA,USA,0.0803,1,False
2020-11-01,BRA,USA,0.0932,1,False
2020-12-01,BRA,USA,0.0829,1,False
2021-01-01,BRA,USA,0.1227,1,False
2021-02-01,BRA,USA,0.1671,1,False
2021-03-01,BRA,USA,0.3091,1,False
2021-04-01,BRA,USA,0.3784,3,False
2021-05-01,BRA,USA,0.0805,1,False
2021-06-01,BRA,USA,0.0332,1,True
2021-07-01,BRA,USA,0.03,1,True
2021-08-01,BRA,USA,0.0415,1,True
2021-09-01,BRA,USA,0.0491,2,True
2021-10-01,BRA,USA,0.0244,2,True
2021-11-01,BRA,USA,0.0068,2,True
2021-12-01,BRA,USA,0.0081,2,True
2022-01-01,BRA,USA,0.0068,2,True
2022-02-01,BRA,USA,0.0164,2,True
2022-03-01,BRA,USA,0.0307,2,True
2022-04-01,BRA,USA,0.055,4,False
2022-05-01,BRA,USA,0.0096,4,True
2022-06-01,BRA,USA,0.012,4,True
2022-07-01,BRA,USA,0.0175,4,True
2022-08-01,BRA,USA,0.0003,4,True
2022-09-01,BRA,USA,0.0004,4,True
2022-10-01,BRA,USA,0.0018,4,True
2022-11-01,BRA,USA,0.0022,4,True
2022-12-01,BRA,USA,0.0015,1,True
2023-01-01,BRA,USA,0.0004,1,True
2023-02-01,BRA,USA,0.0008,1,True
2023-03-01,BRA,USA,0.0004,1,True
2023-04-01,BRA,USA,0.0,1,True
2023-05-01,BRA,USA,0.0001,1,True
2023-06-01,BRA,USA,0.0,1,True
2023-07-01,BRA,USA,0.0,1,True
2023-08-01,BRA,USA,0.0,1,True
2023-09-01,BRA,USA,0.0,1,True
2023-10-01,BRA,USA,0.0,1,True
2023-11-01,BRA,USA,0.0,1,True
2023-12-01,BRA,USA,0.0,1,True
2024-01-01,BRA,USA,0.0,1,True
2024-02-01,BRA,USA,0.0,1,True
2024-03-01,BRA,USA,0.0,1,True
2024-04-01,BRA,USA,0.0,1,True
2024-05-01,BRA,USA,0.0,1,True
2024-06-01,BRA,USA,0.0,1,True
2024-07-01,BRA,USA,0.0,1,True
2024-08-01,BRA,USA,0.0,1,True
2024-09-01,BRA,USA,0.0,1,True
2024-10-01,BRA,USA,0.0,1,True
2024-11-01,BRA,USA,0.0001,1,True
2024-12-01,BRA,USA,0.0002,1,True
2025-01-01,BRA,USA,0.0002,1,True
2025-02-01,BRA,USA,0.0004,1,True
2025-03-01,BRA,USA,0.0011,1,True
2025-04-01,BRA,USA,0.0017,1,True
2025-05-01,BRA,USA,0.0111,1,True
2025-06-01,BRA,USA,0.1102,1,False
2025-07-01,BRA,USA,0.0404,1,True
2025-08-01,BRA,USA,0.0802,1,False
2025-09-01,BRA,USA,0.4569,1,False
2025-10-01,BRA,USA,0.7124,1,False
2025-11-01,BRA,USA,0.7946,1,False
2025-12-01,BRA,USA,0.7736,1,False
2026-01-01,BRA,USA,0.477,4,False
2026-02-01,BRA,USA,0.4458,3,False
2026-03-01,BRA,USA,0.2215,2,False
2015-01-01,BRA,DEU,0.3223,2,False
2015-02-01,BRA,DEU,0.2901,2,False
2015-03-01,BRA,DEU,0.201,2,False
2015-04-01,BRA,DEU,0.1193,2,False
2015-05-01,BRA,DEU,0.0954,2,False
2015-06-01,BRA,DEU,0.0745,2,False
2015-07-01,BRA,DEU,0.3235,3,False
2015-08-01,BRA,DEU,0.2589,2,False
2015-09-01,BRA,DEU,0.4621,3,False
2015-10-01,BRA,DEU,0.4466,2,False
2015-11-01,BRA,DEU,0.4811,1,False
2015-12-01,BRA,DEU,0.519,4,False
2016-01-01,BRA,DEU,0.0924,4,False
2016-02-01,BRA,DEU,0.1639,4,False
2016-03-01,BRA,DEU,0.1457,4,False
2016-04-01,BRA,DEU,0.2285,4,False
2016-05-01,BRA,DEU,0.1285,4,False
2016-06-01,BRA,DEU,0.2795,2,False
2016-07-01,BRA,DEU,0.2572,3,False
2016-08-01,BRA,DEU,0.1199,4,False
2016-09-01,BRA,DEU,0.076,4,False
2016-10-01,BRA,DEU,0.0727,4,False
2016-11-01,BRA,DEU,0.0652,4,False
2016-12-01,BRA,DEU,0.0825,4,False
2017-01-01,BRA,DEU,0.5292,1,False
2017-02-01,BRA,DEU,0.4623,1,False
2017-03-01,BRA,DEU,0.23,1,False
2017-04-01,BRA,DEU,0.4354,1,False
2017-05-01,BRA,DEU,0.1946,1,False
2017-06-01,BRA,DEU,0.3787,1,False
2017-07-01,BRA,DEU,0.198,1,False
2017-08-01,BRA,DEU,0.1894,1,False
2017-09-01,BRA,DEU,0.1366,1,False
2017-10-01,BRA,DEU,0.0215,4,True
2017-11-01,BRA,DEU,0.0409,4,True
2017-12-01,BRA,DEU,0.0374,3,True
2018-01-01,BRA,DEU,0.0189,1,True
2018-02-01,BRA,DEU,0.0121,1,True
2018-03-01,BRA,DEU,0.0293,1,True
2018-04-01,BRA,DEU,0.0176,1,True
2018-05-01,BRA,DEU,0.0129,1,True
2018-06-01,BRA,DEU,0.0071,1,True
2018-07-01,BRA,DEU,0.0031,1,True
2018-08-01,BRA,DEU,0.0043,1,True
2018-09-01,BRA,DEU,0.0074,1,True
2018-10-01,BRA,DEU,0.0035,1,True
2018-11-01,BRA,DEU,0.0822,1,False
2018-12-01,BRA,DEU,0.065,1,False
2019-01-01,BRA,DEU,0.0453,1,True
2019-02-01,BRA,DEU,0.1183,1,False
2019-03-01,BRA,DEU,0.1246,1,False
2019-04-01,BRA,DEU,0.1944,1,False
2019-05-01,BRA,DEU,0.1914,1,False
2019-06-01,BRA,DEU,0.1343,1,False
2019-07-01,BRA,DEU,0.1603,1,False
2019-08-01,BRA,DEU,0.365,1,False
2019-09-01,BRA,DEU,0.461,2,False
2019-10-01,BRA,DEU,0.2668,2,False
2019-11-01,BRA,DEU,0.2303,1,False
2019-12-01,BRA,DEU,0.408,1,False
2020-01-01,BRA,DEU,0.1144,2,False
2020-02-01,BRA,DEU,0.1359,2,False
2020-03-01,BRA,DEU,0.1165,2,False
2020-04-01,BRA,DEU,0.1519,2,False
2020-05-01,BRA,DEU,0.0712,2,False
2020-06-01,BRA,DEU,0.029,2,True
2020-07-01,BRA,DEU,0.0246,2,True
2020-08-01,BRA,DEU,0.0871,2,False
2020-09-01,BRA,DEU,0.1379,2,False
2020-10-01,BRA,DEU,0.1586,2,False
2020-11-01,BRA,DEU,0.1635,2,False
2020-12-01,BRA,DEU,0.1544,2,False
2021-01-01,BRA,DEU,0.17,2,False
2021-02-01,BRA,DEU,0.1196,1,False
2021-03-01,BRA,DEU,0.0816,1,False
2021-04-01,BRA,DEU,0.0439,2,True
2021-05-01,BRA,DEU,0.0104,1,True
2021-06-01,BRA,DEU,0.0071,1,True
2021-07-01,BRA,DEU,0.0322,1,True
2021-08-01,BRA,DEU,0.0044,1,True
2021-09-01,BRA,DEU,0.0024,1,True
2021-10-01,BRA,DEU,0.0005,1,True
2021-11-01,BRA,DEU,0.0004,1,True
2021-12-01,BRA,DEU,0.0006,1,True
2022-01-01,BRA,DEU,0.0004,1,True
2022-02-01,BRA,DEU,0.0003,1,True
2022-03-01,BRA,DEU,0.0003,1,True
2022-04-01,BRA,DEU,0.002,1,True
2022-05-01,BRA,DEU,0.0022,1,True
2022-06-01,BRA,DEU,0.0035,1,True
2022-07-01,BRA,DEU,0.002,1,True
2022-08-01,BRA,DEU,0.0023,1,True
2022-09-01,BRA,DEU,0.0041,1,True
2022-10-01,BRA,DEU,0.1664,1,False
2022-11-01,BRA,DEU,0.2251,1,False
2022-12-01,BRA,DEU,0.0864,1,False
2023-01-01,BRA,DEU,0.013,1,True
2023-02-01,BRA,DEU,0.0099,1,True
2023-03-01,BRA,DEU,0.0137,1,True
2023-04-01,BRA,DEU,0.0078,1,True
2023-05-01,BRA,DEU,0.0088,4,True
2023-06-01,BRA,DEU,0.0037,1,True
2023-07-01,BRA,DEU,0.0064,4,True
2023-08-01,BRA,DEU,0.0052,4,True
2023-09-01,BRA,DEU,0.004,4,True
2023-10-01,BRA,DEU,0.0005,4,True
2023-11-01,BRA,DEU,0.0006,4,True
2023-12-01,BRA,DEU,0.0007,4,True
2024-01-01,BRA,DEU,0.0002,4,True
2024-02-01,BRA,DEU,0.0002,4,True
2024-03-01,BRA,DEU,0.0002,4,True
2024-04-01,BRA,DEU,0.0001,4,True
2024-05-01,BRA,DEU,0.0001,4,True
2024-06-01,BRA,DEU,0.0001,4,True
2024-07-01,BRA,DEU,0.0001,4,True
2024-08-01,BRA,DEU,0.0001,4,True
2024-09-01,BRA,DEU,0.0001,4,True
2024-10-01,BRA,DEU,0.0,4,True
2024-11-01,BRA,DEU,0.0,4,True
2024-12-01,BRA,DEU,0.0,3,True
2025-01-01,BRA,DEU,0.0001,4,True
2025-02-01,BRA,DEU,0.0,4,True
2025-03-01,BRA,DEU,0.0,3,True
2025-04-01,BRA,DEU,0.0,3,True
2025-05-01,BRA,DEU,0.0,3,True
2025-06-01,BRA,DEU,0.0,3,True
2025-07-01,BRA,DEU,0.0024,3,True
2025-08-01,BRA,DEU,0.0094,3,True
2025-09-01,BRA,DEU,0.0544,3,False
2025-10-01,BRA,DEU,0.0296,3,True
2025-11-01,BRA,DEU,0.0381,3,True
2025-12-01,BRA,DEU,0.0282,3,True
2026-01-01,BRA,DEU,0.0354,3,True
2026-02-01,BRA,DEU,0.0325,3,True
2026-03-01,BRA,DEU,0.0125,3,True
2015-01-01,BRA,FRA,0.5189,4,False
2015-02-01,BRA,FRA,0.7987,2,False
2015-03-01,BRA,FRA,0.6376,1,False
2015-04-01,BRA,FRA,0.5181,3,False
2015-05-01,BRA,FRA,0.4633,3,False
2015-06-01,BRA,FRA,0.3598,1,False
2015-07-01,BRA,FRA,0.4304,1,False
2015-08-01,BRA,FRA,0.5574,3,False
2015-09-01,BRA,FRA,0.4664,3,False
2015-10-01,BRA,FRA,0.506,3,False
2015-11-01,BRA,FRA,0.7654,3,False
2015-12-01,BRA,FRA,0.6099,3,False
2016-01-01,BRA,FRA,0.5147,4,False
2016-02-01,BRA,FRA,0.3423,3,False
2016-03-01,BRA,FRA,0.2439,3,False
2016-04-01,BRA,FRA,0.3029,3,False
2016-05-01,BRA,FRA,0.4145,3,False
2016-06-01,BRA,FRA,0.5625,2,False
2016-07-01,BRA,FRA,0.4916,4,False
2016-08-01,BRA,FRA,0.46,4,False
2016-09-01,BRA,FRA,0.4932,4,False
2016-10-01,BRA,FRA,0.4562,4,False
2016-11-01,BRA,FRA,0.4126,4,False
2016-12-01,BRA,FRA,0.7056,4,False
2017-01-01,BRA,FRA,0.8039,4,False
2017-02-01,BRA,FRA,0.2477,4,False
2017-03-01,BRA,FRA,0.4009,3,False
2017-04-01,BRA,FRA,0.4128,3,False
2017-05-01,BRA,FRA,0.4001,3,False
2017-06-01,BRA,FRA,0.3075,3,False
2017-07-01,BRA,FRA,0.3095,3,False
2017-08-01,BRA,FRA,0.2774,3,False
2017-09-01,BRA,FRA,0.2217,3,False
2017-10-01,BRA,FRA,0.0373,4,True
2017-11-01,BRA,FRA,0.0207,4,True
2017-12-01,BRA,FRA,0.0236,4,True
2018-01-01,BRA,FRA,0.0268,4,True
2018-02-01,BRA,FRA,0.0433,1,True
2018-03-01,BRA,FRA,0.04,4,True
2018-04-01,BRA,FRA,0.0588,1,False
2018-05-01,BRA,FRA,0.0807,1,False
2018-06-01,BRA,FRA,0.2039,1,False
2018-07-01,BRA,FRA,0.2045,1,False
2018-08-01,BRA,FRA,0.2484,3,False
2018-09-01,BRA,FRA,0.422,3,False
2018-10-01,BRA,FRA,0.3313,2,False
2018-11-01,BRA,FRA,0.336,3,False
2018-12-01,BRA,FRA,0.2133,1,False
2019-01-01,BRA,FRA,0.1304,2,False
2019-02-01,BRA,FRA,0.1059,2,False
2019-03-01,BRA,FRA,0.1288,2,False
2019-04-01,BRA,FRA,0.1907,2,False
2019-05-01,BRA,FRA,0.1545,2,False
2019-06-01,BRA,FRA,0.3181,2,False
2019-07-01,BRA,FRA,0.3367,2,False
2019-08-01,BRA,FRA,0.251,2,False
2019-09-01,BRA,FRA,0.2093,2,False
2019-10-01,BRA,FRA,0.1476,4,False
2019-11-01,BRA,FRA,0.1091,3,False
2019-12-01,BRA,FRA,0.0292,2,True
2020-01-01,BRA,FRA,0.0091,2,True
2020-02-01,BRA,FRA,0.0044,2,True
2020-03-01,BRA,FRA,0.0028,2,True
2020-04-01,BRA,FRA,0.0114,2,True
2020-05-01,BRA,FRA,0.014,2,True
2020-06-01,BRA,FRA,0.0136,2,True
2020-07-01,BRA,FRA,0.0154,2,True
2020-08-01,BRA,FRA,0.0065,2,True
2020-09-01,BRA,FRA,0.0157,2,True
2020-10-01,BRA,FRA,0.0427,2,True
2020-11-01,BRA,FRA,0.0423,2,True
2020-12-01,BRA,FRA,0.0494,2,True
2021-01-01,BRA,FRA,0.0401,2,True
2021-02-01,BRA,FRA,0.1552,2,False
2021-03-01,BRA,FRA,0.1489,2,False
2021-04-01,BRA,FRA,0.0658,2,False
2021-05-01,BRA,FRA,0.0356,2,True
2021-06-01,BRA,FRA,0.0444,1,True
2021-07-01,BRA,FRA,0.0369,1,True
2021-08-01,BRA,FRA,0.0774,2,False
2021-09-01,BRA,FRA,0.0086,1,True
2021-10-01,BRA,FRA,0.0022,1,True
2021-11-01,BRA,FRA,0.0008,1,True
2021-12-01,BRA,FRA,0.0008,1,True
2022-01-01,BRA,FRA,0.0018,1,True
2022-02-01,BRA,FRA,0.0011,1,True
2022-03-01,BRA,FRA,0.0008,3,True
2022-04-01,BRA,FRA,0.0031,3,True
2022-05-01,BRA,FRA,0.0022,3,True
2022-06-01,BRA,FRA,0.0015,3,True
2022-07-01,BRA,FRA,0.0156,3,True
2022-08-01,BRA,FRA,0.0204,3,True
2022-09-01,BRA,FRA,0.007,3,True
2022-10-01,BRA,FRA,0.0042,1,True
2022-11-01,BRA,FRA,0.0053,4,True
2022-12-01,BRA,FRA,0.0146,4,True
2023-01-01,BRA,FRA,0.0075,1,True
2023-02-01,BRA,FRA,0.0144,4,True
2023-03-01,BRA,FRA,0.0185,4,True
2023-04-01,BRA,FRA,0.0087,4,True
2023-05-01,BRA,FRA,0.0087,3,True
2023-06-01,BRA,FRA,0.0062,2,True
2023-07-01,BRA,FRA,0.0018,1,True
2023-08-01,BRA,FRA,0.004,1,True
2023-09-01,BRA,FRA,0.0212,1,True
2023-10-01,BRA,FRA,0.0263,1,True
2023-11-01,BRA,FRA,0.0135,4,True
2023-12-01,BRA,FRA,0.0029,4,True
2024-01-01,BRA,FRA,0.003,4,True
2024-02-01,BRA,FRA,0.001,4,True
2024-03-01,BRA,FRA,0.0013,4,True
2024-04-01,BRA,FRA,0.0012,4,True
2024-05-01,BRA,FRA,0.0008,4,True
2024-06-01,BRA,FRA,0.0037,4,True
2024-07-01,BRA,FRA,0.0023,1,True
2024-08-01,BRA,FRA,0.0033,1,True
2024-09-01,BRA,FRA,0.0027,1,True
2024-10-01,BRA,FRA,0.0015,4,True
2024-11-01,BRA,FRA,0.0037,1,True
2024-12-01,BRA,FRA,0.0025,1,True
2025-01-01,BRA,FRA,0.0013,1,True
2025-02-01,BRA,FRA,0.0042,1,True
2025-03-01,BRA,FRA,0.0219,1,True
2025-04-01,BRA,FRA,0.03,1,True
2025-05-01,BRA,FRA,0.053,1,False
2025-06-01,BRA,FRA,0.0783,4,False
2025-07-01,BRA,FRA,0.0778,3,False
2025-08-01,BRA,FRA,0.2356,2,False
2025-09-01,BRA,FRA,0.1087,1,False
2025-10-01,BRA,FRA,0.4587,3,False
2025-11-01,BRA,FRA,0.7398,3,False
2025-12-01,BRA,FRA,0.7755,3,False
2026-01-01,BRA,FRA,0.3282,4,False
2026-02-01,BRA,FRA,0.1449,3,False
2026-03-01,BRA,FRA,0.0729,2,False
2015-01-01,BRA,JPN,0.1588,1,False
2015-02-01,BRA,JPN,0.1611,4,False
2015-03-01,BRA,JPN,0.2433,4,False
2015-04-01,BRA,JPN,0.2431,4,False
2015-05-01,BRA,JPN,0.0166,4,True
2015-06-01,BRA,JPN,0.0348,4,True
2015-07-01,BRA,JPN,0.0582,4,False
2015-08-01,BRA,JPN,0.0682,1,False
2015-09-01,BRA,JPN,0.0719,1,False
2015-10-01,BRA,JPN,0.0516,1,False
2015-11-01,BRA,JPN,0.106,4,False
2015-12-01,BRA,JPN,0.0824,1,False
2016-01-01,BRA,JPN,0.0708,1,False
2016-02-01,BRA,JPN,0.0196,1,True
2016-03-01,BRA,JPN,0.0165,1,True
2016-04-01,BRA,JPN,0.0089,1,True
2016-05-01,BRA,JPN,0.0081,1,True
2016-06-01,BRA,JPN,0.0125,1,True
2016-07-01,BRA,JPN,0.021,1,True
2016-08-01,BRA,JPN,0.021,1,True
2016-09-01,BRA,JPN,0.0265,1,True
2016-10-01,BRA,JPN,0.0254,1,True
2016-11-01,BRA,JPN,0.0243,1,True
2016-12-01,BRA,JPN,0.0172,1,True
2017-01-01,BRA,JPN,0.0173,1,True
2017-02-01,BRA,JPN,0.0211,1,True
2017-03-01,BRA,JPN,0.0677,1,False
2017-04-01,BRA,JPN,0.3831,1,False
2017-05-01,BRA,JPN,0.2664,1,False
2017-06-01,BRA,JPN,0.2834,1,False
2017-07-01,BRA,JPN,0.2897,1,False
2017-08-01,BRA,JPN,0.2918,1,False
2017-09-01,BRA,JPN,0.1834,1,False
2017-10-01,BRA,JPN,0.118,1,False
2017-11-01,BRA,JPN,0.3524,1,False
2017-12-01,BRA,JPN,0.0876,4,False
2018-01-01,BRA,JPN,0.0091,3,True
2018-02-01,BRA,JPN,0.0042,2,True
2018-03-01,BRA,JPN,0.0006,1,True
2018-04-01,BRA,JPN,0.0213,1,True
2018-05-01,BRA,JPN,0.0289,1,True
2018-06-01,BRA,JPN,0.03,1,True
2018-07-01,BRA,JPN,0.0384,1,True
2018-08-01,BRA,JPN,0.0342,2,True
2018-09-01,BRA,JPN,0.0199,3,True
2018-10-01,BRA,JPN,0.0172,3,True
2018-11-01,BRA,JPN,0.0597,2,False
2018-12-01,BRA,JPN,0.0248,3,True
2019-01-01,BRA,JPN,0.0136,2,True
2019-02-01,BRA,JPN,0.0226,2,True
2019-03-01,BRA,JPN,0.0597,2,False
2019-04-01,BRA,JPN,0.0632,2,False
2019-05-01,BRA,JPN,0.0396,2,True
2019-06-01,BRA,JPN,0.0339,4,True
2019-07-01,BRA,JPN,0.0457,3,True
2019-08-01,BRA,JPN,0.0503,2,False
2019-09-01,BRA,JPN,0.0363,3,True
2019-10-01,BRA,JPN,0.0478,4,True
2019-11-01,BRA,JPN,0.0557,3,False
2019-12-01,BRA,JPN,0.0772,2,False
2020-01-01,BRA,JPN,0.0945,4,False
2020-02-01,BRA,JPN,0.1829,4,False
2020-03-01,BRA,JPN,0.2131,2,False
2020-04-01,BRA,JPN,0.2688,2,False
2020-05-01,BRA,JPN,0.1762,2,False
2020-06-01,BRA,JPN,0.1535,4,False
2020-07-01,BRA,JPN,0.0761,4,False
2020-08-01,BRA,JPN,0.1186,3,False
2020-09-01,BRA,JPN,0.1086,2,False
2020-10-01,BRA,JPN,0.2348,2,False
2020-11-01,BRA,JPN,0.46,2,False
2020-12-01,BRA,JPN,0.7079,3,False
2021-01-01,BRA,JPN,0.7157,1,False
2021-02-01,BRA,JPN,0.3389,1,False
2021-03-01,BRA,JPN,0.3361,1,False
2021-04-01,BRA,JPN,0.4713,1,False
2021-05-01,BRA,JPN,0.7257,2,False
2021-06-01,BRA,JPN,0.6451,3,False
2021-07-01,BRA,JPN,0.5771,1,False
2021-08-01,BRA,JPN,0.7789,3,False
2021-09-01,BRA,JPN,0.2915,1,False
2021-10-01,BRA,JPN,0.1563,1,False
2021-11-01,BRA,JPN,0.2119,1,False
2021-12-01,BRA,JPN,0.2965,1,False
2022-01-01,BRA,JPN,0.4863,1,False
2022-02-01,BRA,JPN,0.3178,1,False
2022-03-01,BRA,JPN,0.0976,1,False
2022-04-01,BRA,JPN,0.0391,1,True
2022-05-01,BRA,JPN,0.046,1,True
2022-06-01,BRA,JPN,0.0437,3,True
2022-07-01,BRA,JPN,0.0334,1,True
2022-08-01,BRA,JPN,0.0526,1,False
2022-09-01,BRA,JPN,0.0567,1,False
2022-10-01,BRA,JPN,0.0187,4,True
2022-11-01,BRA,JPN,0.0074,3,True
2022-12-01,BRA,JPN,0.0044,3,True
2023-01-01,BRA,JPN,0.0093,3,True
2023-02-01,BRA,JPN,0.0242,3,True
2023-03-01,BRA,JPN,0.0403,3,True
2023-04-01,BRA,JPN,0.094,3,False
2023-05-01,BRA,JPN,0.0686,3,False
2023-06-01,BRA,JPN,0.1023,3,False
2023-07-01,BRA,JPN,0.1869,1,False
2023-08-01,BRA,JPN,0.2923,1,False
2023-09-01,BRA,JPN,0.4386,1,False
2023-10-01,BRA,JPN,0.4279,3,False
2023-11-01,BRA,JPN,0.4093,3,False
2023-12-01,BRA,JPN,0.4335,3,False
2024-01-01,BRA,JPN,0.3439,4,False
2024-02-01,BRA,JPN,0.2313,3,False
2024-03-01,BRA,JPN,0.2384,3,False
2024-04-01,BRA,JPN,0.1519,1,False
2024-05-01,BRA,JPN,0.1427,1,False
2024-06-01,BRA,JPN,0.0829,2,False
2024-07-01,BRA,JPN,0.0315,1,True
2024-08-01,BRA,JPN,0.0783,1,False
2024-09-01,BRA,JPN,0.1194,1,False
2024-10-01,BRA,JPN,0.0674,1,False
2024-11-01,BRA,JPN,0.0449,2,True
2024-12-01,BRA,JPN,0.0098,1,True
2025-01-01,BRA,JPN,0.0031,1,True
2025-02-01,BRA,JPN,0.0065,1,True
2025-03-01,BRA,JPN,0.0066,1,True
2025-04-01,BRA,JPN,0.0102,1,True
2025-05-01,BRA,JPN,0.0468,2,True
2025-06-01,BRA,JPN,0.017,1,True
2025-07-01,BRA,JPN,0.0134,1,True
2025-08-01,BRA,JPN,0.1681,1,False
2025-09-01,BRA,JPN,0.3169,1,False
2025-10-01,BRA,JPN,0.3857,3,False
2025-11-01,BRA,JPN,0.5204,1,False
2025-12-01,BRA,JPN,0.5296,1,False
2026-01-01,BRA,JPN,0.701,1,False
2026-02-01,BRA,JPN,0.9206,3,False
2026-03-01,BRA,JPN,0.9028,3,False
2015-01-01,ZAF,IND,0.2153,3,False
2015-02-01,ZAF,IND,0.2287,3,False
2015-03-01,ZAF,IND,0.3253,3,False
2015-04-01,ZAF,IND,0.4033,3,False
2015-05-01,ZAF,IND,0.392,3,False
2015-06-01,ZAF,IND,0.4036,3,False
2015-07-01,ZAF,IND,0.5927,3,False
2015-08-01,ZAF,IND,0.4069,1,False
2015-09-01,ZAF,IND,0.4497,1,False
2015-10-01,ZAF,IND,0.5415,1,False
2015-11-01,ZAF,IND,0.7315,1,False
2015-12-01,ZAF,IND,0.7912,1,False
2016-01-01,ZAF,IND,0.7136,1,False
2016-02-01,ZAF,IND,0.6469,1,False
2016-03-01,ZAF,IND,0.7174,2,False
2016-04-01,ZAF,IND,0.7249,1,False
2016-05-01,ZAF,IND,0.6608,1,False
2016-06-01,ZAF,IND,0.5023,1,False
2016-07-01,ZAF,IND,0.5126,1,False
2016-08-01,ZAF,IND,0.5213,1,False
2016-09-01,ZAF,IND,0.7618,1,False
2016-10-01,ZAF,IND,0.9054,2,False
2016-11-01,ZAF,IND,0.8385,1,False
2016-12-01,ZAF,IND,0.5809,1,False
2017-01-01,ZAF,IND,0.4004,1,False
2017-02-01,ZAF,IND,0.3538,1,False
2017-03-01,ZAF,IND,0.3879,1,False
2017-04-01,ZAF,IND,0.3618,1,False
2017-05-01,ZAF,IND,0.3485,1,False
2017-06-01,ZAF,IND,0.5115,2,False
2017-07-01,ZAF,IND,0.3782,1,False
2017-08-01,ZAF,IND,0.3166,1,False
2017-09-01,ZAF,IND,0.2435,1,False
2017-10-01,ZAF,IND,0.2701,1,False
2017-11-01,ZAF,IND,0.2839,1,False
2017-12-01,ZAF,IND,0.1613,1,False
2018-01-01,ZAF,IND,0.1241,1,False
2018-02-01,ZAF,IND,0.062,1,False
2018-03-01,ZAF,IND,0.0824,1,False
2018-04-01,ZAF,IND,0.0279,4,True
2018-05-01,ZAF,IND,0.0411,4,True
2018-06-01,ZAF,IND,0.0564,4,False
2018-07-01,ZAF,IND,0.0723,4,False
2018-08-01,ZAF,IND,0.0181,4,True
2018-09-01,ZAF,IND,0.0456,4,True
2018-10-01,ZAF,IND,0.0421,4,True
2018-11-01,ZAF,IND,0.0541,4,False
2018-12-01,ZAF,IND,0.0566,4,False
2019-01-01,ZAF,IND,0.0571,4,False
2019-02-01,ZAF,IND,0.0801,1,False
2019-03-01,ZAF,IND,0.0524,1,False
2019-04-01,ZAF,IND,0.0241,1,True
2019-05-01,ZAF,IND,0.0074,1,True
2019-06-01,ZAF,IND,0.0094,1,True
2019-07-01,ZAF,IND,0.0034,1,True
2019-08-01,ZAF,IND,0.023,1,True
2019-09-01,ZAF,IND,0.0462,1,True
2019-10-01,ZAF,IND,0.0838,1,False
2019-11-01,ZAF,IND,0.1499,1,False
2019-12-01,ZAF,IND,0.1733,1,False
2020-01-01,ZAF,IND,0.1752,2,False
2020-02-01,ZAF,IND,0.0931,1,False
2020-03-01,ZAF,IND,0.0784,1,False
2020-04-01,ZAF,IND,0.1119,1,False
2020-05-01,ZAF,IND,0.2421,1,False
2020-06-01,ZAF,IND,0.6187,1,False
2020-07-01,ZAF,IND,0.7294,3,False
2020-08-01,ZAF,IND,0.7615,4,False
2020-09-01,ZAF,IND,0.8032,4,False
2020-10-01,ZAF,IND,0.8454,4,False
2020-11-01,ZAF,IND,0.8469,1,False
2020-12-01,ZAF,IND,0.7764,2,False
2021-01-01,ZAF,IND,0.5866,3,False
2021-02-01,ZAF,IND,0.4942,3,False
2021-03-01,ZAF,IND,0.5756,3,False
2021-04-01,ZAF,IND,0.6595,3,False
2021-05-01,ZAF,IND,0.6031,2,False
2021-06-01,ZAF,IND,0.6068,3,False
2021-07-01,ZAF,IND,0.6163,3,False
2021-08-01,ZAF,IND,0.4763,3,False
2021-09-01,ZAF,IND,0.5776,3,False
2021-10-01,ZAF,IND,0.7862,3,False
2021-11-01,ZAF,IND,0.8529,3,False
2021-12-01,ZAF,IND,0.8596,3,False
2022-01-01,ZAF,IND,0.9201,4,False
2022-02-01,ZAF,IND,0.8531,4,False
2022-03-01,ZAF,IND,0.8351,1,False
2022-04-01,ZAF,IND,0.8345,1,False
2022-05-01,ZAF,IND,0.6554,4,False
2022-06-01,ZAF,IND,0.6584,3,False
2022-07-01,ZAF,IND,0.8444,1,False
2022-08-01,ZAF,IND,0.67,4,False
2022-09-01,ZAF,IND,0.2179,4,False
2022-10-01,ZAF,IND,0.171,4,False
2022-11-01,ZAF,IND,0.0769,4,False
2022-12-01,ZAF,IND,0.1216,4,False
2023-01-01,ZAF,IND,0.0796,2,False
2023-02-01,ZAF,IND,0.0518,3,False
2023-03-01,ZAF,IND,0.0218,2,True
2023-04-01,ZAF,IND,0.0249,2,True
2023-05-01,ZAF,IND,0.0088,2,True
2023-06-01,ZAF,IND,0.0062,2,True
2023-07-01,ZAF,IND,0.0051,2,True
2023-08-01,ZAF,IND,0.006,2,True
2023-09-01,ZAF,IND,0.0002,2,True
2023-10-01,ZAF,IND,0.0001,2,True
2023-11-01,ZAF,IND,0.0021,2,True
2023-12-01,ZAF,IND,0.0079,2,True
2024-01-01,ZAF,IND,0.0125,2,True
2024-02-01,ZAF,IND,0.0102,2,True
2024-03-01,ZAF,IND,0.0307,2,True
2024-04-01,ZAF,IND,0.0352,2,True
2024-05-01,ZAF,IND,0.0291,2,True
2024-06-01,ZAF,IND,0.0349,2,True
2024-07-01,ZAF,IND,0.0474,2,True
2024-08-01,ZAF,IND,0.0935,2,False
2024-09-01,ZAF,IND,0.088,2,False
2024-10-01,ZAF,IND,0.0854,2,False
2024-11-01,ZAF,IND,0.0576,2,False
2024-12-01,ZAF,IND,0.0341,2,True
2025-01-01,ZAF,IND,0.0332,2,True
2025-02-01,ZAF,IND,0.0154,2,True
2025-03-01,ZAF,IND,0.0079,2,True
2025-04-01,ZAF,IND,0.0054,2,True
2025-05-01,ZAF,IND,0.0055,2,True
2025-06-01,ZAF,IND,0.0046,2,True
2025-07-01,ZAF,IND,0.0045,2,True
2025-08-01,ZAF,IND,0.007,2,True
2025-09-01,ZAF,IND,0.0058,2,True
2025-10-01,ZAF,IND,0.0046,2,True
2025-11-01,ZAF,IND,0.0062,2,True
2025-12-01,ZAF,IND,0.0126,2,True
2026-01-01,ZAF,IND,0.015,2,True
2026-02-01,ZAF,IND,0.0165,2,True
2026-03-01,ZAF,IND,0.0114,2,True
2015-01-01,ZAF,CHN,0.4447,3,False
2015-02-01,ZAF,CHN,0.2732,4,False
2015-03-01,ZAF,CHN,0.1296,4,False
2015-04-01,ZAF,CHN,0.0301,4,True
2015-05-01,ZAF,CHN,0.048,4,True
2015-06-01,ZAF,CHN,0.0723,3,False
2015-07-01,ZAF,CHN,0.0921,3,False
2015-08-01,ZAF,CHN,0.0754,4,False
2015-09-01,ZAF,CHN,0.05,4,False
2015-10-01,ZAF,CHN,0.0543,4,False
2015-11-01,ZAF,CHN,0.1069,4,False
2015-12-01,ZAF,CHN,0.1007,4,False
2016-01-01,ZAF,CHN,0.1001,4,False
2016-02-01,ZAF,CHN,0.0516,1,False
2016-03-01,ZAF,CHN,0.073,4,False
2016-04-01,ZAF,CHN,0.0682,4,False
2016-05-01,ZAF,CHN,0.0447,4,True
2016-06-01,ZAF,CHN,0.0711,3,False
2016-07-01,ZAF,CHN,0.0713,2,False
2016-08-01,ZAF,CHN,0.1013,3,False
2016-09-01,ZAF,CHN,0.0556,2,False
2016-10-01,ZAF,CHN,0.0473,2,True
2016-11-01,ZAF,CHN,0.0417,2,True
2016-12-01,ZAF,CHN,0.045,2,True
2017-01-01,ZAF,CHN,0.037,2,True
2017-02-01,ZAF,CHN,0.0492,2,True
2017-03-01,ZAF,CHN,0.0335,2,True
2017-04-01,ZAF,CHN,0.0379,1,True
2017-05-01,ZAF,CHN,0.0344,1,True
2017-06-01,ZAF,CHN,0.0432,1,True
2017-07-01,ZAF,CHN,0.0625,1,False
2017-08-01,ZAF,CHN,0.1049,1,False
2017-09-01,ZAF,CHN,0.0764,1,False
2017-10-01,ZAF,CHN,0.1353,1,False
2017-11-01,ZAF,CHN,0.1526,1,False
2017-12-01,ZAF,CHN,0.2138,1,False
2018-01-01,ZAF,CHN,0.216,1,False
2018-02-01,ZAF,CHN,0.2303,1,False
2018-03-01,ZAF,CHN,0.0846,4,False
2018-04-01,ZAF,CHN,0.0502,3,False
2018-05-01,ZAF,CHN,0.271,3,False
2018-06-01,ZAF,CHN,0.2205,3,False
2018-07-01,ZAF,CHN,0.2399,3,False
2018-08-01,ZAF,CHN,0.2839,3,False
2018-09-01,ZAF,CHN,0.273,3,False
2018-10-01,ZAF,CHN,0.5803,4,False
2018-11-01,ZAF,CHN,0.5142,2,False
2018-12-01,ZAF,CHN,0.2644,1,False
2019-01-01,ZAF,CHN,0.6325,1,False
2019-02-01,ZAF,CHN,0.6034,4,False
2019-03-01,ZAF,CHN,0.4726,4,False
2019-04-01,ZAF,CHN,0.5706,2,False
2019-05-01,ZAF,CHN,0.6324,2,False
2019-06-01,ZAF,CHN,0.6541,2,False
2019-07-01,ZAF,CHN,0.6511,2,False
2019-08-01,ZAF,CHN,0.7106,2,False
2019-09-01,ZAF,CHN,0.8233,2,False
2019-10-01,ZAF,CHN,0.7063,4,False
2019-11-01,ZAF,CHN,0.6516,2,False
2019-12-01,ZAF,CHN,0.544,2,False
2020-01-01,ZAF,CHN,0.3876,1,False
2020-02-01,ZAF,CHN,0.6345,3,False
2020-03-01,ZAF,CHN,0.4217,2,False
2020-04-01,ZAF,CHN,0.2826,2,False
2020-05-01,ZAF,CHN,0.3331,2,False
2020-06-01,ZAF,CHN,0.1557,3,False
2020-07-01,ZAF,CHN,0.0195,2,True
2020-08-01,ZAF,CHN,0.0081,2,True
2020-09-01,ZAF,CHN,0.2848,1,False
2020-10-01,ZAF,CHN,0.2251,3,False
2020-11-01,ZAF,CHN,0.3039,3,False
2020-12-01,ZAF,CHN,0.2296,3,False
2021-01-01,ZAF,CHN,0.1952,3,False
2021-02-01,ZAF,CHN,0.1572,3,False
2021-03-01,ZAF,CHN,0.2012,4,False
2021-04-01,ZAF,CHN,0.1446,1,False
2021-05-01,ZAF,CHN,0.0806,1,False
2021-06-01,ZAF,CHN,0.1057,1,False
2021-07-01,ZAF,CHN,0.4185,1,False
2021-08-01,ZAF,CHN,0.4569,1,False
2021-09-01,ZAF,CHN,0.5734,1,False
2021-10-01,ZAF,CHN,0.6685,1,False
2021-11-01,ZAF,CHN,0.7064,1,False
2021-12-01,ZAF,CHN,0.5621,1,False
2022-01-01,ZAF,CHN,0.6504,1,False
2022-02-01,ZAF,CHN,0.4049,1,False
2022-03-01,ZAF,CHN,0.3479,1,False
2022-04-01,ZAF,CHN,0.5215,1,False
2022-05-01,ZAF,CHN,0.4241,1,False
2022-06-01,ZAF,CHN,0.6139,1,False
2022-07-01,ZAF,CHN,0.5949,4,False
2022-08-01,ZAF,CHN,0.4495,4,False
2022-09-01,ZAF,CHN,0.6202,1,False
2022-10-01,ZAF,CHN,0.5376,1,False
2022-11-01,ZAF,CHN,0.5603,3,False
2022-12-01,ZAF,CHN,0.6385,4,False
2023-01-01,ZAF,CHN,0.5512,1,False
2023-02-01,ZAF,CHN,0.4539,4,False
2023-03-01,ZAF,CHN,0.4432,3,False
2023-04-01,ZAF,CHN,0.3483,2,False
2023-05-01,ZAF,CHN,0.5202,2,False
2023-06-01,ZAF,CHN,0.5688,2,False
2023-07-01,ZAF,CHN,0.7549,1,False
2023-08-01,ZAF,CHN,0.6324,4,False
2023-09-01,ZAF,CHN,0.2674,4,False
2023-10-01,ZAF,CHN,0.209,1,False
2023-11-01,ZAF,CHN,0.1315,1,False
2023-12-01,ZAF,CHN,0.043,1,True
2024-01-01,ZAF,CHN,0.0344,1,True
2024-02-01,ZAF,CHN,0.0314,1,True
2024-03-01,ZAF,CHN,0.1102,1,False
2024-04-01,ZAF,CHN,0.0637,1,False
2024-05-01,ZAF,CHN,0.0557,1,False
2024-06-01,ZAF,CHN,0.1402,3,False
2024-07-01,ZAF,CHN,0.1732,4,False
2024-08-01,ZAF,CHN,0.1559,4,False
2024-09-01,ZAF,CHN,0.1747,2,False
2024-10-01,ZAF,CHN,0.2275,4,False
2024-11-01,ZAF,CHN,0.5176,2,False
2024-12-01,ZAF,CHN,0.6261,4,False
2025-01-01,ZAF,CHN,0.4719,4,False
2025-02-01,ZAF,CHN,0.2497,1,False
2025-03-01,ZAF,CHN,0.256,1,False
2025-04-01,ZAF,CHN,0.1686,1,False
2025-05-01,ZAF,CHN,0.1497,1,False
2025-06-01,ZAF,CHN,0.1604,1,False
2025-07-01,ZAF,CHN,0.1812,1,False
2025-08-01,ZAF,CHN,0.2771,1,False
2025-09-01,ZAF,CHN,0.2903,2,False
2025-10-01,ZAF,CHN,0.3313,1,False
2025-11-01,ZAF,CHN,0.3399,2,False
2025-12-01,ZAF,CHN,0.3894,2,False
2026-01-01,ZAF,CHN,0.5079,2,False
2026-02-01,ZAF,CHN,0.4547,2,False
2026-03-01,ZAF,CHN,0.4663,2,False
2015-01-01,ZAF,VNM,0.4858,3,False
2015-02-01,ZAF,VNM,0.4765,3,False
2015-03-01,ZAF,VNM,0.2324,1,False
2015-04-01,ZAF,VNM,0.3457,1,False
2015-05-01,ZAF,VNM,0.1138,3,False
2015-06-01,ZAF,VNM,0.1715,1,False
2015-07-01,ZAF,VNM,0.2414,1,False
2015-08-01,ZAF,VNM,0.2297,1,False
2015-09-01,ZAF,VNM,0.0977,1,False
2015-10-01,ZAF,VNM,0.0426,1,True
2015-11-01,ZAF,VNM,0.0088,1,True
2015-12-01,ZAF,VNM,0.0053,1,True
2016-01-01,ZAF,VNM,0.0101,1,True
2016-02-01,ZAF,VNM,0.0128,1,True
2016-03-01,ZAF,VNM,0.0155,1,True
2016-04-01,ZAF,VNM,0.0042,1,True
2016-05-01,ZAF,VNM,0.0029,1,True
2016-06-01,ZAF,VNM,0.0025,1,True
2016-07-01,ZAF,VNM,0.0036,1,True
2016-08-01,ZAF,VNM,0.0023,1,True
2016-09-01,ZAF,VNM,0.0014,1,True
2016-10-01,ZAF,VNM,0.0011,1,True
2016-11-01,ZAF,VNM,0.0002,1,True
2016-12-01,ZAF,VNM,0.0001,1,True
2017-01-01,ZAF,VNM,0.0,1,True
2017-02-01,ZAF,VNM,0.0,1,True
2017-03-01,ZAF,VNM,0.0,1,True
2017-04-01,ZAF,VNM,0.0,1,True
2017-05-01,ZAF,VNM,0.0,1,True
2017-06-01,ZAF,VNM,0.0,1,True
2017-07-01,ZAF,VNM,0.0,1,True
2017-08-01,ZAF,VNM,0.0,1,True
2017-09-01,ZAF,VNM,0.0,1,True
2017-10-01,ZAF,VNM,0.001,1,True
2017-11-01,ZAF,VNM,0.0024,1,True
2017-12-01,ZAF,VNM,0.0055,1,True
2018-01-01,ZAF,VNM,0.016,1,True
2018-02-01,ZAF,VNM,0.0171,1,True
2018-03-01,ZAF,VNM,0.0396,1,True
2018-04-01,ZAF,VNM,0.0793,1,False
2018-05-01,ZAF,VNM,0.1357,1,False
2018-06-01,ZAF,VNM,0.1285,1,False
2018-07-01,ZAF,VNM,0.1465,1,False
2018-08-01,ZAF,VNM,0.1759,1,False
2018-09-01,ZAF,VNM,0.413,1,False
2018-10-01,ZAF,VNM,0.738,1,False
2018-11-01,ZAF,VNM,0.6397,1,False
2018-12-01,ZAF,VNM,0.7891,3,False
2019-01-01,ZAF,VNM,0.6862,2,False
2019-02-01,ZAF,VNM,0.7093,2,False
2019-03-01,ZAF,VNM,0.7188,2,False
2019-04-01,ZAF,VNM,0.4528,3,False
2019-05-01,ZAF,VNM,0.4433,3,False
2019-06-01,ZAF,VNM,0.4332,3,False
2019-07-01,ZAF,VNM,0.3573,3,False
2019-08-01,ZAF,VNM,0.258,4,False
2019-09-01,ZAF,VNM,0.291,3,False
2019-10-01,ZAF,VNM,0.2183,3,False
2019-11-01,ZAF,VNM,0.0561,4,False
2019-12-01,ZAF,VNM,0.1412,3,False
2020-01-01,ZAF,VNM,0.1164,2,False
2020-02-01,ZAF,VNM,0.166,1,False
2020-03-01,ZAF,VNM,0.5449,1,False
2020-04-01,ZAF,VNM,0.6939,1,False
2020-05-01,ZAF,VNM,0.6448,4,False
2020-06-01,ZAF,VNM,0.3107,3,False
2020-07-01,ZAF,VNM,0.021,1,True
2020-08-01,ZAF,VNM,0.0017,1,True
2020-09-01,ZAF,VNM,0.0032,1,True
2020-10-01,ZAF,VNM,0.0059,1,True
2020-11-01,ZAF,VNM,0.0063,1,True
2020-12-01,ZAF,VNM,0.0057,1,True
2021-01-01,ZAF,VNM,0.0065,1,True
2021-02-01,ZAF,VNM,0.0052,1,True
2021-03-01,ZAF,VNM,0.0037,1,True
2021-04-01,ZAF,VNM,0.0009,1,True
2021-05-01,ZAF,VNM,0.0014,1,True
2021-06-01,ZAF,VNM,0.0017,1,True
2021-07-01,ZAF,VNM,0.0235,1,True
2021-08-01,ZAF,VNM,0.0077,1,True
2021-09-01,ZAF,VNM,0.0047,1,True
2021-10-01,ZAF,VNM,0.0315,1,True
2021-11-01,ZAF,VNM,0.0876,1,False
2021-12-01,ZAF,VNM,0.1248,4,False
2022-01-01,ZAF,VNM,0.117,4,False
2022-02-01,ZAF,VNM,0.1434,1,False
2022-03-01,ZAF,VNM,0.0584,1,False
2022-04-01,ZAF,VNM,0.0449,1,True
2022-05-01,ZAF,VNM,0.0561,1,False
2022-06-01,ZAF,VNM,0.0308,1,True
2022-07-01,ZAF,VNM,0.0402,1,True
2022-08-01,ZAF,VNM,0.0207,1,True
2022-09-01,ZAF,VNM,0.0297,1,True
2022-10-01,ZAF,VNM,0.0096,1,True
2022-11-01,ZAF,VNM,0.0126,1,True
2022-12-01,ZAF,VNM,0.0166,1,True
2023-01-01,ZAF,VNM,0.0444,1,True
2023-02-01,ZAF,VNM,0.0305,1,True
2023-03-01,ZAF,VNM,0.0158,1,True
2023-04-01,ZAF,VNM,0.003,1,True
2023-05-01,ZAF,VNM,0.0044,1,True
2023-06-01,ZAF,VNM,0.0094,1,True
2023-07-01,ZAF,VNM,0.0591,1,False
2023-08-01,ZAF,VNM,0.0745,2,False
2023-09-01,ZAF,VNM,0.0267,1,True
2023-10-01,ZAF,VNM,0.0258,1,True
2023-11-01,ZAF,VNM,0.0214,1,True
2023-12-01,ZAF,VNM,0.0382,1,True
2024-01-01,ZAF,VNM,0.0445,4,True
2024-02-01,ZAF,VNM,0.0221,4,True
2024-03-01,ZAF,VNM,0.0059,4,True
2024-04-01,ZAF,VNM,0.0054,3,True
2024-05-01,ZAF,VNM,0.0092,3,True
2024-06-01,ZAF,VNM,0.0036,4,True
2024-07-01,ZAF,VNM,0.0031,4,True
2024-08-01,ZAF,VNM,0.004,4,True
2024-09-01,ZAF,VNM,0.0227,4,True
2024-10-01,ZAF,VNM,0.0164,4,True
2024-11-01,ZAF,VNM,0.0176,4,True
2024-12-01,ZAF,VNM,0.0688,3,False
2025-01-01,ZAF,VNM,0.0845,3,False
2025-02-01,ZAF,VNM,0.0976,3,False
2025-03-01,ZAF,VNM,0.0382,3,True
2025-04-01,ZAF,VNM,0.1206,3,False
2025-05-01,ZAF,VNM,0.1312,4,False
2025-06-01,ZAF,VNM,0.1999,4,False
2025-07-01,ZAF,VNM,0.1651,4,False
2025-08-01,ZAF,VNM,0.2028,4,False
2025-09-01,ZAF,VNM,0.2191,4,False
2025-10-01,ZAF,VNM,0.1976,4,False
2025-11-01,ZAF,VNM,0.1942,4,False
2025-12-01,ZAF,VNM,0.0973,4,False
2026-01-01,ZAF,VNM,0.0783,4,False
2026-02-01,ZAF,VNM,0.2187,4,False
2026-03-01,ZAF,VNM,0.2563,4,False
2015-01-01,ZAF,IDN,0.1766,4,False
2015-02-01,ZAF,IDN,0.1843,4,False
2015-03-01,ZAF,IDN,0.0879,4,False
2015-04-01,ZAF,IDN,0.1422,4,False
2015-05-01,ZAF,IDN,0.1399,3,False
2015-06-01,ZAF,IDN,0.2135,4,False
2015-07-01,ZAF,IDN,0.2955,2,False
2015-08-01,ZAF,IDN,0.1024,3,False
2015-09-01,ZAF,IDN,0.1067,2,False
2015-10-01,ZAF,IDN,0.0836,2,False
2015-11-01,ZAF,IDN,0.0706,2,False
2015-12-01,ZAF,IDN,0.1781,2,False
2016-01-01,ZAF,IDN,0.2647,4,False
2016-02-01,ZAF,IDN,0.2641,4,False
2016-03-01,ZAF,IDN,0.3614,4,False
2016-04-01,ZAF,IDN,0.3344,1,False
2016-05-01,ZAF,IDN,0.29,4,False
2016-06-01,ZAF,IDN,0.3566,1,False
2016-07-01,ZAF,IDN,0.3659,1,False
2016-08-01,ZAF,IDN,0.4031,1,False
2016-09-01,ZAF,IDN,0.4514,1,False
2016-10-01,ZAF,IDN,0.4477,1,False
2016-11-01,ZAF,IDN,0.3988,1,False
2016-12-01,ZAF,IDN,0.4706,1,False
2017-01-01,ZAF,IDN,0.4176,1,False
2017-02-01,ZAF,IDN,0.4825,1,False
2017-03-01,ZAF,IDN,0.4894,1,False
2017-04-01,ZAF,IDN,0.5715,1,False
2017-05-01,ZAF,IDN,0.3551,1,False
2017-06-01,ZAF,IDN,0.2881,1,False
2017-07-01,ZAF,IDN,0.1268,1,False
2017-08-01,ZAF,IDN,0.0569,1,False
2017-09-01,ZAF,IDN,0.0099,1,True
2017-10-01,ZAF,IDN,0.0133,1,True
2017-11-01,ZAF,IDN,0.0256,1,True
2017-12-01,ZAF,IDN,0.0202,1,True
2018-01-01,ZAF,IDN,0.0162,1,True
2018-02-01,ZAF,IDN,0.0347,1,True
2018-03-01,ZAF,IDN,0.1167,1,False
2018-04-01,ZAF,IDN,0.2926,2,False
2018-05-01,ZAF,IDN,0.265,2,False
2018-06-01,ZAF,IDN,0.1465,2,False
2018-07-01,ZAF,IDN,0.1243,2,False
2018-08-01,ZAF,IDN,0.2429,2,False
2018-09-01,ZAF,IDN,0.2144,2,False
2018-10-01,ZAF,IDN,0.2025,2,False
2018-11-01,ZAF,IDN,0.3429,2,False
2018-12-01,ZAF,IDN,0.4759,2,False
2019-01-01,ZAF,IDN,0.3501,2,False
2019-02-01,ZAF,IDN,0.406,3,False
2019-03-01,ZAF,IDN,0.449,1,False
2019-04-01,ZAF,IDN,0.4825,1,False
2019-05-01,ZAF,IDN,0.3824,1,False
2019-06-01,ZAF,IDN,0.318,4,False
2019-07-01,ZAF,IDN,0.2831,3,False
2019-08-01,ZAF,IDN,0.2922,2,False
2019-09-01,ZAF,IDN,0.2419,2,False
2019-10-01,ZAF,IDN,0.1518,2,False
2019-11-01,ZAF,IDN,0.1887,2,False
2019-12-01,ZAF,IDN,0.1106,4,False
2020-01-01,ZAF,IDN,0.067,3,False
2020-02-01,ZAF,IDN,0.0284,2,True
2020-03-01,ZAF,IDN,0.0199,1,True
2020-04-01,ZAF,IDN,0.1014,3,False
2020-05-01,ZAF,IDN,0.1019,3,False
2020-06-01,ZAF,IDN,0.0801,4,False
2020-07-01,ZAF,IDN,0.1424,4,False
2020-08-01,ZAF,IDN,0.5581,3,False
2020-09-01,ZAF,IDN,0.1934,4,False
2020-10-01,ZAF,IDN,0.2509,3,False
2020-11-01,ZAF,IDN,0.2081,3,False
2020-12-01,ZAF,IDN,0.2433,3,False
2021-01-01,ZAF,IDN,0.284,1,False
2021-02-01,ZAF,IDN,0.2978,1,False
2021-03-01,ZAF,IDN,0.4698,3,False
2021-04-01,ZAF,IDN,0.483,3,False
2021-05-01,ZAF,IDN,0.4525,3,False
2021-06-01,ZAF,IDN,0.3402,1,False
2021-07-01,ZAF,IDN,0.3321,3,False
2021-08-01,ZAF,IDN,0.5005,1,False
2021-09-01,ZAF,IDN,0.3946,4,False
2021-10-01,ZAF,IDN,0.5686,4,False
2021-11-01,ZAF,IDN,0.729,3,False
2021-12-01,ZAF,IDN,0.6985,3,False
2022-01-01,ZAF,IDN,0.8446,1,False
2022-02-01,ZAF,IDN,0.3607,1,False
2022-03-01,ZAF,IDN,0.4929,1,False
2022-04-01,ZAF,IDN,0.2015,1,False
2022-05-01,ZAF,IDN,0.0483,4,True
2022-06-01,ZAF,IDN,0.0249,3,True
2022-07-01,ZAF,IDN,0.0125,3,True
2022-08-01,ZAF,IDN,0.0177,1,True
2022-09-01,ZAF,IDN,0.0213,1,True
2022-10-01,ZAF,IDN,0.0394,1,True
2022-11-01,ZAF,IDN,0.0472,1,True
2022-12-01,ZAF,IDN,0.0358,1,True
2023-01-01,ZAF,IDN,0.0499,1,True
2023-02-01,ZAF,IDN,0.036,1,True
2023-03-01,ZAF,IDN,0.0343,1,True
2023-04-01,ZAF,IDN,0.0431,1,True
2023-05-01,ZAF,IDN,0.0554,3,False
2023-06-01,ZAF,IDN,0.022,2,True
2023-07-01,ZAF,IDN,0.0036,1,True
2023-08-01,ZAF,IDN,0.0087,1,True
2023-09-01,ZAF,IDN,0.0706,1,False
2023-10-01,ZAF,IDN,0.0955,1,False
2023-11-01,ZAF,IDN,0.2149,2,False
2023-12-01,ZAF,IDN,0.2419,2,False
2024-01-01,ZAF,IDN,0.2091,2,False
2024-02-01,ZAF,IDN,0.2124,2,False
2024-03-01,ZAF,IDN,0.2686,2,False
2024-04-01,ZAF,IDN,0.2745,1,False
2024-05-01,ZAF,IDN,0.2028,1,False
2024-06-01,ZAF,IDN,0.1697,1,False
2024-07-01,ZAF,IDN,0.1595,1,False
2024-08-01,ZAF,IDN,0.1263,1,False
2024-09-01,ZAF,IDN,0.0957,2,False
2024-10-01,ZAF,IDN,0.1066,2,False
2024-11-01,ZAF,IDN,0.046,2,True
2024-12-01,ZAF,IDN,0.1851,1,False
2025-01-01,ZAF,IDN,0.2688,2,False
2025-02-01,ZAF,IDN,0.157,1,False
2025-03-01,ZAF,IDN,0.2967,1,False
2025-04-01,ZAF,IDN,0.3484,1,False
2025-05-01,ZAF,IDN,0.3584,1,False
2025-06-01,ZAF,IDN,0.4789,1,False
2025-07-01,ZAF,IDN,0.6795,1,False
2025-08-01,ZAF,IDN,0.5061,4,False
2025-09-01,ZAF,IDN,0.3792,4,False
2025-10-01,ZAF,IDN,0.4982,4,False
2025-11-01,ZAF,IDN,0.5808,4,False
2025-12-01,ZAF,IDN,0.4903,4,False
2026-01-01,ZAF,IDN,0.4282,4,False
2026-02-01,ZAF,IDN,0.5356,4,False
2026-03-01,ZAF,IDN,0.2917,4,False
2015-01-01,ZAF,THA,0.3893,4,False
2015-02-01,ZAF,THA,0.4171,1,False
2015-03-01,ZAF,THA,0.0851,1,False
2015-04-01,ZAF,THA,0.031,1,True
2015-05-01,ZAF,THA,0.0175,1,True
2015-06-01,ZAF,THA,0.0143,1,True
2015-07-01,ZAF,THA,0.0069,1,True
2015-08-01,ZAF,THA,0.0122,1,True
2015-09-01,ZAF,THA,0.0095,1,True
2015-10-01,ZAF,THA,0.0042,1,True
2015-11-01,ZAF,THA,0.0033,1,True
2015-12-01,ZAF,THA,0.0046,1,True
2016-01-01,ZAF,THA,0.0033,1,True
2016-02-01,ZAF,THA,0.0017,1,True
2016-03-01,ZAF,THA,0.0015,1,True
2016-04-01,ZAF,THA,0.0019,1,True
2016-05-01,ZAF,THA,0.0025,1,True
2016-06-01,ZAF,THA,0.0021,1,True
2016-07-01,ZAF,THA,0.0067,1,True
2016-08-01,ZAF,THA,0.016,1,True
2016-09-01,ZAF,THA,0.0114,1,True
2016-10-01,ZAF,THA,0.0108,1,True
2016-11-01,ZAF,THA,0.0097,1,True
2016-12-01,ZAF,THA,0.0117,1,True
2017-01-01,ZAF,THA,0.0294,1,True
2017-02-01,ZAF,THA,0.0266,1,True
2017-03-01,ZAF,THA,0.0148,1,True
2017-04-01,ZAF,THA,0.0172,1,True
2017-05-01,ZAF,THA,0.0174,1,True
2017-06-01,ZAF,THA,0.022,1,True
2017-07-01,ZAF,THA,0.0322,1,True
2017-08-01,ZAF,THA,0.0673,1,False
2017-09-01,ZAF,THA,0.0759,1,False
2017-10-01,ZAF,THA,0.1343,1,False
2017-11-01,ZAF,THA,0.183,1,False
2017-12-01,ZAF,THA,0.2344,3,False
2018-01-01,ZAF,THA,0.2856,3,False
2018-02-01,ZAF,THA,0.1727,3,False
2018-03-01,ZAF,THA,0.2361,3,False
2018-04-01,ZAF,THA,0.3249,3,False
2018-05-01,ZAF,THA,0.2082,3,False
2018-06-01,ZAF,THA,0.1454,4,False
2018-07-01,ZAF,THA,0.2615,3,False
2018-08-01,ZAF,THA,0.2892,2,False
2018-09-01,ZAF,THA,0.1249,1,False
2018-10-01,ZAF,THA,0.0739,4,False
2018-11-01,ZAF,THA,0.0808,4,False
2018-12-01,ZAF,THA,0.0564,2,False
2019-01-01,ZAF,THA,0.0629,1,False
2019-02-01,ZAF,THA,0.0527,1,False
2019-03-01,ZAF,THA,0.0161,1,True
2019-04-01,ZAF,THA,0.019,1,True
2019-05-01,ZAF,THA,0.0204,1,True
2019-06-01,ZAF,THA,0.0208,1,True
2019-07-01,ZAF,THA,0.031,1,True
2019-08-01,ZAF,THA,0.0295,1,True
2019-09-01,ZAF,THA,0.0251,1,True
2019-10-01,ZAF,THA,0.0252,1,True
2019-11-01,ZAF,THA,0.0339,1,True
2019-12-01,ZAF,THA,0.1213,1,False
2020-01-01,ZAF,THA,0.2014,2,False
2020-02-01,ZAF,THA,0.1564,1,False
2020-03-01,ZAF,THA,0.2828,4,False
2020-04-01,ZAF,THA,0.1729,4,False
2020-05-01,ZAF,THA,0.0717,4,False
2020-06-01,ZAF,THA,0.1567,4,False
2020-07-01,ZAF,THA,0.0545,1,False
2020-08-01,ZAF,THA,0.0211,2,True
2020-09-01,ZAF,THA,0.187,1,False
2020-10-01,ZAF,THA,0.2408,1,False
2020-11-01,ZAF,THA,0.2664,4,False
2020-12-01,ZAF,THA,0.2934,1,False
2021-01-01,ZAF,THA,0.2826,1,False
2021-02-01,ZAF,THA,0.282,1,False
2021-03-01,ZAF,THA,0.2653,4,False
2021-04-01,ZAF,THA,0.2765,4,False
2021-05-01,ZAF,THA,0.2166,4,False
2021-06-01,ZAF,THA,0.2338,4,False
2021-07-01,ZAF,THA,0.1553,4,False
2021-08-01,ZAF,THA,0.2414,4,False
2021-09-01,ZAF,THA,0.2643,4,False
2021-10-01,ZAF,THA,0.1945,4,False
2021-11-01,ZAF,THA,0.2407,4,False
2021-12-01,ZAF,THA,0.2841,4,False
2022-01-01,ZAF,THA,0.3754,4,False
2022-02-01,ZAF,THA,0.2777,4,False
2022-03-01,ZAF,THA,0.32,4,False
2022-04-01,ZAF,THA,0.2713,4,False
2022-05-01,ZAF,THA,0.4107,4,False
2022-06-01,ZAF,THA,0.261,1,False
2022-07-01,ZAF,THA,0.1293,1,False
2022-08-01,ZAF,THA,0.0819,1,False
2022-09-01,ZAF,THA,0.0498,1,True
2022-10-01,ZAF,THA,0.0523,1,False
2022-11-01,ZAF,THA,0.0661,1,False
2022-12-01,ZAF,THA,0.0846,1,False
2023-01-01,ZAF,THA,0.0603,1,False
2023-02-01,ZAF,THA,0.5109,1,False
2023-03-01,ZAF,THA,0.3537,3,False
2023-04-01,ZAF,THA,0.3175,2,False
2023-05-01,ZAF,THA,0.2376,2,False
2023-06-01,ZAF,THA,0.1781,3,False
2023-07-01,ZAF,THA,0.0976,2,False
2023-08-01,ZAF,THA,0.0825,2,False
2023-09-01,ZAF,THA,0.0725,2,False
2023-10-01,ZAF,THA,0.1097,3,False
2023-11-01,ZAF,THA,0.1298,2,False
2023-12-01,ZAF,THA,0.2102,2,False
2024-01-01,ZAF,THA,0.2584,2,False
2024-02-01,ZAF,THA,0.3564,1,False
2024-03-01,ZAF,THA,0.3513,2,False
2024-04-01,ZAF,THA,0.1619,1,False
2024-05-01,ZAF,THA,0.1484,1,False
2024-06-01,ZAF,THA,0.1447,1,False
2024-07-01,ZAF,THA,0.1119,1,False
2024-08-01,ZAF,THA,0.0979,1,False
2024-09-01,ZAF,THA,0.0732,1,False
2024-10-01,ZAF,THA,0.0391,1,True
2024-11-01,ZAF,THA,0.0329,1,True
2024-12-01,ZAF,THA,0.0976,1,False
2025-01-01,ZAF,THA,0.111,1,False
2025-02-01,ZAF,THA,0.1812,1,False
2025-03-01,ZAF,THA,0.134,1,False
2025-04-01,ZAF,THA,0.1006,1,False
2025-05-01,ZAF,THA,0.1123,1,False
2025-06-01,ZAF,THA,0.0957,1,False
2025-07-01,ZAF,THA,0.0664,1,False
2025-08-01,ZAF,THA,0.0411,1,True
2025-09-01,ZAF,THA,0.0189,1,True
2025-10-01,ZAF,THA,0.0072,1,True
2025-11-01,ZAF,THA,0.0019,1,True
2025-12-01,ZAF,THA,0.0,1,True
2026-01-01,ZAF,THA,0.0003,1,True
2026-02-01,ZAF,THA,0.001,1,True
2026-03-01,ZAF,THA,0.0057,1,True
2015-01-01,ZAF,BRA,0.1116,4,False
2015-02-01,ZAF,BRA,0.521,1,False
2015-03-01,ZAF,BRA,0.1723,1,False
2015-04-01,ZAF,BRA,0.0797,1,False
2015-05-01,ZAF,BRA,0.1543,1,False
2015-06-01,ZAF,BRA,0.1191,1,False
2015-07-01,ZAF,BRA,0.12,1,False
2015-08-01,ZAF,BRA,0.115,1,False
2015-09-01,ZAF,BRA,0.083,1,False
2015-10-01,ZAF,BRA,0.0943,1,False
2015-11-01,ZAF,BRA,0.0985,1,False
2015-12-01,ZAF,BRA,0.1586,1,False
2016-01-01,ZAF,BRA,0.147,1,False
2016-02-01,ZAF,BRA,0.087,1,False
2016-03-01,ZAF,BRA,0.0115,1,True
2016-04-01,ZAF,BRA,0.0003,1,True
2016-05-01,ZAF,BRA,0.0004,1,True
2016-06-01,ZAF,BRA,0.0006,1,True
2016-07-01,ZAF,BRA,0.0001,1,True
2016-08-01,ZAF,BRA,0.0001,1,True
2016-09-01,ZAF,BRA,0.0004,1,True
2016-10-01,ZAF,BRA,0.0002,1,True
2016-11-01,ZAF,BRA,0.0001,1,True
2016-12-01,ZAF,BRA,0.0001,1,True
2017-01-01,ZAF,BRA,0.0,1,True
2017-02-01,ZAF,BRA,0.0,1,True
2017-03-01,ZAF,BRA,0.0,1,True
2017-04-01,ZAF,BRA,0.0,1,True
2017-05-01,ZAF,BRA,0.0,1,True
2017-06-01,ZAF,BRA,0.0,1,True
2017-07-01,ZAF,BRA,0.0,1,True
2017-08-01,ZAF,BRA,0.0,1,True
2017-09-01,ZAF,BRA,0.0,1,True
2017-10-01,ZAF,BRA,0.0,1,True
2017-11-01,ZAF,BRA,0.0,1,True
2017-12-01,ZAF,BRA,0.0,1,True
2018-01-01,ZAF,BRA,0.0,1,True
2018-02-01,ZAF,BRA,0.0,1,True
2018-03-01,ZAF,BRA,0.0,1,True
2018-04-01,ZAF,BRA,0.0,1,True
2018-05-01,ZAF,BRA,0.0,1,True
2018-06-01,ZAF,BRA,0.0,1,True
2018-07-01,ZAF,BRA,0.0001,1,True
2018-08-01,ZAF,BRA,0.0001,1,True
2018-09-01,ZAF,BRA,0.0,1,True
2018-10-01,ZAF,BRA,0.0001,1,True
2018-11-01,ZAF,BRA,0.0007,1,True
2018-12-01,ZAF,BRA,0.0031,1,True
2019-01-01,ZAF,BRA,0.0076,1,True
2019-02-01,ZAF,BRA,0.0082,1,True
2019-03-01,ZAF,BRA,0.0047,1,True
2019-04-01,ZAF,BRA,0.0026,1,True
2019-05-01,ZAF,BRA,0.0024,1,True
2019-06-01,ZAF,BRA,0.005,1,True
2019-07-01,ZAF,BRA,0.0606,1,False
2019-08-01,ZAF,BRA,0.0825,1,False
2019-09-01,ZAF,BRA,0.1138,1,False
2019-10-01,ZAF,BRA,0.1692,3,False
2019-11-01,ZAF,BRA,0.2009,3,False
2019-12-01,ZAF,BRA,0.1628,1,False
2020-01-01,ZAF,BRA,0.0831,1,False
2020-02-01,ZAF,BRA,0.0837,1,False
2020-03-01,ZAF,BRA,0.0367,1,True
2020-04-01,ZAF,BRA,0.0427,1,True
2020-05-01,ZAF,BRA,0.1015,1,False
2020-06-01,ZAF,BRA,0.5981,1,False
2020-07-01,ZAF,BRA,0.4853,4,False
2020-08-01,ZAF,BRA,0.5695,4,False
2020-09-01,ZAF,BRA,0.5619,4,False
2020-10-01,ZAF,BRA,0.6049,3,False
2020-11-01,ZAF,BRA,0.5776,1,False
2020-12-01,ZAF,BRA,0.4207,1,False
2021-01-01,ZAF,BRA,0.3693,1,False
2021-02-01,ZAF,BRA,0.3635,1,False
2021-03-01,ZAF,BRA,0.2024,1,False
2021-04-01,ZAF,BRA,0.062,1,False
2021-05-01,ZAF,BRA,0.027,1,True
2021-06-01,ZAF,BRA,0.0022,1,True
2021-07-01,ZAF,BRA,0.0022,1,True
2021-08-01,ZAF,BRA,0.0029,1,True
2021-09-01,ZAF,BRA,0.0017,1,True
2021-10-01,ZAF,BRA,0.0017,1,True
2021-11-01,ZAF,BRA,0.0038,1,True
2021-12-01,ZAF,BRA,0.0082,1,True
2022-01-01,ZAF,BRA,0.0103,1,True
2022-02-01,ZAF,BRA,0.012,1,True
2022-03-01,ZAF,BRA,0.0066,1,True
2022-04-01,ZAF,BRA,0.0053,1,True
2022-05-01,ZAF,BRA,0.0091,1,True
2022-06-01,ZAF,BRA,0.0188,1,True
2022-07-01,ZAF,BRA,0.0218,1,True
2022-08-01,ZAF,BRA,0.0016,1,True
2022-09-01,ZAF,BRA,0.0003,1,True
2022-10-01,ZAF,BRA,0.0,1,True
2022-11-01,ZAF,BRA,0.0,1,True
2022-12-01,ZAF,BRA,0.0,1,True
2023-01-01,ZAF,BRA,0.0001,1,True
2023-02-01,ZAF,BRA,0.0004,1,True
2023-03-01,ZAF,BRA,0.0005,1,True
2023-04-01,ZAF,BRA,0.0001,1,True
2023-05-01,ZAF,BRA,0.0,1,True
2023-06-01,ZAF,BRA,0.0,1,True
2023-07-01,ZAF,BRA,0.0,1,True
2023-08-01,ZAF,BRA,0.0,1,True
2023-09-01,ZAF,BRA,0.0,1,True
2023-10-01,ZAF,BRA,0.0,1,True
2023-11-01,ZAF,BRA,0.0,1,True
2023-12-01,ZAF,BRA,0.0,1,True
2024-01-01,ZAF,BRA,0.0,1,True
2024-02-01,ZAF,BRA,0.0,1,True
2024-03-01,ZAF,BRA,0.0,1,True
2024-04-01,ZAF,BRA,0.0,1,True
2024-05-01,ZAF,BRA,0.0,1,True
2024-06-01,ZAF,BRA,0.0,1,True
2024-07-01,ZAF,BRA,0.0,1,True
2024-08-01,ZAF,BRA,0.0,1,True
2024-09-01,ZAF,BRA,0.0001,1,True
2024-10-01,ZAF,BRA,0.0002,1,True
2024-11-01,ZAF,BRA,0.0003,1,True
2024-12-01,ZAF,BRA,0.0004,1,True
2025-01-01,ZAF,BRA,0.0013,1,True
2025-02-01,ZAF,BRA,0.0054,1,True
2025-03-01,ZAF,BRA,0.0055,1,True
2025-04-01,ZAF,BRA,0.0041,1,True
2025-05-01,ZAF,BRA,0.0079,1,True
2025-06-01,ZAF,BRA,0.013,1,True
2025-07-01,ZAF,BRA,0.0973,1,False
2025-08-01,ZAF,BRA,0.1372,1,False
2025-09-01,ZAF,BRA,0.1339,1,False
2025-10-01,ZAF,BRA,0.1226,1,False
2025-11-01,ZAF,BRA,0.1312,1,False
2025-12-01,ZAF,BRA,0.0659,1,False
2026-01-01,ZAF,BRA,0.0189,1,True
2026-02-01,ZAF,BRA,0.0047,1,True
2026-03-01,ZAF,BRA,0.0115,1,True
2015-01-01,ZAF,MEX,0.2959,4,False
2015-02-01,ZAF,MEX,0.518,4,False
2015-03-01,ZAF,MEX,0.3498,1,False
2015-04-01,ZAF,MEX,0.2962,1,False
2015-05-01,ZAF,MEX,0.2677,1,False
2015-06-01,ZAF,MEX,0.2067,1,False
2015-07-01,ZAF,MEX,0.1342,4,False
2015-08-01,ZAF,MEX,0.0379,4,True
2015-09-01,ZAF,MEX,0.0224,2,True
2015-10-01,ZAF,MEX,0.0184,2,True
2015-11-01,ZAF,MEX,0.0201,2,True
2015-12-01,ZAF,MEX,0.0233,2,True
2016-01-01,ZAF,MEX,0.029,1,True
2016-02-01,ZAF,MEX,0.0218,1,True
2016-03-01,ZAF,MEX,0.0257,1,True
2016-04-01,ZAF,MEX,0.1192,1,False
2016-05-01,ZAF,MEX,0.1524,1,False
2016-06-01,ZAF,MEX,0.209,1,False
2016-07-01,ZAF,MEX,0.3315,1,False
2016-08-01,ZAF,MEX,0.307,1,False
2016-09-01,ZAF,MEX,0.2915,1,False
2016-10-01,ZAF,MEX,0.2392,1,False
2016-11-01,ZAF,MEX,0.2006,1,False
2016-12-01,ZAF,MEX,0.1147,1,False
2017-01-01,ZAF,MEX,0.0315,1,True
2017-02-01,ZAF,MEX,0.0191,1,True
2017-03-01,ZAF,MEX,0.0195,1,True
2017-04-01,ZAF,MEX,0.0276,1,True
2017-05-01,ZAF,MEX,0.0405,1,True
2017-06-01,ZAF,MEX,0.0657,1,False
2017-07-01,ZAF,MEX,0.077,1,False
2017-08-01,ZAF,MEX,0.0703,1,False
2017-09-01,ZAF,MEX,0.0767,1,False
2017-10-01,ZAF,MEX,0.0536,1,False
2017-11-01,ZAF,MEX,0.0435,1,True
2017-12-01,ZAF,MEX,0.0401,2,True
2018-01-01,ZAF,MEX,0.0137,1,True
2018-02-01,ZAF,MEX,0.0268,1,True
2018-03-01,ZAF,MEX,0.0155,1,True
2018-04-01,ZAF,MEX,0.0114,1,True
2018-05-01,ZAF,MEX,0.0075,1,True
2018-06-01,ZAF,MEX,0.0074,1,True
2018-07-01,ZAF,MEX,0.0118,1,True
2018-08-01,ZAF,MEX,0.0198,1,True
2018-09-01,ZAF,MEX,0.0233,1,True
2018-10-01,ZAF,MEX,0.028,1,True
2018-11-01,ZAF,MEX,0.0504,1,False
2018-12-01,ZAF,MEX,0.0698,1,False
2019-01-01,ZAF,MEX,0.0274,1,True
2019-02-01,ZAF,MEX,0.0166,1,True
2019-03-01,ZAF,MEX,0.0034,1,True
2019-04-01,ZAF,MEX,0.0048,1,True
2019-05-01,ZAF,MEX,0.0112,1,True
2019-06-01,ZAF,MEX,0.0074,1,True
2019-07-01,ZAF,MEX,0.0041,1,True
2019-08-01,ZAF,MEX,0.0022,1,True
2019-09-01,ZAF,MEX,0.0008,1,True
2019-10-01,ZAF,MEX,0.0003,1,True
2019-11-01,ZAF,MEX,0.0003,1,True
2019-12-01,ZAF,MEX,0.0,1,True
2020-01-01,ZAF,MEX,0.0022,1,True
2020-02-01,ZAF,MEX,0.0014,1,True
2020-03-01,ZAF,MEX,0.0044,1,True
2020-04-01,ZAF,MEX,0.0289,1,True
2020-05-01,ZAF,MEX,0.0466,4,True
2020-06-01,ZAF,MEX,0.2626,3,False
2020-07-01,ZAF,MEX,0.3773,3,False
2020-08-01,ZAF,MEX,0.388,3,False
2020-09-01,ZAF,MEX,0.1915,4,False
2020-10-01,ZAF,MEX,0.1293,3,False
2020-11-01,ZAF,MEX,0.121,3,False
2020-12-01,ZAF,MEX,0.4971,3,False
2021-01-01,ZAF,MEX,0.4587,3,False
2021-02-01,ZAF,MEX,0.3868,3,False
2021-03-01,ZAF,MEX,0.3745,3,False
2021-04-01,ZAF,MEX,0.199,1,False
2021-05-01,ZAF,MEX,0.0361,1,True
2021-06-01,ZAF,MEX,0.0386,1,True
2021-07-01,ZAF,MEX,0.0408,1,True
2021-08-01,ZAF,MEX,0.0331,1,True
2021-09-01,ZAF,MEX,0.0298,1,True
2021-10-01,ZAF,MEX,0.0388,1,True
2021-11-01,ZAF,MEX,0.0458,1,True
2021-12-01,ZAF,MEX,0.0552,1,False
2022-01-01,ZAF,MEX,0.0632,1,False
2022-02-01,ZAF,MEX,0.0455,1,True
2022-03-01,ZAF,MEX,0.0488,1,True
2022-04-01,ZAF,MEX,0.033,1,True
2022-05-01,ZAF,MEX,0.0382,1,True
2022-06-01,ZAF,MEX,0.0448,1,True
2022-07-01,ZAF,MEX,0.0703,1,False
2022-08-01,ZAF,MEX,0.1037,1,False
2022-09-01,ZAF,MEX,0.2953,1,False
2022-10-01,ZAF,MEX,0.2902,1,False
2022-11-01,ZAF,MEX,0.2651,1,False
2022-12-01,ZAF,MEX,0.2242,1,False
2023-01-01,ZAF,MEX,0.1686,1,False
2023-02-01,ZAF,MEX,0.0983,1,False
2023-03-01,ZAF,MEX,0.1742,1,False
2023-04-01,ZAF,MEX,0.559,1,False
2023-05-01,ZAF,MEX,0.149,1,False
2023-06-01,ZAF,MEX,0.0811,1,False
2023-07-01,ZAF,MEX,0.0241,1,True
2023-08-01,ZAF,MEX,0.0159,1,True
2023-09-01,ZAF,MEX,0.0116,1,True
2023-10-01,ZAF,MEX,0.0081,1,True
2023-11-01,ZAF,MEX,0.0015,1,True
2023-12-01,ZAF,MEX,0.0024,1,True
2024-01-01,ZAF,MEX,0.0051,1,True
2024-02-01,ZAF,MEX,0.0047,1,True
2024-03-01,ZAF,MEX,0.0083,1,True
2024-04-01,ZAF,MEX,0.0366,4,True
2024-05-01,ZAF,MEX,0.0039,4,True
2024-06-01,ZAF,MEX,0.0051,4,True
2024-07-01,ZAF,MEX,0.009,4,True
2024-08-01,ZAF,MEX,0.0189,1,True
2024-09-01,ZAF,MEX,0.0347,1,True
2024-10-01,ZAF,MEX,0.0437,3,True
2024-11-01,ZAF,MEX,0.0306,3,True
2024-12-01,ZAF,MEX,0.0737,3,False
2025-01-01,ZAF,MEX,0.0822,4,False
2025-02-01,ZAF,MEX,0.1111,4,False
2025-03-01,ZAF,MEX,0.3108,2,False
2025-04-01,ZAF,MEX,0.1751,3,False
2025-05-01,ZAF,MEX,0.1716,3,False
2025-06-01,ZAF,MEX,0.4098,1,False
2025-07-01,ZAF,MEX,0.3206,1,False
2025-08-01,ZAF,MEX,0.3585,4,False
2025-09-01,ZAF,MEX,0.3009,4,False
2025-10-01,ZAF,MEX,0.2636,4,False
2025-11-01,ZAF,MEX,0.2043,4,False
2025-12-01,ZAF,MEX,0.1699,2,False
2026-01-01,ZAF,MEX,0.156,2,False
2026-02-01,ZAF,MEX,0.1892,2,False
2026-03-01,ZAF,MEX,0.1922,2,False
2015-01-01,ZAF,SGP,0.3382,1,False
2015-02-01,ZAF,SGP,0.3546,1,False
2015-03-01,ZAF,SGP,0.4209,1,False
2015-04-01,ZAF,SGP,0.419,1,False
2015-05-01,ZAF,SGP,0.4626,1,False
2015-06-01,ZAF,SGP,0.2485,4,False
2015-07-01,ZAF,SGP,0.4202,4,False
2015-08-01,ZAF,SGP,0.4982,1,False
2015-09-01,ZAF,SGP,0.5419,4,False
2015-10-01,ZAF,SGP,0.4668,4,False
2015-11-01,ZAF,SGP,0.4889,4,False
2015-12-01,ZAF,SGP,0.5605,4,False
2016-01-01,ZAF,SGP,0.4028,4,False
2016-02-01,ZAF,SGP,0.3167,4,False
2016-03-01,ZAF,SGP,0.2865,4,False
2016-04-01,ZAF,SGP,0.3551,4,False
2016-05-01,ZAF,SGP,0.3937,4,False
2016-06-01,ZAF,SGP,0.5368,4,False
2016-07-01,ZAF,SGP,0.606,4,False
2016-08-01,ZAF,SGP,0.579,3,False
2016-09-01,ZAF,SGP,0.6487,3,False
2016-10-01,ZAF,SGP,0.8622,1,False
2016-11-01,ZAF,SGP,0.7129,1,False
2016-12-01,ZAF,SGP,0.8281,1,False
2017-01-01,ZAF,SGP,0.6619,4,False
2017-02-01,ZAF,SGP,0.2285,4,False
2017-03-01,ZAF,SGP,0.2272,4,False
2017-04-01,ZAF,SGP,0.1754,1,False
2017-05-01,ZAF,SGP,0.1534,1,False
2017-06-01,ZAF,SGP,0.1159,1,False
2017-07-01,ZAF,SGP,0.1044,1,False
2017-08-01,ZAF,SGP,0.1328,1,False
2017-09-01,ZAF,SGP,0.0582,3,False
2017-10-01,ZAF,SGP,0.0565,2,False
2017-11-01,ZAF,SGP,0.062,1,False
2017-12-01,ZAF,SGP,0.0738,1,False
2018-01-01,ZAF,SGP,0.0544,1,False
2018-02-01,ZAF,SGP,0.1069,2,False
2018-03-01,ZAF,SGP,0.0495,1,True
2018-04-01,ZAF,SGP,0.0746,3,False
2018-05-01,ZAF,SGP,0.0436,2,True
2018-06-01,ZAF,SGP,0.0798,2,False
2018-07-01,ZAF,SGP,0.1385,1,False
2018-08-01,ZAF,SGP,0.1721,2,False
2018-09-01,ZAF,SGP,0.1727,1,False
2018-10-01,ZAF,SGP,0.2388,2,False
2018-11-01,ZAF,SGP,0.2128,2,False
2018-12-01,ZAF,SGP,0.278,1,False
2019-01-01,ZAF,SGP,0.0905,3,False
2019-02-01,ZAF,SGP,0.013,2,True
2019-03-01,ZAF,SGP,0.2007,2,False
2019-04-01,ZAF,SGP,0.2392,2,False
2019-05-01,ZAF,SGP,0.2026,2,False
2019-06-01,ZAF,SGP,0.2038,2,False
2019-07-01,ZAF,SGP,0.2801,2,False
2019-08-01,ZAF,SGP,0.3607,2,False
2019-09-01,ZAF,SGP,0.3097,2,False
2019-10-01,ZAF,SGP,0.2155,1,False
2019-11-01,ZAF,SGP,0.101,2,False
2019-12-01,ZAF,SGP,0.0744,1,False
2020-01-01,ZAF,SGP,0.1133,1,False
2020-02-01,ZAF,SGP,0.39,1,False
2020-03-01,ZAF,SGP,0.2725,1,False
2020-04-01,ZAF,SGP,0.6061,1,False
2020-05-01,ZAF,SGP,0.5655,4,False
2020-06-01,ZAF,SGP,0.3719,4,False
2020-07-01,ZAF,SGP,0.4698,3,False
2020-08-01,ZAF,SGP,0.475,3,False
2020-09-01,ZAF,SGP,0.1904,3,False
2020-10-01,ZAF,SGP,0.1997,3,False
2020-11-01,ZAF,SGP,0.3164,3,False
2020-12-01,ZAF,SGP,0.3139,3,False
2021-01-01,ZAF,SGP,0.3685,3,False
2021-02-01,ZAF,SGP,0.2352,1,False
2021-03-01,ZAF,SGP,0.1762,1,False
2021-04-01,ZAF,SGP,0.0216,1,True
2021-05-01,ZAF,SGP,0.0005,1,True
2021-06-01,ZAF,SGP,0.0002,1,True
2021-07-01,ZAF,SGP,0.0002,1,True
2021-08-01,ZAF,SGP,0.0001,1,True
2021-09-01,ZAF,SGP,0.0002,1,True
2021-10-01,ZAF,SGP,0.0001,1,True
2021-11-01,ZAF,SGP,0.0007,1,True
2021-12-01,ZAF,SGP,0.0,1,True
2022-01-01,ZAF,SGP,0.0001,1,True
2022-02-01,ZAF,SGP,0.0,1,True
2022-03-01,ZAF,SGP,0.0001,1,True
2022-04-01,ZAF,SGP,0.0,1,True
2022-05-01,ZAF,SGP,0.0001,1,True
2022-06-01,ZAF,SGP,0.0003,1,True
2022-07-01,ZAF,SGP,0.0014,1,True
2022-08-01,ZAF,SGP,0.0007,1,True
2022-09-01,ZAF,SGP,0.0006,1,True
2022-10-01,ZAF,SGP,0.0005,1,True
2022-11-01,ZAF,SGP,0.0035,1,True
2022-12-01,ZAF,SGP,0.0029,1,True
2023-01-01,ZAF,SGP,0.0025,1,True
2023-02-01,ZAF,SGP,0.005,1,True
2023-03-01,ZAF,SGP,0.0253,1,True
2023-04-01,ZAF,SGP,0.1403,1,False
2023-05-01,ZAF,SGP,0.1911,3,False
2023-06-01,ZAF,SGP,0.1336,3,False
2023-07-01,ZAF,SGP,0.0917,3,False
2023-08-01,ZAF,SGP,0.1721,3,False
2023-09-01,ZAF,SGP,0.2177,3,False
2023-10-01,ZAF,SGP,0.2077,3,False
2023-11-01,ZAF,SGP,0.1188,3,False
2023-12-01,ZAF,SGP,0.5811,1,False
2024-01-01,ZAF,SGP,0.5929,1,False
2024-02-01,ZAF,SGP,0.6266,1,False
2024-03-01,ZAF,SGP,0.678,1,False
2024-04-01,ZAF,SGP,0.7421,3,False
2024-05-01,ZAF,SGP,0.6959,2,False
2024-06-01,ZAF,SGP,0.729,2,False
2024-07-01,ZAF,SGP,0.6761,2,False
2024-08-01,ZAF,SGP,0.6737,2,False
2024-09-01,ZAF,SGP,0.571,2,False
2024-10-01,ZAF,SGP,0.4173,2,False
2024-11-01,ZAF,SGP,0.3704,2,False
2024-12-01,ZAF,SGP,0.3266,4,False
2025-01-01,ZAF,SGP,0.189,3,False
2025-02-01,ZAF,SGP,0.166,2,False
2025-03-01,ZAF,SGP,0.16,2,False
2025-04-01,ZAF,SGP,0.1762,2,False
2025-05-01,ZAF,SGP,0.4035,2,False
2025-06-01,ZAF,SGP,0.3364,4,False
2025-07-01,ZAF,SGP,0.433,3,False
2025-08-01,ZAF,SGP,0.4608,3,False
2025-09-01,ZAF,SGP,0.5096,3,False
2025-10-01,ZAF,SGP,0.5406,3,False
2025-11-01,ZAF,SGP,0.7341,4,False
2025-12-01,ZAF,SGP,0.6619,3,False
2026-01-01,ZAF,SGP,0.6288,3,False
2026-02-01,ZAF,SGP,0.6964,3,False
2026-03-01,ZAF,SGP,0.7191,3,False
2015-01-01,ZAF,KOR,0.0905,3,False
2015-02-01,ZAF,KOR,0.0986,3,False
2015-03-01,ZAF,KOR,0.0272,3,True
2015-04-01,ZAF,KOR,0.0186,3,True
2015-05-01,ZAF,KOR,0.1558,3,False
2015-06-01,ZAF,KOR,0.2498,3,False
2015-07-01,ZAF,KOR,0.2533,2,False
2015-08-01,ZAF,KOR,0.4276,2,False
2015-09-01,ZAF,KOR,0.3145,2,False
2015-10-01,ZAF,KOR,0.1432,1,False
2015-11-01,ZAF,KOR,0.4342,1,False
2015-12-01,ZAF,KOR,0.2315,2,False
2016-01-01,ZAF,KOR,0.2161,2,False
2016-02-01,ZAF,KOR,0.202,1,False
2016-03-01,ZAF,KOR,0.0306,1,True
2016-04-01,ZAF,KOR,0.1789,1,False
2016-05-01,ZAF,KOR,0.1602,1,False
2016-06-01,ZAF,KOR,0.1807,2,False
2016-07-01,ZAF,KOR,0.1315,4,False
2016-08-01,ZAF,KOR,0.0457,4,True
2016-09-01,ZAF,KOR,0.0503,4,False
2016-10-01,ZAF,KOR,0.2061,1,False
2016-11-01,ZAF,KOR,0.1716,1,False
2016-12-01,ZAF,KOR,0.1617,1,False
2017-01-01,ZAF,KOR,0.1749,1,False
2017-02-01,ZAF,KOR,0.1162,1,False
2017-03-01,ZAF,KOR,0.1216,1,False
2017-04-01,ZAF,KOR,0.1604,1,False
2017-05-01,ZAF,KOR,0.1304,1,False
2017-06-01,ZAF,KOR,0.2042,1,False
2017-07-01,ZAF,KOR,0.1963,1,False
2017-08-01,ZAF,KOR,0.3579,1,False
2017-09-01,ZAF,KOR,0.6068,1,False
2017-10-01,ZAF,KOR,0.4051,1,False
2017-11-01,ZAF,KOR,0.3351,1,False
2017-12-01,ZAF,KOR,0.2326,1,False
2018-01-01,ZAF,KOR,0.189,2,False
2018-02-01,ZAF,KOR,0.0948,2,False
2018-03-01,ZAF,KOR,0.1206,2,False
2018-04-01,ZAF,KOR,0.1167,2,False
2018-05-01,ZAF,KOR,0.1485,2,False
2018-06-01,ZAF,KOR,0.2058,2,False
2018-07-01,ZAF,KOR,0.1992,3,False
2018-08-01,ZAF,KOR,0.1461,2,False
2018-09-01,ZAF,KOR,0.2426,2,False
2018-10-01,ZAF,KOR,0.2064,2,False
2018-11-01,ZAF,KOR,0.2116,2,False
2018-12-01,ZAF,KOR,0.1337,3,False
2019-01-01,ZAF,KOR,0.1136,2,False
2019-02-01,ZAF,KOR,0.1995,3,False
2019-03-01,ZAF,KOR,0.2006,4,False
2019-04-01,ZAF,KOR,0.1009,4,False
2019-05-01,ZAF,KOR,0.0807,4,False
2019-06-01,ZAF,KOR,0.1288,4,False
2019-07-01,ZAF,KOR,0.0765,2,False
2019-08-01,ZAF,KOR,0.046,1,True
2019-09-01,ZAF,KOR,0.0852,4,False
2019-10-01,ZAF,KOR,0.1453,4,False
2019-11-01,ZAF,KOR,0.0514,4,False
2019-12-01,ZAF,KOR,0.0509,4,False
2020-01-01,ZAF,KOR,0.0842,4,False
2020-02-01,ZAF,KOR,0.0711,4,False
2020-03-01,ZAF,KOR,0.1078,4,False
2020-04-01,ZAF,KOR,0.2183,4,False
2020-05-01,ZAF,KOR,0.1873,4,False
2020-06-01,ZAF,KOR,0.1915,4,False
2020-07-01,ZAF,KOR,0.2633,4,False
2020-08-01,ZAF,KOR,0.4391,4,False
2020-09-01,ZAF,KOR,0.3905,4,False
2020-10-01,ZAF,KOR,0.4012,4,False
2020-11-01,ZAF,KOR,0.1524,4,False
2020-12-01,ZAF,KOR,0.2486,4,False
2021-01-01,ZAF,KOR,0.2293,4,False
2021-02-01,ZAF,KOR,0.3028,4,False
2021-03-01,ZAF,KOR,0.3534,4,False
2021-04-01,ZAF,KOR,0.3176,4,False
2021-05-01,ZAF,KOR,0.1489,1,False
2021-06-01,ZAF,KOR,0.1325,4,False
2021-07-01,ZAF,KOR,0.1006,4,False
2021-08-01,ZAF,KOR,0.0976,1,False
2021-09-01,ZAF,KOR,0.0462,1,True
2021-10-01,ZAF,KOR,0.0454,1,True
2021-11-01,ZAF,KOR,0.0838,1,False
2021-12-01,ZAF,KOR,0.1344,1,False
2022-01-01,ZAF,KOR,0.1709,1,False
2022-02-01,ZAF,KOR,0.1546,1,False
2022-03-01,ZAF,KOR,0.1668,1,False
2022-04-01,ZAF,KOR,0.1497,1,False
2022-05-01,ZAF,KOR,0.1651,1,False
2022-06-01,ZAF,KOR,0.1521,1,False
2022-07-01,ZAF,KOR,0.1763,1,False
2022-08-01,ZAF,KOR,0.2319,1,False
2022-09-01,ZAF,KOR,0.2695,1,False
2022-10-01,ZAF,KOR,0.0864,1,False
2022-11-01,ZAF,KOR,0.0774,1,False
2022-12-01,ZAF,KOR,0.0239,1,True
2023-01-01,ZAF,KOR,0.012,1,True
2023-02-01,ZAF,KOR,0.0248,1,True
2023-03-01,ZAF,KOR,0.0234,1,True
2023-04-01,ZAF,KOR,0.0569,1,False
2023-05-01,ZAF,KOR,0.0362,1,True
2023-06-01,ZAF,KOR,0.0201,1,True
2023-07-01,ZAF,KOR,0.0061,1,True
2023-08-01,ZAF,KOR,0.0033,1,True
2023-09-01,ZAF,KOR,0.0089,1,True
2023-10-01,ZAF,KOR,0.0006,1,True
2023-11-01,ZAF,KOR,0.0004,1,True
2023-12-01,ZAF,KOR,0.0005,1,True
2024-01-01,ZAF,KOR,0.0005,1,True
2024-02-01,ZAF,KOR,0.0005,1,True
2024-03-01,ZAF,KOR,0.0011,1,True
2024-04-01,ZAF,KOR,0.0018,1,True
2024-05-01,ZAF,KOR,0.0014,1,True
2024-06-01,ZAF,KOR,0.0089,1,True
2024-07-01,ZAF,KOR,0.0272,1,True
2024-08-01,ZAF,KOR,0.0228,1,True
2024-09-01,ZAF,KOR,0.0317,1,True
2024-10-01,ZAF,KOR,0.0422,1,True
2024-11-01,ZAF,KOR,0.0841,1,False
2024-12-01,ZAF,KOR,0.1864,1,False
2025-01-01,ZAF,KOR,0.2163,1,False
2025-02-01,ZAF,KOR,0.2753,1,False
2025-03-01,ZAF,KOR,0.3815,1,False
2025-04-01,ZAF,KOR,0.3676,1,False
2025-05-01,ZAF,KOR,0.4443,1,False
2025-06-01,ZAF,KOR,0.2594,2,False
2025-07-01,ZAF,KOR,0.3236,2,False
2025-08-01,ZAF,KOR,0.2876,2,False
2025-09-01,ZAF,KOR,0.2719,2,False
2025-10-01,ZAF,KOR,0.2738,2,False
2025-11-01,ZAF,KOR,0.2296,2,False
2025-12-01,ZAF,KOR,0.2479,2,False
2026-01-01,ZAF,KOR,0.2544,2,False
2026-02-01,ZAF,KOR,0.272,2,False
2026-03-01,ZAF,KOR,0.2814,2,False
2015-01-01,ZAF,GBR,0.1442,3,False
2015-02-01,ZAF,GBR,0.1886,3,False
2015-03-01,ZAF,GBR,0.2161,3,False
2015-04-01,ZAF,GBR,0.182,3,False
2015-05-01,ZAF,GBR,0.1149,3,False
2015-06-01,ZAF,GBR,0.0335,3,True
2015-07-01,ZAF,GBR,0.0628,3,False
2015-08-01,ZAF,GBR,0.1365,2,False
2015-09-01,ZAF,GBR,0.1736,3,False
2015-10-01,ZAF,GBR,0.1692,3,False
2015-11-01,ZAF,GBR,0.1769,3,False
2015-12-01,ZAF,GBR,0.1327,3,False
2016-01-01,ZAF,GBR,0.1624,3,False
2016-02-01,ZAF,GBR,0.1039,3,False
2016-03-01,ZAF,GBR,0.1072,4,False
2016-04-01,ZAF,GBR,0.0357,3,True
2016-05-01,ZAF,GBR,0.0211,3,True
2016-06-01,ZAF,GBR,0.035,2,True
2016-07-01,ZAF,GBR,0.0532,2,False
2016-08-01,ZAF,GBR,0.033,2,True
2016-09-01,ZAF,GBR,0.0394,2,True
2016-10-01,ZAF,GBR,0.0856,2,False
2016-11-01,ZAF,GBR,0.0554,2,False
2016-12-01,ZAF,GBR,0.0429,1,True
2017-01-01,ZAF,GBR,0.035,1,True
2017-02-01,ZAF,GBR,0.037,1,True
2017-03-01,ZAF,GBR,0.0885,1,False
2017-04-01,ZAF,GBR,0.0721,1,False
2017-05-01,ZAF,GBR,0.2505,1,False
2017-06-01,ZAF,GBR,0.2951,2,False
2017-07-01,ZAF,GBR,0.154,1,False
2017-08-01,ZAF,GBR,0.1732,1,False
2017-09-01,ZAF,GBR,0.2147,1,False
2017-10-01,ZAF,GBR,0.1714,1,False
2017-11-01,ZAF,GBR,0.1131,1,False
2017-12-01,ZAF,GBR,0.0552,1,False
2018-01-01,ZAF,GBR,0.0276,1,True
2018-02-01,ZAF,GBR,0.0261,1,True
2018-03-01,ZAF,GBR,0.0248,1,True
2018-04-01,ZAF,GBR,0.0194,2,True
2018-05-01,ZAF,GBR,0.0069,1,True
2018-06-01,ZAF,GBR,0.0182,1,True
2018-07-01,ZAF,GBR,0.015,1,True
2018-08-01,ZAF,GBR,0.0181,1,True
2018-09-01,ZAF,GBR,0.0534,1,False
2018-10-01,ZAF,GBR,0.0862,1,False
2018-11-01,ZAF,GBR,0.0182,3,True
2018-12-01,ZAF,GBR,0.0088,2,True
2019-01-01,ZAF,GBR,0.0096,1,True
2019-02-01,ZAF,GBR,0.0085,1,True
2019-03-01,ZAF,GBR,0.0109,1,True
2019-04-01,ZAF,GBR,0.0099,1,True
2019-05-01,ZAF,GBR,0.0236,1,True
2019-06-01,ZAF,GBR,0.0161,1,True
2019-07-01,ZAF,GBR,0.0115,1,True
2019-08-01,ZAF,GBR,0.0096,1,True
2019-09-01,ZAF,GBR,0.003,1,True
2019-10-01,ZAF,GBR,0.0011,1,True
2019-11-01,ZAF,GBR,0.0007,1,True
2019-12-01,ZAF,GBR,0.0029,1,True
2020-01-01,ZAF,GBR,0.0015,1,True
2020-02-01,ZAF,GBR,0.1099,1,False
2020-03-01,ZAF,GBR,0.0658,1,False
2020-04-01,ZAF,GBR,0.1478,2,False
2020-05-01,ZAF,GBR,0.047,4,True
2020-06-01,ZAF,GBR,0.0153,3,True
2020-07-01,ZAF,GBR,0.0052,2,True
2020-08-01,ZAF,GBR,0.0021,2,True
2020-09-01,ZAF,GBR,0.107,4,False
2020-10-01,ZAF,GBR,0.1722,4,False
2020-11-01,ZAF,GBR,0.1173,4,False
2020-12-01,ZAF,GBR,0.1984,4,False
2021-01-01,ZAF,GBR,0.294,3,False
2021-02-01,ZAF,GBR,0.3321,3,False
2021-03-01,ZAF,GBR,0.3598,3,False
2021-04-01,ZAF,GBR,0.4381,3,False
2021-05-01,ZAF,GBR,0.5666,3,False
2021-06-01,ZAF,GBR,0.4564,3,False
2021-07-01,ZAF,GBR,0.3673,1,False
2021-08-01,ZAF,GBR,0.3674,1,False
2021-09-01,ZAF,GBR,0.3499,4,False
2021-10-01,ZAF,GBR,0.347,3,False
2021-11-01,ZAF,GBR,0.3442,2,False
2021-12-01,ZAF,GBR,0.3417,4,False
2022-01-01,ZAF,GBR,0.3828,4,False
2022-02-01,ZAF,GBR,0.6362,4,False
2022-03-01,ZAF,GBR,0.7591,2,False
2022-04-01,ZAF,GBR,0.6451,1,False
2022-05-01,ZAF,GBR,0.3717,1,False
2022-06-01,ZAF,GBR,0.449,4,False
2022-07-01,ZAF,GBR,0.5646,3,False
2022-08-01,ZAF,GBR,0.6303,3,False
2022-09-01,ZAF,GBR,0.5389,4,False
2022-10-01,ZAF,GBR,0.4384,3,False
2022-11-01,ZAF,GBR,0.4295,3,False
2022-12-01,ZAF,GBR,0.5165,4,False
2023-01-01,ZAF,GBR,0.4114,4,False
2023-02-01,ZAF,GBR,0.4146,4,False
2023-03-01,ZAF,GBR,0.4035,3,False
2023-04-01,ZAF,GBR,0.3496,1,False
2023-05-01,ZAF,GBR,0.3471,3,False
2023-06-01,ZAF,GBR,0.3472,1,False
2023-07-01,ZAF,GBR,0.2245,1,False
2023-08-01,ZAF,GBR,0.1121,1,False
2023-09-01,ZAF,GBR,0.0966,1,False
2023-10-01,ZAF,GBR,0.1436,1,False
2023-11-01,ZAF,GBR,0.0769,1,False
2023-12-01,ZAF,GBR,0.1042,3,False
2024-01-01,ZAF,GBR,0.1266,3,False
2024-02-01,ZAF,GBR,0.1022,4,False
2024-03-01,ZAF,GBR,0.1364,4,False
2024-04-01,ZAF,GBR,0.0548,4,False
2024-05-01,ZAF,GBR,0.1229,4,False
2024-06-01,ZAF,GBR,0.1062,4,False
2024-07-01,ZAF,GBR,0.0262,4,True
2024-08-01,ZAF,GBR,0.0443,4,True
2024-09-01,ZAF,GBR,0.0426,4,True
2024-10-01,ZAF,GBR,0.0767,4,False
2024-11-01,ZAF,GBR,0.1049,4,False
2024-12-01,ZAF,GBR,0.1305,4,False
2025-01-01,ZAF,GBR,0.0555,4,False
2025-02-01,ZAF,GBR,0.1331,4,False
2025-03-01,ZAF,GBR,0.1517,4,False
2025-04-01,ZAF,GBR,0.1203,4,False
2025-05-01,ZAF,GBR,0.0994,4,False
2025-06-01,ZAF,GBR,0.3642,4,False
2025-07-01,ZAF,GBR,0.414,2,False
2025-08-01,ZAF,GBR,0.4285,2,False
2025-09-01,ZAF,GBR,0.343,2,False
2025-10-01,ZAF,GBR,0.3075,2,False
2025-11-01,ZAF,GBR,0.3021,2,False
2025-12-01,ZAF,GBR,0.2922,2,False
2026-01-01,ZAF,GBR,0.1289,3,False
2026-02-01,ZAF,GBR,0.096,2,False
2026-03-01,ZAF,GBR,0.0227,3,True
2015-01-01,ZAF,USA,0.0406,1,True
2015-02-01,ZAF,USA,0.0861,1,False
2015-03-01,ZAF,USA,0.0813,1,False
2015-04-01,ZAF,USA,0.0883,1,False
2015-05-01,ZAF,USA,0.0982,1,False
2015-06-01,ZAF,USA,0.0979,1,False
2015-07-01,ZAF,USA,0.0835,1,False
2015-08-01,ZAF,USA,0.1334,1,False
2015-09-01,ZAF,USA,0.1885,1,False
2015-10-01,ZAF,USA,0.3781,1,False
2015-11-01,ZAF,USA,0.1773,1,False
2015-12-01,ZAF,USA,0.179,1,False
2016-01-01,ZAF,USA,0.1596,1,False
2016-02-01,ZAF,USA,0.3253,1,False
2016-03-01,ZAF,USA,0.1247,1,False
2016-04-01,ZAF,USA,0.3184,1,False
2016-05-01,ZAF,USA,0.5664,1,False
2016-06-01,ZAF,USA,0.5273,4,False
2016-07-01,ZAF,USA,0.664,3,False
2016-08-01,ZAF,USA,0.6589,4,False
2016-09-01,ZAF,USA,0.5458,4,False
2016-10-01,ZAF,USA,0.4593,3,False
2016-11-01,ZAF,USA,0.451,3,False
2016-12-01,ZAF,USA,0.4995,2,False
2017-01-01,ZAF,USA,0.3847,1,False
2017-02-01,ZAF,USA,0.3159,2,False
2017-03-01,ZAF,USA,0.308,3,False
2017-04-01,ZAF,USA,0.1639,2,False
2017-05-01,ZAF,USA,0.2144,1,False
2017-06-01,ZAF,USA,0.1489,1,False
2017-07-01,ZAF,USA,0.1285,1,False
2017-08-01,ZAF,USA,0.1819,1,False
2017-09-01,ZAF,USA,0.4061,1,False
2017-10-01,ZAF,USA,0.6657,1,False
2017-11-01,ZAF,USA,0.5726,1,False
2017-12-01,ZAF,USA,0.594,1,False
2018-01-01,ZAF,USA,0.3824,1,False
2018-02-01,ZAF,USA,0.4064,1,False
2018-03-01,ZAF,USA,0.5168,1,False
2018-04-01,ZAF,USA,0.6867,1,False
2018-05-01,ZAF,USA,0.8384,4,False
2018-06-01,ZAF,USA,0.8406,4,False
2018-07-01,ZAF,USA,0.8662,4,False
2018-08-01,ZAF,USA,0.7403,2,False
2018-09-01,ZAF,USA,0.5175,1,False
2018-10-01,ZAF,USA,0.4346,1,False
2018-11-01,ZAF,USA,0.4255,1,False
2018-12-01,ZAF,USA,0.386,1,False
2019-01-01,ZAF,USA,0.485,2,False
2019-02-01,ZAF,USA,0.296,4,False
2019-03-01,ZAF,USA,0.3227,4,False
2019-04-01,ZAF,USA,0.1185,4,False
2019-05-01,ZAF,USA,0.1099,4,False
2019-06-01,ZAF,USA,0.1746,4,False
2019-07-01,ZAF,USA,0.2309,4,False
2019-08-01,ZAF,USA,0.247,4,False
2019-09-01,ZAF,USA,0.2049,2,False
2019-10-01,ZAF,USA,0.2325,2,False
2019-11-01,ZAF,USA,0.0265,4,True
2019-12-01,ZAF,USA,0.0059,3,True
2020-01-01,ZAF,USA,0.005,2,True
2020-02-01,ZAF,USA,0.0003,1,True
2020-03-01,ZAF,USA,0.0009,1,True
2020-04-01,ZAF,USA,0.0085,1,True
2020-05-01,ZAF,USA,0.0586,3,False
2020-06-01,ZAF,USA,0.0928,3,False
2020-07-01,ZAF,USA,0.0425,1,True
2020-08-01,ZAF,USA,0.0316,1,True
2020-09-01,ZAF,USA,0.0186,1,True
2020-10-01,ZAF,USA,0.0203,1,True
2020-11-01,ZAF,USA,0.022,1,True
2020-12-01,ZAF,USA,0.0232,1,True
2021-01-01,ZAF,USA,0.0204,1,True
2021-02-01,ZAF,USA,0.0206,1,True
2021-03-01,ZAF,USA,0.0192,1,True
2021-04-01,ZAF,USA,0.006,1,True
2021-05-01,ZAF,USA,0.0001,1,True
2021-06-01,ZAF,USA,0.0,1,True
2021-07-01,ZAF,USA,0.0,1,True
2021-08-01,ZAF,USA,0.0002,1,True
2021-09-01,ZAF,USA,0.0008,1,True
2021-10-01,ZAF,USA,0.0004,1,True
2021-11-01,ZAF,USA,0.0007,1,True
2021-12-01,ZAF,USA,0.0005,1,True
2022-01-01,ZAF,USA,0.0013,1,True
2022-02-01,ZAF,USA,0.0012,1,True
2022-03-01,ZAF,USA,0.0006,1,True
2022-04-01,ZAF,USA,0.0003,1,True
2022-05-01,ZAF,USA,0.0014,1,True
2022-06-01,ZAF,USA,0.0016,1,True
2022-07-01,ZAF,USA,0.0007,1,True
2022-08-01,ZAF,USA,0.0002,1,True
2022-09-01,ZAF,USA,0.0002,1,True
2022-10-01,ZAF,USA,0.0004,1,True
2022-11-01,ZAF,USA,0.0002,1,True
2022-12-01,ZAF,USA,0.0001,1,True
2023-01-01,ZAF,USA,0.0,1,True
2023-02-01,ZAF,USA,0.0001,1,True
2023-03-01,ZAF,USA,0.0001,1,True
2023-04-01,ZAF,USA,0.0,1,True
2023-05-01,ZAF,USA,0.0002,1,True
2023-06-01,ZAF,USA,0.0,1,True
2023-07-01,ZAF,USA,0.0,1,True
2023-08-01,ZAF,USA,0.0,1,True
2023-09-01,ZAF,USA,0.0,1,True
2023-10-01,ZAF,USA,0.0,1,True
2023-11-01,ZAF,USA,0.0,1,True
2023-12-01,ZAF,USA,0.0,1,True
2024-01-01,ZAF,USA,0.0,1,True
2024-02-01,ZAF,USA,0.0,1,True
2024-03-01,ZAF,USA,0.0,1,True
2024-04-01,ZAF,USA,0.0,1,True
2024-05-01,ZAF,USA,0.0,3,True
2024-06-01,ZAF,USA,0.0,3,True
2024-07-01,ZAF,USA,0.0,3,True
2024-08-01,ZAF,USA,0.0,1,True
2024-09-01,ZAF,USA,0.0,1,True
2024-10-01,ZAF,USA,0.0001,1,True
2024-11-01,ZAF,USA,0.0002,1,True
2024-12-01,ZAF,USA,0.0005,1,True
2025-01-01,ZAF,USA,0.0009,1,True
2025-02-01,ZAF,USA,0.002,1,True
2025-03-01,ZAF,USA,0.0162,1,True
2025-04-01,ZAF,USA,0.0317,1,True
2025-05-01,ZAF,USA,0.0878,1,False
2025-06-01,ZAF,USA,0.307,1,False
2025-07-01,ZAF,USA,0.3276,1,False
2025-08-01,ZAF,USA,0.3892,1,False
2025-09-01,ZAF,USA,0.5394,1,False
2025-10-01,ZAF,USA,0.5537,2,False
2025-11-01,ZAF,USA,0.4805,4,False
2025-12-01,ZAF,USA,0.3281,2,False
2026-01-01,ZAF,USA,0.0419,4,True
2026-02-01,ZAF,USA,0.1328,4,False
2026-03-01,ZAF,USA,0.062,2,False
2015-01-01,ZAF,DEU,0.042,2,True
2015-02-01,ZAF,DEU,0.1637,2,False
2015-03-01,ZAF,DEU,0.1161,1,False
2015-04-01,ZAF,DEU,0.0377,1,True
2015-05-01,ZAF,DEU,0.0082,1,True
2015-06-01,ZAF,DEU,0.0028,1,True
2015-07-01,ZAF,DEU,0.022,1,True
2015-08-01,ZAF,DEU,0.0336,1,True
2015-09-01,ZAF,DEU,0.0536,1,False
2015-10-01,ZAF,DEU,0.1171,1,False
2015-11-01,ZAF,DEU,0.0789,1,False
2015-12-01,ZAF,DEU,0.3266,1,False
2016-01-01,ZAF,DEU,0.3549,1,False
2016-02-01,ZAF,DEU,0.3608,1,False
2016-03-01,ZAF,DEU,0.2199,1,False
2016-04-01,ZAF,DEU,0.2965,1,False
2016-05-01,ZAF,DEU,0.1706,1,False
2016-06-01,ZAF,DEU,0.1616,1,False
2016-07-01,ZAF,DEU,0.1804,1,False
2016-08-01,ZAF,DEU,0.2242,1,False
2016-09-01,ZAF,DEU,0.1715,1,False
2016-10-01,ZAF,DEU,0.2111,1,False
2016-11-01,ZAF,DEU,0.2159,1,False
2016-12-01,ZAF,DEU,0.2648,1,False
2017-01-01,ZAF,DEU,0.3387,4,False
2017-02-01,ZAF,DEU,0.4427,4,False
2017-03-01,ZAF,DEU,0.3312,3,False
2017-04-01,ZAF,DEU,0.3344,3,False
2017-05-01,ZAF,DEU,0.2159,3,False
2017-06-01,ZAF,DEU,0.2138,3,False
2017-07-01,ZAF,DEU,0.1436,4,False
2017-08-01,ZAF,DEU,0.0749,4,False
2017-09-01,ZAF,DEU,0.1265,3,False
2017-10-01,ZAF,DEU,0.0849,4,False
2017-11-01,ZAF,DEU,0.0727,3,False
2017-12-01,ZAF,DEU,0.1249,3,False
2018-01-01,ZAF,DEU,0.2093,3,False
2018-02-01,ZAF,DEU,0.1197,4,False
2018-03-01,ZAF,DEU,0.0432,3,True
2018-04-01,ZAF,DEU,0.1102,2,False
2018-05-01,ZAF,DEU,0.1261,2,False
2018-06-01,ZAF,DEU,0.3392,2,False
2018-07-01,ZAF,DEU,0.3746,2,False
2018-08-01,ZAF,DEU,0.4965,2,False
2018-09-01,ZAF,DEU,0.4511,2,False
2018-10-01,ZAF,DEU,0.6316,2,False
2018-11-01,ZAF,DEU,0.5137,4,False
2018-12-01,ZAF,DEU,0.4353,3,False
2019-01-01,ZAF,DEU,0.4318,3,False
2019-02-01,ZAF,DEU,0.1811,2,False
2019-03-01,ZAF,DEU,0.2929,2,False
2019-04-01,ZAF,DEU,0.3803,2,False
2019-05-01,ZAF,DEU,0.2761,2,False
2019-06-01,ZAF,DEU,0.2445,2,False
2019-07-01,ZAF,DEU,0.2634,2,False
2019-08-01,ZAF,DEU,0.2789,2,False
2019-09-01,ZAF,DEU,0.1388,2,False
2019-10-01,ZAF,DEU,0.1163,2,False
2019-11-01,ZAF,DEU,0.2351,1,False
2019-12-01,ZAF,DEU,0.387,1,False
2020-01-01,ZAF,DEU,0.3594,2,False
2020-02-01,ZAF,DEU,0.425,2,False
2020-03-01,ZAF,DEU,0.2,2,False
2020-04-01,ZAF,DEU,0.4472,2,False
2020-05-01,ZAF,DEU,0.371,2,False
2020-06-01,ZAF,DEU,0.1395,2,False
2020-07-01,ZAF,DEU,0.0482,2,True
2020-08-01,ZAF,DEU,0.0814,1,False
2020-09-01,ZAF,DEU,0.1249,1,False
2020-10-01,ZAF,DEU,0.1461,1,False
2020-11-01,ZAF,DEU,0.2082,1,False
2020-12-01,ZAF,DEU,0.287,1,False
2021-01-01,ZAF,DEU,0.308,1,False
2021-02-01,ZAF,DEU,0.1979,1,False
2021-03-01,ZAF,DEU,0.2136,3,False
2021-04-01,ZAF,DEU,0.2029,3,False
2021-05-01,ZAF,DEU,0.2924,4,False
2021-06-01,ZAF,DEU,0.3709,4,False
2021-07-01,ZAF,DEU,0.5591,4,False
2021-08-01,ZAF,DEU,0.488,4,False
2021-09-01,ZAF,DEU,0.2975,4,False
2021-10-01,ZAF,DEU,0.3256,4,False
2021-11-01,ZAF,DEU,0.4414,4,False
2021-12-01,ZAF,DEU,0.6389,4,False
2022-01-01,ZAF,DEU,0.4552,4,False
2022-02-01,ZAF,DEU,0.3664,4,False
2022-03-01,ZAF,DEU,0.3952,4,False
2022-04-01,ZAF,DEU,0.4833,2,False
2022-05-01,ZAF,DEU,0.4734,2,False
2022-06-01,ZAF,DEU,0.4159,2,False
2022-07-01,ZAF,DEU,0.2769,2,False
2022-08-01,ZAF,DEU,0.2689,2,False
2022-09-01,ZAF,DEU,0.2408,2,False
2022-10-01,ZAF,DEU,0.0942,2,False
2022-11-01,ZAF,DEU,0.1005,2,False
2022-12-01,ZAF,DEU,0.0941,2,False
2023-01-01,ZAF,DEU,0.0719,2,False
2023-02-01,ZAF,DEU,0.0297,3,True
2023-03-01,ZAF,DEU,0.0164,3,True
2023-04-01,ZAF,DEU,0.0165,2,True
2023-05-01,ZAF,DEU,0.0179,2,True
2023-06-01,ZAF,DEU,0.1047,3,False
2023-07-01,ZAF,DEU,0.0784,4,False
2023-08-01,ZAF,DEU,0.092,4,False
2023-09-01,ZAF,DEU,0.0906,4,False
2023-10-01,ZAF,DEU,0.0146,3,True
2023-11-01,ZAF,DEU,0.0065,3,True
2023-12-01,ZAF,DEU,0.0075,3,True
2024-01-01,ZAF,DEU,0.0026,3,True
2024-02-01,ZAF,DEU,0.009,4,True
2024-03-01,ZAF,DEU,0.0021,4,True
2024-04-01,ZAF,DEU,0.0007,4,True
2024-05-01,ZAF,DEU,0.0006,3,True
2024-06-01,ZAF,DEU,0.0003,4,True
2024-07-01,ZAF,DEU,0.0002,4,True
2024-08-01,ZAF,DEU,0.0003,3,True
2024-09-01,ZAF,DEU,0.0004,4,True
2024-10-01,ZAF,DEU,0.0002,4,True
2024-11-01,ZAF,DEU,0.0003,4,True
2024-12-01,ZAF,DEU,0.0,4,True
2025-01-01,ZAF,DEU,0.0003,4,True
2025-02-01,ZAF,DEU,0.0003,3,True
2025-03-01,ZAF,DEU,0.0004,3,True
2025-04-01,ZAF,DEU,0.0006,3,True
2025-05-01,ZAF,DEU,0.0045,3,True
2025-06-01,ZAF,DEU,0.0374,3,True
2025-07-01,ZAF,DEU,0.1022,3,False
2025-08-01,ZAF,DEU,0.0502,3,False
2025-09-01,ZAF,DEU,0.0346,3,True
2025-10-01,ZAF,DEU,0.0116,2,True
2025-11-01,ZAF,DEU,0.0153,2,True
2025-12-01,ZAF,DEU,0.0278,2,True
2026-01-01,ZAF,DEU,0.016,2,True
2026-02-01,ZAF,DEU,0.0178,2,True
2026-03-01,ZAF,DEU,0.0155,2,True
2015-01-01,ZAF,FRA,0.0742,1,False
2015-02-01,ZAF,FRA,0.2354,2,False
2015-03-01,ZAF,FRA,0.1283,1,False
2015-04-01,ZAF,FRA,0.0353,1,True
2015-05-01,ZAF,FRA,0.0285,1,True
2015-06-01,ZAF,FRA,0.0164,1,True
2015-07-01,ZAF,FRA,0.0225,1,True
2015-08-01,ZAF,FRA,0.107,1,False
2015-09-01,ZAF,FRA,0.1527,1,False
2015-10-01,ZAF,FRA,0.1756,2,False
2015-11-01,ZAF,FRA,0.0591,1,False
2015-12-01,ZAF,FRA,0.0827,1,False
2016-01-01,ZAF,FRA,0.079,1,False
2016-02-01,ZAF,FRA,0.0529,1,False
2016-03-01,ZAF,FRA,0.0165,1,True
2016-04-01,ZAF,FRA,0.0323,1,True
2016-05-01,ZAF,FRA,0.0432,1,True
2016-06-01,ZAF,FRA,0.1283,1,False
2016-07-01,ZAF,FRA,0.3207,1,False
2016-08-01,ZAF,FRA,0.4136,1,False
2016-09-01,ZAF,FRA,0.4236,1,False
2016-10-01,ZAF,FRA,0.465,1,False
2016-11-01,ZAF,FRA,0.5408,1,False
2016-12-01,ZAF,FRA,0.6185,3,False
2017-01-01,ZAF,FRA,0.4809,2,False
2017-02-01,ZAF,FRA,0.3028,2,False
2017-03-01,ZAF,FRA,0.3928,3,False
2017-04-01,ZAF,FRA,0.4083,3,False
2017-05-01,ZAF,FRA,0.4719,2,False
2017-06-01,ZAF,FRA,0.3457,1,False
2017-07-01,ZAF,FRA,0.3327,1,False
2017-08-01,ZAF,FRA,0.3259,1,False
2017-09-01,ZAF,FRA,0.4819,1,False
2017-10-01,ZAF,FRA,0.6109,4,False
2017-11-01,ZAF,FRA,0.6066,3,False
2017-12-01,ZAF,FRA,0.5538,2,False
2018-01-01,ZAF,FRA,0.531,2,False
2018-02-01,ZAF,FRA,0.7959,1,False
2018-03-01,ZAF,FRA,0.5286,1,False
2018-04-01,ZAF,FRA,0.7934,2,False
2018-05-01,ZAF,FRA,0.8438,1,False
2018-06-01,ZAF,FRA,0.9295,3,False
2018-07-01,ZAF,FRA,0.8658,1,False
2018-08-01,ZAF,FRA,0.7573,1,False
2018-09-01,ZAF,FRA,0.6537,1,False
2018-10-01,ZAF,FRA,0.6243,1,False
2018-11-01,ZAF,FRA,0.4083,4,False
2018-12-01,ZAF,FRA,0.155,4,False
2019-01-01,ZAF,FRA,0.1501,4,False
2019-02-01,ZAF,FRA,0.0669,2,False
2019-03-01,ZAF,FRA,0.0968,2,False
2019-04-01,ZAF,FRA,0.1333,4,False
2019-05-01,ZAF,FRA,0.1141,4,False
2019-06-01,ZAF,FRA,0.2106,2,False
2019-07-01,ZAF,FRA,0.1708,2,False
2019-08-01,ZAF,FRA,0.1814,2,False
2019-09-01,ZAF,FRA,0.1539,2,False
2019-10-01,ZAF,FRA,0.0325,4,True
2019-11-01,ZAF,FRA,0.0168,3,True
2019-12-01,ZAF,FRA,0.0165,3,True
2020-01-01,ZAF,FRA,0.0086,4,True
2020-02-01,ZAF,FRA,0.0037,3,True
2020-03-01,ZAF,FRA,0.0027,2,True
2020-04-01,ZAF,FRA,0.0132,3,True
2020-05-01,ZAF,FRA,0.0028,3,True
2020-06-01,ZAF,FRA,0.0035,3,True
2020-07-01,ZAF,FRA,0.0599,3,False
2020-08-01,ZAF,FRA,0.0262,3,True
2020-09-01,ZAF,FRA,0.0063,3,True
2020-10-01,ZAF,FRA,0.0014,3,True
2020-11-01,ZAF,FRA,0.0083,3,True
2020-12-01,ZAF,FRA,0.0091,3,True
2021-01-01,ZAF,FRA,0.0101,3,True
2021-02-01,ZAF,FRA,0.0158,3,True
2021-03-01,ZAF,FRA,0.024,3,True
2021-04-01,ZAF,FRA,0.009,3,True
2021-05-01,ZAF,FRA,0.0108,3,True
2021-06-01,ZAF,FRA,0.0078,4,True
2021-07-01,ZAF,FRA,0.0496,3,True
2021-08-01,ZAF,FRA,0.0521,3,False
2021-09-01,ZAF,FRA,0.0128,4,True
2021-10-01,ZAF,FRA,0.01,3,True
2021-11-01,ZAF,FRA,0.0098,4,True
2021-12-01,ZAF,FRA,0.0091,4,True
2022-01-01,ZAF,FRA,0.0061,4,True
2022-02-01,ZAF,FRA,0.0099,3,True
2022-03-01,ZAF,FRA,0.1061,3,False
2022-04-01,ZAF,FRA,0.1124,3,False
2022-05-01,ZAF,FRA,0.1523,3,False
2022-06-01,ZAF,FRA,0.1275,3,False
2022-07-01,ZAF,FRA,0.0894,3,False
2022-08-01,ZAF,FRA,0.0868,3,False
2022-09-01,ZAF,FRA,0.0774,3,False
2022-10-01,ZAF,FRA,0.0936,3,False
2022-11-01,ZAF,FRA,0.0645,3,False
2022-12-01,ZAF,FRA,0.0725,3,False
2023-01-01,ZAF,FRA,0.1165,4,False
2023-02-01,ZAF,FRA,0.1273,4,False
2023-03-01,ZAF,FRA,0.0821,4,False
2023-04-01,ZAF,FRA,0.1209,3,False
2023-05-01,ZAF,FRA,0.1544,3,False
2023-06-01,ZAF,FRA,0.2466,3,False
2023-07-01,ZAF,FRA,0.2596,4,False
2023-08-01,ZAF,FRA,0.2493,4,False
2023-09-01,ZAF,FRA,0.5311,3,False
2023-10-01,ZAF,FRA,0.6099,3,False
2023-11-01,ZAF,FRA,0.1854,3,False
2023-12-01,ZAF,FRA,0.1306,3,False
2024-01-01,ZAF,FRA,0.1224,2,False
2024-02-01,ZAF,FRA,0.1947,2,False
2024-03-01,ZAF,FRA,0.1996,2,False
2024-04-01,ZAF,FRA,0.1533,4,False
2024-05-01,ZAF,FRA,0.159,3,False
2024-06-01,ZAF,FRA,0.109,2,False
2024-07-01,ZAF,FRA,0.1645,2,False
2024-08-01,ZAF,FRA,0.1582,2,False
2024-09-01,ZAF,FRA,0.2038,2,False
2024-10-01,ZAF,FRA,0.1936,2,False
2024-11-01,ZAF,FRA,0.1981,2,False
2024-12-01,ZAF,FRA,0.2001,2,False
2025-01-01,ZAF,FRA,0.3459,2,False
2025-02-01,ZAF,FRA,0.4933,2,False
2025-03-01,ZAF,FRA,0.294,2,False
2025-04-01,ZAF,FRA,0.3361,2,False
2025-05-01,ZAF,FRA,0.2323,2,False
2025-06-01,ZAF,FRA,0.197,2,False
2025-07-01,ZAF,FRA,0.1534,2,False
2025-08-01,ZAF,FRA,0.1265,2,False
2025-09-01,ZAF,FRA,0.1614,2,False
2025-10-01,ZAF,FRA,0.1667,2,False
2025-11-01,ZAF,FRA,0.2031,2,False
2025-12-01,ZAF,FRA,0.2229,2,False
2026-01-01,ZAF,FRA,0.2415,3,False
2026-02-01,ZAF,FRA,0.0971,3,False
2026-03-01,ZAF,FRA,0.1269,3,False
2015-01-01,ZAF,JPN,0.194,4,False
2015-02-01,ZAF,JPN,0.2768,4,False
2015-03-01,ZAF,JPN,0.4755,4,False
2015-04-01,ZAF,JPN,0.4696,4,False
2015-05-01,ZAF,JPN,0.1291,2,False
2015-06-01,ZAF,JPN,0.1327,1,False
2015-07-01,ZAF,JPN,0.0962,1,False
2015-08-01,ZAF,JPN,0.0785,1,False
2015-09-01,ZAF,JPN,0.0718,1,False
2015-10-01,ZAF,JPN,0.0644,1,False
2015-11-01,ZAF,JPN,0.0943,1,False
2015-12-01,ZAF,JPN,0.0755,1,False
2016-01-01,ZAF,JPN,0.0618,1,False
2016-02-01,ZAF,JPN,0.0369,1,True
2016-03-01,ZAF,JPN,0.0145,1,True
2016-04-01,ZAF,JPN,0.0422,1,True
2016-05-01,ZAF,JPN,0.1162,1,False
2016-06-01,ZAF,JPN,0.2094,1,False
2016-07-01,ZAF,JPN,0.192,1,False
2016-08-01,ZAF,JPN,0.2454,1,False
2016-09-01,ZAF,JPN,0.3117,1,False
2016-10-01,ZAF,JPN,0.3331,1,False
2016-11-01,ZAF,JPN,0.225,1,False
2016-12-01,ZAF,JPN,0.173,1,False
2017-01-01,ZAF,JPN,0.2334,1,False
2017-02-01,ZAF,JPN,0.2026,1,False
2017-03-01,ZAF,JPN,0.2465,1,False
2017-04-01,ZAF,JPN,0.1109,1,False
2017-05-01,ZAF,JPN,0.1223,1,False
2017-06-01,ZAF,JPN,0.1511,1,False
2017-07-01,ZAF,JPN,0.2006,1,False
2017-08-01,ZAF,JPN,0.2796,1,False
2017-09-01,ZAF,JPN,0.3658,2,False
2017-10-01,ZAF,JPN,0.5514,2,False
2017-11-01,ZAF,JPN,0.3785,3,False
2017-12-01,ZAF,JPN,0.3935,2,False
2018-01-01,ZAF,JPN,0.2977,2,False
2018-02-01,ZAF,JPN,0.2477,2,False
2018-03-01,ZAF,JPN,0.1437,1,False
2018-04-01,ZAF,JPN,0.3452,1,False
2018-05-01,ZAF,JPN,0.4353,2,False
2018-06-01,ZAF,JPN,0.3817,1,False
2018-07-01,ZAF,JPN,0.3139,1,False
2018-08-01,ZAF,JPN,0.234,1,False
2018-09-01,ZAF,JPN,0.2307,1,False
2018-10-01,ZAF,JPN,0.2468,2,False
2018-11-01,ZAF,JPN,0.3039,1,False
2018-12-01,ZAF,JPN,0.1278,2,False
2019-01-01,ZAF,JPN,0.1021,2,False
2019-02-01,ZAF,JPN,0.0508,4,False
2019-03-01,ZAF,JPN,0.0608,4,False
2019-04-01,ZAF,JPN,0.0486,4,True
2019-05-01,ZAF,JPN,0.039,4,True
2019-06-01,ZAF,JPN,0.0294,4,True
2019-07-01,ZAF,JPN,0.0735,4,False
2019-08-01,ZAF,JPN,0.0777,4,False
2019-09-01,ZAF,JPN,0.0861,4,False
2019-10-01,ZAF,JPN,0.1309,4,False
2019-11-01,ZAF,JPN,0.0586,4,False
2019-12-01,ZAF,JPN,0.0682,4,False
2020-01-01,ZAF,JPN,0.0655,4,False
2020-02-01,ZAF,JPN,0.0783,4,False
2020-03-01,ZAF,JPN,0.0891,4,False
2020-04-01,ZAF,JPN,0.1015,4,False
2020-05-01,ZAF,JPN,0.1605,4,False
2020-06-01,ZAF,JPN,0.1521,4,False
2020-07-01,ZAF,JPN,0.1507,4,False
2020-08-01,ZAF,JPN,0.0954,3,False
2020-09-01,ZAF,JPN,0.0616,3,False
2020-10-01,ZAF,JPN,0.0187,3,True
2020-11-01,ZAF,JPN,0.0257,3,True
2020-12-01,ZAF,JPN,0.0485,3,True
2021-01-01,ZAF,JPN,0.0523,3,False
2021-02-01,ZAF,JPN,0.0429,3,True
2021-03-01,ZAF,JPN,0.0512,3,False
2021-04-01,ZAF,JPN,0.0339,3,True
2021-05-01,ZAF,JPN,0.1288,3,False
2021-06-01,ZAF,JPN,0.1102,3,False
2021-07-01,ZAF,JPN,0.1096,3,False
2021-08-01,ZAF,JPN,0.1501,4,False
2021-09-01,ZAF,JPN,0.0192,4,True
2021-10-01,ZAF,JPN,0.0161,4,True
2021-11-01,ZAF,JPN,0.0291,3,True
2021-12-01,ZAF,JPN,0.0294,3,True
2022-01-01,ZAF,JPN,0.1202,3,False
2022-02-01,ZAF,JPN,0.0587,3,False
2022-03-01,ZAF,JPN,0.0274,1,True
2022-04-01,ZAF,JPN,0.0168,1,True
2022-05-01,ZAF,JPN,0.0187,1,True
2022-06-01,ZAF,JPN,0.0283,1,True
2022-07-01,ZAF,JPN,0.0097,1,True
2022-08-01,ZAF,JPN,0.0151,1,True
2022-09-01,ZAF,JPN,0.0176,3,True
2022-10-01,ZAF,JPN,0.008,3,True
2022-11-01,ZAF,JPN,0.0103,3,True
2022-12-01,ZAF,JPN,0.0047,1,True
2023-01-01,ZAF,JPN,0.0037,1,True
2023-02-01,ZAF,JPN,0.0047,1,True
2023-03-01,ZAF,JPN,0.0045,1,True
2023-04-01,ZAF,JPN,0.0081,1,True
2023-05-01,ZAF,JPN,0.0038,3,True
2023-06-01,ZAF,JPN,0.0028,3,True
2023-07-01,ZAF,JPN,0.0043,3,True
2023-08-01,ZAF,JPN,0.0237,1,True
2023-09-01,ZAF,JPN,0.0811,1,False
2023-10-01,ZAF,JPN,0.0691,1,False
2023-11-01,ZAF,JPN,0.1165,1,False
2023-12-01,ZAF,JPN,0.1877,1,False
2024-01-01,ZAF,JPN,0.1835,4,False
2024-02-01,ZAF,JPN,0.0936,1,False
2024-03-01,ZAF,JPN,0.1064,1,False
2024-04-01,ZAF,JPN,0.3774,3,False
2024-05-01,ZAF,JPN,0.3957,3,False
2024-06-01,ZAF,JPN,0.4814,2,False
2024-07-01,ZAF,JPN,0.4587,3,False
2024-08-01,ZAF,JPN,0.4319,2,False
2024-09-01,ZAF,JPN,0.2456,4,False
2024-10-01,ZAF,JPN,0.1619,4,False
2024-11-01,ZAF,JPN,0.4144,1,False
2024-12-01,ZAF,JPN,0.6329,2,False
2025-01-01,ZAF,JPN,0.3566,4,False
2025-02-01,ZAF,JPN,0.5864,3,False
2025-03-01,ZAF,JPN,0.3982,4,False
2025-04-01,ZAF,JPN,0.3068,3,False
2025-05-01,ZAF,JPN,0.4587,1,False
2025-06-01,ZAF,JPN,0.7147,3,False
2025-07-01,ZAF,JPN,0.7282,2,False
2025-08-01,ZAF,JPN,0.726,2,False
2025-09-01,ZAF,JPN,0.745,2,False
2025-10-01,ZAF,JPN,0.7466,2,False
2025-11-01,ZAF,JPN,0.6982,2,False
2025-12-01,ZAF,JPN,0.661,2,False
2026-01-01,ZAF,JPN,0.4956,1,False
2026-02-01,ZAF,JPN,0.268,1,False
2026-03-01,ZAF,JPN,0.236,2,False
2015-01-01,MEX,IND,0.1195,2,False
2015-02-01,MEX,IND,0.1302,2,False
2015-03-01,MEX,IND,0.2199,2,False
2015-04-01,MEX,IND,0.2566,2,False
2015-05-01,MEX,IND,0.1761,2,False
2015-06-01,MEX,IND,0.1749,2,False
2015-07-01,MEX,IND,0.1895,3,False
2015-08-01,MEX,IND,0.0769,2,False
2015-09-01,MEX,IND,0.1141,2,False
2015-10-01,MEX,IND,0.1665,2,False
2015-11-01,MEX,IND,0.448,3,False
2015-12-01,MEX,IND,0.6313,3,False
2016-01-01,MEX,IND,0.6158,2,False
2016-02-01,MEX,IND,0.5091,4,False
2016-03-01,MEX,IND,0.3046,3,False
2016-04-01,MEX,IND,0.2811,3,False
2016-05-01,MEX,IND,0.2917,3,False
2016-06-01,MEX,IND,0.4056,3,False
2016-07-01,MEX,IND,0.52,3,False
2016-08-01,MEX,IND,0.6857,1,False
2016-09-01,MEX,IND,0.7483,2,False
2016-10-01,MEX,IND,0.4564,2,False
2016-11-01,MEX,IND,0.4303,2,False
2016-12-01,MEX,IND,0.5177,2,False
2017-01-01,MEX,IND,0.5544,2,False
2017-02-01,MEX,IND,0.6942,3,False
2017-03-01,MEX,IND,0.6417,1,False
2017-04-01,MEX,IND,0.6098,3,False
2017-05-01,MEX,IND,0.5567,3,False
2017-06-01,MEX,IND,0.522,2,False
2017-07-01,MEX,IND,0.4114,1,False
2017-08-01,MEX,IND,0.5256,3,False
2017-09-01,MEX,IND,0.4792,3,False
2017-10-01,MEX,IND,0.4534,3,False
2017-11-01,MEX,IND,0.4917,1,False
2017-12-01,MEX,IND,0.3384,3,False
2018-01-01,MEX,IND,0.4054,3,False
2018-02-01,MEX,IND,0.2066,1,False
2018-03-01,MEX,IND,0.2947,1,False
2018-04-01,MEX,IND,0.3471,1,False
2018-05-01,MEX,IND,0.3968,1,False
2018-06-01,MEX,IND,0.3804,1,False
2018-07-01,MEX,IND,0.3275,1,False
2018-08-01,MEX,IND,0.3122,1,False
2018-09-01,MEX,IND,0.1844,1,False
2018-10-01,MEX,IND,0.0731,1,False
2018-11-01,MEX,IND,0.0744,1,False
2018-12-01,MEX,IND,0.0892,1,False
2019-01-01,MEX,IND,0.0842,1,False
2019-02-01,MEX,IND,0.0679,1,False
2019-03-01,MEX,IND,0.0539,1,False
2019-04-01,MEX,IND,0.0312,1,True
2019-05-01,MEX,IND,0.0094,1,True
2019-06-01,MEX,IND,0.0109,1,True
2019-07-01,MEX,IND,0.0056,1,True
2019-08-01,MEX,IND,0.0442,1,True
2019-09-01,MEX,IND,0.1199,1,False
2019-10-01,MEX,IND,0.3225,4,False
2019-11-01,MEX,IND,0.379,4,False
2019-12-01,MEX,IND,0.3188,4,False
2020-01-01,MEX,IND,0.3188,1,False
2020-02-01,MEX,IND,0.2923,4,False
2020-03-01,MEX,IND,0.299,4,False
2020-04-01,MEX,IND,0.2902,2,False
2020-05-01,MEX,IND,0.2274,2,False
2020-06-01,MEX,IND,0.2575,2,False
2020-07-01,MEX,IND,0.4425,4,False
2020-08-01,MEX,IND,0.4727,2,False
2020-09-01,MEX,IND,0.5155,2,False
2020-10-01,MEX,IND,0.5283,4,False
2020-11-01,MEX,IND,0.5596,2,False
2020-12-01,MEX,IND,0.5052,2,False
2021-01-01,MEX,IND,0.3653,4,False
2021-02-01,MEX,IND,0.3129,4,False
2021-03-01,MEX,IND,0.1845,4,False
2021-04-01,MEX,IND,0.2532,4,False
2021-05-01,MEX,IND,0.1935,4,False
2021-06-01,MEX,IND,0.1899,4,False
2021-07-01,MEX,IND,0.2461,4,False
2021-08-01,MEX,IND,0.1628,4,False
2021-09-01,MEX,IND,0.351,4,False
2021-10-01,MEX,IND,0.4338,4,False
2021-11-01,MEX,IND,0.4419,4,False
2021-12-01,MEX,IND,0.3744,4,False
2022-01-01,MEX,IND,0.3569,4,False
2022-02-01,MEX,IND,0.4253,4,False
2022-03-01,MEX,IND,0.3677,4,False
2022-04-01,MEX,IND,0.4161,4,False
2022-05-01,MEX,IND,0.3109,4,False
2022-06-01,MEX,IND,0.2706,4,False
2022-07-01,MEX,IND,0.332,4,False
2022-08-01,MEX,IND,0.3002,4,False
2022-09-01,MEX,IND,0.0212,4,True
2022-10-01,MEX,IND,0.0182,4,True
2022-11-01,MEX,IND,0.0072,4,True
2022-12-01,MEX,IND,0.0004,4,True
2023-01-01,MEX,IND,0.0002,3,True
2023-02-01,MEX,IND,0.0001,3,True
2023-03-01,MEX,IND,0.0004,3,True
2023-04-01,MEX,IND,0.0006,3,True
2023-05-01,MEX,IND,0.0004,3,True
2023-06-01,MEX,IND,0.0002,3,True
2023-07-01,MEX,IND,0.0003,4,True
2023-08-01,MEX,IND,0.0187,4,True
2023-09-01,MEX,IND,0.0026,2,True
2023-10-01,MEX,IND,0.0014,2,True
2023-11-01,MEX,IND,0.029,2,True
2023-12-01,MEX,IND,0.0611,2,False
2024-01-01,MEX,IND,0.0395,2,True
2024-02-01,MEX,IND,0.0261,2,True
2024-03-01,MEX,IND,0.0622,2,False
2024-04-01,MEX,IND,0.0241,4,True
2024-05-01,MEX,IND,0.0229,2,True
2024-06-01,MEX,IND,0.0232,2,True
2024-07-01,MEX,IND,0.0285,2,True
2024-08-01,MEX,IND,0.0626,1,False
2024-09-01,MEX,IND,0.0794,1,False
2024-10-01,MEX,IND,0.0593,1,False
2024-11-01,MEX,IND,0.0605,1,False
2024-12-01,MEX,IND,0.0671,1,False
2025-01-01,MEX,IND,0.0569,2,False
2025-02-01,MEX,IND,0.0538,1,False
2025-03-01,MEX,IND,0.0569,1,False
2025-04-01,MEX,IND,0.084,1,False
2025-05-01,MEX,IND,0.0792,2,False
2025-06-01,MEX,IND,0.1192,2,False
2025-07-01,MEX,IND,0.1005,4,False
2025-08-01,MEX,IND,0.1265,2,False
2025-09-01,MEX,IND,0.1036,2,False
2025-10-01,MEX,IND,0.0763,2,False
2025-11-01,MEX,IND,0.0991,2,False
2025-12-01,MEX,IND,0.1542,1,False
2026-01-01,MEX,IND,0.1963,2,False
2026-02-01,MEX,IND,0.1778,4,False
2026-03-01,MEX,IND,0.1422,2,False
2015-01-01,MEX,CHN,0.402,1,False
2015-02-01,MEX,CHN,0.3319,4,False
2015-03-01,MEX,CHN,0.5563,4,False
2015-04-01,MEX,CHN,0.4228,4,False
2015-05-01,MEX,CHN,0.3169,4,False
2015-06-01,MEX,CHN,0.558,4,False
2015-07-01,MEX,CHN,0.575,4,False
2015-08-01,MEX,CHN,0.5302,4,False
2015-09-01,MEX,CHN,0.4843,4,False
2015-10-01,MEX,CHN,0.4893,4,False
2015-11-01,MEX,CHN,0.3425,4,False
2015-12-01,MEX,CHN,0.3471,4,False
2016-01-01,MEX,CHN,0.174,4,False
2016-02-01,MEX,CHN,0.468,1,False
2016-03-01,MEX,CHN,0.3811,1,False
2016-04-01,MEX,CHN,0.3681,1,False
2016-05-01,MEX,CHN,0.481,1,False
2016-06-01,MEX,CHN,0.603,1,False
2016-07-01,MEX,CHN,0.5349,3,False
2016-08-01,MEX,CHN,0.5564,3,False
2016-09-01,MEX,CHN,0.5544,3,False
2016-10-01,MEX,CHN,0.4042,1,False
2016-11-01,MEX,CHN,0.3913,1,False
2016-12-01,MEX,CHN,0.4293,1,False
2017-01-01,MEX,CHN,0.4269,1,False
2017-02-01,MEX,CHN,0.4918,4,False
2017-03-01,MEX,CHN,0.1243,4,False
2017-04-01,MEX,CHN,0.0776,4,False
2017-05-01,MEX,CHN,0.1106,4,False
2017-06-01,MEX,CHN,0.0807,1,False
2017-07-01,MEX,CHN,0.0435,1,True
2017-08-01,MEX,CHN,0.0129,1,True
2017-09-01,MEX,CHN,0.037,1,True
2017-10-01,MEX,CHN,0.013,3,True
2017-11-01,MEX,CHN,0.009,2,True
2017-12-01,MEX,CHN,0.0028,1,True
2018-01-01,MEX,CHN,0.0097,1,True
2018-02-01,MEX,CHN,0.0276,1,True
2018-03-01,MEX,CHN,0.0434,1,True
2018-04-01,MEX,CHN,0.0413,1,True
2018-05-01,MEX,CHN,0.0536,1,False
2018-06-01,MEX,CHN,0.0142,1,True
2018-07-01,MEX,CHN,0.0531,1,False
2018-08-01,MEX,CHN,0.0625,1,False
2018-09-01,MEX,CHN,0.0819,1,False
2018-10-01,MEX,CHN,0.1229,1,False
2018-11-01,MEX,CHN,0.136,3,False
2018-12-01,MEX,CHN,0.1471,3,False
2019-01-01,MEX,CHN,0.1738,2,False
2019-02-01,MEX,CHN,0.1011,4,False
2019-03-01,MEX,CHN,0.0549,4,False
2019-04-01,MEX,CHN,0.0611,4,False
2019-05-01,MEX,CHN,0.0536,4,False
2019-06-01,MEX,CHN,0.1375,2,False
2019-07-01,MEX,CHN,0.1193,2,False
2019-08-01,MEX,CHN,0.1543,2,False
2019-09-01,MEX,CHN,0.2561,2,False
2019-10-01,MEX,CHN,0.2212,2,False
2019-11-01,MEX,CHN,0.1831,3,False
2019-12-01,MEX,CHN,0.1129,2,False
2020-01-01,MEX,CHN,0.3221,2,False
2020-02-01,MEX,CHN,0.315,2,False
2020-03-01,MEX,CHN,0.5571,2,False
2020-04-01,MEX,CHN,0.6966,1,False
2020-05-01,MEX,CHN,0.7191,2,False
2020-06-01,MEX,CHN,0.5613,1,False
2020-07-01,MEX,CHN,0.7524,2,False
2020-08-01,MEX,CHN,0.4355,1,False
2020-09-01,MEX,CHN,0.8834,3,False
2020-10-01,MEX,CHN,0.5152,4,False
2020-11-01,MEX,CHN,0.1288,4,False
2020-12-01,MEX,CHN,0.0922,4,False
2021-01-01,MEX,CHN,0.0667,4,False
2021-02-01,MEX,CHN,0.0409,4,True
2021-03-01,MEX,CHN,0.0315,4,True
2021-04-01,MEX,CHN,0.0515,2,False
2021-05-01,MEX,CHN,0.0291,2,True
2021-06-01,MEX,CHN,0.024,2,True
2021-07-01,MEX,CHN,0.3745,2,False
2021-08-01,MEX,CHN,0.5141,2,False
2021-09-01,MEX,CHN,0.5115,2,False
2021-10-01,MEX,CHN,0.6086,2,False
2021-11-01,MEX,CHN,0.5942,2,False
2021-12-01,MEX,CHN,0.5463,2,False
2022-01-01,MEX,CHN,0.6759,4,False
2022-02-01,MEX,CHN,0.5795,1,False
2022-03-01,MEX,CHN,0.4822,1,False
2022-04-01,MEX,CHN,0.3565,4,False
2022-05-01,MEX,CHN,0.4916,4,False
2022-06-01,MEX,CHN,0.4568,4,False
2022-07-01,MEX,CHN,0.2224,4,False
2022-08-01,MEX,CHN,0.1887,4,False
2022-09-01,MEX,CHN,0.4438,4,False
2022-10-01,MEX,CHN,0.5675,4,False
2022-11-01,MEX,CHN,0.5055,4,False
2022-12-01,MEX,CHN,0.5435,4,False
2023-01-01,MEX,CHN,0.6322,2,False
2023-02-01,MEX,CHN,0.576,4,False
2023-03-01,MEX,CHN,0.5834,2,False
2023-04-01,MEX,CHN,0.5803,4,False
2023-05-01,MEX,CHN,0.8078,2,False
2023-06-01,MEX,CHN,0.7567,2,False
2023-07-01,MEX,CHN,0.8457,1,False
2023-08-01,MEX,CHN,0.3741,1,False
2023-09-01,MEX,CHN,0.1529,1,False
2023-10-01,MEX,CHN,0.0946,1,False
2023-11-01,MEX,CHN,0.0245,3,True
2023-12-01,MEX,CHN,0.0034,1,True
2024-01-01,MEX,CHN,0.0014,1,True
2024-02-01,MEX,CHN,0.0004,1,True
2024-03-01,MEX,CHN,0.0001,3,True
2024-04-01,MEX,CHN,0.0,2,True
2024-05-01,MEX,CHN,0.0,1,True
2024-06-01,MEX,CHN,0.0001,1,True
2024-07-01,MEX,CHN,0.0001,1,True
2024-08-01,MEX,CHN,0.0001,1,True
2024-09-01,MEX,CHN,0.0002,1,True
2024-10-01,MEX,CHN,0.0001,1,True
2024-11-01,MEX,CHN,0.0001,2,True
2024-12-01,MEX,CHN,0.0022,1,True
2025-01-01,MEX,CHN,0.0026,2,True
2025-02-01,MEX,CHN,0.0009,2,True
2025-03-01,MEX,CHN,0.0003,2,True
2025-04-01,MEX,CHN,0.0002,2,True
2025-05-01,MEX,CHN,0.0004,2,True
2025-06-01,MEX,CHN,0.0004,2,True
2025-07-01,MEX,CHN,0.0006,2,True
2025-08-01,MEX,CHN,0.0001,2,True
2025-09-01,MEX,CHN,0.0,2,True
2025-10-01,MEX,CHN,0.0001,2,True
2025-11-01,MEX,CHN,0.0011,2,True
2025-12-01,MEX,CHN,0.004,2,True
2026-01-01,MEX,CHN,0.0104,2,True
2026-02-01,MEX,CHN,0.0101,2,True
2026-03-01,MEX,CHN,0.0296,2,True
2015-01-01,MEX,VNM,0.3937,1,False
2015-02-01,MEX,VNM,0.4155,1,False
2015-03-01,MEX,VNM,0.1729,1,False
2015-04-01,MEX,VNM,0.1388,1,False
2015-05-01,MEX,VNM,0.0357,1,True
2015-06-01,MEX,VNM,0.0255,1,True
2015-07-01,MEX,VNM,0.0363,1,True
2015-08-01,MEX,VNM,0.0499,1,True
2015-09-01,MEX,VNM,0.079,1,False
2015-10-01,MEX,VNM,0.0569,1,False
2015-11-01,MEX,VNM,0.0676,1,False
2015-12-01,MEX,VNM,0.1018,1,False
2016-01-01,MEX,VNM,0.2754,1,False
2016-02-01,MEX,VNM,0.2783,3,False
2016-03-01,MEX,VNM,0.1314,2,False
2016-04-01,MEX,VNM,0.1478,2,False
2016-05-01,MEX,VNM,0.1723,2,False
2016-06-01,MEX,VNM,0.1909,2,False
2016-07-01,MEX,VNM,0.0659,4,False
2016-08-01,MEX,VNM,0.0486,4,True
2016-09-01,MEX,VNM,0.03,4,True
2016-10-01,MEX,VNM,0.0265,4,True
2016-11-01,MEX,VNM,0.005,4,True
2016-12-01,MEX,VNM,0.0052,4,True
2017-01-01,MEX,VNM,0.0007,1,True
2017-02-01,MEX,VNM,0.0005,1,True
2017-03-01,MEX,VNM,0.0003,1,True
2017-04-01,MEX,VNM,0.001,4,True
2017-05-01,MEX,VNM,0.008,4,True
2017-06-01,MEX,VNM,0.0277,2,True
2017-07-01,MEX,VNM,0.0477,2,True
2017-08-01,MEX,VNM,0.0346,2,True
2017-09-01,MEX,VNM,0.0529,2,False
2017-10-01,MEX,VNM,0.0402,3,True
2017-11-01,MEX,VNM,0.0271,2,True
2017-12-01,MEX,VNM,0.02,2,True
2018-01-01,MEX,VNM,0.0078,1,True
2018-02-01,MEX,VNM,0.0078,2,True
2018-03-01,MEX,VNM,0.0514,1,False
2018-04-01,MEX,VNM,0.3467,1,False
2018-05-01,MEX,VNM,0.4843,3,False
2018-06-01,MEX,VNM,0.3575,2,False
2018-07-01,MEX,VNM,0.4073,1,False
2018-08-01,MEX,VNM,0.4746,1,False
2018-09-01,MEX,VNM,0.4911,3,False
2018-10-01,MEX,VNM,0.4307,3,False
2018-11-01,MEX,VNM,0.3511,3,False
2018-12-01,MEX,VNM,0.3183,3,False
2019-01-01,MEX,VNM,0.2974,3,False
2019-02-01,MEX,VNM,0.3052,3,False
2019-03-01,MEX,VNM,0.2433,4,False
2019-04-01,MEX,VNM,0.1442,3,False
2019-05-01,MEX,VNM,0.1479,3,False
2019-06-01,MEX,VNM,0.1316,4,False
2019-07-01,MEX,VNM,0.1035,4,False
2019-08-01,MEX,VNM,0.022,4,True
2019-09-01,MEX,VNM,0.0609,4,False
2019-10-01,MEX,VNM,0.0571,4,False
2019-11-01,MEX,VNM,0.0257,4,True
2019-12-01,MEX,VNM,0.0425,3,True
2020-01-01,MEX,VNM,0.087,2,False
2020-02-01,MEX,VNM,0.0878,2,False
2020-03-01,MEX,VNM,0.1336,4,False
2020-04-01,MEX,VNM,0.2027,4,False
2020-05-01,MEX,VNM,0.1282,4,False
2020-06-01,MEX,VNM,0.0326,2,True
2020-07-01,MEX,VNM,0.0027,1,True
2020-08-01,MEX,VNM,0.0013,1,True
2020-09-01,MEX,VNM,0.0099,1,True
2020-10-01,MEX,VNM,0.0124,1,True
2020-11-01,MEX,VNM,0.0437,1,True
2020-12-01,MEX,VNM,0.0977,2,False
2021-01-01,MEX,VNM,0.0613,1,False
2021-02-01,MEX,VNM,0.1255,1,False
2021-03-01,MEX,VNM,0.1031,1,False
2021-04-01,MEX,VNM,0.1409,1,False
2021-05-01,MEX,VNM,0.0543,1,False
2021-06-01,MEX,VNM,0.0724,1,False
2021-07-01,MEX,VNM,0.2512,1,False
2021-08-01,MEX,VNM,0.0993,3,False
2021-09-01,MEX,VNM,0.0626,1,False
2021-10-01,MEX,VNM,0.1666,1,False
2021-11-01,MEX,VNM,0.2065,4,False
2021-12-01,MEX,VNM,0.111,4,False
2022-01-01,MEX,VNM,0.1272,4,False
2022-02-01,MEX,VNM,0.2485,4,False
2022-03-01,MEX,VNM,0.2094,4,False
2022-04-01,MEX,VNM,0.2027,1,False
2022-05-01,MEX,VNM,0.2653,1,False
2022-06-01,MEX,VNM,0.1426,1,False
2022-07-01,MEX,VNM,0.1642,1,False
2022-08-01,MEX,VNM,0.086,1,False
2022-09-01,MEX,VNM,0.0824,1,False
2022-10-01,MEX,VNM,0.0272,1,True
2022-11-01,MEX,VNM,0.0349,1,True
2022-12-01,MEX,VNM,0.0421,1,True
2023-01-01,MEX,VNM,0.0143,4,True
2023-02-01,MEX,VNM,0.0137,4,True
2023-03-01,MEX,VNM,0.0139,4,True
2023-04-01,MEX,VNM,0.0021,1,True
2023-05-01,MEX,VNM,0.0037,1,True
2023-06-01,MEX,VNM,0.0112,1,True
2023-07-01,MEX,VNM,0.0467,1,True
2023-08-01,MEX,VNM,0.073,1,False
2023-09-01,MEX,VNM,0.0297,1,True
2023-10-01,MEX,VNM,0.0238,1,True
2023-11-01,MEX,VNM,0.0157,1,True
2023-12-01,MEX,VNM,0.0497,1,True
2024-01-01,MEX,VNM,0.3711,1,False
2024-02-01,MEX,VNM,0.4861,1,False
2024-03-01,MEX,VNM,0.5314,4,False
2024-04-01,MEX,VNM,0.4802,1,False
2024-05-01,MEX,VNM,0.4801,1,False
2024-06-01,MEX,VNM,0.5676,1,False
2024-07-01,MEX,VNM,0.5001,1,False
2024-08-01,MEX,VNM,0.6127,1,False
2024-09-01,MEX,VNM,0.649,4,False
2024-10-01,MEX,VNM,0.5047,4,False
2024-11-01,MEX,VNM,0.3217,4,False
2024-12-01,MEX,VNM,0.3618,4,False
2025-01-01,MEX,VNM,0.3917,4,False
2025-02-01,MEX,VNM,0.4166,4,False
2025-03-01,MEX,VNM,0.308,4,False
2025-04-01,MEX,VNM,0.312,3,False
2025-05-01,MEX,VNM,0.3138,3,False
2025-06-01,MEX,VNM,0.3478,3,False
2025-07-01,MEX,VNM,0.2695,3,False
2025-08-01,MEX,VNM,0.2753,3,False
2025-09-01,MEX,VNM,0.1881,3,False
2025-10-01,MEX,VNM,0.2195,1,False
2025-11-01,MEX,VNM,0.2473,3,False
2025-12-01,MEX,VNM,0.3704,3,False
2026-01-01,MEX,VNM,0.3454,3,False
2026-02-01,MEX,VNM,0.2215,3,False
2026-03-01,MEX,VNM,0.1876,3,False
2015-01-01,MEX,IDN,0.1848,1,False
2015-02-01,MEX,IDN,0.1808,1,False
2015-03-01,MEX,IDN,0.4959,1,False
2015-04-01,MEX,IDN,0.3533,1,False
2015-05-01,MEX,IDN,0.3137,1,False
2015-06-01,MEX,IDN,0.1349,1,False
2015-07-01,MEX,IDN,0.0632,1,False
2015-08-01,MEX,IDN,0.0337,1,True
2015-09-01,MEX,IDN,0.0433,1,True
2015-10-01,MEX,IDN,0.0781,1,False
2015-11-01,MEX,IDN,0.0656,1,False
2015-12-01,MEX,IDN,0.144,1,False
2016-01-01,MEX,IDN,0.3439,2,False
2016-02-01,MEX,IDN,0.3205,1,False
2016-03-01,MEX,IDN,0.1714,1,False
2016-04-01,MEX,IDN,0.0935,1,False
2016-05-01,MEX,IDN,0.0526,1,False
2016-06-01,MEX,IDN,0.0226,1,True
2016-07-01,MEX,IDN,0.047,1,True
2016-08-01,MEX,IDN,0.0436,1,True
2016-09-01,MEX,IDN,0.0693,1,False
2016-10-01,MEX,IDN,0.0466,1,True
2016-11-01,MEX,IDN,0.0482,1,True
2016-12-01,MEX,IDN,0.0513,1,False
2017-01-01,MEX,IDN,0.0376,1,True
2017-02-01,MEX,IDN,0.0596,1,False
2017-03-01,MEX,IDN,0.1319,1,False
2017-04-01,MEX,IDN,0.2609,1,False
2017-05-01,MEX,IDN,0.1445,1,False
2017-06-01,MEX,IDN,0.1599,1,False
2017-07-01,MEX,IDN,0.1376,1,False
2017-08-01,MEX,IDN,0.1019,1,False
2017-09-01,MEX,IDN,0.0427,1,True
2017-10-01,MEX,IDN,0.0914,1,False
2017-11-01,MEX,IDN,0.2195,1,False
2017-12-01,MEX,IDN,0.3024,1,False
2018-01-01,MEX,IDN,0.2685,1,False
2018-02-01,MEX,IDN,0.4548,1,False
2018-03-01,MEX,IDN,0.5292,1,False
2018-04-01,MEX,IDN,0.6019,1,False
2018-05-01,MEX,IDN,0.5639,1,False
2018-06-01,MEX,IDN,0.5016,1,False
2018-07-01,MEX,IDN,0.4421,1,False
2018-08-01,MEX,IDN,0.4699,1,False
2018-09-01,MEX,IDN,0.3868,2,False
2018-10-01,MEX,IDN,0.3674,2,False
2018-11-01,MEX,IDN,0.3775,2,False
2018-12-01,MEX,IDN,0.41,1,False
2019-01-01,MEX,IDN,0.4521,2,False
2019-02-01,MEX,IDN,0.4294,2,False
2019-03-01,MEX,IDN,0.2606,2,False
2019-04-01,MEX,IDN,0.2777,2,False
2019-05-01,MEX,IDN,0.0811,4,False
2019-06-01,MEX,IDN,0.0816,3,False
2019-07-01,MEX,IDN,0.0406,2,True
2019-08-01,MEX,IDN,0.0341,1,True
2019-09-01,MEX,IDN,0.1752,2,False
2019-10-01,MEX,IDN,0.0174,4,True
2019-11-01,MEX,IDN,0.0063,3,True
2019-12-01,MEX,IDN,0.0016,2,True
2020-01-01,MEX,IDN,0.0014,1,True
2020-02-01,MEX,IDN,0.0017,1,True
2020-03-01,MEX,IDN,0.002,1,True
2020-04-01,MEX,IDN,0.0143,1,True
2020-05-01,MEX,IDN,0.0116,1,True
2020-06-01,MEX,IDN,0.0144,1,True
2020-07-01,MEX,IDN,0.0215,1,True
2020-08-01,MEX,IDN,0.0236,1,True
2020-09-01,MEX,IDN,0.0327,1,True
2020-10-01,MEX,IDN,0.048,1,True
2020-11-01,MEX,IDN,0.1115,1,False
2020-12-01,MEX,IDN,0.3402,1,False
2021-01-01,MEX,IDN,0.2451,1,False
2021-02-01,MEX,IDN,0.2064,1,False
2021-03-01,MEX,IDN,0.0916,1,False
2021-04-01,MEX,IDN,0.1018,1,False
2021-05-01,MEX,IDN,0.0833,1,False
2021-06-01,MEX,IDN,0.0414,1,True
2021-07-01,MEX,IDN,0.0989,1,False
2021-08-01,MEX,IDN,0.1261,1,False
2021-09-01,MEX,IDN,0.1047,1,False
2021-10-01,MEX,IDN,0.2229,1,False
2021-11-01,MEX,IDN,0.71,1,False
2021-12-01,MEX,IDN,0.5802,1,False
2022-01-01,MEX,IDN,0.8138,4,False
2022-02-01,MEX,IDN,0.3043,1,False
2022-03-01,MEX,IDN,0.2319,4,False
2022-04-01,MEX,IDN,0.1651,4,False
2022-05-01,MEX,IDN,0.0294,4,True
2022-06-01,MEX,IDN,0.0191,4,True
2022-07-01,MEX,IDN,0.022,2,True
2022-08-01,MEX,IDN,0.0073,1,True
2022-09-01,MEX,IDN,0.0096,1,True
2022-10-01,MEX,IDN,0.019,1,True
2022-11-01,MEX,IDN,0.0298,1,True
2022-12-01,MEX,IDN,0.0176,1,True
2023-01-01,MEX,IDN,0.015,1,True
2023-02-01,MEX,IDN,0.0097,1,True
2023-03-01,MEX,IDN,0.0123,4,True
2023-04-01,MEX,IDN,0.0182,4,True
2023-05-01,MEX,IDN,0.0299,4,True
2023-06-01,MEX,IDN,0.0325,1,True
2023-07-01,MEX,IDN,0.0065,1,True
2023-08-01,MEX,IDN,0.0193,1,True
2023-09-01,MEX,IDN,0.0915,1,False
2023-10-01,MEX,IDN,0.0986,1,False
2023-11-01,MEX,IDN,0.3722,2,False
2023-12-01,MEX,IDN,0.4126,4,False
2024-01-01,MEX,IDN,0.4323,4,False
2024-02-01,MEX,IDN,0.4874,4,False
2024-03-01,MEX,IDN,0.4555,4,False
2024-04-01,MEX,IDN,0.4094,1,False
2024-05-01,MEX,IDN,0.2889,1,False
2024-06-01,MEX,IDN,0.2359,1,False
2024-07-01,MEX,IDN,0.2068,1,False
2024-08-01,MEX,IDN,0.13,4,False
2024-09-01,MEX,IDN,0.1572,4,False
2024-10-01,MEX,IDN,0.0713,4,False
2024-11-01,MEX,IDN,0.1108,4,False
2024-12-01,MEX,IDN,0.1064,1,False
2025-01-01,MEX,IDN,0.1585,4,False
2025-02-01,MEX,IDN,0.0676,1,False
2025-03-01,MEX,IDN,0.1433,1,False
2025-04-01,MEX,IDN,0.1881,1,False
2025-05-01,MEX,IDN,0.2381,1,False
2025-06-01,MEX,IDN,0.3179,3,False
2025-07-01,MEX,IDN,0.2766,3,False
2025-08-01,MEX,IDN,0.269,3,False
2025-09-01,MEX,IDN,0.166,4,False
2025-10-01,MEX,IDN,0.1303,3,False
2025-11-01,MEX,IDN,0.2958,3,False
2025-12-01,MEX,IDN,0.2958,3,False
2026-01-01,MEX,IDN,0.2891,3,False
2026-02-01,MEX,IDN,0.3256,3,False
2026-03-01,MEX,IDN,0.2249,4,False
2015-01-01,MEX,THA,0.5988,4,False
2015-02-01,MEX,THA,0.5209,4,False
2015-03-01,MEX,THA,0.2858,4,False
2015-04-01,MEX,THA,0.267,1,False
2015-05-01,MEX,THA,0.2097,1,False
2015-06-01,MEX,THA,0.2642,1,False
2015-07-01,MEX,THA,0.3016,1,False
2015-08-01,MEX,THA,0.2826,1,False
2015-09-01,MEX,THA,0.2792,1,False
2015-10-01,MEX,THA,0.3381,1,False
2015-11-01,MEX,THA,0.4223,1,False
2015-12-01,MEX,THA,0.568,1,False
2016-01-01,MEX,THA,0.2108,2,False
2016-02-01,MEX,THA,0.0904,1,False
2016-03-01,MEX,THA,0.0879,1,False
2016-04-01,MEX,THA,0.0751,1,False
2016-05-01,MEX,THA,0.0371,1,True
2016-06-01,MEX,THA,0.0386,1,True
2016-07-01,MEX,THA,0.0331,1,True
2016-08-01,MEX,THA,0.019,1,True
2016-09-01,MEX,THA,0.0228,1,True
2016-10-01,MEX,THA,0.0226,1,True
2016-11-01,MEX,THA,0.0137,1,True
2016-12-01,MEX,THA,0.015,1,True
2017-01-01,MEX,THA,0.0697,1,False
2017-02-01,MEX,THA,0.0997,1,False
2017-03-01,MEX,THA,0.028,1,True
2017-04-01,MEX,THA,0.0969,1,False
2017-05-01,MEX,THA,0.0511,1,False
2017-06-01,MEX,THA,0.0925,2,False
2017-07-01,MEX,THA,0.0651,1,False
2017-08-01,MEX,THA,0.0279,1,True
2017-09-01,MEX,THA,0.074,1,False
2017-10-01,MEX,THA,0.0225,3,True
2017-11-01,MEX,THA,0.0124,2,True
2017-12-01,MEX,THA,0.0213,1,True
2018-01-01,MEX,THA,0.0083,2,True
2018-02-01,MEX,THA,0.0029,2,True
2018-03-01,MEX,THA,0.0039,1,True
2018-04-01,MEX,THA,0.0054,1,True
2018-05-01,MEX,THA,0.0154,1,True
2018-06-01,MEX,THA,0.0334,1,True
2018-07-01,MEX,THA,0.0781,1,False
2018-08-01,MEX,THA,0.1623,1,False
2018-09-01,MEX,THA,0.1752,3,False
2018-10-01,MEX,THA,0.1056,3,False
2018-11-01,MEX,THA,0.0967,1,False
2018-12-01,MEX,THA,0.1226,3,False
2019-01-01,MEX,THA,0.108,3,False
2019-02-01,MEX,THA,0.0949,3,False
2019-03-01,MEX,THA,0.1542,3,False
2019-04-01,MEX,THA,0.1694,1,False
2019-05-01,MEX,THA,0.0916,1,False
2019-06-01,MEX,THA,0.2363,1,False
2019-07-01,MEX,THA,0.3692,1,False
2019-08-01,MEX,THA,0.3879,1,False
2019-09-01,MEX,THA,0.5161,3,False
2019-10-01,MEX,THA,0.4559,3,False
2019-11-01,MEX,THA,0.4956,2,False
2019-12-01,MEX,THA,0.3647,2,False
2020-01-01,MEX,THA,0.344,1,False
2020-02-01,MEX,THA,0.4242,2,False
2020-03-01,MEX,THA,0.6685,1,False
2020-04-01,MEX,THA,0.4579,1,False
2020-05-01,MEX,THA,0.1972,1,False
2020-06-01,MEX,THA,0.1402,4,False
2020-07-01,MEX,THA,0.0923,2,False
2020-08-01,MEX,THA,0.0374,3,True
2020-09-01,MEX,THA,0.0944,3,False
2020-10-01,MEX,THA,0.0904,3,False
2020-11-01,MEX,THA,0.0512,1,False
2020-12-01,MEX,THA,0.0339,1,True
2021-01-01,MEX,THA,0.0613,1,False
2021-02-01,MEX,THA,0.0746,1,False
2021-03-01,MEX,THA,0.1008,1,False
2021-04-01,MEX,THA,0.1363,1,False
2021-05-01,MEX,THA,0.0568,1,False
2021-06-01,MEX,THA,0.0632,1,False
2021-07-01,MEX,THA,0.0704,3,False
2021-08-01,MEX,THA,0.0508,3,False
2021-09-01,MEX,THA,0.0445,3,True
2021-10-01,MEX,THA,0.0161,3,True
2021-11-01,MEX,THA,0.011,3,True
2021-12-01,MEX,THA,0.0087,3,True
2022-01-01,MEX,THA,0.0425,3,True
2022-02-01,MEX,THA,0.0073,3,True
2022-03-01,MEX,THA,0.0035,3,True
2022-04-01,MEX,THA,0.0013,3,True
2022-05-01,MEX,THA,0.0079,3,True
2022-06-01,MEX,THA,0.017,3,True
2022-07-01,MEX,THA,0.0118,3,True
2022-08-01,MEX,THA,0.0147,4,True
2022-09-01,MEX,THA,0.0108,4,True
2022-10-01,MEX,THA,0.0088,4,True
2022-11-01,MEX,THA,0.0033,4,True
2022-12-01,MEX,THA,0.0028,4,True
2023-01-01,MEX,THA,0.002,4,True
2023-02-01,MEX,THA,0.0087,3,True
2023-03-01,MEX,THA,0.0077,3,True
2023-04-01,MEX,THA,0.0087,3,True
2023-05-01,MEX,THA,0.009,3,True
2023-06-01,MEX,THA,0.01,3,True
2023-07-01,MEX,THA,0.0092,3,True
2023-08-01,MEX,THA,0.0145,3,True
2023-09-01,MEX,THA,0.0112,3,True
2023-10-01,MEX,THA,0.0185,3,True
2023-11-01,MEX,THA,0.0265,3,True
2023-12-01,MEX,THA,0.0212,3,True
2024-01-01,MEX,THA,0.0204,3,True
2024-02-01,MEX,THA,0.0146,3,True
2024-03-01,MEX,THA,0.0218,3,True
2024-04-01,MEX,THA,0.0186,3,True
2024-05-01,MEX,THA,0.0618,3,False
2024-06-01,MEX,THA,0.0571,3,False
2024-07-01,MEX,THA,0.0549,3,False
2024-08-01,MEX,THA,0.0356,4,True
2024-09-01,MEX,THA,0.0184,4,True
2024-10-01,MEX,THA,0.0205,3,True
2024-11-01,MEX,THA,0.0493,4,True
2024-12-01,MEX,THA,0.0427,4,True
2025-01-01,MEX,THA,0.081,4,False
2025-02-01,MEX,THA,0.0691,4,False
2025-03-01,MEX,THA,0.1525,3,False
2025-04-01,MEX,THA,0.1677,1,False
2025-05-01,MEX,THA,0.1646,3,False
2025-06-01,MEX,THA,0.1371,1,False
2025-07-01,MEX,THA,0.099,1,False
2025-08-01,MEX,THA,0.0902,1,False
2025-09-01,MEX,THA,0.0389,1,True
2025-10-01,MEX,THA,0.0116,1,True
2025-11-01,MEX,THA,0.0026,1,True
2025-12-01,MEX,THA,0.0001,1,True
2026-01-01,MEX,THA,0.0005,1,True
2026-02-01,MEX,THA,0.0024,1,True
2026-03-01,MEX,THA,0.0182,1,True
2015-01-01,MEX,BRA,0.3636,4,False
2015-02-01,MEX,BRA,0.4229,1,False
2015-03-01,MEX,BRA,0.5344,3,False
2015-04-01,MEX,BRA,0.7273,2,False
2015-05-01,MEX,BRA,0.5782,1,False
2015-06-01,MEX,BRA,0.4676,1,False
2015-07-01,MEX,BRA,0.4589,1,False
2015-08-01,MEX,BRA,0.4819,1,False
2015-09-01,MEX,BRA,0.4456,1,False
2015-10-01,MEX,BRA,0.4094,1,False
2015-11-01,MEX,BRA,0.3698,1,False
2015-12-01,MEX,BRA,0.3446,1,False
2016-01-01,MEX,BRA,0.449,1,False
2016-02-01,MEX,BRA,0.52,1,False
2016-03-01,MEX,BRA,0.3816,1,False
2016-04-01,MEX,BRA,0.2031,1,False
2016-05-01,MEX,BRA,0.2162,1,False
2016-06-01,MEX,BRA,0.1356,1,False
2016-07-01,MEX,BRA,0.1417,2,False
2016-08-01,MEX,BRA,0.1081,4,False
2016-09-01,MEX,BRA,0.1028,4,False
2016-10-01,MEX,BRA,0.0728,2,False
2016-11-01,MEX,BRA,0.0678,1,False
2016-12-01,MEX,BRA,0.135,4,False
2017-01-01,MEX,BRA,0.0692,4,False
2017-02-01,MEX,BRA,0.0437,4,True
2017-03-01,MEX,BRA,0.0657,3,False
2017-04-01,MEX,BRA,0.1747,3,False
2017-05-01,MEX,BRA,0.2105,3,False
2017-06-01,MEX,BRA,0.1861,3,False
2017-07-01,MEX,BRA,0.1629,3,False
2017-08-01,MEX,BRA,0.1653,2,False
2017-09-01,MEX,BRA,0.1796,2,False
2017-10-01,MEX,BRA,0.1618,3,False
2017-11-01,MEX,BRA,0.1836,2,False
2017-12-01,MEX,BRA,0.2059,2,False
2018-01-01,MEX,BRA,0.1928,2,False
2018-02-01,MEX,BRA,0.19,2,False
2018-03-01,MEX,BRA,0.3388,2,False
2018-04-01,MEX,BRA,0.4187,2,False
2018-05-01,MEX,BRA,0.3864,2,False
2018-06-01,MEX,BRA,0.2951,2,False
2018-07-01,MEX,BRA,0.1074,2,False
2018-08-01,MEX,BRA,0.1047,1,False
2018-09-01,MEX,BRA,0.1108,1,False
2018-10-01,MEX,BRA,0.0951,1,False
2018-11-01,MEX,BRA,0.0658,1,False
2018-12-01,MEX,BRA,0.0554,1,False
2019-01-01,MEX,BRA,0.0533,1,False
2019-02-01,MEX,BRA,0.0323,1,True
2019-03-01,MEX,BRA,0.0448,1,True
2019-04-01,MEX,BRA,0.0107,1,True
2019-05-01,MEX,BRA,0.0041,1,True
2019-06-01,MEX,BRA,0.004,1,True
2019-07-01,MEX,BRA,0.0232,1,True
2019-08-01,MEX,BRA,0.0258,1,True
2019-09-01,MEX,BRA,0.0172,1,True
2019-10-01,MEX,BRA,0.1017,1,False
2019-11-01,MEX,BRA,0.3346,1,False
2019-12-01,MEX,BRA,0.166,1,False
2020-01-01,MEX,BRA,0.0446,1,True
2020-02-01,MEX,BRA,0.0508,1,False
2020-03-01,MEX,BRA,0.0543,1,False
2020-04-01,MEX,BRA,0.0998,1,False
2020-05-01,MEX,BRA,0.3263,3,False
2020-06-01,MEX,BRA,0.3479,3,False
2020-07-01,MEX,BRA,0.5631,3,False
2020-08-01,MEX,BRA,0.4861,3,False
2020-09-01,MEX,BRA,0.4237,3,False
2020-10-01,MEX,BRA,0.4411,3,False
2020-11-01,MEX,BRA,0.4224,3,False
2020-12-01,MEX,BRA,0.1299,4,False
2021-01-01,MEX,BRA,0.1089,4,False
2021-02-01,MEX,BRA,0.0134,4,True
2021-03-01,MEX,BRA,0.0646,3,False
2021-04-01,MEX,BRA,0.4691,4,False
2021-05-01,MEX,BRA,0.3306,3,False
2021-06-01,MEX,BRA,0.1275,2,False
2021-07-01,MEX,BRA,0.0961,2,False
2021-08-01,MEX,BRA,0.1048,3,False
2021-09-01,MEX,BRA,0.0784,3,False
2021-10-01,MEX,BRA,0.0709,3,False
2021-11-01,MEX,BRA,0.0545,3,False
2021-12-01,MEX,BRA,0.0479,3,True
2022-01-01,MEX,BRA,0.2652,3,False
2022-02-01,MEX,BRA,0.3346,3,False
2022-03-01,MEX,BRA,0.2476,4,False
2022-04-01,MEX,BRA,0.1464,4,False
2022-05-01,MEX,BRA,0.1277,4,False
2022-06-01,MEX,BRA,0.1898,1,False
2022-07-01,MEX,BRA,0.1588,1,False
2022-08-01,MEX,BRA,0.4675,1,False
2022-09-01,MEX,BRA,0.7621,2,False
2022-10-01,MEX,BRA,0.1191,1,False
2022-11-01,MEX,BRA,0.0589,1,False
2022-12-01,MEX,BRA,0.0446,1,True
2023-01-01,MEX,BRA,0.0397,1,True
2023-02-01,MEX,BRA,0.0403,1,True
2023-03-01,MEX,BRA,0.026,1,True
2023-04-01,MEX,BRA,0.0041,1,True
2023-05-01,MEX,BRA,0.0004,1,True
2023-06-01,MEX,BRA,0.0003,1,True
2023-07-01,MEX,BRA,0.0002,1,True
2023-08-01,MEX,BRA,0.0002,1,True
2023-09-01,MEX,BRA,0.0002,1,True
2023-10-01,MEX,BRA,0.0002,1,True
2023-11-01,MEX,BRA,0.0005,1,True
2023-12-01,MEX,BRA,0.0005,1,True
2024-01-01,MEX,BRA,0.0003,1,True
2024-02-01,MEX,BRA,0.0005,1,True
2024-03-01,MEX,BRA,0.0012,1,True
2024-04-01,MEX,BRA,0.0045,1,True
2024-05-01,MEX,BRA,0.004,1,True
2024-06-01,MEX,BRA,0.0041,1,True
2024-07-01,MEX,BRA,0.0046,1,True
2024-08-01,MEX,BRA,0.0064,1,True
2024-09-01,MEX,BRA,0.0115,1,True
2024-10-01,MEX,BRA,0.0193,1,True
2024-11-01,MEX,BRA,0.0229,1,True
2024-12-01,MEX,BRA,0.0185,1,True
2025-01-01,MEX,BRA,0.0204,1,True
2025-02-01,MEX,BRA,0.0305,1,True
2025-03-01,MEX,BRA,0.027,1,True
2025-04-01,MEX,BRA,0.0227,1,True
2025-05-01,MEX,BRA,0.036,1,True
2025-06-01,MEX,BRA,0.0843,1,False
2025-07-01,MEX,BRA,0.5827,1,False
2025-08-01,MEX,BRA,0.7928,1,False
2025-09-01,MEX,BRA,0.7661,1,False
2025-10-01,MEX,BRA,0.7134,1,False
2025-11-01,MEX,BRA,0.6194,4,False
2025-12-01,MEX,BRA,0.5241,1,False
2026-01-01,MEX,BRA,0.2761,1,False
2026-02-01,MEX,BRA,0.1055,1,False
2026-03-01,MEX,BRA,0.0921,4,False
2015-01-01,MEX,ZAF,0.1462,2,False
2015-02-01,MEX,ZAF,0.2735,4,False
2015-03-01,MEX,ZAF,0.2666,4,False
2015-04-01,MEX,ZAF,0.6003,4,False
2015-05-01,MEX,ZAF,0.6792,4,False
2015-06-01,MEX,ZAF,0.7013,4,False
2015-07-01,MEX,ZAF,0.6153,1,False
2015-08-01,MEX,ZAF,0.5972,3,False
2015-09-01,MEX,ZAF,0.4434,3,False
2015-10-01,MEX,ZAF,0.3717,3,False
2015-11-01,MEX,ZAF,0.4139,3,False
2015-12-01,MEX,ZAF,0.5178,3,False
2016-01-01,MEX,ZAF,0.6967,4,False
2016-02-01,MEX,ZAF,0.2617,1,False
2016-03-01,MEX,ZAF,0.0902,1,False
2016-04-01,MEX,ZAF,0.1925,4,False
2016-05-01,MEX,ZAF,0.1213,4,False
2016-06-01,MEX,ZAF,0.0884,4,False
2016-07-01,MEX,ZAF,0.0563,1,False
2016-08-01,MEX,ZAF,0.0629,1,False
2016-09-01,MEX,ZAF,0.0778,1,False
2016-10-01,MEX,ZAF,0.0624,1,False
2016-11-01,MEX,ZAF,0.0585,1,False
2016-12-01,MEX,ZAF,0.0598,1,False
2017-01-01,MEX,ZAF,0.0333,1,True
2017-02-01,MEX,ZAF,0.009,1,True
2017-03-01,MEX,ZAF,0.0047,1,True
2017-04-01,MEX,ZAF,0.0009,1,True
2017-05-01,MEX,ZAF,0.0001,1,True
2017-06-01,MEX,ZAF,0.0009,1,True
2017-07-01,MEX,ZAF,0.001,1,True
2017-08-01,MEX,ZAF,0.0001,1,True
2017-09-01,MEX,ZAF,0.0026,1,True
2017-10-01,MEX,ZAF,0.0132,1,True
2017-11-01,MEX,ZAF,0.0182,1,True
2017-12-01,MEX,ZAF,0.0106,1,True
2018-01-01,MEX,ZAF,0.0131,1,True
2018-02-01,MEX,ZAF,0.0032,1,True
2018-03-01,MEX,ZAF,0.0023,1,True
2018-04-01,MEX,ZAF,0.0028,1,True
2018-05-01,MEX,ZAF,0.0027,1,True
2018-06-01,MEX,ZAF,0.0025,1,True
2018-07-01,MEX,ZAF,0.0024,1,True
2018-08-01,MEX,ZAF,0.0005,4,True
2018-09-01,MEX,ZAF,0.0002,3,True
2018-10-01,MEX,ZAF,0.0001,3,True
2018-11-01,MEX,ZAF,0.0,1,True
2018-12-01,MEX,ZAF,0.0,1,True
2019-01-01,MEX,ZAF,0.0013,1,True
2019-02-01,MEX,ZAF,0.0139,1,True
2019-03-01,MEX,ZAF,0.0087,1,True
2019-04-01,MEX,ZAF,0.0049,1,True
2019-05-01,MEX,ZAF,0.0094,1,True
2019-06-01,MEX,ZAF,0.0121,1,True
2019-07-01,MEX,ZAF,0.0143,1,True
2019-08-01,MEX,ZAF,0.0363,1,True
2019-09-01,MEX,ZAF,0.0353,1,True
2019-10-01,MEX,ZAF,0.0794,4,False
2019-11-01,MEX,ZAF,0.0647,3,False
2019-12-01,MEX,ZAF,0.1106,3,False
2020-01-01,MEX,ZAF,0.1204,3,False
2020-02-01,MEX,ZAF,0.1117,2,False
2020-03-01,MEX,ZAF,0.0901,3,False
2020-04-01,MEX,ZAF,0.1236,2,False
2020-05-01,MEX,ZAF,0.0345,2,True
2020-06-01,MEX,ZAF,0.0043,2,True
2020-07-01,MEX,ZAF,0.0262,2,True
2020-08-01,MEX,ZAF,0.0298,2,True
2020-09-01,MEX,ZAF,0.0243,4,True
2020-10-01,MEX,ZAF,0.0133,4,True
2020-11-01,MEX,ZAF,0.0174,4,True
2020-12-01,MEX,ZAF,0.0139,4,True
2021-01-01,MEX,ZAF,0.0162,4,True
2021-02-01,MEX,ZAF,0.015,4,True
2021-03-01,MEX,ZAF,0.0125,1,True
2021-04-01,MEX,ZAF,0.0278,1,True
2021-05-01,MEX,ZAF,0.0052,1,True
2021-06-01,MEX,ZAF,0.0011,1,True
2021-07-01,MEX,ZAF,0.0024,1,True
2021-08-01,MEX,ZAF,0.0046,1,True
2021-09-01,MEX,ZAF,0.0036,1,True
2021-10-01,MEX,ZAF,0.0032,1,True
2021-11-01,MEX,ZAF,0.003,1,True
2021-12-01,MEX,ZAF,0.0019,1,True
2022-01-01,MEX,ZAF,0.0005,1,True
2022-02-01,MEX,ZAF,0.0005,2,True
2022-03-01,MEX,ZAF,0.0005,2,True
2022-04-01,MEX,ZAF,0.0003,2,True
2022-05-01,MEX,ZAF,0.0003,2,True
2022-06-01,MEX,ZAF,0.0003,1,True
2022-07-01,MEX,ZAF,0.0005,2,True
2022-08-01,MEX,ZAF,0.0009,1,True
2022-09-01,MEX,ZAF,0.0009,1,True
2022-10-01,MEX,ZAF,0.0014,2,True
2022-11-01,MEX,ZAF,0.0005,2,True
2022-12-01,MEX,ZAF,0.0,2,True
2023-01-01,MEX,ZAF,0.0,2,True
2023-02-01,MEX,ZAF,0.0,1,True
2023-03-01,MEX,ZAF,0.0,1,True
2023-04-01,MEX,ZAF,0.0,1,True
2023-05-01,MEX,ZAF,0.0008,1,True
2023-06-01,MEX,ZAF,0.0004,1,True
2023-07-01,MEX,ZAF,0.0,1,True
2023-08-01,MEX,ZAF,0.0,1,True
2023-09-01,MEX,ZAF,0.0,1,True
2023-10-01,MEX,ZAF,0.0001,1,True
2023-11-01,MEX,ZAF,0.004,1,True
2023-12-01,MEX,ZAF,0.0031,1,True
2024-01-01,MEX,ZAF,0.0018,1,True
2024-02-01,MEX,ZAF,0.003,1,True
2024-03-01,MEX,ZAF,0.0031,1,True
2024-04-01,MEX,ZAF,0.0036,1,True
2024-05-01,MEX,ZAF,0.005,1,True
2024-06-01,MEX,ZAF,0.0037,1,True
2024-07-01,MEX,ZAF,0.0017,1,True
2024-08-01,MEX,ZAF,0.002,1,True
2024-09-01,MEX,ZAF,0.0039,1,True
2024-10-01,MEX,ZAF,0.0167,1,True
2024-11-01,MEX,ZAF,0.0357,3,True
2024-12-01,MEX,ZAF,0.0202,3,True
2025-01-01,MEX,ZAF,0.042,3,True
2025-02-01,MEX,ZAF,0.0167,3,True
2025-03-01,MEX,ZAF,0.0232,3,True
2025-04-01,MEX,ZAF,0.2161,1,False
2025-05-01,MEX,ZAF,0.3334,1,False
2025-06-01,MEX,ZAF,0.5115,1,False
2025-07-01,MEX,ZAF,0.7294,2,False
2025-08-01,MEX,ZAF,0.7452,1,False
2025-09-01,MEX,ZAF,0.8129,1,False
2025-10-01,MEX,ZAF,0.9178,1,False
2025-11-01,MEX,ZAF,0.8519,1,False
2025-12-01,MEX,ZAF,0.5206,4,False
2026-01-01,MEX,ZAF,0.2486,4,False
2026-02-01,MEX,ZAF,0.1265,4,False
2026-03-01,MEX,ZAF,0.0892,1,False
2015-01-01,MEX,SGP,0.0007,2,True
2015-02-01,MEX,SGP,0.0009,2,True
2015-03-01,MEX,SGP,0.0103,2,True
2015-04-01,MEX,SGP,0.0204,2,True
2015-05-01,MEX,SGP,0.0124,2,True
2015-06-01,MEX,SGP,0.0158,2,True
2015-07-01,MEX,SGP,0.0112,3,True
2015-08-01,MEX,SGP,0.0055,2,True
2015-09-01,MEX,SGP,0.0065,2,True
2015-10-01,MEX,SGP,0.0052,2,True
2015-11-01,MEX,SGP,0.0038,3,True
2015-12-01,MEX,SGP,0.0038,2,True
2016-01-01,MEX,SGP,0.0145,2,True
2016-02-01,MEX,SGP,0.0252,2,True
2016-03-01,MEX,SGP,0.0795,2,False
2016-04-01,MEX,SGP,0.0649,2,False
2016-05-01,MEX,SGP,0.0843,2,False
2016-06-01,MEX,SGP,0.069,3,False
2016-07-01,MEX,SGP,0.0609,3,False
2016-08-01,MEX,SGP,0.1189,2,False
2016-09-01,MEX,SGP,0.1756,2,False
2016-10-01,MEX,SGP,0.1499,2,False
2016-11-01,MEX,SGP,0.2151,4,False
2016-12-01,MEX,SGP,0.0697,4,False
2017-01-01,MEX,SGP,0.1938,4,False
2017-02-01,MEX,SGP,0.2443,4,False
2017-03-01,MEX,SGP,0.0781,4,False
2017-04-01,MEX,SGP,0.1125,3,False
2017-05-01,MEX,SGP,0.0184,2,True
2017-06-01,MEX,SGP,0.068,2,False
2017-07-01,MEX,SGP,0.0759,2,False
2017-08-01,MEX,SGP,0.0594,4,False
2017-09-01,MEX,SGP,0.039,4,True
2017-10-01,MEX,SGP,0.0499,4,True
2017-11-01,MEX,SGP,0.0882,4,False
2017-12-01,MEX,SGP,0.0794,4,False
2018-01-01,MEX,SGP,0.0651,4,False
2018-02-01,MEX,SGP,0.0532,4,False
2018-03-01,MEX,SGP,0.0475,4,True
2018-04-01,MEX,SGP,0.0507,4,False
2018-05-01,MEX,SGP,0.1052,4,False
2018-06-01,MEX,SGP,0.2751,2,False
2018-07-01,MEX,SGP,0.2542,4,False
2018-08-01,MEX,SGP,0.297,4,False
2018-09-01,MEX,SGP,0.294,2,False
2018-10-01,MEX,SGP,0.2471,4,False
2018-11-01,MEX,SGP,0.24,4,False
2018-12-01,MEX,SGP,0.2616,3,False
2019-01-01,MEX,SGP,0.1993,3,False
2019-02-01,MEX,SGP,0.1132,2,False
2019-03-01,MEX,SGP,0.1836,2,False
2019-04-01,MEX,SGP,0.2436,2,False
2019-05-01,MEX,SGP,0.1848,2,False
2019-06-01,MEX,SGP,0.172,2,False
2019-07-01,MEX,SGP,0.2488,2,False
2019-08-01,MEX,SGP,0.2288,2,False
2019-09-01,MEX,SGP,0.0982,2,False
2019-10-01,MEX,SGP,0.0589,2,False
2019-11-01,MEX,SGP,0.026,2,True
2019-12-01,MEX,SGP,0.0156,4,True
2020-01-01,MEX,SGP,0.0249,2,True
2020-02-01,MEX,SGP,0.0226,2,True
2020-03-01,MEX,SGP,0.1595,2,False
2020-04-01,MEX,SGP,0.5021,1,False
2020-05-01,MEX,SGP,0.6816,2,False
2020-06-01,MEX,SGP,0.5096,1,False
2020-07-01,MEX,SGP,0.5869,2,False
2020-08-01,MEX,SGP,0.2189,3,False
2020-09-01,MEX,SGP,0.1021,4,False
2020-10-01,MEX,SGP,0.09,3,False
2020-11-01,MEX,SGP,0.0483,3,True
2020-12-01,MEX,SGP,0.0201,4,True
2021-01-01,MEX,SGP,0.0011,4,True
2021-02-01,MEX,SGP,0.0012,4,True
2021-03-01,MEX,SGP,0.0019,4,True
2021-04-01,MEX,SGP,0.0179,4,True
2021-05-01,MEX,SGP,0.1809,3,False
2021-06-01,MEX,SGP,0.1937,3,False
2021-07-01,MEX,SGP,0.2205,3,False
2021-08-01,MEX,SGP,0.1413,3,False
2021-09-01,MEX,SGP,0.1005,3,False
2021-10-01,MEX,SGP,0.1147,3,False
2021-11-01,MEX,SGP,0.0469,3,True
2021-12-01,MEX,SGP,0.0676,3,False
2022-01-01,MEX,SGP,0.095,3,False
2022-02-01,MEX,SGP,0.1175,3,False
2022-03-01,MEX,SGP,0.094,3,False
2022-04-01,MEX,SGP,0.0927,3,False
2022-05-01,MEX,SGP,0.0879,3,False
2022-06-01,MEX,SGP,0.0961,3,False
2022-07-01,MEX,SGP,0.3583,3,False
2022-08-01,MEX,SGP,0.2887,3,False
2022-09-01,MEX,SGP,0.3168,3,False
2022-10-01,MEX,SGP,0.2369,3,False
2022-11-01,MEX,SGP,0.1239,3,False
2022-12-01,MEX,SGP,0.171,3,False
2023-01-01,MEX,SGP,0.1203,1,False
2023-02-01,MEX,SGP,0.2331,1,False
2023-03-01,MEX,SGP,0.2258,1,False
2023-04-01,MEX,SGP,0.2356,3,False
2023-05-01,MEX,SGP,0.3543,4,False
2023-06-01,MEX,SGP,0.1448,1,False
2023-07-01,MEX,SGP,0.0633,1,False
2023-08-01,MEX,SGP,0.0314,1,True
2023-09-01,MEX,SGP,0.0343,1,True
2023-10-01,MEX,SGP,0.0384,1,True
2023-11-01,MEX,SGP,0.1394,1,False
2023-12-01,MEX,SGP,0.0161,1,True
2024-01-01,MEX,SGP,0.0224,1,True
2024-02-01,MEX,SGP,0.0222,1,True
2024-03-01,MEX,SGP,0.0134,1,True
2024-04-01,MEX,SGP,0.0081,1,True
2024-05-01,MEX,SGP,0.0063,1,True
2024-06-01,MEX,SGP,0.0051,1,True
2024-07-01,MEX,SGP,0.0035,1,True
2024-08-01,MEX,SGP,0.0023,1,True
2024-09-01,MEX,SGP,0.0044,1,True
2024-10-01,MEX,SGP,0.017,1,True
2024-11-01,MEX,SGP,0.0606,1,False
2024-12-01,MEX,SGP,0.0413,1,True
2025-01-01,MEX,SGP,0.0307,1,True
2025-02-01,MEX,SGP,0.083,1,False
2025-03-01,MEX,SGP,0.1581,2,False
2025-04-01,MEX,SGP,0.1693,1,False
2025-05-01,MEX,SGP,0.2011,1,False
2025-06-01,MEX,SGP,0.2589,3,False
2025-07-01,MEX,SGP,0.3978,2,False
2025-08-01,MEX,SGP,0.4764,4,False
2025-09-01,MEX,SGP,0.4175,4,False
2025-10-01,MEX,SGP,0.4963,4,False
2025-11-01,MEX,SGP,0.6902,4,False
2025-12-01,MEX,SGP,0.6581,3,False
2026-01-01,MEX,SGP,0.221,4,False
2026-02-01,MEX,SGP,0.1824,4,False
2026-03-01,MEX,SGP,0.3165,2,False
2015-01-01,MEX,KOR,0.141,2,False
2015-02-01,MEX,KOR,0.1499,2,False
2015-03-01,MEX,KOR,0.2574,3,False
2015-04-01,MEX,KOR,0.3377,2,False
2015-05-01,MEX,KOR,0.1872,2,False
2015-06-01,MEX,KOR,0.2474,2,False
2015-07-01,MEX,KOR,0.2508,2,False
2015-08-01,MEX,KOR,0.2478,1,False
2015-09-01,MEX,KOR,0.3313,2,False
2015-10-01,MEX,KOR,0.1386,2,False
2015-11-01,MEX,KOR,0.2802,2,False
2015-12-01,MEX,KOR,0.3041,2,False
2016-01-01,MEX,KOR,0.533,4,False
2016-02-01,MEX,KOR,0.1849,2,False
2016-03-01,MEX,KOR,0.4366,1,False
2016-04-01,MEX,KOR,0.3343,1,False
2016-05-01,MEX,KOR,0.3156,1,False
2016-06-01,MEX,KOR,0.2452,1,False
2016-07-01,MEX,KOR,0.3768,1,False
2016-08-01,MEX,KOR,0.258,1,False
2016-09-01,MEX,KOR,0.3229,1,False
2016-10-01,MEX,KOR,0.39,1,False
2016-11-01,MEX,KOR,0.2929,3,False
2016-12-01,MEX,KOR,0.2088,3,False
2017-01-01,MEX,KOR,0.2937,3,False
2017-02-01,MEX,KOR,0.435,4,False
2017-03-01,MEX,KOR,0.218,3,False
2017-04-01,MEX,KOR,0.146,3,False
2017-05-01,MEX,KOR,0.1397,3,False
2017-06-01,MEX,KOR,0.1313,3,False
2017-07-01,MEX,KOR,0.1242,3,False
2017-08-01,MEX,KOR,0.1442,3,False
2017-09-01,MEX,KOR,0.1868,3,False
2017-10-01,MEX,KOR,0.1545,3,False
2017-11-01,MEX,KOR,0.1225,3,False
2017-12-01,MEX,KOR,0.1204,3,False
2018-01-01,MEX,KOR,0.1535,3,False
2018-02-01,MEX,KOR,0.3132,3,False
2018-03-01,MEX,KOR,0.4346,3,False
2018-04-01,MEX,KOR,0.6906,3,False
2018-05-01,MEX,KOR,0.6553,3,False
2018-06-01,MEX,KOR,0.6603,1,False
2018-07-01,MEX,KOR,0.6614,1,False
2018-08-01,MEX,KOR,0.6601,3,False
2018-09-01,MEX,KOR,0.6283,3,False
2018-10-01,MEX,KOR,0.5183,3,False
2018-11-01,MEX,KOR,0.6398,1,False
2018-12-01,MEX,KOR,0.6164,1,False
2019-01-01,MEX,KOR,0.386,3,False
2019-02-01,MEX,KOR,0.2628,3,False
2019-03-01,MEX,KOR,0.3447,3,False
2019-04-01,MEX,KOR,0.3606,3,False
2019-05-01,MEX,KOR,0.3312,3,False
2019-06-01,MEX,KOR,0.4287,3,False
2019-07-01,MEX,KOR,0.3196,1,False
2019-08-01,MEX,KOR,0.291,1,False
2019-09-01,MEX,KOR,0.6292,1,False
2019-10-01,MEX,KOR,0.7113,3,False
2019-11-01,MEX,KOR,0.4284,3,False
2019-12-01,MEX,KOR,0.4249,3,False
2020-01-01,MEX,KOR,0.4287,3,False
2020-02-01,MEX,KOR,0.5134,3,False
2020-03-01,MEX,KOR,0.3818,3,False
2020-04-01,MEX,KOR,0.3755,3,False
2020-05-01,MEX,KOR,0.2702,3,False
2020-06-01,MEX,KOR,0.2342,3,False
2020-07-01,MEX,KOR,0.198,3,False
2020-08-01,MEX,KOR,0.2078,3,False
2020-09-01,MEX,KOR,0.1657,3,False
2020-10-01,MEX,KOR,0.2939,4,False
2020-11-01,MEX,KOR,0.0859,3,False
2020-12-01,MEX,KOR,0.0466,2,True
2021-01-01,MEX,KOR,0.0575,1,False
2021-02-01,MEX,KOR,0.0998,2,False
2021-03-01,MEX,KOR,0.1079,3,False
2021-04-01,MEX,KOR,0.1231,2,False
2021-05-01,MEX,KOR,0.0561,2,False
2021-06-01,MEX,KOR,0.0533,2,False
2021-07-01,MEX,KOR,0.0719,2,False
2021-08-01,MEX,KOR,0.067,2,False
2021-09-01,MEX,KOR,0.0808,2,False
2021-10-01,MEX,KOR,0.0809,2,False
2021-11-01,MEX,KOR,0.0245,3,True
2021-12-01,MEX,KOR,0.0407,3,True
2022-01-01,MEX,KOR,0.0984,3,False
2022-02-01,MEX,KOR,0.1052,3,False
2022-03-01,MEX,KOR,0.0963,3,False
2022-04-01,MEX,KOR,0.0788,3,False
2022-05-01,MEX,KOR,0.0884,3,False
2022-06-01,MEX,KOR,0.0363,3,True
2022-07-01,MEX,KOR,0.0558,3,False
2022-08-01,MEX,KOR,0.0663,3,False
2022-09-01,MEX,KOR,0.0267,3,True
2022-10-01,MEX,KOR,0.0269,3,True
2022-11-01,MEX,KOR,0.0199,3,True
2022-12-01,MEX,KOR,0.022,3,True
2023-01-01,MEX,KOR,0.0228,3,True
2023-02-01,MEX,KOR,0.0951,3,False
2023-03-01,MEX,KOR,0.1357,3,False
2023-04-01,MEX,KOR,0.1083,3,False
2023-05-01,MEX,KOR,0.0678,4,False
2023-06-01,MEX,KOR,0.0683,4,False
2023-07-01,MEX,KOR,0.0667,4,False
2023-08-01,MEX,KOR,0.0821,4,False
2023-09-01,MEX,KOR,0.1868,3,False
2023-10-01,MEX,KOR,0.2776,3,False
2023-11-01,MEX,KOR,0.2626,4,False
2023-12-01,MEX,KOR,0.1788,3,False
2024-01-01,MEX,KOR,0.2128,3,False
2024-02-01,MEX,KOR,0.246,3,False
2024-03-01,MEX,KOR,0.1196,3,False
2024-04-01,MEX,KOR,0.3948,2,False
2024-05-01,MEX,KOR,0.3535,2,False
2024-06-01,MEX,KOR,0.2867,1,False
2024-07-01,MEX,KOR,0.1827,2,False
2024-08-01,MEX,KOR,0.1331,2,False
2024-09-01,MEX,KOR,0.1307,1,False
2024-10-01,MEX,KOR,0.1108,3,False
2024-11-01,MEX,KOR,0.079,4,False
2024-12-01,MEX,KOR,0.1364,2,False
2025-01-01,MEX,KOR,0.13,2,False
2025-02-01,MEX,KOR,0.254,2,False
2025-03-01,MEX,KOR,0.4205,2,False
2025-04-01,MEX,KOR,0.5197,3,False
2025-05-01,MEX,KOR,0.74,2,False
2025-06-01,MEX,KOR,0.7617,2,False
2025-07-01,MEX,KOR,0.7678,2,False
2025-08-01,MEX,KOR,0.6911,4,False
2025-09-01,MEX,KOR,0.8247,4,False
2025-10-01,MEX,KOR,0.6829,4,False
2025-11-01,MEX,KOR,0.5723,4,False
2025-12-01,MEX,KOR,0.563,4,False
2026-01-01,MEX,KOR,0.3534,1,False
2026-02-01,MEX,KOR,0.2711,1,False
2026-03-01,MEX,KOR,0.2896,1,False
2015-01-01,MEX,GBR,0.4182,1,False
2015-02-01,MEX,GBR,0.4259,1,False
2015-03-01,MEX,GBR,0.4246,1,False
2015-04-01,MEX,GBR,0.4841,1,False
2015-05-01,MEX,GBR,0.6765,1,False
2015-06-01,MEX,GBR,0.9454,1,False
2015-07-01,MEX,GBR,0.8963,1,False
2015-08-01,MEX,GBR,0.9034,4,False
2015-09-01,MEX,GBR,0.7428,2,False
2015-10-01,MEX,GBR,0.6473,1,False
2015-11-01,MEX,GBR,0.5497,1,False
2015-12-01,MEX,GBR,0.3866,1,False
2016-01-01,MEX,GBR,0.3335,1,False
2016-02-01,MEX,GBR,0.2273,1,False
2016-03-01,MEX,GBR,0.3621,1,False
2016-04-01,MEX,GBR,0.3008,2,False
2016-05-01,MEX,GBR,0.0998,2,False
2016-06-01,MEX,GBR,0.0887,2,False
2016-07-01,MEX,GBR,0.0704,2,False
2016-08-01,MEX,GBR,0.0389,4,True
2016-09-01,MEX,GBR,0.0177,3,True
2016-10-01,MEX,GBR,0.0019,2,True
2016-11-01,MEX,GBR,0.0034,2,True
2016-12-01,MEX,GBR,0.0013,2,True
2017-01-01,MEX,GBR,0.0016,2,True
2017-02-01,MEX,GBR,0.0016,2,True
2017-03-01,MEX,GBR,0.001,2,True
2017-04-01,MEX,GBR,0.003,2,True
2017-05-01,MEX,GBR,0.0108,2,True
2017-06-01,MEX,GBR,0.0134,2,True
2017-07-01,MEX,GBR,0.0036,2,True
2017-08-01,MEX,GBR,0.0043,2,True
2017-09-01,MEX,GBR,0.0169,2,True
2017-10-01,MEX,GBR,0.0159,2,True
2017-11-01,MEX,GBR,0.0092,3,True
2017-12-01,MEX,GBR,0.0075,2,True
2018-01-01,MEX,GBR,0.0123,3,True
2018-02-01,MEX,GBR,0.0122,3,True
2018-03-01,MEX,GBR,0.0023,3,True
2018-04-01,MEX,GBR,0.0024,2,True
2018-05-01,MEX,GBR,0.0057,2,True
2018-06-01,MEX,GBR,0.0067,2,True
2018-07-01,MEX,GBR,0.0088,2,True
2018-08-01,MEX,GBR,0.0142,2,True
2018-09-01,MEX,GBR,0.012,2,True
2018-10-01,MEX,GBR,0.0175,2,True
2018-11-01,MEX,GBR,0.0199,2,True
2018-12-01,MEX,GBR,0.0139,2,True
2019-01-01,MEX,GBR,0.0042,2,True
2019-02-01,MEX,GBR,0.0103,2,True
2019-03-01,MEX,GBR,0.0198,2,True
2019-04-01,MEX,GBR,0.0155,2,True
2019-05-01,MEX,GBR,0.0165,2,True
2019-06-01,MEX,GBR,0.0328,2,True
2019-07-01,MEX,GBR,0.0153,2,True
2019-08-01,MEX,GBR,0.0248,2,True
2019-09-01,MEX,GBR,0.0106,2,True
2019-10-01,MEX,GBR,0.0131,2,True
2019-11-01,MEX,GBR,0.0109,2,True
2019-12-01,MEX,GBR,0.0077,2,True
2020-01-01,MEX,GBR,0.0125,1,True
2020-02-01,MEX,GBR,0.0312,1,True
2020-03-01,MEX,GBR,0.0228,1,True
2020-04-01,MEX,GBR,0.0515,1,False
2020-05-01,MEX,GBR,0.2104,1,False
2020-06-01,MEX,GBR,0.3484,1,False
2020-07-01,MEX,GBR,0.1397,1,False
2020-08-01,MEX,GBR,0.081,1,False
2020-09-01,MEX,GBR,0.2708,2,False
2020-10-01,MEX,GBR,0.2071,2,False
2020-11-01,MEX,GBR,0.276,3,False
2020-12-01,MEX,GBR,0.2645,2,False
2021-01-01,MEX,GBR,0.0484,4,True
2021-02-01,MEX,GBR,0.0423,4,True
2021-03-01,MEX,GBR,0.1389,4,False
2021-04-01,MEX,GBR,0.1064,4,False
2021-05-01,MEX,GBR,0.1047,1,False
2021-06-01,MEX,GBR,0.0143,1,True
2021-07-01,MEX,GBR,0.0088,1,True
2021-08-01,MEX,GBR,0.0273,1,True
2021-09-01,MEX,GBR,0.0058,1,True
2021-10-01,MEX,GBR,0.002,4,True
2021-11-01,MEX,GBR,0.001,4,True
2021-12-01,MEX,GBR,0.0011,4,True
2022-01-01,MEX,GBR,0.0011,4,True
2022-02-01,MEX,GBR,0.0012,4,True
2022-03-01,MEX,GBR,0.0015,4,True
2022-04-01,MEX,GBR,0.0011,4,True
2022-05-01,MEX,GBR,0.0074,4,True
2022-06-01,MEX,GBR,0.0027,4,True
2022-07-01,MEX,GBR,0.0022,4,True
2022-08-01,MEX,GBR,0.0022,4,True
2022-09-01,MEX,GBR,0.0051,4,True
2022-10-01,MEX,GBR,0.0014,4,True
2022-11-01,MEX,GBR,0.0013,4,True
2022-12-01,MEX,GBR,0.0009,4,True
2023-01-01,MEX,GBR,0.0025,1,True
2023-02-01,MEX,GBR,0.0016,1,True
2023-03-01,MEX,GBR,0.0023,1,True
2023-04-01,MEX,GBR,0.0032,1,True
2023-05-01,MEX,GBR,0.0012,1,True
2023-06-01,MEX,GBR,0.0012,1,True
2023-07-01,MEX,GBR,0.0004,1,True
2023-08-01,MEX,GBR,0.0001,1,True
2023-09-01,MEX,GBR,0.0002,1,True
2023-10-01,MEX,GBR,0.0006,1,True
2023-11-01,MEX,GBR,0.0001,1,True
2023-12-01,MEX,GBR,0.0,1,True
2024-01-01,MEX,GBR,0.0,1,True
2024-02-01,MEX,GBR,0.0001,1,True
2024-03-01,MEX,GBR,0.0,1,True
2024-04-01,MEX,GBR,0.0,1,True
2024-05-01,MEX,GBR,0.0,1,True
2024-06-01,MEX,GBR,0.0,1,True
2024-07-01,MEX,GBR,0.0,1,True
2024-08-01,MEX,GBR,0.0,1,True
2024-09-01,MEX,GBR,0.0,1,True
2024-10-01,MEX,GBR,0.0,1,True
2024-11-01,MEX,GBR,0.0,1,True
2024-12-01,MEX,GBR,0.0,1,True
2025-01-01,MEX,GBR,0.0,1,True
2025-02-01,MEX,GBR,0.0,1,True
2025-03-01,MEX,GBR,0.0,1,True
2025-04-01,MEX,GBR,0.0001,1,True
2025-05-01,MEX,GBR,0.0001,1,True
2025-06-01,MEX,GBR,0.0003,1,True
2025-07-01,MEX,GBR,0.0009,1,True
2025-08-01,MEX,GBR,0.0009,1,True
2025-09-01,MEX,GBR,0.0017,1,True
2025-10-01,MEX,GBR,0.0121,1,True
2025-11-01,MEX,GBR,0.0133,1,True
2025-12-01,MEX,GBR,0.0193,1,True
2026-01-01,MEX,GBR,0.0165,1,True
2026-02-01,MEX,GBR,0.1219,1,False
2026-03-01,MEX,GBR,0.2726,1,False
2015-01-01,MEX,USA,0.302,4,False
2015-02-01,MEX,USA,0.052,4,False
2015-03-01,MEX,USA,0.0407,4,True
2015-04-01,MEX,USA,0.0375,3,True
2015-05-01,MEX,USA,0.0424,3,True
2015-06-01,MEX,USA,0.0299,4,True
2015-07-01,MEX,USA,0.0081,4,True
2015-08-01,MEX,USA,0.0108,4,True
2015-09-01,MEX,USA,0.0099,4,True
2015-10-01,MEX,USA,0.0277,3,True
2015-11-01,MEX,USA,0.0155,4,True
2015-12-01,MEX,USA,0.006,3,True
2016-01-01,MEX,USA,0.0093,3,True
2016-02-01,MEX,USA,0.0058,3,True
2016-03-01,MEX,USA,0.0183,3,True
2016-04-01,MEX,USA,0.0193,3,True
2016-05-01,MEX,USA,0.0171,4,True
2016-06-01,MEX,USA,0.0166,3,True
2016-07-01,MEX,USA,0.0218,3,True
2016-08-01,MEX,USA,0.0422,3,True
2016-09-01,MEX,USA,0.0324,3,True
2016-10-01,MEX,USA,0.016,3,True
2016-11-01,MEX,USA,0.0131,3,True
2016-12-01,MEX,USA,0.0154,2,True
2017-01-01,MEX,USA,0.0141,1,True
2017-02-01,MEX,USA,0.0159,2,True
2017-03-01,MEX,USA,0.0096,1,True
2017-04-01,MEX,USA,0.003,1,True
2017-05-01,MEX,USA,0.0032,1,True
2017-06-01,MEX,USA,0.0025,1,True
2017-07-01,MEX,USA,0.0043,1,True
2017-08-01,MEX,USA,0.0233,1,True
2017-09-01,MEX,USA,0.0945,1,False
2017-10-01,MEX,USA,0.2413,1,False
2017-11-01,MEX,USA,0.2162,1,False
2017-12-01,MEX,USA,0.3091,1,False
2018-01-01,MEX,USA,0.479,1,False
2018-02-01,MEX,USA,0.4961,1,False
2018-03-01,MEX,USA,0.5358,1,False
2018-04-01,MEX,USA,0.6336,1,False
2018-05-01,MEX,USA,0.6181,1,False
2018-06-01,MEX,USA,0.4893,1,False
2018-07-01,MEX,USA,0.5165,1,False
2018-08-01,MEX,USA,0.4976,3,False
2018-09-01,MEX,USA,0.4971,3,False
2018-10-01,MEX,USA,0.4838,3,False
2018-11-01,MEX,USA,0.6118,4,False
2018-12-01,MEX,USA,0.4386,3,False
2019-01-01,MEX,USA,0.4329,3,False
2019-02-01,MEX,USA,0.5439,3,False
2019-03-01,MEX,USA,0.4642,3,False
2019-04-01,MEX,USA,0.3515,3,False
2019-05-01,MEX,USA,0.3597,3,False
2019-06-01,MEX,USA,0.3731,3,False
2019-07-01,MEX,USA,0.2918,1,False
2019-08-01,MEX,USA,0.231,1,False
2019-09-01,MEX,USA,0.3975,1,False
2019-10-01,MEX,USA,0.3745,4,False
2019-11-01,MEX,USA,0.1033,4,False
2019-12-01,MEX,USA,0.1065,3,False
2020-01-01,MEX,USA,0.2996,2,False
2020-02-01,MEX,USA,0.3101,2,False
2020-03-01,MEX,USA,0.2317,2,False
2020-04-01,MEX,USA,0.1056,2,False
2020-05-01,MEX,USA,0.1442,3,False
2020-06-01,MEX,USA,0.1026,3,False
2020-07-01,MEX,USA,0.1175,3,False
2020-08-01,MEX,USA,0.0451,3,True
2020-09-01,MEX,USA,0.0699,3,False
2020-10-01,MEX,USA,0.0679,3,False
2020-11-01,MEX,USA,0.07,3,False
2020-12-01,MEX,USA,0.0751,4,False
2021-01-01,MEX,USA,0.0302,3,True
2021-02-01,MEX,USA,0.0979,3,False
2021-03-01,MEX,USA,0.1663,3,False
2021-04-01,MEX,USA,0.6155,3,False
2021-05-01,MEX,USA,0.8459,2,False
2021-06-01,MEX,USA,0.7834,1,False
2021-07-01,MEX,USA,0.6943,2,False
2021-08-01,MEX,USA,0.551,4,False
2021-09-01,MEX,USA,0.5873,3,False
2021-10-01,MEX,USA,0.572,3,False
2021-11-01,MEX,USA,0.4883,1,False
2021-12-01,MEX,USA,0.4289,1,False
2022-01-01,MEX,USA,0.2307,1,False
2022-02-01,MEX,USA,0.2012,1,False
2022-03-01,MEX,USA,0.2194,1,False
2022-04-01,MEX,USA,0.2326,1,False
2022-05-01,MEX,USA,0.1177,1,False
2022-06-01,MEX,USA,0.0836,1,False
2022-07-01,MEX,USA,0.0839,1,False
2022-08-01,MEX,USA,0.0811,1,False
2022-09-01,MEX,USA,0.1245,1,False
2022-10-01,MEX,USA,0.2058,1,False
2022-11-01,MEX,USA,0.3579,1,False
2022-12-01,MEX,USA,0.5936,1,False
2023-01-01,MEX,USA,0.1368,4,False
2023-02-01,MEX,USA,0.2255,3,False
2023-03-01,MEX,USA,0.0678,2,False
2023-04-01,MEX,USA,0.0241,2,True
2023-05-01,MEX,USA,0.0155,1,True
2023-06-01,MEX,USA,0.0159,1,True
2023-07-01,MEX,USA,0.0147,1,True
2023-08-01,MEX,USA,0.013,3,True
2023-09-01,MEX,USA,0.0123,3,True
2023-10-01,MEX,USA,0.0098,3,True
2023-11-01,MEX,USA,0.0232,3,True
2023-12-01,MEX,USA,0.031,3,True
2024-01-01,MEX,USA,0.0746,3,False
2024-02-01,MEX,USA,0.0922,1,False
2024-03-01,MEX,USA,0.09,1,False
2024-04-01,MEX,USA,0.036,1,True
2024-05-01,MEX,USA,0.0103,1,True
2024-06-01,MEX,USA,0.0095,1,True
2024-07-01,MEX,USA,0.0098,1,True
2024-08-01,MEX,USA,0.0102,1,True
2024-09-01,MEX,USA,0.0102,1,True
2024-10-01,MEX,USA,0.0118,1,True
2024-11-01,MEX,USA,0.0303,1,True
2024-12-01,MEX,USA,0.0328,1,True
2025-01-01,MEX,USA,0.0296,1,True
2025-02-01,MEX,USA,0.0438,1,True
2025-03-01,MEX,USA,0.0982,1,False
2025-04-01,MEX,USA,0.1643,1,False
2025-05-01,MEX,USA,0.2623,1,False
2025-06-01,MEX,USA,0.631,3,False
2025-07-01,MEX,USA,0.5355,1,False
2025-08-01,MEX,USA,0.7133,1,False
2025-09-01,MEX,USA,0.8089,1,False
2025-10-01,MEX,USA,0.8623,1,False
2025-11-01,MEX,USA,0.7456,3,False
2025-12-01,MEX,USA,0.613,2,False
2026-01-01,MEX,USA,0.4192,2,False
2026-02-01,MEX,USA,0.4063,2,False
2026-03-01,MEX,USA,0.4851,2,False
2015-01-01,MEX,DEU,0.0758,4,False
2015-02-01,MEX,DEU,0.1011,4,False
2015-03-01,MEX,DEU,0.091,4,False
2015-04-01,MEX,DEU,0.0581,4,False
2015-05-01,MEX,DEU,0.7304,1,False
2015-06-01,MEX,DEU,0.422,1,False
2015-07-01,MEX,DEU,0.747,1,False
2015-08-01,MEX,DEU,0.4827,1,False
2015-09-01,MEX,DEU,0.5558,1,False
2015-10-01,MEX,DEU,0.6916,1,False
2015-11-01,MEX,DEU,0.4695,1,False
2015-12-01,MEX,DEU,0.9916,1,False
2016-01-01,MEX,DEU,0.9025,1,False
2016-02-01,MEX,DEU,0.9019,1,False
2016-03-01,MEX,DEU,0.6666,1,False
2016-04-01,MEX,DEU,0.5457,1,False
2016-05-01,MEX,DEU,0.624,4,False
2016-06-01,MEX,DEU,0.6315,4,False
2016-07-01,MEX,DEU,0.6368,4,False
2016-08-01,MEX,DEU,0.5962,4,False
2016-09-01,MEX,DEU,0.5683,4,False
2016-10-01,MEX,DEU,0.5735,4,False
2016-11-01,MEX,DEU,0.5308,4,False
2016-12-01,MEX,DEU,0.4624,4,False
2017-01-01,MEX,DEU,0.4076,4,False
2017-02-01,MEX,DEU,0.5415,4,False
2017-03-01,MEX,DEU,0.3331,2,False
2017-04-01,MEX,DEU,0.2927,4,False
2017-05-01,MEX,DEU,0.2869,2,False
2017-06-01,MEX,DEU,0.2834,2,False
2017-07-01,MEX,DEU,0.2907,2,False
2017-08-01,MEX,DEU,0.292,4,False
2017-09-01,MEX,DEU,0.1736,4,False
2017-10-01,MEX,DEU,0.0324,4,True
2017-11-01,MEX,DEU,0.048,4,True
2017-12-01,MEX,DEU,0.0754,3,False
2018-01-01,MEX,DEU,0.0802,4,False
2018-02-01,MEX,DEU,0.044,4,True
2018-03-01,MEX,DEU,0.0378,4,True
2018-04-01,MEX,DEU,0.0166,4,True
2018-05-01,MEX,DEU,0.0186,4,True
2018-06-01,MEX,DEU,0.1088,4,False
2018-07-01,MEX,DEU,0.0735,4,False
2018-08-01,MEX,DEU,0.0851,4,False
2018-09-01,MEX,DEU,0.1116,4,False
2018-10-01,MEX,DEU,0.1322,4,False
2018-11-01,MEX,DEU,0.1024,4,False
2018-12-01,MEX,DEU,0.0743,3,False
2019-01-01,MEX,DEU,0.1758,3,False
2019-02-01,MEX,DEU,0.223,4,False
2019-03-01,MEX,DEU,0.2322,3,False
2019-04-01,MEX,DEU,0.2919,3,False
2019-05-01,MEX,DEU,0.2181,3,False
2019-06-01,MEX,DEU,0.2848,3,False
2019-07-01,MEX,DEU,0.2243,3,False
2019-08-01,MEX,DEU,0.211,3,False
2019-09-01,MEX,DEU,0.3402,3,False
2019-10-01,MEX,DEU,0.2172,2,False
2019-11-01,MEX,DEU,0.2224,3,False
2019-12-01,MEX,DEU,0.3125,3,False
2020-01-01,MEX,DEU,0.5103,1,False
2020-02-01,MEX,DEU,0.5145,1,False
2020-03-01,MEX,DEU,0.5942,1,False
2020-04-01,MEX,DEU,0.5618,1,False
2020-05-01,MEX,DEU,0.2221,3,False
2020-06-01,MEX,DEU,0.1764,3,False
2020-07-01,MEX,DEU,0.2128,3,False
2020-08-01,MEX,DEU,0.0816,3,False
2020-09-01,MEX,DEU,0.0555,3,False
2020-10-01,MEX,DEU,0.0511,3,False
2020-11-01,MEX,DEU,0.0478,3,True
2020-12-01,MEX,DEU,0.058,3,False
2021-01-01,MEX,DEU,0.099,3,False
2021-02-01,MEX,DEU,0.0107,3,True
2021-03-01,MEX,DEU,0.021,3,True
2021-04-01,MEX,DEU,0.015,3,True
2021-05-01,MEX,DEU,0.0148,3,True
2021-06-01,MEX,DEU,0.0193,3,True
2021-07-01,MEX,DEU,0.0384,3,True
2021-08-01,MEX,DEU,0.0111,3,True
2021-09-01,MEX,DEU,0.006,3,True
2021-10-01,MEX,DEU,0.0013,3,True
2021-11-01,MEX,DEU,0.0008,3,True
2021-12-01,MEX,DEU,0.0034,3,True
2022-01-01,MEX,DEU,0.0027,3,True
2022-02-01,MEX,DEU,0.0029,3,True
2022-03-01,MEX,DEU,0.0017,3,True
2022-04-01,MEX,DEU,0.0024,3,True
2022-05-01,MEX,DEU,0.0022,3,True
2022-06-01,MEX,DEU,0.0011,3,True
2022-07-01,MEX,DEU,0.0008,3,True
2022-08-01,MEX,DEU,0.0006,3,True
2022-09-01,MEX,DEU,0.0007,3,True
2022-10-01,MEX,DEU,0.0017,3,True
2022-11-01,MEX,DEU,0.0025,3,True
2022-12-01,MEX,DEU,0.0032,3,True
2023-01-01,MEX,DEU,0.0036,3,True
2023-02-01,MEX,DEU,0.0041,3,True
2023-03-01,MEX,DEU,0.0052,3,True
2023-04-01,MEX,DEU,0.0032,3,True
2023-05-01,MEX,DEU,0.0067,3,True
2023-06-01,MEX,DEU,0.0055,3,True
2023-07-01,MEX,DEU,0.0103,3,True
2023-08-01,MEX,DEU,0.0205,3,True
2023-09-01,MEX,DEU,0.0136,3,True
2023-10-01,MEX,DEU,0.003,3,True
2023-11-01,MEX,DEU,0.0015,3,True
2023-12-01,MEX,DEU,0.0017,1,True
2024-01-01,MEX,DEU,0.001,1,True
2024-02-01,MEX,DEU,0.0008,1,True
2024-03-01,MEX,DEU,0.0005,1,True
2024-04-01,MEX,DEU,0.0004,1,True
2024-05-01,MEX,DEU,0.0003,1,True
2024-06-01,MEX,DEU,0.0001,1,True
2024-07-01,MEX,DEU,0.0001,1,True
2024-08-01,MEX,DEU,0.0001,1,True
2024-09-01,MEX,DEU,0.0004,1,True
2024-10-01,MEX,DEU,0.0006,3,True
2024-11-01,MEX,DEU,0.0006,3,True
2024-12-01,MEX,DEU,0.0005,1,True
2025-01-01,MEX,DEU,0.0001,1,True
2025-02-01,MEX,DEU,0.0001,1,True
2025-03-01,MEX,DEU,0.0005,1,True
2025-04-01,MEX,DEU,0.0006,1,True
2025-05-01,MEX,DEU,0.0011,1,True
2025-06-01,MEX,DEU,0.001,1,True
2025-07-01,MEX,DEU,0.0016,1,True
2025-08-01,MEX,DEU,0.0022,1,True
2025-09-01,MEX,DEU,0.0289,1,True
2025-10-01,MEX,DEU,0.0769,1,False
2025-11-01,MEX,DEU,0.0325,4,True
2025-12-01,MEX,DEU,0.0582,4,False
2026-01-01,MEX,DEU,0.0877,4,False
2026-02-01,MEX,DEU,0.0676,4,False
2026-03-01,MEX,DEU,0.1309,3,False
2015-01-01,MEX,FRA,0.0272,4,True
2015-02-01,MEX,FRA,0.0495,4,True
2015-03-01,MEX,FRA,0.0985,4,False
2015-04-01,MEX,FRA,0.0526,4,False
2015-05-01,MEX,FRA,0.2213,4,False
2015-06-01,MEX,FRA,0.1491,4,False
2015-07-01,MEX,FRA,0.1709,4,False
2015-08-01,MEX,FRA,0.3312,4,False
2015-09-01,MEX,FRA,0.381,4,False
2015-10-01,MEX,FRA,0.4294,4,False
2015-11-01,MEX,FRA,0.3473,4,False
2015-12-01,MEX,FRA,0.4564,4,False
2016-01-01,MEX,FRA,0.3835,4,False
2016-02-01,MEX,FRA,0.4382,4,False
2016-03-01,MEX,FRA,0.774,4,False
2016-04-01,MEX,FRA,0.7705,1,False
2016-05-01,MEX,FRA,0.8767,4,False
2016-06-01,MEX,FRA,0.8095,1,False
2016-07-01,MEX,FRA,0.6208,1,False
2016-08-01,MEX,FRA,0.5053,1,False
2016-09-01,MEX,FRA,0.5556,1,False
2016-10-01,MEX,FRA,0.3637,1,False
2016-11-01,MEX,FRA,0.3924,1,False
2016-12-01,MEX,FRA,0.3422,1,False
2017-01-01,MEX,FRA,0.2915,1,False
2017-02-01,MEX,FRA,0.1003,1,False
2017-03-01,MEX,FRA,0.1081,1,False
2017-04-01,MEX,FRA,0.1237,1,False
2017-05-01,MEX,FRA,0.0847,2,False
2017-06-01,MEX,FRA,0.0459,1,True
2017-07-01,MEX,FRA,0.0672,1,False
2017-08-01,MEX,FRA,0.1355,1,False
2017-09-01,MEX,FRA,0.2008,2,False
2017-10-01,MEX,FRA,0.1783,2,False
2017-11-01,MEX,FRA,0.1194,2,False
2017-12-01,MEX,FRA,0.1433,2,False
2018-01-01,MEX,FRA,0.1018,2,False
2018-02-01,MEX,FRA,0.0705,2,False
2018-03-01,MEX,FRA,0.5115,4,False
2018-04-01,MEX,FRA,0.3843,4,False
2018-05-01,MEX,FRA,0.4238,3,False
2018-06-01,MEX,FRA,0.2433,3,False
2018-07-01,MEX,FRA,0.2416,3,False
2018-08-01,MEX,FRA,0.2299,2,False
2018-09-01,MEX,FRA,0.2208,3,False
2018-10-01,MEX,FRA,0.2305,3,False
2018-11-01,MEX,FRA,0.2115,3,False
2018-12-01,MEX,FRA,0.1457,3,False
2019-01-01,MEX,FRA,0.2375,3,False
2019-02-01,MEX,FRA,0.2977,3,False
2019-03-01,MEX,FRA,0.2912,3,False
2019-04-01,MEX,FRA,0.3559,3,False
2019-05-01,MEX,FRA,0.3112,3,False
2019-06-01,MEX,FRA,0.2056,3,False
2019-07-01,MEX,FRA,0.1895,3,False
2019-08-01,MEX,FRA,0.1431,3,False
2019-09-01,MEX,FRA,0.2348,4,False
2019-10-01,MEX,FRA,0.2861,4,False
2019-11-01,MEX,FRA,0.1797,3,False
2019-12-01,MEX,FRA,0.4566,3,False
2020-01-01,MEX,FRA,0.8289,4,False
2020-02-01,MEX,FRA,0.7298,1,False
2020-03-01,MEX,FRA,0.7962,1,False
2020-04-01,MEX,FRA,0.5577,4,False
2020-05-01,MEX,FRA,0.3933,1,False
2020-06-01,MEX,FRA,0.3006,1,False
2020-07-01,MEX,FRA,0.2039,1,False
2020-08-01,MEX,FRA,0.3386,1,False
2020-09-01,MEX,FRA,0.086,4,False
2020-10-01,MEX,FRA,0.0323,4,True
2020-11-01,MEX,FRA,0.024,4,True
2020-12-01,MEX,FRA,0.0213,4,True
2021-01-01,MEX,FRA,0.0517,4,False
2021-02-01,MEX,FRA,0.1305,4,False
2021-03-01,MEX,FRA,0.1753,4,False
2021-04-01,MEX,FRA,0.234,4,False
2021-05-01,MEX,FRA,0.4093,4,False
2021-06-01,MEX,FRA,0.4391,4,False
2021-07-01,MEX,FRA,0.4213,4,False
2021-08-01,MEX,FRA,0.3692,4,False
2021-09-01,MEX,FRA,0.0949,4,False
2021-10-01,MEX,FRA,0.0362,4,True
2021-11-01,MEX,FRA,0.0323,4,True
2021-12-01,MEX,FRA,0.0288,4,True
2022-01-01,MEX,FRA,0.0279,4,True
2022-02-01,MEX,FRA,0.0175,4,True
2022-03-01,MEX,FRA,0.0594,4,False
2022-04-01,MEX,FRA,0.0516,4,False
2022-05-01,MEX,FRA,0.0495,4,True
2022-06-01,MEX,FRA,0.0384,4,True
2022-07-01,MEX,FRA,0.0427,4,True
2022-08-01,MEX,FRA,0.0377,4,True
2022-09-01,MEX,FRA,0.0159,4,True
2022-10-01,MEX,FRA,0.0101,4,True
2022-11-01,MEX,FRA,0.0126,4,True
2022-12-01,MEX,FRA,0.0215,4,True
2023-01-01,MEX,FRA,0.0352,1,True
2023-02-01,MEX,FRA,0.0446,4,True
2023-03-01,MEX,FRA,0.0437,4,True
2023-04-01,MEX,FRA,0.0197,4,True
2023-05-01,MEX,FRA,0.0951,3,False
2023-06-01,MEX,FRA,0.0381,1,True
2023-07-01,MEX,FRA,0.0059,1,True
2023-08-01,MEX,FRA,0.0118,1,True
2023-09-01,MEX,FRA,0.0741,1,False
2023-10-01,MEX,FRA,0.0936,1,False
2023-11-01,MEX,FRA,0.0158,1,True
2023-12-01,MEX,FRA,0.0102,1,True
2024-01-01,MEX,FRA,0.0081,1,True
2024-02-01,MEX,FRA,0.0054,1,True
2024-03-01,MEX,FRA,0.0027,1,True
2024-04-01,MEX,FRA,0.0013,1,True
2024-05-01,MEX,FRA,0.0011,1,True
2024-06-01,MEX,FRA,0.001,1,True
2024-07-01,MEX,FRA,0.0003,1,True
2024-08-01,MEX,FRA,0.0005,1,True
2024-09-01,MEX,FRA,0.0009,1,True
2024-10-01,MEX,FRA,0.0035,1,True
2024-11-01,MEX,FRA,0.0035,1,True
2024-12-01,MEX,FRA,0.0025,1,True
2025-01-01,MEX,FRA,0.0012,1,True
2025-02-01,MEX,FRA,0.0033,1,True
2025-03-01,MEX,FRA,0.0103,1,True
2025-04-01,MEX,FRA,0.0141,1,True
2025-05-01,MEX,FRA,0.0209,1,True
2025-06-01,MEX,FRA,0.0356,1,True
2025-07-01,MEX,FRA,0.0358,3,True
2025-08-01,MEX,FRA,0.0516,1,False
2025-09-01,MEX,FRA,0.0249,1,True
2025-10-01,MEX,FRA,0.1357,3,False
2025-11-01,MEX,FRA,0.1999,1,False
2025-12-01,MEX,FRA,0.1652,1,False
2026-01-01,MEX,FRA,0.3558,1,False
2026-02-01,MEX,FRA,0.3516,3,False
2026-03-01,MEX,FRA,0.2541,3,False
2015-01-01,MEX,JPN,0.1457,4,False
2015-02-01,MEX,JPN,0.1075,4,False
2015-03-01,MEX,JPN,0.081,4,False
2015-04-01,MEX,JPN,0.1076,4,False
2015-05-01,MEX,JPN,0.0058,4,True
2015-06-01,MEX,JPN,0.0038,4,True
2015-07-01,MEX,JPN,0.0049,4,True
2015-08-01,MEX,JPN,0.0048,4,True
2015-09-01,MEX,JPN,0.0026,4,True
2015-10-01,MEX,JPN,0.0028,4,True
2015-11-01,MEX,JPN,0.0024,4,True
2015-12-01,MEX,JPN,0.0028,4,True
2016-01-01,MEX,JPN,0.0013,4,True
2016-02-01,MEX,JPN,0.0015,4,True
2016-03-01,MEX,JPN,0.0027,4,True
2016-04-01,MEX,JPN,0.0014,4,True
2016-05-01,MEX,JPN,0.0007,4,True
2016-06-01,MEX,JPN,0.002,4,True
2016-07-01,MEX,JPN,0.0025,4,True
2016-08-01,MEX,JPN,0.0028,4,True
2016-09-01,MEX,JPN,0.0037,4,True
2016-10-01,MEX,JPN,0.0032,4,True
2016-11-01,MEX,JPN,0.0023,4,True
2016-12-01,MEX,JPN,0.0008,4,True
2017-01-01,MEX,JPN,0.0079,3,True
2017-02-01,MEX,JPN,0.0381,2,True
2017-03-01,MEX,JPN,0.2735,4,False
2017-04-01,MEX,JPN,0.1992,4,False
2017-05-01,MEX,JPN,0.2605,4,False
2017-06-01,MEX,JPN,0.2217,4,False
2017-07-01,MEX,JPN,0.2646,4,False
2017-08-01,MEX,JPN,0.2823,4,False
2017-09-01,MEX,JPN,0.2238,4,False
2017-10-01,MEX,JPN,0.1526,1,False
2017-11-01,MEX,JPN,0.2445,4,False
2017-12-01,MEX,JPN,0.1309,4,False
2018-01-01,MEX,JPN,0.0133,3,True
2018-02-01,MEX,JPN,0.0025,2,True
2018-03-01,MEX,JPN,0.0004,1,True
2018-04-01,MEX,JPN,0.0145,1,True
2018-05-01,MEX,JPN,0.0109,1,True
2018-06-01,MEX,JPN,0.0143,1,True
2018-07-01,MEX,JPN,0.0198,1,True
2018-08-01,MEX,JPN,0.029,1,True
2018-09-01,MEX,JPN,0.0641,1,False
2018-10-01,MEX,JPN,0.0372,1,True
2018-11-01,MEX,JPN,0.0677,1,False
2018-12-01,MEX,JPN,0.0408,1,True
2019-01-01,MEX,JPN,0.0639,1,False
2019-02-01,MEX,JPN,0.0474,1,True
2019-03-01,MEX,JPN,0.0635,1,False
2019-04-01,MEX,JPN,0.1192,1,False
2019-05-01,MEX,JPN,0.2438,1,False
2019-06-01,MEX,JPN,0.2261,1,False
2019-07-01,MEX,JPN,0.3,1,False
2019-08-01,MEX,JPN,0.4314,1,False
2019-09-01,MEX,JPN,0.444,1,False
2019-10-01,MEX,JPN,0.2928,1,False
2019-11-01,MEX,JPN,0.1535,1,False
2019-12-01,MEX,JPN,0.3025,1,False
2020-01-01,MEX,JPN,0.4222,1,False
2020-02-01,MEX,JPN,0.4768,1,False
2020-03-01,MEX,JPN,0.3859,1,False
2020-04-01,MEX,JPN,0.3878,1,False
2020-05-01,MEX,JPN,0.2282,1,False
2020-06-01,MEX,JPN,0.131,1,False
2020-07-01,MEX,JPN,0.0477,4,True
2020-08-01,MEX,JPN,0.0187,3,True
2020-09-01,MEX,JPN,0.0169,2,True
2020-10-01,MEX,JPN,0.0287,1,True
2020-11-01,MEX,JPN,0.1302,1,False
2020-12-01,MEX,JPN,0.781,4,False
2021-01-01,MEX,JPN,0.288,4,False
2021-02-01,MEX,JPN,0.2826,4,False
2021-03-01,MEX,JPN,0.3795,4,False
2021-04-01,MEX,JPN,0.3938,4,False
2021-05-01,MEX,JPN,0.2307,4,False
2021-06-01,MEX,JPN,0.5165,4,False
2021-07-01,MEX,JPN,0.7743,4,False
2021-08-01,MEX,JPN,0.6862,1,False
2021-09-01,MEX,JPN,0.2044,4,False
2021-10-01,MEX,JPN,0.1548,4,False
2021-11-01,MEX,JPN,0.2218,4,False
2021-12-01,MEX,JPN,0.3008,4,False
2022-01-01,MEX,JPN,0.3702,4,False
2022-02-01,MEX,JPN,0.2253,4,False
2022-03-01,MEX,JPN,0.2074,1,False
2022-04-01,MEX,JPN,0.09,1,False
2022-05-01,MEX,JPN,0.0984,1,False
2022-06-01,MEX,JPN,0.154,1,False
2022-07-01,MEX,JPN,0.0672,1,False
2022-08-01,MEX,JPN,0.0912,1,False
2022-09-01,MEX,JPN,0.1015,4,False
2022-10-01,MEX,JPN,0.0498,4,True
2022-11-01,MEX,JPN,0.0373,2,True
2022-12-01,MEX,JPN,0.0153,1,True
2023-01-01,MEX,JPN,0.0106,1,True
2023-02-01,MEX,JPN,0.0131,2,True
2023-03-01,MEX,JPN,0.0108,1,True
2023-04-01,MEX,JPN,0.0219,4,True
2023-05-01,MEX,JPN,0.0032,4,True
2023-06-01,MEX,JPN,0.004,4,True
2023-07-01,MEX,JPN,0.0188,2,True
2023-08-01,MEX,JPN,0.0666,2,False
2023-09-01,MEX,JPN,0.0589,4,False
2023-10-01,MEX,JPN,0.0154,3,True
2023-11-01,MEX,JPN,0.003,2,True
2023-12-01,MEX,JPN,0.0074,2,True
2024-01-01,MEX,JPN,0.0235,2,True
2024-02-01,MEX,JPN,0.0109,2,True
2024-03-01,MEX,JPN,0.0424,3,True
2024-04-01,MEX,JPN,0.0187,2,True
2024-05-01,MEX,JPN,0.0295,2,True
2024-06-01,MEX,JPN,0.0169,2,True
2024-07-01,MEX,JPN,0.026,2,True
2024-08-01,MEX,JPN,0.0441,2,True
2024-09-01,MEX,JPN,0.1144,2,False
2024-10-01,MEX,JPN,0.0585,2,False
2024-11-01,MEX,JPN,0.1213,3,False
2024-12-01,MEX,JPN,0.0818,1,False
2025-01-01,MEX,JPN,0.0509,1,False
2025-02-01,MEX,JPN,0.1123,1,False
2025-03-01,MEX,JPN,0.1227,1,False
2025-04-01,MEX,JPN,0.0805,2,False
2025-05-01,MEX,JPN,0.0088,1,True
2025-06-01,MEX,JPN,0.0247,3,True
2025-07-01,MEX,JPN,0.0127,2,True
2025-08-01,MEX,JPN,0.023,2,True
2025-09-01,MEX,JPN,0.0666,3,False
2025-10-01,MEX,JPN,0.0666,3,False
2025-11-01,MEX,JPN,0.0838,3,False
2025-12-01,MEX,JPN,0.1009,3,False
2026-01-01,MEX,JPN,0.0755,3,False
2026-02-01,MEX,JPN,0.1356,3,False
2026-03-01,MEX,JPN,0.1528,3,False
2015-01-01,SGP,IND,0.0124,1,True
2015-02-01,SGP,IND,0.1099,1,False
2015-03-01,SGP,IND,0.1326,1,False
2015-04-01,SGP,IND,0.1767,3,False
2015-05-01,SGP,IND,0.1517,3,False
2015-06-01,SGP,IND,0.0626,4,False
2015-07-01,SGP,IND,0.0456,3,True
2015-08-01,SGP,IND,0.0551,3,False
2015-09-01,SGP,IND,0.0624,3,False
2015-10-01,SGP,IND,0.2788,3,False
2015-11-01,SGP,IND,0.2536,4,False
2015-12-01,SGP,IND,0.2601,4,False
2016-01-01,SGP,IND,0.2156,4,False
2016-02-01,SGP,IND,0.2984,3,False
2016-03-01,SGP,IND,0.3411,4,False
2016-04-01,SGP,IND,0.3239,4,False
2016-05-01,SGP,IND,0.21,4,False
2016-06-01,SGP,IND,0.1196,4,False
2016-07-01,SGP,IND,0.1966,4,False
2016-08-01,SGP,IND,0.3506,3,False
2016-09-01,SGP,IND,0.4192,2,False
2016-10-01,SGP,IND,0.3716,2,False
2016-11-01,SGP,IND,0.3362,3,False
2016-12-01,SGP,IND,0.4835,3,False
2017-01-01,SGP,IND,0.5243,3,False
2017-02-01,SGP,IND,0.1056,4,False
2017-03-01,SGP,IND,0.0326,4,True
2017-04-01,SGP,IND,0.002,4,True
2017-05-01,SGP,IND,0.0004,3,True
2017-06-01,SGP,IND,0.0003,3,True
2017-07-01,SGP,IND,0.0002,3,True
2017-08-01,SGP,IND,0.0008,4,True
2017-09-01,SGP,IND,0.0005,3,True
2017-10-01,SGP,IND,0.001,4,True
2017-11-01,SGP,IND,0.0002,3,True
2017-12-01,SGP,IND,0.0014,3,True
2018-01-01,SGP,IND,0.0027,3,True
2018-02-01,SGP,IND,0.0046,3,True
2018-03-01,SGP,IND,0.003,3,True
2018-04-01,SGP,IND,0.0016,3,True
2018-05-01,SGP,IND,0.0018,3,True
2018-06-01,SGP,IND,0.0024,3,True
2018-07-01,SGP,IND,0.0029,2,True
2018-08-01,SGP,IND,0.1704,2,False
2018-09-01,SGP,IND,0.1512,2,False
2018-10-01,SGP,IND,0.2183,2,False
2018-11-01,SGP,IND,0.1951,2,False
2018-12-01,SGP,IND,0.1936,2,False
2019-01-01,SGP,IND,0.138,2,False
2019-02-01,SGP,IND,0.291,2,False
2019-03-01,SGP,IND,0.3646,2,False
2019-04-01,SGP,IND,0.228,4,False
2019-05-01,SGP,IND,0.0786,1,False
2019-06-01,SGP,IND,0.0955,1,False
2019-07-01,SGP,IND,0.0432,1,True
2019-08-01,SGP,IND,0.2495,1,False
2019-09-01,SGP,IND,0.5667,4,False
2019-10-01,SGP,IND,0.3713,4,False
2019-11-01,SGP,IND,0.1781,3,False
2019-12-01,SGP,IND,0.0813,2,False
2020-01-01,SGP,IND,0.1119,2,False
2020-02-01,SGP,IND,0.0941,2,False
2020-03-01,SGP,IND,0.1195,2,False
2020-04-01,SGP,IND,0.0683,2,False
2020-05-01,SGP,IND,0.0816,2,False
2020-06-01,SGP,IND,0.0758,2,False
2020-07-01,SGP,IND,0.125,2,False
2020-08-01,SGP,IND,0.1859,2,False
2020-09-01,SGP,IND,0.1962,2,False
2020-10-01,SGP,IND,0.1641,4,False
2020-11-01,SGP,IND,0.1322,4,False
2020-12-01,SGP,IND,0.1204,2,False
2021-01-01,SGP,IND,0.0805,4,False
2021-02-01,SGP,IND,0.1019,4,False
2021-03-01,SGP,IND,0.0482,4,True
2021-04-01,SGP,IND,0.0707,4,False
2021-05-01,SGP,IND,0.274,1,False
2021-06-01,SGP,IND,0.3488,4,False
2021-07-01,SGP,IND,0.3601,4,False
2021-08-01,SGP,IND,0.3428,4,False
2021-09-01,SGP,IND,0.3394,4,False
2021-10-01,SGP,IND,0.3193,4,False
2021-11-01,SGP,IND,0.3027,4,False
2021-12-01,SGP,IND,0.317,4,False
2022-01-01,SGP,IND,0.307,4,False
2022-02-01,SGP,IND,0.3417,4,False
2022-03-01,SGP,IND,0.297,4,False
2022-04-01,SGP,IND,0.3246,4,False
2022-05-01,SGP,IND,0.1628,4,False
2022-06-01,SGP,IND,0.1768,4,False
2022-07-01,SGP,IND,0.1691,4,False
2022-08-01,SGP,IND,0.0694,4,False
2022-09-01,SGP,IND,0.0094,4,True
2022-10-01,SGP,IND,0.0035,4,True
2022-11-01,SGP,IND,0.0037,4,True
2022-12-01,SGP,IND,0.0116,4,True
2023-01-01,SGP,IND,0.0244,3,True
2023-02-01,SGP,IND,0.0074,3,True
2023-03-01,SGP,IND,0.0067,2,True
2023-04-01,SGP,IND,0.0059,2,True
2023-05-01,SGP,IND,0.0026,2,True
2023-06-01,SGP,IND,0.0039,2,True
2023-07-01,SGP,IND,0.0002,4,True
2023-08-01,SGP,IND,0.0021,2,True
2023-09-01,SGP,IND,0.0001,2,True
2023-10-01,SGP,IND,0.0,2,True
2023-11-01,SGP,IND,0.0002,2,True
2023-12-01,SGP,IND,0.0011,2,True
2024-01-01,SGP,IND,0.0013,2,True
2024-02-01,SGP,IND,0.0017,2,True
2024-03-01,SGP,IND,0.0039,2,True
2024-04-01,SGP,IND,0.0025,2,True
2024-05-01,SGP,IND,0.001,2,True
2024-06-01,SGP,IND,0.001,2,True
2024-07-01,SGP,IND,0.0026,2,True
2024-08-01,SGP,IND,0.0055,2,True
2024-09-01,SGP,IND,0.0044,2,True
2024-10-01,SGP,IND,0.004,2,True
2024-11-01,SGP,IND,0.0035,2,True
2024-12-01,SGP,IND,0.0019,2,True
2025-01-01,SGP,IND,0.0021,2,True
2025-02-01,SGP,IND,0.0011,2,True
2025-03-01,SGP,IND,0.001,2,True
2025-04-01,SGP,IND,0.0009,2,True
2025-05-01,SGP,IND,0.0009,2,True
2025-06-01,SGP,IND,0.0039,2,True
2025-07-01,SGP,IND,0.0032,2,True
2025-08-01,SGP,IND,0.0082,2,True
2025-09-01,SGP,IND,0.0047,2,True
2025-10-01,SGP,IND,0.0046,2,True
2025-11-01,SGP,IND,0.006,2,True
2025-12-01,SGP,IND,0.0127,2,True
2026-01-01,SGP,IND,0.0137,2,True
2026-02-01,SGP,IND,0.0148,2,True
2026-03-01,SGP,IND,0.0132,2,True
2015-01-01,SGP,CHN,0.0031,1,True
2015-02-01,SGP,CHN,0.0066,1,True
2015-03-01,SGP,CHN,0.0101,1,True
2015-04-01,SGP,CHN,0.1386,1,False
2015-05-01,SGP,CHN,0.1615,1,False
2015-06-01,SGP,CHN,0.1039,1,False
2015-07-01,SGP,CHN,0.1019,1,False
2015-08-01,SGP,CHN,0.1012,1,False
2015-09-01,SGP,CHN,0.0691,1,False
2015-10-01,SGP,CHN,0.2019,2,False
2015-11-01,SGP,CHN,0.107,1,False
2015-12-01,SGP,CHN,0.097,1,False
2016-01-01,SGP,CHN,0.0534,4,False
2016-02-01,SGP,CHN,0.032,4,True
2016-03-01,SGP,CHN,0.0206,4,True
2016-04-01,SGP,CHN,0.016,1,True
2016-05-01,SGP,CHN,0.0234,1,True
2016-06-01,SGP,CHN,0.0278,2,True
2016-07-01,SGP,CHN,0.0326,1,True
2016-08-01,SGP,CHN,0.0194,1,True
2016-09-01,SGP,CHN,0.0307,1,True
2016-10-01,SGP,CHN,0.0206,1,True
2016-11-01,SGP,CHN,0.0214,1,True
2016-12-01,SGP,CHN,0.0122,1,True
2017-01-01,SGP,CHN,0.0124,1,True
2017-02-01,SGP,CHN,0.0155,1,True
2017-03-01,SGP,CHN,0.0048,1,True
2017-04-01,SGP,CHN,0.0039,1,True
2017-05-01,SGP,CHN,0.0049,1,True
2017-06-01,SGP,CHN,0.0127,1,True
2017-07-01,SGP,CHN,0.0053,1,True
2017-08-01,SGP,CHN,0.0094,1,True
2017-09-01,SGP,CHN,0.0113,1,True
2017-10-01,SGP,CHN,0.0092,1,True
2017-11-01,SGP,CHN,0.0043,2,True
2017-12-01,SGP,CHN,0.001,1,True
2018-01-01,SGP,CHN,0.0043,1,True
2018-02-01,SGP,CHN,0.0042,1,True
2018-03-01,SGP,CHN,0.0095,1,True
2018-04-01,SGP,CHN,0.0091,1,True
2018-05-01,SGP,CHN,0.0134,1,True
2018-06-01,SGP,CHN,0.0039,1,True
2018-07-01,SGP,CHN,0.01,1,True
2018-08-01,SGP,CHN,0.0059,1,True
2018-09-01,SGP,CHN,0.0121,1,True
2018-10-01,SGP,CHN,0.0047,1,True
2018-11-01,SGP,CHN,0.0038,1,True
2018-12-01,SGP,CHN,0.0022,1,True
2019-01-01,SGP,CHN,0.0075,1,True
2019-02-01,SGP,CHN,0.0788,1,False
2019-03-01,SGP,CHN,0.3009,1,False
2019-04-01,SGP,CHN,0.3763,1,False
2019-05-01,SGP,CHN,0.3787,1,False
2019-06-01,SGP,CHN,0.3218,1,False
2019-07-01,SGP,CHN,0.5868,1,False
2019-08-01,SGP,CHN,0.3944,1,False
2019-09-01,SGP,CHN,0.2687,1,False
2019-10-01,SGP,CHN,0.1407,1,False
2019-11-01,SGP,CHN,0.1473,1,False
2019-12-01,SGP,CHN,0.064,1,False
2020-01-01,SGP,CHN,0.2352,1,False
2020-02-01,SGP,CHN,0.1692,1,False
2020-03-01,SGP,CHN,0.2742,1,False
2020-04-01,SGP,CHN,0.2313,1,False
2020-05-01,SGP,CHN,0.1253,1,False
2020-06-01,SGP,CHN,0.5728,1,False
2020-07-01,SGP,CHN,0.0929,1,False
2020-08-01,SGP,CHN,0.0265,1,True
2020-09-01,SGP,CHN,0.1915,1,False
2020-10-01,SGP,CHN,0.2577,4,False
2020-11-01,SGP,CHN,0.1793,4,False
2020-12-01,SGP,CHN,0.3234,4,False
2021-01-01,SGP,CHN,0.2824,4,False
2021-02-01,SGP,CHN,0.2385,1,False
2021-03-01,SGP,CHN,0.284,1,False
2021-04-01,SGP,CHN,0.5337,1,False
2021-05-01,SGP,CHN,0.9177,1,False
2021-06-01,SGP,CHN,0.6676,1,False
2021-07-01,SGP,CHN,0.1932,1,False
2021-08-01,SGP,CHN,0.1591,1,False
2021-09-01,SGP,CHN,0.1925,1,False
2021-10-01,SGP,CHN,0.1817,1,False
2021-11-01,SGP,CHN,0.2272,1,False
2021-12-01,SGP,CHN,0.2321,1,False
2022-01-01,SGP,CHN,0.411,1,False
2022-02-01,SGP,CHN,0.8133,2,False
2022-03-01,SGP,CHN,0.7769,2,False
2022-04-01,SGP,CHN,0.5241,3,False
2022-05-01,SGP,CHN,0.8176,3,False
2022-06-01,SGP,CHN,0.7562,4,False
2022-07-01,SGP,CHN,0.5181,4,False
2022-08-01,SGP,CHN,0.6564,4,False
2022-09-01,SGP,CHN,0.8403,3,False
2022-10-01,SGP,CHN,0.8634,1,False
2022-11-01,SGP,CHN,0.7881,1,False
2022-12-01,SGP,CHN,0.8666,2,False
2023-01-01,SGP,CHN,0.8411,1,False
2023-02-01,SGP,CHN,0.7852,4,False
2023-03-01,SGP,CHN,0.6912,4,False
2023-04-01,SGP,CHN,0.6129,4,False
2023-05-01,SGP,CHN,0.6141,4,False
2023-06-01,SGP,CHN,0.6511,4,False
2023-07-01,SGP,CHN,0.6005,1,False
2023-08-01,SGP,CHN,0.514,2,False
2023-09-01,SGP,CHN,0.2855,4,False
2023-10-01,SGP,CHN,0.1639,3,False
2023-11-01,SGP,CHN,0.086,2,False
2023-12-01,SGP,CHN,0.0643,1,False
2024-01-01,SGP,CHN,0.051,1,False
2024-02-01,SGP,CHN,0.0455,1,True
2024-03-01,SGP,CHN,0.0997,4,False
2024-04-01,SGP,CHN,0.0901,4,False
2024-05-01,SGP,CHN,0.0778,4,False
2024-06-01,SGP,CHN,0.0693,4,False
2024-07-01,SGP,CHN,0.046,4,True
2024-08-01,SGP,CHN,0.0317,4,True
2024-09-01,SGP,CHN,0.0256,4,True
2024-10-01,SGP,CHN,0.0494,4,True
2024-11-01,SGP,CHN,0.1093,4,False
2024-12-01,SGP,CHN,0.1617,4,False
2025-01-01,SGP,CHN,0.2594,4,False
2025-02-01,SGP,CHN,0.1003,4,False
2025-03-01,SGP,CHN,0.0845,4,False
2025-04-01,SGP,CHN,0.0982,4,False
2025-05-01,SGP,CHN,0.1706,4,False
2025-06-01,SGP,CHN,0.2272,1,False
2025-07-01,SGP,CHN,0.1885,4,False
2025-08-01,SGP,CHN,0.2432,4,False
2025-09-01,SGP,CHN,0.3534,1,False
2025-10-01,SGP,CHN,0.4872,1,False
2025-11-01,SGP,CHN,0.7526,3,False
2025-12-01,SGP,CHN,0.7144,1,False
2026-01-01,SGP,CHN,0.593,1,False
2026-02-01,SGP,CHN,0.7037,1,False
2026-03-01,SGP,CHN,0.683,1,False
2015-01-01,SGP,VNM,0.1596,2,False
2015-02-01,SGP,VNM,0.0934,2,False
2015-03-01,SGP,VNM,0.0685,2,False
2015-04-01,SGP,VNM,0.1097,2,False
2015-05-01,SGP,VNM,0.0759,3,False
2015-06-01,SGP,VNM,0.065,2,False
2015-07-01,SGP,VNM,0.0613,3,False
2015-08-01,SGP,VNM,0.0481,2,True
2015-09-01,SGP,VNM,0.0523,2,False
2015-10-01,SGP,VNM,0.2091,2,False
2015-11-01,SGP,VNM,0.2143,2,False
2015-12-01,SGP,VNM,0.2042,2,False
2016-01-01,SGP,VNM,0.0993,4,False
2016-02-01,SGP,VNM,0.0447,3,True
2016-03-01,SGP,VNM,0.0194,2,True
2016-04-01,SGP,VNM,0.0311,2,True
2016-05-01,SGP,VNM,0.0325,2,True
2016-06-01,SGP,VNM,0.0429,2,True
2016-07-01,SGP,VNM,0.0391,2,True
2016-08-01,SGP,VNM,0.0329,4,True
2016-09-01,SGP,VNM,0.0613,2,False
2016-10-01,SGP,VNM,0.0321,2,True
2016-11-01,SGP,VNM,0.0325,2,True
2016-12-01,SGP,VNM,0.0301,2,True
2017-01-01,SGP,VNM,0.0577,2,False
2017-02-01,SGP,VNM,0.0516,2,False
2017-03-01,SGP,VNM,0.0552,1,False
2017-04-01,SGP,VNM,0.1028,1,False
2017-05-01,SGP,VNM,0.0601,1,False
2017-06-01,SGP,VNM,0.041,2,True
2017-07-01,SGP,VNM,0.031,1,True
2017-08-01,SGP,VNM,0.1693,1,False
2017-09-01,SGP,VNM,0.1992,1,False
2017-10-01,SGP,VNM,0.1185,1,False
2017-11-01,SGP,VNM,0.0786,1,False
2017-12-01,SGP,VNM,0.0119,1,True
2018-01-01,SGP,VNM,0.0041,1,True
2018-02-01,SGP,VNM,0.0225,1,True
2018-03-01,SGP,VNM,0.0216,1,True
2018-04-01,SGP,VNM,0.1344,2,False
2018-05-01,SGP,VNM,0.2151,2,False
2018-06-01,SGP,VNM,0.127,2,False
2018-07-01,SGP,VNM,0.1331,2,False
2018-08-01,SGP,VNM,0.2814,1,False
2018-09-01,SGP,VNM,0.449,2,False
2018-10-01,SGP,VNM,0.4654,2,False
2018-11-01,SGP,VNM,0.4771,2,False
2018-12-01,SGP,VNM,0.4441,2,False
2019-01-01,SGP,VNM,0.5378,2,False
2019-02-01,SGP,VNM,0.5134,2,False
2019-03-01,SGP,VNM,0.5127,4,False
2019-04-01,SGP,VNM,0.3831,4,False
2019-05-01,SGP,VNM,0.4052,4,False
2019-06-01,SGP,VNM,0.2109,4,False
2019-07-01,SGP,VNM,0.2482,4,False
2019-08-01,SGP,VNM,0.1385,2,False
2019-09-01,SGP,VNM,0.0955,2,False
2019-10-01,SGP,VNM,0.0252,2,True
2019-11-01,SGP,VNM,0.0726,2,False
2019-12-01,SGP,VNM,0.1103,2,False
2020-01-01,SGP,VNM,0.1501,3,False
2020-02-01,SGP,VNM,0.0744,2,False
2020-03-01,SGP,VNM,0.0742,2,False
2020-04-01,SGP,VNM,0.1161,2,False
2020-05-01,SGP,VNM,0.1753,2,False
2020-06-01,SGP,VNM,0.1039,2,False
2020-07-01,SGP,VNM,0.0276,3,True
2020-08-01,SGP,VNM,0.0051,3,True
2020-09-01,SGP,VNM,0.018,1,True
2020-10-01,SGP,VNM,0.0251,1,True
2020-11-01,SGP,VNM,0.0365,1,True
2020-12-01,SGP,VNM,0.0425,1,True
2021-01-01,SGP,VNM,0.0483,1,True
2021-02-01,SGP,VNM,0.0663,1,False
2021-03-01,SGP,VNM,0.0319,1,True
2021-04-01,SGP,VNM,0.0255,1,True
2021-05-01,SGP,VNM,0.0109,1,True
2021-06-01,SGP,VNM,0.0218,1,True
2021-07-01,SGP,VNM,0.1788,1,False
2021-08-01,SGP,VNM,0.0756,1,False
2021-09-01,SGP,VNM,0.0627,1,False
2021-10-01,SGP,VNM,0.3797,1,False
2021-11-01,SGP,VNM,0.2848,4,False
2021-12-01,SGP,VNM,0.2666,4,False
2022-01-01,SGP,VNM,0.2538,4,False
2022-02-01,SGP,VNM,0.2388,4,False
2022-03-01,SGP,VNM,0.2173,4,False
2022-04-01,SGP,VNM,0.1858,1,False
2022-05-01,SGP,VNM,0.2402,1,False
2022-06-01,SGP,VNM,0.1111,1,False
2022-07-01,SGP,VNM,0.1326,1,False
2022-08-01,SGP,VNM,0.0693,1,False
2022-09-01,SGP,VNM,0.0709,1,False
2022-10-01,SGP,VNM,0.0222,1,True
2022-11-01,SGP,VNM,0.0281,1,True
2022-12-01,SGP,VNM,0.0354,1,True
2023-01-01,SGP,VNM,0.0441,4,True
2023-02-01,SGP,VNM,0.051,1,False
2023-03-01,SGP,VNM,0.0172,1,True
2023-04-01,SGP,VNM,0.0016,1,True
2023-05-01,SGP,VNM,0.0027,1,True
2023-06-01,SGP,VNM,0.0061,1,True
2023-07-01,SGP,VNM,0.032,1,True
2023-08-01,SGP,VNM,0.0354,1,True
2023-09-01,SGP,VNM,0.0091,1,True
2023-10-01,SGP,VNM,0.0139,1,True
2023-11-01,SGP,VNM,0.0103,1,True
2023-12-01,SGP,VNM,0.0214,1,True
2024-01-01,SGP,VNM,0.0341,2,True
2024-02-01,SGP,VNM,0.1019,2,False
2024-03-01,SGP,VNM,0.0478,2,True
2024-04-01,SGP,VNM,0.0653,2,False
2024-05-01,SGP,VNM,0.1354,2,False
2024-06-01,SGP,VNM,0.1154,4,False
2024-07-01,SGP,VNM,0.1191,4,False
2024-08-01,SGP,VNM,0.0888,4,False
2024-09-01,SGP,VNM,0.1123,4,False
2024-10-01,SGP,VNM,0.0629,4,False
2024-11-01,SGP,VNM,0.0635,4,False
2024-12-01,SGP,VNM,0.218,3,False
2025-01-01,SGP,VNM,0.2162,3,False
2025-02-01,SGP,VNM,0.157,3,False
2025-03-01,SGP,VNM,0.0634,3,False
2025-04-01,SGP,VNM,0.0658,3,False
2025-05-01,SGP,VNM,0.0382,3,True
2025-06-01,SGP,VNM,0.0408,3,True
2025-07-01,SGP,VNM,0.0179,3,True
2025-08-01,SGP,VNM,0.016,3,True
2025-09-01,SGP,VNM,0.0147,3,True
2025-10-01,SGP,VNM,0.0282,2,True
2025-11-01,SGP,VNM,0.0396,3,True
2025-12-01,SGP,VNM,0.0408,4,True
2026-01-01,SGP,VNM,0.0413,4,True
2026-02-01,SGP,VNM,0.0704,4,False
2026-03-01,SGP,VNM,0.068,3,False
2015-01-01,SGP,IDN,0.1227,3,False
2015-02-01,SGP,IDN,0.1803,3,False
2015-03-01,SGP,IDN,0.4624,3,False
2015-04-01,SGP,IDN,0.5691,2,False
2015-05-01,SGP,IDN,0.5869,3,False
2015-06-01,SGP,IDN,0.3677,3,False
2015-07-01,SGP,IDN,0.2282,3,False
2015-08-01,SGP,IDN,0.1094,3,False
2015-09-01,SGP,IDN,0.1068,3,False
2015-10-01,SGP,IDN,0.1063,3,False
2015-11-01,SGP,IDN,0.3588,3,False
2015-12-01,SGP,IDN,0.1737,4,False
2016-01-01,SGP,IDN,0.1484,4,False
2016-02-01,SGP,IDN,0.2298,3,False
2016-03-01,SGP,IDN,0.3646,4,False
2016-04-01,SGP,IDN,0.2826,4,False
2016-05-01,SGP,IDN,0.2884,4,False
2016-06-01,SGP,IDN,0.256,1,False
2016-07-01,SGP,IDN,0.3782,1,False
2016-08-01,SGP,IDN,0.2777,1,False
2016-09-01,SGP,IDN,0.2744,1,False
2016-10-01,SGP,IDN,0.2248,1,False
2016-11-01,SGP,IDN,0.1578,1,False
2016-12-01,SGP,IDN,0.1964,1,False
2017-01-01,SGP,IDN,0.1497,1,False
2017-02-01,SGP,IDN,0.2045,1,False
2017-03-01,SGP,IDN,0.2338,1,False
2017-04-01,SGP,IDN,0.2116,3,False
2017-05-01,SGP,IDN,0.1912,2,False
2017-06-01,SGP,IDN,0.245,2,False
2017-07-01,SGP,IDN,0.206,2,False
2017-08-01,SGP,IDN,0.1908,2,False
2017-09-01,SGP,IDN,0.1596,3,False
2017-10-01,SGP,IDN,0.199,2,False
2017-11-01,SGP,IDN,0.3234,2,False
2017-12-01,SGP,IDN,0.3135,2,False
2018-01-01,SGP,IDN,0.2501,2,False
2018-02-01,SGP,IDN,0.4498,1,False
2018-03-01,SGP,IDN,0.4343,2,False
2018-04-01,SGP,IDN,0.5836,1,False
2018-05-01,SGP,IDN,0.5427,1,False
2018-06-01,SGP,IDN,0.5446,1,False
2018-07-01,SGP,IDN,0.6693,1,False
2018-08-01,SGP,IDN,0.7121,1,False
2018-09-01,SGP,IDN,0.7221,1,False
2018-10-01,SGP,IDN,0.7662,3,False
2018-11-01,SGP,IDN,0.7301,2,False
2018-12-01,SGP,IDN,0.7888,2,False
2019-01-01,SGP,IDN,0.7372,1,False
2019-02-01,SGP,IDN,0.7685,1,False
2019-03-01,SGP,IDN,0.836,1,False
2019-04-01,SGP,IDN,0.6184,1,False
2019-05-01,SGP,IDN,0.7023,4,False
2019-06-01,SGP,IDN,0.5195,3,False
2019-07-01,SGP,IDN,0.4385,2,False
2019-08-01,SGP,IDN,0.1941,1,False
2019-09-01,SGP,IDN,0.6486,1,False
2019-10-01,SGP,IDN,0.4224,1,False
2019-11-01,SGP,IDN,0.2471,3,False
2019-12-01,SGP,IDN,0.2827,3,False
2020-01-01,SGP,IDN,0.2955,1,False
2020-02-01,SGP,IDN,0.2958,3,False
2020-03-01,SGP,IDN,0.2522,1,False
2020-04-01,SGP,IDN,0.1885,1,False
2020-05-01,SGP,IDN,0.4414,3,False
2020-06-01,SGP,IDN,0.3916,1,False
2020-07-01,SGP,IDN,0.5076,3,False
2020-08-01,SGP,IDN,0.4736,2,False
2020-09-01,SGP,IDN,0.4413,3,False
2020-10-01,SGP,IDN,0.34,3,False
2020-11-01,SGP,IDN,0.3734,3,False
2020-12-01,SGP,IDN,0.2516,3,False
2021-01-01,SGP,IDN,0.4555,3,False
2021-02-01,SGP,IDN,0.4817,3,False
2021-03-01,SGP,IDN,0.4682,3,False
2021-04-01,SGP,IDN,0.4366,3,False
2021-05-01,SGP,IDN,0.3067,3,False
2021-06-01,SGP,IDN,0.2557,3,False
2021-07-01,SGP,IDN,0.2964,3,False
2021-08-01,SGP,IDN,0.1667,3,False
2021-09-01,SGP,IDN,0.0908,4,False
2021-10-01,SGP,IDN,0.0573,3,False
2021-11-01,SGP,IDN,0.3345,3,False
2021-12-01,SGP,IDN,0.3126,3,False
2022-01-01,SGP,IDN,0.4363,3,False
2022-02-01,SGP,IDN,0.2555,1,False
2022-03-01,SGP,IDN,0.5086,1,False
2022-04-01,SGP,IDN,0.1457,1,False
2022-05-01,SGP,IDN,0.0325,4,True
2022-06-01,SGP,IDN,0.016,3,True
2022-07-01,SGP,IDN,0.0017,2,True
2022-08-01,SGP,IDN,0.0007,1,True
2022-09-01,SGP,IDN,0.0007,1,True
2022-10-01,SGP,IDN,0.0015,1,True
2022-11-01,SGP,IDN,0.0019,2,True
2022-12-01,SGP,IDN,0.0008,2,True
2023-01-01,SGP,IDN,0.0012,2,True
2023-02-01,SGP,IDN,0.001,1,True
2023-03-01,SGP,IDN,0.0039,2,True
2023-04-01,SGP,IDN,0.0032,2,True
2023-05-01,SGP,IDN,0.0013,3,True
2023-06-01,SGP,IDN,0.0005,2,True
2023-07-01,SGP,IDN,0.0003,1,True
2023-08-01,SGP,IDN,0.0004,2,True
2023-09-01,SGP,IDN,0.0017,1,True
2023-10-01,SGP,IDN,0.0028,1,True
2023-11-01,SGP,IDN,0.011,2,True
2023-12-01,SGP,IDN,0.0155,2,True
2024-01-01,SGP,IDN,0.0182,2,True
2024-02-01,SGP,IDN,0.0277,2,True
2024-03-01,SGP,IDN,0.0255,2,True
2024-04-01,SGP,IDN,0.0195,2,True
2024-05-01,SGP,IDN,0.0142,2,True
2024-06-01,SGP,IDN,0.0111,2,True
2024-07-01,SGP,IDN,0.0103,2,True
2024-08-01,SGP,IDN,0.0066,1,True
2024-09-01,SGP,IDN,0.0063,2,True
2024-10-01,SGP,IDN,0.0078,2,True
2024-11-01,SGP,IDN,0.0022,2,True
2024-12-01,SGP,IDN,0.012,1,True
2025-01-01,SGP,IDN,0.0195,2,True
2025-02-01,SGP,IDN,0.0087,1,True
2025-03-01,SGP,IDN,0.0269,1,True
2025-04-01,SGP,IDN,0.0425,1,True
2025-05-01,SGP,IDN,0.0559,1,False
2025-06-01,SGP,IDN,0.091,1,False
2025-07-01,SGP,IDN,0.1535,4,False
2025-08-01,SGP,IDN,0.1751,4,False
2025-09-01,SGP,IDN,0.0545,4,False
2025-10-01,SGP,IDN,0.1149,4,False
2025-11-01,SGP,IDN,0.1235,4,False
2025-12-01,SGP,IDN,0.075,4,False
2026-01-01,SGP,IDN,0.0626,4,False
2026-02-01,SGP,IDN,0.1121,3,False
2026-03-01,SGP,IDN,0.0117,4,True
2015-01-01,SGP,THA,0.0203,4,True
2015-02-01,SGP,THA,0.0052,4,True
2015-03-01,SGP,THA,0.0011,4,True
2015-04-01,SGP,THA,0.0026,4,True
2015-05-01,SGP,THA,0.0012,4,True
2015-06-01,SGP,THA,0.0068,4,True
2015-07-01,SGP,THA,0.0132,4,True
2015-08-01,SGP,THA,0.0381,1,True
2015-09-01,SGP,THA,0.0264,1,True
2015-10-01,SGP,THA,0.0388,1,True
2015-11-01,SGP,THA,0.0345,1,True
2015-12-01,SGP,THA,0.0335,1,True
2016-01-01,SGP,THA,0.0385,1,True
2016-02-01,SGP,THA,0.0358,4,True
2016-03-01,SGP,THA,0.0245,1,True
2016-04-01,SGP,THA,0.0256,1,True
2016-05-01,SGP,THA,0.0213,1,True
2016-06-01,SGP,THA,0.0328,1,True
2016-07-01,SGP,THA,0.0288,1,True
2016-08-01,SGP,THA,0.0185,2,True
2016-09-01,SGP,THA,0.018,2,True
2016-10-01,SGP,THA,0.017,1,True
2016-11-01,SGP,THA,0.0158,2,True
2016-12-01,SGP,THA,0.0121,1,True
2017-01-01,SGP,THA,0.0256,1,True
2017-02-01,SGP,THA,0.0245,2,True
2017-03-01,SGP,THA,0.0152,1,True
2017-04-01,SGP,THA,0.0167,1,True
2017-05-01,SGP,THA,0.0154,2,True
2017-06-01,SGP,THA,0.0088,2,True
2017-07-01,SGP,THA,0.0075,2,True
2017-08-01,SGP,THA,0.0075,2,True
2017-09-01,SGP,THA,0.0223,2,True
2017-10-01,SGP,THA,0.0229,2,True
2017-11-01,SGP,THA,0.0652,2,False
2017-12-01,SGP,THA,0.0572,2,False
2018-01-01,SGP,THA,0.0461,2,True
2018-02-01,SGP,THA,0.024,2,True
2018-03-01,SGP,THA,0.0216,2,True
2018-04-01,SGP,THA,0.0162,2,True
2018-05-01,SGP,THA,0.0248,2,True
2018-06-01,SGP,THA,0.0019,4,True
2018-07-01,SGP,THA,0.0095,3,True
2018-08-01,SGP,THA,0.0269,2,True
2018-09-01,SGP,THA,0.0201,2,True
2018-10-01,SGP,THA,0.0203,2,True
2018-11-01,SGP,THA,0.0186,2,True
2018-12-01,SGP,THA,0.0243,2,True
2019-01-01,SGP,THA,0.1419,2,False
2019-02-01,SGP,THA,0.1596,2,False
2019-03-01,SGP,THA,0.1091,2,False
2019-04-01,SGP,THA,0.0686,2,False
2019-05-01,SGP,THA,0.2221,2,False
2019-06-01,SGP,THA,0.3277,1,False
2019-07-01,SGP,THA,0.3905,2,False
2019-08-01,SGP,THA,0.3983,2,False
2019-09-01,SGP,THA,0.3755,2,False
2019-10-01,SGP,THA,0.4488,2,False
2019-11-01,SGP,THA,0.5355,4,False
2019-12-01,SGP,THA,0.3783,1,False
2020-01-01,SGP,THA,0.2021,1,False
2020-02-01,SGP,THA,0.1498,1,False
2020-03-01,SGP,THA,0.1119,1,False
2020-04-01,SGP,THA,0.1489,1,False
2020-05-01,SGP,THA,0.629,1,False
2020-06-01,SGP,THA,0.7022,2,False
2020-07-01,SGP,THA,0.4611,2,False
2020-08-01,SGP,THA,0.7288,1,False
2020-09-01,SGP,THA,0.7271,1,False
2020-10-01,SGP,THA,0.5684,1,False
2020-11-01,SGP,THA,0.6517,2,False
2020-12-01,SGP,THA,0.4307,2,False
2021-01-01,SGP,THA,0.6221,2,False
2021-02-01,SGP,THA,0.4113,2,False
2021-03-01,SGP,THA,0.4035,2,False
2021-04-01,SGP,THA,0.4088,2,False
2021-05-01,SGP,THA,0.1823,2,False
2021-06-01,SGP,THA,0.1557,1,False
2021-07-01,SGP,THA,0.2313,2,False
2021-08-01,SGP,THA,0.1639,1,False
2021-09-01,SGP,THA,0.1362,1,False
2021-10-01,SGP,THA,0.0803,1,False
2021-11-01,SGP,THA,0.0399,1,True
2021-12-01,SGP,THA,0.1131,1,False
2022-01-01,SGP,THA,0.185,1,False
2022-02-01,SGP,THA,0.4627,4,False
2022-03-01,SGP,THA,0.3393,4,False
2022-04-01,SGP,THA,0.1642,4,False
2022-05-01,SGP,THA,0.2364,4,False
2022-06-01,SGP,THA,0.222,4,False
2022-07-01,SGP,THA,0.3063,1,False
2022-08-01,SGP,THA,0.213,1,False
2022-09-01,SGP,THA,0.1385,1,False
2022-10-01,SGP,THA,0.1369,1,False
2022-11-01,SGP,THA,0.1598,1,False
2022-12-01,SGP,THA,0.1836,1,False
2023-01-01,SGP,THA,0.1355,1,False
2023-02-01,SGP,THA,0.1121,4,False
2023-03-01,SGP,THA,0.202,4,False
2023-04-01,SGP,THA,0.0767,4,False
2023-05-01,SGP,THA,0.063,4,False
2023-06-01,SGP,THA,0.0864,2,False
2023-07-01,SGP,THA,0.0655,2,False
2023-08-01,SGP,THA,0.0545,2,False
2023-09-01,SGP,THA,0.016,4,True
2023-10-01,SGP,THA,0.0236,4,True
2023-11-01,SGP,THA,0.0196,4,True
2023-12-01,SGP,THA,0.0912,2,False
2024-01-01,SGP,THA,0.0629,4,False
2024-02-01,SGP,THA,0.0205,4,True
2024-03-01,SGP,THA,0.0524,2,False
2024-04-01,SGP,THA,0.062,4,False
2024-05-01,SGP,THA,0.0707,4,False
2024-06-01,SGP,THA,0.0451,4,True
2024-07-01,SGP,THA,0.0383,4,True
2024-08-01,SGP,THA,0.0298,4,True
2024-09-01,SGP,THA,0.0362,4,True
2024-10-01,SGP,THA,0.0191,1,True
2024-11-01,SGP,THA,0.0159,1,True
2024-12-01,SGP,THA,0.0425,1,True
2025-01-01,SGP,THA,0.0388,4,True
2025-02-01,SGP,THA,0.0422,4,True
2025-03-01,SGP,THA,0.0501,4,False
2025-04-01,SGP,THA,0.046,4,True
2025-05-01,SGP,THA,0.0288,4,True
2025-06-01,SGP,THA,0.0318,4,True
2025-07-01,SGP,THA,0.0272,4,True
2025-08-01,SGP,THA,0.0215,1,True
2025-09-01,SGP,THA,0.0071,1,True
2025-10-01,SGP,THA,0.0014,1,True
2025-11-01,SGP,THA,0.0002,1,True
2025-12-01,SGP,THA,0.0,1,True
2026-01-01,SGP,THA,0.0,1,True
2026-02-01,SGP,THA,0.0,1,True
2026-03-01,SGP,THA,0.0,1,True
2015-01-01,SGP,BRA,0.2144,1,False
2015-02-01,SGP,BRA,0.1778,1,False
2015-03-01,SGP,BRA,0.2952,2,False
2015-04-01,SGP,BRA,0.361,2,False
2015-05-01,SGP,BRA,0.3622,2,False
2015-06-01,SGP,BRA,0.3956,2,False
2015-07-01,SGP,BRA,0.4584,2,False
2015-08-01,SGP,BRA,0.5377,2,False
2015-09-01,SGP,BRA,0.4523,2,False
2015-10-01,SGP,BRA,0.391,2,False
2015-11-01,SGP,BRA,0.2682,2,False
2015-12-01,SGP,BRA,0.2259,2,False
2016-01-01,SGP,BRA,0.1248,3,False
2016-02-01,SGP,BRA,0.0383,2,True
2016-03-01,SGP,BRA,0.0092,1,True
2016-04-01,SGP,BRA,0.0159,1,True
2016-05-01,SGP,BRA,0.0203,2,True
2016-06-01,SGP,BRA,0.0208,1,True
2016-07-01,SGP,BRA,0.0557,1,False
2016-08-01,SGP,BRA,0.0912,1,False
2016-09-01,SGP,BRA,0.0993,2,False
2016-10-01,SGP,BRA,0.1192,1,False
2016-11-01,SGP,BRA,0.1558,2,False
2016-12-01,SGP,BRA,0.3085,2,False
2017-01-01,SGP,BRA,0.313,2,False
2017-02-01,SGP,BRA,0.5055,2,False
2017-03-01,SGP,BRA,0.4713,4,False
2017-04-01,SGP,BRA,0.3246,4,False
2017-05-01,SGP,BRA,0.1607,4,False
2017-06-01,SGP,BRA,0.0571,4,False
2017-07-01,SGP,BRA,0.0945,4,False
2017-08-01,SGP,BRA,0.0694,4,False
2017-09-01,SGP,BRA,0.1243,2,False
2017-10-01,SGP,BRA,0.0669,2,False
2017-11-01,SGP,BRA,0.0597,1,False
2017-12-01,SGP,BRA,0.0493,1,True
2018-01-01,SGP,BRA,0.041,1,True
2018-02-01,SGP,BRA,0.032,1,True
2018-03-01,SGP,BRA,0.0428,1,True
2018-04-01,SGP,BRA,0.0445,1,True
2018-05-01,SGP,BRA,0.0399,1,True
2018-06-01,SGP,BRA,0.0244,1,True
2018-07-01,SGP,BRA,0.0108,1,True
2018-08-01,SGP,BRA,0.0112,1,True
2018-09-01,SGP,BRA,0.0111,2,True
2018-10-01,SGP,BRA,0.009,4,True
2018-11-01,SGP,BRA,0.0131,4,True
2018-12-01,SGP,BRA,0.0066,2,True
2019-01-01,SGP,BRA,0.0045,2,True
2019-02-01,SGP,BRA,0.0045,2,True
2019-03-01,SGP,BRA,0.0045,2,True
2019-04-01,SGP,BRA,0.005,2,True
2019-05-01,SGP,BRA,0.0041,2,True
2019-06-01,SGP,BRA,0.0054,2,True
2019-07-01,SGP,BRA,0.0021,2,True
2019-08-01,SGP,BRA,0.0081,2,True
2019-09-01,SGP,BRA,0.0106,2,True
2019-10-01,SGP,BRA,0.0214,4,True
2019-11-01,SGP,BRA,0.0072,4,True
2019-12-01,SGP,BRA,0.0018,4,True
2020-01-01,SGP,BRA,0.0012,4,True
2020-02-01,SGP,BRA,0.0005,4,True
2020-03-01,SGP,BRA,0.0034,4,True
2020-04-01,SGP,BRA,0.0016,4,True
2020-05-01,SGP,BRA,0.0019,4,True
2020-06-01,SGP,BRA,0.0017,4,True
2020-07-01,SGP,BRA,0.0037,4,True
2020-08-01,SGP,BRA,0.0242,4,True
2020-09-01,SGP,BRA,0.0359,3,True
2020-10-01,SGP,BRA,0.0447,4,True
2020-11-01,SGP,BRA,0.0252,4,True
2020-12-01,SGP,BRA,0.0756,4,False
2021-01-01,SGP,BRA,0.0605,2,False
2021-02-01,SGP,BRA,0.0806,2,False
2021-03-01,SGP,BRA,0.0202,4,True
2021-04-01,SGP,BRA,0.0186,4,True
2021-05-01,SGP,BRA,0.008,4,True
2021-06-01,SGP,BRA,0.0046,4,True
2021-07-01,SGP,BRA,0.0055,4,True
2021-08-01,SGP,BRA,0.0419,4,True
2021-09-01,SGP,BRA,0.0835,4,False
2021-10-01,SGP,BRA,0.1216,3,False
2021-11-01,SGP,BRA,0.1105,3,False
2021-12-01,SGP,BRA,0.2387,4,False
2022-01-01,SGP,BRA,0.5238,2,False
2022-02-01,SGP,BRA,0.2276,4,False
2022-03-01,SGP,BRA,0.2514,4,False
2022-04-01,SGP,BRA,0.2733,4,False
2022-05-01,SGP,BRA,0.2522,2,False
2022-06-01,SGP,BRA,0.1358,4,False
2022-07-01,SGP,BRA,0.1279,4,False
2022-08-01,SGP,BRA,0.1072,1,False
2022-09-01,SGP,BRA,0.0116,1,True
2022-10-01,SGP,BRA,0.0009,1,True
2022-11-01,SGP,BRA,0.0007,1,True
2022-12-01,SGP,BRA,0.0004,1,True
2023-01-01,SGP,BRA,0.0012,1,True
2023-02-01,SGP,BRA,0.0026,1,True
2023-03-01,SGP,BRA,0.0019,1,True
2023-04-01,SGP,BRA,0.0002,1,True
2023-05-01,SGP,BRA,0.0,1,True
2023-06-01,SGP,BRA,0.0,1,True
2023-07-01,SGP,BRA,0.0,1,True
2023-08-01,SGP,BRA,0.0,1,True
2023-09-01,SGP,BRA,0.0,1,True
2023-10-01,SGP,BRA,0.0001,1,True
2023-11-01,SGP,BRA,0.0,1,True
2023-12-01,SGP,BRA,0.0,1,True
2024-01-01,SGP,BRA,0.0,1,True
2024-02-01,SGP,BRA,0.0,1,True
2024-03-01,SGP,BRA,0.0,1,True
2024-04-01,SGP,BRA,0.0,1,True
2024-05-01,SGP,BRA,0.0001,1,True
2024-06-01,SGP,BRA,0.0001,1,True
2024-07-01,SGP,BRA,0.0002,1,True
2024-08-01,SGP,BRA,0.0004,1,True
2024-09-01,SGP,BRA,0.0016,1,True
2024-10-01,SGP,BRA,0.0031,1,True
2024-11-01,SGP,BRA,0.0032,1,True
2024-12-01,SGP,BRA,0.0021,1,True
2025-01-01,SGP,BRA,0.0047,1,True
2025-02-01,SGP,BRA,0.014,1,True
2025-03-01,SGP,BRA,0.016,1,True
2025-04-01,SGP,BRA,0.0118,1,True
2025-05-01,SGP,BRA,0.0206,1,True
2025-06-01,SGP,BRA,0.0404,1,True
2025-07-01,SGP,BRA,0.3704,1,False
2025-08-01,SGP,BRA,0.5771,1,False
2025-09-01,SGP,BRA,0.5705,3,False
2025-10-01,SGP,BRA,0.4861,1,False
2025-11-01,SGP,BRA,0.5265,4,False
2025-12-01,SGP,BRA,0.3295,3,False
2026-01-01,SGP,BRA,0.2045,1,False
2026-02-01,SGP,BRA,0.0975,1,False
2026-03-01,SGP,BRA,0.2167,1,False
2015-01-01,SGP,ZAF,0.1415,2,False
2015-02-01,SGP,ZAF,0.5121,2,False
2015-03-01,SGP,ZAF,0.3763,1,False
2015-04-01,SGP,ZAF,0.46,1,False
2015-05-01,SGP,ZAF,0.3847,1,False
2015-06-01,SGP,ZAF,0.1442,2,False
2015-07-01,SGP,ZAF,0.047,1,True
2015-08-01,SGP,ZAF,0.1034,1,False
2015-09-01,SGP,ZAF,0.0625,1,False
2015-10-01,SGP,ZAF,0.0632,1,False
2015-11-01,SGP,ZAF,0.0833,1,False
2015-12-01,SGP,ZAF,0.0781,1,False
2016-01-01,SGP,ZAF,0.0948,1,False
2016-02-01,SGP,ZAF,0.3383,3,False
2016-03-01,SGP,ZAF,0.5172,3,False
2016-04-01,SGP,ZAF,0.3164,3,False
2016-05-01,SGP,ZAF,0.6547,2,False
2016-06-01,SGP,ZAF,0.7358,1,False
2016-07-01,SGP,ZAF,0.6966,2,False
2016-08-01,SGP,ZAF,0.6983,2,False
2016-09-01,SGP,ZAF,0.7329,2,False
2016-10-01,SGP,ZAF,0.8163,4,False
2016-11-01,SGP,ZAF,0.6444,3,False
2016-12-01,SGP,ZAF,0.388,2,False
2017-01-01,SGP,ZAF,0.389,2,False
2017-02-01,SGP,ZAF,0.4645,3,False
2017-03-01,SGP,ZAF,0.4765,3,False
2017-04-01,SGP,ZAF,0.4864,3,False
2017-05-01,SGP,ZAF,0.1463,1,False
2017-06-01,SGP,ZAF,0.0432,1,True
2017-07-01,SGP,ZAF,0.0235,1,True
2017-08-01,SGP,ZAF,0.0044,1,True
2017-09-01,SGP,ZAF,0.0187,1,True
2017-10-01,SGP,ZAF,0.0212,1,True
2017-11-01,SGP,ZAF,0.0232,1,True
2017-12-01,SGP,ZAF,0.0132,1,True
2018-01-01,SGP,ZAF,0.0131,1,True
2018-02-01,SGP,ZAF,0.0072,1,True
2018-03-01,SGP,ZAF,0.0041,1,True
2018-04-01,SGP,ZAF,0.0045,1,True
2018-05-01,SGP,ZAF,0.0054,1,True
2018-06-01,SGP,ZAF,0.0056,1,True
2018-07-01,SGP,ZAF,0.0056,1,True
2018-08-01,SGP,ZAF,0.0071,3,True
2018-09-01,SGP,ZAF,0.002,3,True
2018-10-01,SGP,ZAF,0.0029,1,True
2018-11-01,SGP,ZAF,0.0025,1,True
2018-12-01,SGP,ZAF,0.0062,1,True
2019-01-01,SGP,ZAF,0.0135,3,True
2019-02-01,SGP,ZAF,0.0149,3,True
2019-03-01,SGP,ZAF,0.0116,3,True
2019-04-01,SGP,ZAF,0.0121,3,True
2019-05-01,SGP,ZAF,0.0096,3,True
2019-06-01,SGP,ZAF,0.0059,3,True
2019-07-01,SGP,ZAF,0.0072,3,True
2019-08-01,SGP,ZAF,0.0057,3,True
2019-09-01,SGP,ZAF,0.0334,3,True
2019-10-01,SGP,ZAF,0.0666,3,False
2019-11-01,SGP,ZAF,0.201,3,False
2019-12-01,SGP,ZAF,0.2886,3,False
2020-01-01,SGP,ZAF,0.3883,2,False
2020-02-01,SGP,ZAF,0.1956,1,False
2020-03-01,SGP,ZAF,0.1585,1,False
2020-04-01,SGP,ZAF,0.1461,1,False
2020-05-01,SGP,ZAF,0.0283,1,True
2020-06-01,SGP,ZAF,0.0006,1,True
2020-07-01,SGP,ZAF,0.0017,1,True
2020-08-01,SGP,ZAF,0.0045,1,True
2020-09-01,SGP,ZAF,0.0022,1,True
2020-10-01,SGP,ZAF,0.001,1,True
2020-11-01,SGP,ZAF,0.001,1,True
2020-12-01,SGP,ZAF,0.001,1,True
2021-01-01,SGP,ZAF,0.001,1,True
2021-02-01,SGP,ZAF,0.0005,1,True
2021-03-01,SGP,ZAF,0.0023,1,True
2021-04-01,SGP,ZAF,0.0047,1,True
2021-05-01,SGP,ZAF,0.0001,1,True
2021-06-01,SGP,ZAF,0.0,1,True
2021-07-01,SGP,ZAF,0.0001,1,True
2021-08-01,SGP,ZAF,0.0006,1,True
2021-09-01,SGP,ZAF,0.0004,1,True
2021-10-01,SGP,ZAF,0.0002,1,True
2021-11-01,SGP,ZAF,0.0001,1,True
2021-12-01,SGP,ZAF,0.0,1,True
2022-01-01,SGP,ZAF,0.0,2,True
2022-02-01,SGP,ZAF,0.0,2,True
2022-03-01,SGP,ZAF,0.0,2,True
2022-04-01,SGP,ZAF,0.0,2,True
2022-05-01,SGP,ZAF,0.0,2,True
2022-06-01,SGP,ZAF,0.0,1,True
2022-07-01,SGP,ZAF,0.0,2,True
2022-08-01,SGP,ZAF,0.0,2,True
2022-09-01,SGP,ZAF,0.0,2,True
2022-10-01,SGP,ZAF,0.0,2,True
2022-11-01,SGP,ZAF,0.0,2,True
2022-12-01,SGP,ZAF,0.0,2,True
2023-01-01,SGP,ZAF,0.0,2,True
2023-02-01,SGP,ZAF,0.0,2,True
2023-03-01,SGP,ZAF,0.0,2,True
2023-04-01,SGP,ZAF,0.0,2,True
2023-05-01,SGP,ZAF,0.0,2,True
2023-06-01,SGP,ZAF,0.0,2,True
2023-07-01,SGP,ZAF,0.0,2,True
2023-08-01,SGP,ZAF,0.0002,2,True
2023-09-01,SGP,ZAF,0.0001,2,True
2023-10-01,SGP,ZAF,0.0001,2,True
2023-11-01,SGP,ZAF,0.0001,2,True
2023-12-01,SGP,ZAF,0.0012,2,True
2024-01-01,SGP,ZAF,0.001,2,True
2024-02-01,SGP,ZAF,0.0009,2,True
2024-03-01,SGP,ZAF,0.0018,2,True
2024-04-01,SGP,ZAF,0.0014,2,True
2024-05-01,SGP,ZAF,0.0036,2,True
2024-06-01,SGP,ZAF,0.007,2,True
2024-07-01,SGP,ZAF,0.0044,2,True
2024-08-01,SGP,ZAF,0.0026,2,True
2024-09-01,SGP,ZAF,0.0024,2,True
2024-10-01,SGP,ZAF,0.0017,2,True
2024-11-01,SGP,ZAF,0.0053,2,True
2024-12-01,SGP,ZAF,0.0042,2,True
2025-01-01,SGP,ZAF,0.007,1,True
2025-02-01,SGP,ZAF,0.0054,1,True
2025-03-01,SGP,ZAF,0.004,2,True
2025-04-01,SGP,ZAF,0.0233,1,True
2025-05-01,SGP,ZAF,0.0147,2,True
2025-06-01,SGP,ZAF,0.0444,2,True
2025-07-01,SGP,ZAF,0.0789,2,False
2025-08-01,SGP,ZAF,0.0852,2,False
2025-09-01,SGP,ZAF,0.1358,2,False
2025-10-01,SGP,ZAF,0.0883,2,False
2025-11-01,SGP,ZAF,0.1315,2,False
2025-12-01,SGP,ZAF,0.1341,2,False
2026-01-01,SGP,ZAF,0.2343,2,False
2026-02-01,SGP,ZAF,0.2596,2,False
2026-03-01,SGP,ZAF,0.2008,2,False
2015-01-01,SGP,MEX,0.1405,4,False
2015-02-01,SGP,MEX,0.0579,3,False
2015-03-01,SGP,MEX,0.0377,2,True
2015-04-01,SGP,MEX,0.0113,1,True
2015-05-01,SGP,MEX,0.0139,1,True
2015-06-01,SGP,MEX,0.0149,2,True
2015-07-01,SGP,MEX,0.0201,2,True
2015-08-01,SGP,MEX,0.0234,2,True
2015-09-01,SGP,MEX,0.0151,4,True
2015-10-01,SGP,MEX,0.0062,4,True
2015-11-01,SGP,MEX,0.0011,2,True
2015-12-01,SGP,MEX,0.0002,2,True
2016-01-01,SGP,MEX,0.0001,1,True
2016-02-01,SGP,MEX,0.0001,1,True
2016-03-01,SGP,MEX,0.0027,1,True
2016-04-01,SGP,MEX,0.0014,2,True
2016-05-01,SGP,MEX,0.0008,2,True
2016-06-01,SGP,MEX,0.0005,2,True
2016-07-01,SGP,MEX,0.0006,2,True
2016-08-01,SGP,MEX,0.0002,2,True
2016-09-01,SGP,MEX,0.0,2,True
2016-10-01,SGP,MEX,0.0001,2,True
2016-11-01,SGP,MEX,0.0002,2,True
2016-12-01,SGP,MEX,0.0025,2,True
2017-01-01,SGP,MEX,0.0033,2,True
2017-02-01,SGP,MEX,0.0626,1,False
2017-03-01,SGP,MEX,0.1226,2,False
2017-04-01,SGP,MEX,0.0576,3,False
2017-05-01,SGP,MEX,0.0363,4,True
2017-06-01,SGP,MEX,0.0299,3,True
2017-07-01,SGP,MEX,0.0281,3,True
2017-08-01,SGP,MEX,0.0411,4,True
2017-09-01,SGP,MEX,0.0356,1,True
2017-10-01,SGP,MEX,0.008,1,True
2017-11-01,SGP,MEX,0.0057,1,True
2017-12-01,SGP,MEX,0.0079,1,True
2018-01-01,SGP,MEX,0.0011,1,True
2018-02-01,SGP,MEX,0.0003,1,True
2018-03-01,SGP,MEX,0.0005,1,True
2018-04-01,SGP,MEX,0.0004,1,True
2018-05-01,SGP,MEX,0.0006,1,True
2018-06-01,SGP,MEX,0.0006,1,True
2018-07-01,SGP,MEX,0.0004,1,True
2018-08-01,SGP,MEX,0.0003,1,True
2018-09-01,SGP,MEX,0.0005,1,True
2018-10-01,SGP,MEX,0.0006,1,True
2018-11-01,SGP,MEX,0.0018,1,True
2018-12-01,SGP,MEX,0.0044,1,True
2019-01-01,SGP,MEX,0.0042,1,True
2019-02-01,SGP,MEX,0.0077,1,True
2019-03-01,SGP,MEX,0.0166,1,True
2019-04-01,SGP,MEX,0.032,1,True
2019-05-01,SGP,MEX,0.021,1,True
2019-06-01,SGP,MEX,0.08,1,False
2019-07-01,SGP,MEX,0.2338,1,False
2019-08-01,SGP,MEX,0.2299,4,False
2019-09-01,SGP,MEX,0.0459,4,True
2019-10-01,SGP,MEX,0.068,3,False
2019-11-01,SGP,MEX,0.0584,4,False
2019-12-01,SGP,MEX,0.069,2,False
2020-01-01,SGP,MEX,0.0177,1,True
2020-02-01,SGP,MEX,0.0095,1,True
2020-03-01,SGP,MEX,0.01,1,True
2020-04-01,SGP,MEX,0.0087,1,True
2020-05-01,SGP,MEX,0.0019,1,True
2020-06-01,SGP,MEX,0.0842,3,False
2020-07-01,SGP,MEX,0.0732,4,False
2020-08-01,SGP,MEX,0.0332,3,True
2020-09-01,SGP,MEX,0.0146,3,True
2020-10-01,SGP,MEX,0.0138,3,True
2020-11-01,SGP,MEX,0.0173,3,True
2020-12-01,SGP,MEX,0.1636,3,False
2021-01-01,SGP,MEX,0.1375,3,False
2021-02-01,SGP,MEX,0.1517,3,False
2021-03-01,SGP,MEX,0.1589,3,False
2021-04-01,SGP,MEX,0.1413,3,False
2021-05-01,SGP,MEX,0.0954,2,False
2021-06-01,SGP,MEX,0.1489,2,False
2021-07-01,SGP,MEX,0.1076,2,False
2021-08-01,SGP,MEX,0.1113,2,False
2021-09-01,SGP,MEX,0.0821,4,False
2021-10-01,SGP,MEX,0.0834,3,False
2021-11-01,SGP,MEX,0.0507,2,False
2021-12-01,SGP,MEX,0.0188,2,True
2022-01-01,SGP,MEX,0.0285,2,True
2022-02-01,SGP,MEX,0.0242,2,True
2022-03-01,SGP,MEX,0.0304,2,True
2022-04-01,SGP,MEX,0.0331,2,True
2022-05-01,SGP,MEX,0.0472,2,True
2022-06-01,SGP,MEX,0.0492,2,True
2022-07-01,SGP,MEX,0.0733,2,False
2022-08-01,SGP,MEX,0.0868,2,False
2022-09-01,SGP,MEX,0.0662,2,False
2022-10-01,SGP,MEX,0.0537,2,False
2022-11-01,SGP,MEX,0.0224,2,True
2022-12-01,SGP,MEX,0.0121,2,True
2023-01-01,SGP,MEX,0.0125,2,True
2023-02-01,SGP,MEX,0.0208,2,True
2023-03-01,SGP,MEX,0.016,2,True
2023-04-01,SGP,MEX,0.0178,2,True
2023-05-01,SGP,MEX,0.0124,2,True
2023-06-01,SGP,MEX,0.0424,2,True
2023-07-01,SGP,MEX,0.0214,2,True
2023-08-01,SGP,MEX,0.0288,2,True
2023-09-01,SGP,MEX,0.0232,2,True
2023-10-01,SGP,MEX,0.0329,2,True
2023-11-01,SGP,MEX,0.0141,2,True
2023-12-01,SGP,MEX,0.0168,2,True
2024-01-01,SGP,MEX,0.0236,1,True
2024-02-01,SGP,MEX,0.022,1,True
2024-03-01,SGP,MEX,0.0356,1,True
2024-04-01,SGP,MEX,0.0832,2,False
2024-05-01,SGP,MEX,0.0526,4,False
2024-06-01,SGP,MEX,0.0569,1,False
2024-07-01,SGP,MEX,0.0284,2,True
2024-08-01,SGP,MEX,0.0091,1,True
2024-09-01,SGP,MEX,0.0214,1,True
2024-10-01,SGP,MEX,0.0752,4,False
2024-11-01,SGP,MEX,0.0817,4,False
2024-12-01,SGP,MEX,0.0897,4,False
2025-01-01,SGP,MEX,0.0935,4,False
2025-02-01,SGP,MEX,0.0991,4,False
2025-03-01,SGP,MEX,0.2308,2,False
2025-04-01,SGP,MEX,0.205,4,False
2025-05-01,SGP,MEX,0.1814,2,False
2025-06-01,SGP,MEX,0.2099,4,False
2025-07-01,SGP,MEX,0.2981,4,False
2025-08-01,SGP,MEX,0.267,4,False
2025-09-01,SGP,MEX,0.3684,4,False
2025-10-01,SGP,MEX,0.2036,4,False
2025-11-01,SGP,MEX,0.1991,4,False
2025-12-01,SGP,MEX,0.1479,4,False
2026-01-01,SGP,MEX,0.1354,4,False
2026-02-01,SGP,MEX,0.1728,4,False
2026-03-01,SGP,MEX,0.2277,4,False
2015-01-01,SGP,KOR,0.0784,2,False
2015-02-01,SGP,KOR,0.0539,2,False
2015-03-01,SGP,KOR,0.0384,2,True
2015-04-01,SGP,KOR,0.0066,2,True
2015-05-01,SGP,KOR,0.0098,2,True
2015-06-01,SGP,KOR,0.0084,2,True
2015-07-01,SGP,KOR,0.0064,2,True
2015-08-01,SGP,KOR,0.0035,1,True
2015-09-01,SGP,KOR,0.038,2,True
2015-10-01,SGP,KOR,0.0292,2,True
2015-11-01,SGP,KOR,0.0249,2,True
2015-12-01,SGP,KOR,0.0359,1,True
2016-01-01,SGP,KOR,0.0654,3,False
2016-02-01,SGP,KOR,0.0127,2,True
2016-03-01,SGP,KOR,0.0189,2,True
2016-04-01,SGP,KOR,0.0149,2,True
2016-05-01,SGP,KOR,0.0208,2,True
2016-06-01,SGP,KOR,0.0173,1,True
2016-07-01,SGP,KOR,0.02,3,True
2016-08-01,SGP,KOR,0.0123,3,True
2016-09-01,SGP,KOR,0.013,1,True
2016-10-01,SGP,KOR,0.0061,1,True
2016-11-01,SGP,KOR,0.0394,2,True
2016-12-01,SGP,KOR,0.04,3,True
2017-01-01,SGP,KOR,0.0366,3,True
2017-02-01,SGP,KOR,0.0763,2,False
2017-03-01,SGP,KOR,0.0835,4,False
2017-04-01,SGP,KOR,0.0589,2,False
2017-05-01,SGP,KOR,0.0521,2,False
2017-06-01,SGP,KOR,0.0676,2,False
2017-07-01,SGP,KOR,0.0779,2,False
2017-08-01,SGP,KOR,0.1022,2,False
2017-09-01,SGP,KOR,0.1066,1,False
2017-10-01,SGP,KOR,0.0427,1,True
2017-11-01,SGP,KOR,0.0224,1,True
2017-12-01,SGP,KOR,0.0584,1,False
2018-01-01,SGP,KOR,0.0447,1,True
2018-02-01,SGP,KOR,0.0939,1,False
2018-03-01,SGP,KOR,0.0404,1,True
2018-04-01,SGP,KOR,0.032,1,True
2018-05-01,SGP,KOR,0.0242,1,True
2018-06-01,SGP,KOR,0.0228,1,True
2018-07-01,SGP,KOR,0.0208,1,True
2018-08-01,SGP,KOR,0.038,1,True
2018-09-01,SGP,KOR,0.0361,1,True
2018-10-01,SGP,KOR,0.017,1,True
2018-11-01,SGP,KOR,0.0187,1,True
2018-12-01,SGP,KOR,0.0135,1,True
2019-01-01,SGP,KOR,0.0199,1,True
2019-02-01,SGP,KOR,0.0362,1,True
2019-03-01,SGP,KOR,0.0235,2,True
2019-04-01,SGP,KOR,0.132,2,False
2019-05-01,SGP,KOR,0.1618,2,False
2019-06-01,SGP,KOR,0.2279,2,False
2019-07-01,SGP,KOR,0.2054,2,False
2019-08-01,SGP,KOR,0.2706,2,False
2019-09-01,SGP,KOR,0.144,2,False
2019-10-01,SGP,KOR,0.1599,2,False
2019-11-01,SGP,KOR,0.1823,2,False
2019-12-01,SGP,KOR,0.0751,2,False
2020-01-01,SGP,KOR,0.0264,1,True
2020-02-01,SGP,KOR,0.0174,1,True
2020-03-01,SGP,KOR,0.0419,1,True
2020-04-01,SGP,KOR,0.0379,1,True
2020-05-01,SGP,KOR,0.0071,1,True
2020-06-01,SGP,KOR,0.0112,1,True
2020-07-01,SGP,KOR,0.0289,3,True
2020-08-01,SGP,KOR,0.0747,3,False
2020-09-01,SGP,KOR,0.0712,3,False
2020-10-01,SGP,KOR,0.0436,2,True
2020-11-01,SGP,KOR,0.2185,1,False
2020-12-01,SGP,KOR,0.3055,1,False
2021-01-01,SGP,KOR,0.3128,1,False
2021-02-01,SGP,KOR,0.1538,3,False
2021-03-01,SGP,KOR,0.1146,3,False
2021-04-01,SGP,KOR,0.0752,3,False
2021-05-01,SGP,KOR,0.0283,3,True
2021-06-01,SGP,KOR,0.0491,3,True
2021-07-01,SGP,KOR,0.036,3,True
2021-08-01,SGP,KOR,0.0456,3,True
2021-09-01,SGP,KOR,0.0357,3,True
2021-10-01,SGP,KOR,0.0714,2,False
2021-11-01,SGP,KOR,0.0399,1,True
2021-12-01,SGP,KOR,0.0973,1,False
2022-01-01,SGP,KOR,0.1602,3,False
2022-02-01,SGP,KOR,0.1071,2,False
2022-03-01,SGP,KOR,0.1175,2,False
2022-04-01,SGP,KOR,0.0639,2,False
2022-05-01,SGP,KOR,0.0376,2,True
2022-06-01,SGP,KOR,0.066,2,False
2022-07-01,SGP,KOR,0.0835,1,False
2022-08-01,SGP,KOR,0.0287,2,True
2022-09-01,SGP,KOR,0.0261,1,True
2022-10-01,SGP,KOR,0.0289,2,True
2022-11-01,SGP,KOR,0.0534,2,False
2022-12-01,SGP,KOR,0.0114,4,True
2023-01-01,SGP,KOR,0.0175,4,True
2023-02-01,SGP,KOR,0.0173,2,True
2023-03-01,SGP,KOR,0.0578,4,False
2023-04-01,SGP,KOR,0.1367,2,False
2023-05-01,SGP,KOR,0.1059,2,False
2023-06-01,SGP,KOR,0.253,2,False
2023-07-01,SGP,KOR,0.2091,2,False
2023-08-01,SGP,KOR,0.1077,1,False
2023-09-01,SGP,KOR,0.148,2,False
2023-10-01,SGP,KOR,0.1186,2,False
2023-11-01,SGP,KOR,0.1301,4,False
2023-12-01,SGP,KOR,0.3011,1,False
2024-01-01,SGP,KOR,0.3064,1,False
2024-02-01,SGP,KOR,0.3112,1,False
2024-03-01,SGP,KOR,0.4066,1,False
2024-04-01,SGP,KOR,0.4667,1,False
2024-05-01,SGP,KOR,0.4104,1,False
2024-06-01,SGP,KOR,0.3275,2,False
2024-07-01,SGP,KOR,0.3223,2,False
2024-08-01,SGP,KOR,0.4881,2,False
2024-09-01,SGP,KOR,0.4498,2,False
2024-10-01,SGP,KOR,0.3525,4,False
2024-11-01,SGP,KOR,0.315,4,False
2024-12-01,SGP,KOR,0.289,2,False
2025-01-01,SGP,KOR,0.2856,2,False
2025-02-01,SGP,KOR,0.3535,2,False
2025-03-01,SGP,KOR,0.42,2,False
2025-04-01,SGP,KOR,0.4548,2,False
2025-05-01,SGP,KOR,0.3005,2,False
2025-06-01,SGP,KOR,0.2482,2,False
2025-07-01,SGP,KOR,0.1674,1,False
2025-08-01,SGP,KOR,0.2059,1,False
2025-09-01,SGP,KOR,0.1982,1,False
2025-10-01,SGP,KOR,0.1928,1,False
2025-11-01,SGP,KOR,0.1313,2,False
2025-12-01,SGP,KOR,0.1133,2,False
2026-01-01,SGP,KOR,0.1176,2,False
2026-02-01,SGP,KOR,0.1211,2,False
2026-03-01,SGP,KOR,0.1026,2,False
2015-01-01,SGP,GBR,0.0749,1,False
2015-02-01,SGP,GBR,0.0902,1,False
2015-03-01,SGP,GBR,0.1002,1,False
2015-04-01,SGP,GBR,0.0773,1,False
2015-05-01,SGP,GBR,0.0498,1,True
2015-06-01,SGP,GBR,0.0097,1,True
2015-07-01,SGP,GBR,0.0149,1,True
2015-08-01,SGP,GBR,0.0126,2,True
2015-09-01,SGP,GBR,0.0021,1,True
2015-10-01,SGP,GBR,0.0289,1,True
2015-11-01,SGP,GBR,0.0277,1,True
2015-12-01,SGP,GBR,0.0342,1,True
2016-01-01,SGP,GBR,0.0466,1,True
2016-02-01,SGP,GBR,0.0749,1,False
2016-03-01,SGP,GBR,0.0455,4,True
2016-04-01,SGP,GBR,0.0161,3,True
2016-05-01,SGP,GBR,0.0115,3,True
2016-06-01,SGP,GBR,0.0136,3,True
2016-07-01,SGP,GBR,0.0314,3,True
2016-08-01,SGP,GBR,0.0359,3,True
2016-09-01,SGP,GBR,0.0302,3,True
2016-10-01,SGP,GBR,0.0586,3,False
2016-11-01,SGP,GBR,0.0566,3,False
2016-12-01,SGP,GBR,0.0389,4,True
2017-01-01,SGP,GBR,0.0187,4,True
2017-02-01,SGP,GBR,0.0004,4,True
2017-03-01,SGP,GBR,0.0,3,True
2017-04-01,SGP,GBR,0.0006,3,True
2017-05-01,SGP,GBR,0.0007,3,True
2017-06-01,SGP,GBR,0.0014,3,True
2017-07-01,SGP,GBR,0.0014,3,True
2017-08-01,SGP,GBR,0.002,3,True
2017-09-01,SGP,GBR,0.0027,3,True
2017-10-01,SGP,GBR,0.0057,2,True
2017-11-01,SGP,GBR,0.0046,3,True
2017-12-01,SGP,GBR,0.0023,3,True
2018-01-01,SGP,GBR,0.0068,2,True
2018-02-01,SGP,GBR,0.005,3,True
2018-03-01,SGP,GBR,0.0174,3,True
2018-04-01,SGP,GBR,0.0092,3,True
2018-05-01,SGP,GBR,0.0044,2,True
2018-06-01,SGP,GBR,0.0049,2,True
2018-07-01,SGP,GBR,0.0048,2,True
2018-08-01,SGP,GBR,0.0043,3,True
2018-09-01,SGP,GBR,0.0008,2,True
2018-10-01,SGP,GBR,0.0048,2,True
2018-11-01,SGP,GBR,0.0103,2,True
2018-12-01,SGP,GBR,0.0183,2,True
2019-01-01,SGP,GBR,0.0215,2,True
2019-02-01,SGP,GBR,0.0596,1,False
2019-03-01,SGP,GBR,0.0675,1,False
2019-04-01,SGP,GBR,0.2067,1,False
2019-05-01,SGP,GBR,0.2597,4,False
2019-06-01,SGP,GBR,0.2062,3,False
2019-07-01,SGP,GBR,0.244,4,False
2019-08-01,SGP,GBR,0.2996,4,False
2019-09-01,SGP,GBR,0.1539,4,False
2019-10-01,SGP,GBR,0.1493,4,False
2019-11-01,SGP,GBR,0.3626,3,False
2019-12-01,SGP,GBR,0.5379,4,False
2020-01-01,SGP,GBR,0.5462,2,False
2020-02-01,SGP,GBR,0.2228,1,False
2020-03-01,SGP,GBR,0.277,1,False
2020-04-01,SGP,GBR,0.2664,1,False
2020-05-01,SGP,GBR,0.0322,3,True
2020-06-01,SGP,GBR,0.0082,3,True
2020-07-01,SGP,GBR,0.0193,3,True
2020-08-01,SGP,GBR,0.0065,3,True
2020-09-01,SGP,GBR,0.0152,4,True
2020-10-01,SGP,GBR,0.0204,4,True
2020-11-01,SGP,GBR,0.0142,4,True
2020-12-01,SGP,GBR,0.0174,3,True
2021-01-01,SGP,GBR,0.0134,2,True
2021-02-01,SGP,GBR,0.0127,2,True
2021-03-01,SGP,GBR,0.0165,3,True
2021-04-01,SGP,GBR,0.0077,3,True
2021-05-01,SGP,GBR,0.0006,3,True
2021-06-01,SGP,GBR,0.0001,3,True
2021-07-01,SGP,GBR,0.0001,3,True
2021-08-01,SGP,GBR,0.0006,3,True
2021-09-01,SGP,GBR,0.0,3,True
2021-10-01,SGP,GBR,0.0,3,True
2021-11-01,SGP,GBR,0.0,4,True
2021-12-01,SGP,GBR,0.0,2,True
2022-01-01,SGP,GBR,0.0,3,True
2022-02-01,SGP,GBR,0.0,3,True
2022-03-01,SGP,GBR,0.0,3,True
2022-04-01,SGP,GBR,0.0,3,True
2022-05-01,SGP,GBR,0.0,3,True
2022-06-01,SGP,GBR,0.0,2,True
2022-07-01,SGP,GBR,0.0,4,True
2022-08-01,SGP,GBR,0.0001,2,True
2022-09-01,SGP,GBR,0.0001,3,True
2022-10-01,SGP,GBR,0.0002,3,True
2022-11-01,SGP,GBR,0.0004,3,True
2022-12-01,SGP,GBR,0.0002,3,True
2023-01-01,SGP,GBR,0.0002,2,True
2023-02-01,SGP,GBR,0.0001,1,True
2023-03-01,SGP,GBR,0.0002,1,True
2023-04-01,SGP,GBR,0.0002,1,True
2023-05-01,SGP,GBR,0.0,2,True
2023-06-01,SGP,GBR,0.0,2,True
2023-07-01,SGP,GBR,0.0,1,True
2023-08-01,SGP,GBR,0.0,1,True
2023-09-01,SGP,GBR,0.0,1,True
2023-10-01,SGP,GBR,0.0,1,True
2023-11-01,SGP,GBR,0.0,1,True
2023-12-01,SGP,GBR,0.0005,1,True
2024-01-01,SGP,GBR,0.0005,1,True
2024-02-01,SGP,GBR,0.0011,1,True
2024-03-01,SGP,GBR,0.0016,1,True
2024-04-01,SGP,GBR,0.0015,1,True
2024-05-01,SGP,GBR,0.0013,1,True
2024-06-01,SGP,GBR,0.0012,1,True
2024-07-01,SGP,GBR,0.0013,1,True
2024-08-01,SGP,GBR,0.0017,1,True
2024-09-01,SGP,GBR,0.0019,1,True
2024-10-01,SGP,GBR,0.0007,1,True
2024-11-01,SGP,GBR,0.0016,1,True
2024-12-01,SGP,GBR,0.0145,1,True
2025-01-01,SGP,GBR,0.0155,2,True
2025-02-01,SGP,GBR,0.0413,2,True
2025-03-01,SGP,GBR,0.0718,1,False
2025-04-01,SGP,GBR,0.1445,2,False
2025-05-01,SGP,GBR,0.1805,1,False
2025-06-01,SGP,GBR,0.2502,1,False
2025-07-01,SGP,GBR,0.3819,1,False
2025-08-01,SGP,GBR,0.4245,1,False
2025-09-01,SGP,GBR,0.6724,1,False
2025-10-01,SGP,GBR,0.7584,4,False
2025-11-01,SGP,GBR,0.802,4,False
2025-12-01,SGP,GBR,0.5598,4,False
2026-01-01,SGP,GBR,0.3813,3,False
2026-02-01,SGP,GBR,0.366,3,False
2026-03-01,SGP,GBR,0.3596,3,False
2015-01-01,SGP,USA,0.4586,2,False
2015-02-01,SGP,USA,0.24,2,False
2015-03-01,SGP,USA,0.2131,2,False
2015-04-01,SGP,USA,0.2612,2,False
2015-05-01,SGP,USA,0.2492,1,False
2015-06-01,SGP,USA,0.1896,2,False
2015-07-01,SGP,USA,0.1254,1,False
2015-08-01,SGP,USA,0.1933,1,False
2015-09-01,SGP,USA,0.2851,1,False
2015-10-01,SGP,USA,0.2333,2,False
2015-11-01,SGP,USA,0.2818,1,False
2015-12-01,SGP,USA,0.2566,4,False
2016-01-01,SGP,USA,0.1258,4,False
2016-02-01,SGP,USA,0.3677,2,False
2016-03-01,SGP,USA,0.0622,2,False
2016-04-01,SGP,USA,0.0866,1,False
2016-05-01,SGP,USA,0.2565,1,False
2016-06-01,SGP,USA,0.2329,4,False
2016-07-01,SGP,USA,0.2523,4,False
2016-08-01,SGP,USA,0.2242,2,False
2016-09-01,SGP,USA,0.1867,1,False
2016-10-01,SGP,USA,0.2043,1,False
2016-11-01,SGP,USA,0.4563,1,False
2016-12-01,SGP,USA,0.4179,4,False
2017-01-01,SGP,USA,0.2688,3,False
2017-02-01,SGP,USA,0.1905,2,False
2017-03-01,SGP,USA,0.0954,4,False
2017-04-01,SGP,USA,0.1282,3,False
2017-05-01,SGP,USA,0.1451,3,False
2017-06-01,SGP,USA,0.2098,3,False
2017-07-01,SGP,USA,0.0753,3,False
2017-08-01,SGP,USA,0.1447,3,False
2017-09-01,SGP,USA,0.2788,3,False
2017-10-01,SGP,USA,0.4687,1,False
2017-11-01,SGP,USA,0.5203,1,False
2017-12-01,SGP,USA,0.4692,2,False
2018-01-01,SGP,USA,0.4611,2,False
2018-02-01,SGP,USA,0.5404,2,False
2018-03-01,SGP,USA,0.3672,2,False
2018-04-01,SGP,USA,0.46,2,False
2018-05-01,SGP,USA,0.4686,2,False
2018-06-01,SGP,USA,0.6034,2,False
2018-07-01,SGP,USA,0.5923,2,False
2018-08-01,SGP,USA,0.713,4,False
2018-09-01,SGP,USA,0.6595,4,False
2018-10-01,SGP,USA,0.6869,2,False
2018-11-01,SGP,USA,0.6542,2,False
2018-12-01,SGP,USA,0.7245,4,False
2019-01-01,SGP,USA,0.7182,4,False
2019-02-01,SGP,USA,0.5178,1,False
2019-03-01,SGP,USA,0.4865,1,False
2019-04-01,SGP,USA,0.5467,4,False
2019-05-01,SGP,USA,0.4584,4,False
2019-06-01,SGP,USA,0.2337,1,False
2019-07-01,SGP,USA,0.0234,1,True
2019-08-01,SGP,USA,0.009,1,True
2019-09-01,SGP,USA,0.0189,3,True
2019-10-01,SGP,USA,0.0134,1,True
2019-11-01,SGP,USA,0.0028,1,True
2019-12-01,SGP,USA,0.0076,1,True
2020-01-01,SGP,USA,0.0303,1,True
2020-02-01,SGP,USA,0.0839,1,False
2020-03-01,SGP,USA,0.0885,1,False
2020-04-01,SGP,USA,0.1712,3,False
2020-05-01,SGP,USA,0.1681,3,False
2020-06-01,SGP,USA,0.1098,3,False
2020-07-01,SGP,USA,0.1183,3,False
2020-08-01,SGP,USA,0.5326,3,False
2020-09-01,SGP,USA,0.5775,3,False
2020-10-01,SGP,USA,0.5333,3,False
2020-11-01,SGP,USA,0.5491,3,False
2020-12-01,SGP,USA,0.5354,3,False
2021-01-01,SGP,USA,0.4604,4,False
2021-02-01,SGP,USA,0.263,4,False
2021-03-01,SGP,USA,0.1223,3,False
2021-04-01,SGP,USA,0.0217,3,True
2021-05-01,SGP,USA,0.0183,1,True
2021-06-01,SGP,USA,0.0064,1,True
2021-07-01,SGP,USA,0.0045,1,True
2021-08-01,SGP,USA,0.0048,1,True
2021-09-01,SGP,USA,0.0056,1,True
2021-10-01,SGP,USA,0.0059,1,True
2021-11-01,SGP,USA,0.0148,1,True
2021-12-01,SGP,USA,0.0185,1,True
2022-01-01,SGP,USA,0.0228,1,True
2022-02-01,SGP,USA,0.0135,4,True
2022-03-01,SGP,USA,0.0085,4,True
2022-04-01,SGP,USA,0.0084,4,True
2022-05-01,SGP,USA,0.0965,1,False
2022-06-01,SGP,USA,0.0304,4,True
2022-07-01,SGP,USA,0.0854,4,False
2022-08-01,SGP,USA,0.0427,4,True
2022-09-01,SGP,USA,0.083,4,False
2022-10-01,SGP,USA,0.0941,4,False
2022-11-01,SGP,USA,0.0752,4,False
2022-12-01,SGP,USA,0.0658,4,False
2023-01-01,SGP,USA,0.0445,1,True
2023-02-01,SGP,USA,0.0478,1,True
2023-03-01,SGP,USA,0.015,1,True
2023-04-01,SGP,USA,0.0005,1,True
2023-05-01,SGP,USA,0.0009,1,True
2023-06-01,SGP,USA,0.0002,1,True
2023-07-01,SGP,USA,0.0,1,True
2023-08-01,SGP,USA,0.0002,1,True
2023-09-01,SGP,USA,0.0004,1,True
2023-10-01,SGP,USA,0.0002,1,True
2023-11-01,SGP,USA,0.0,1,True
2023-12-01,SGP,USA,0.0,1,True
2024-01-01,SGP,USA,0.0,1,True
2024-02-01,SGP,USA,0.0,1,True
2024-03-01,SGP,USA,0.0,1,True
2024-04-01,SGP,USA,0.0,1,True
2024-05-01,SGP,USA,0.0,1,True
2024-06-01,SGP,USA,0.0001,1,True
2024-07-01,SGP,USA,0.0,1,True
2024-08-01,SGP,USA,0.0,1,True
2024-09-01,SGP,USA,0.0,1,True
2024-10-01,SGP,USA,0.0003,1,True
2024-11-01,SGP,USA,0.0007,1,True
2024-12-01,SGP,USA,0.0011,1,True
2025-01-01,SGP,USA,0.0019,1,True
2025-02-01,SGP,USA,0.0048,1,True
2025-03-01,SGP,USA,0.042,1,True
2025-04-01,SGP,USA,0.0812,1,False
2025-05-01,SGP,USA,0.195,1,False
2025-06-01,SGP,USA,0.5942,3,False
2025-07-01,SGP,USA,0.4965,1,False
2025-08-01,SGP,USA,0.5199,2,False
2025-09-01,SGP,USA,0.4725,2,False
2025-10-01,SGP,USA,0.5313,2,False
2025-11-01,SGP,USA,0.4086,4,False
2025-12-01,SGP,USA,0.2248,2,False
2026-01-01,SGP,USA,0.034,4,True
2026-02-01,SGP,USA,0.0309,3,True
2026-03-01,SGP,USA,0.0021,2,True
2015-01-01,SGP,DEU,0.0092,3,True
2015-02-01,SGP,DEU,0.0276,3,True
2015-03-01,SGP,DEU,0.0411,3,True
2015-04-01,SGP,DEU,0.0212,3,True
2015-05-01,SGP,DEU,0.014,3,True
2015-06-01,SGP,DEU,0.0608,3,False
2015-07-01,SGP,DEU,0.0402,3,True
2015-08-01,SGP,DEU,0.0952,3,False
2015-09-01,SGP,DEU,0.1063,3,False
2015-10-01,SGP,DEU,0.117,3,False
2015-11-01,SGP,DEU,0.1598,3,False
2015-12-01,SGP,DEU,0.0718,3,False
2016-01-01,SGP,DEU,0.0972,3,False
2016-02-01,SGP,DEU,0.2003,3,False
2016-03-01,SGP,DEU,0.2701,3,False
2016-04-01,SGP,DEU,0.2179,1,False
2016-05-01,SGP,DEU,0.25,1,False
2016-06-01,SGP,DEU,0.2652,1,False
2016-07-01,SGP,DEU,0.2549,1,False
2016-08-01,SGP,DEU,0.2483,1,False
2016-09-01,SGP,DEU,0.2751,1,False
2016-10-01,SGP,DEU,0.2774,1,False
2016-11-01,SGP,DEU,0.5088,1,False
2016-12-01,SGP,DEU,0.4644,1,False
2017-01-01,SGP,DEU,0.473,2,False
2017-02-01,SGP,DEU,0.522,2,False
2017-03-01,SGP,DEU,0.2036,3,False
2017-04-01,SGP,DEU,0.1214,2,False
2017-05-01,SGP,DEU,0.1582,2,False
2017-06-01,SGP,DEU,0.2981,3,False
2017-07-01,SGP,DEU,0.242,3,False
2017-08-01,SGP,DEU,0.3047,1,False
2017-09-01,SGP,DEU,0.2219,1,False
2017-10-01,SGP,DEU,0.0263,4,True
2017-11-01,SGP,DEU,0.006,4,True
2017-12-01,SGP,DEU,0.0098,4,True
2018-01-01,SGP,DEU,0.0118,1,True
2018-02-01,SGP,DEU,0.0046,1,True
2018-03-01,SGP,DEU,0.0109,1,True
2018-04-01,SGP,DEU,0.0137,1,True
2018-05-01,SGP,DEU,0.0026,1,True
2018-06-01,SGP,DEU,0.0239,1,True
2018-07-01,SGP,DEU,0.0158,1,True
2018-08-01,SGP,DEU,0.0203,1,True
2018-09-01,SGP,DEU,0.0287,1,True
2018-10-01,SGP,DEU,0.0121,1,True
2018-11-01,SGP,DEU,0.1608,1,False
2018-12-01,SGP,DEU,0.1312,1,False
2019-01-01,SGP,DEU,0.08,1,False
2019-02-01,SGP,DEU,0.1424,1,False
2019-03-01,SGP,DEU,0.1454,1,False
2019-04-01,SGP,DEU,0.4078,1,False
2019-05-01,SGP,DEU,0.2843,1,False
2019-06-01,SGP,DEU,0.3428,4,False
2019-07-01,SGP,DEU,0.1955,4,False
2019-08-01,SGP,DEU,0.1993,4,False
2019-09-01,SGP,DEU,0.0624,3,False
2019-10-01,SGP,DEU,0.0787,3,False
2019-11-01,SGP,DEU,0.146,3,False
2019-12-01,SGP,DEU,0.1663,3,False
2020-01-01,SGP,DEU,0.1161,3,False
2020-02-01,SGP,DEU,0.1264,3,False
2020-03-01,SGP,DEU,0.1886,3,False
2020-04-01,SGP,DEU,0.0482,4,True
2020-05-01,SGP,DEU,0.015,3,True
2020-06-01,SGP,DEU,0.0088,3,True
2020-07-01,SGP,DEU,0.0083,3,True
2020-08-01,SGP,DEU,0.1151,1,False
2020-09-01,SGP,DEU,0.1058,1,False
2020-10-01,SGP,DEU,0.1227,1,False
2020-11-01,SGP,DEU,0.179,1,False
2020-12-01,SGP,DEU,0.1991,1,False
2021-01-01,SGP,DEU,0.2067,1,False
2021-02-01,SGP,DEU,0.0755,1,False
2021-03-01,SGP,DEU,0.0694,1,False
2021-04-01,SGP,DEU,0.0684,1,False
2021-05-01,SGP,DEU,0.0166,1,True
2021-06-01,SGP,DEU,0.0138,1,True
2021-07-01,SGP,DEU,0.0292,4,True
2021-08-01,SGP,DEU,0.0065,1,True
2021-09-01,SGP,DEU,0.0037,1,True
2021-10-01,SGP,DEU,0.0013,1,True
2021-11-01,SGP,DEU,0.0012,4,True
2021-12-01,SGP,DEU,0.001,4,True
2022-01-01,SGP,DEU,0.0003,4,True
2022-02-01,SGP,DEU,0.0003,4,True
2022-03-01,SGP,DEU,0.0003,4,True
2022-04-01,SGP,DEU,0.0002,4,True
2022-05-01,SGP,DEU,0.0001,4,True
2022-06-01,SGP,DEU,0.0001,4,True
2022-07-01,SGP,DEU,0.0001,4,True
2022-08-01,SGP,DEU,0.0028,3,True
2022-09-01,SGP,DEU,0.0032,4,True
2022-10-01,SGP,DEU,0.001,3,True
2022-11-01,SGP,DEU,0.001,3,True
2022-12-01,SGP,DEU,0.0007,3,True
2023-01-01,SGP,DEU,0.0002,1,True
2023-02-01,SGP,DEU,0.0002,1,True
2023-03-01,SGP,DEU,0.0003,1,True
2023-04-01,SGP,DEU,0.0004,3,True
2023-05-01,SGP,DEU,0.0009,1,True
2023-06-01,SGP,DEU,0.0018,1,True
2023-07-01,SGP,DEU,0.0039,1,True
2023-08-01,SGP,DEU,0.0045,1,True
2023-09-01,SGP,DEU,0.0063,1,True
2023-10-01,SGP,DEU,0.0038,3,True
2023-11-01,SGP,DEU,0.0089,3,True
2023-12-01,SGP,DEU,0.0583,3,False
2024-01-01,SGP,DEU,0.025,3,True
2024-02-01,SGP,DEU,0.0536,3,False
2024-03-01,SGP,DEU,0.0679,4,False
2024-04-01,SGP,DEU,0.0807,4,False
2024-05-01,SGP,DEU,0.0802,4,False
2024-06-01,SGP,DEU,0.0925,4,False
2024-07-01,SGP,DEU,0.0622,4,False
2024-08-01,SGP,DEU,0.0238,4,True
2024-09-01,SGP,DEU,0.0127,3,True
2024-10-01,SGP,DEU,0.0098,4,True
2024-11-01,SGP,DEU,0.0179,4,True
2024-12-01,SGP,DEU,0.0029,4,True
2025-01-01,SGP,DEU,0.0088,4,True
2025-02-01,SGP,DEU,0.0115,3,True
2025-03-01,SGP,DEU,0.0158,4,True
2025-04-01,SGP,DEU,0.0184,4,True
2025-05-01,SGP,DEU,0.018,3,True
2025-06-01,SGP,DEU,0.0209,3,True
2025-07-01,SGP,DEU,0.0143,3,True
2025-08-01,SGP,DEU,0.014,2,True
2025-09-01,SGP,DEU,0.0052,2,True
2025-10-01,SGP,DEU,0.0118,2,True
2025-11-01,SGP,DEU,0.0145,2,True
2025-12-01,SGP,DEU,0.0132,3,True
2026-01-01,SGP,DEU,0.0031,2,True
2026-02-01,SGP,DEU,0.0029,2,True
2026-03-01,SGP,DEU,0.0071,2,True
2015-01-01,SGP,FRA,0.0414,3,True
2015-02-01,SGP,FRA,0.0239,3,True
2015-03-01,SGP,FRA,0.0775,3,False
2015-04-01,SGP,FRA,0.1224,3,False
2015-05-01,SGP,FRA,0.1012,3,False
2015-06-01,SGP,FRA,0.0487,3,True
2015-07-01,SGP,FRA,0.0491,3,True
2015-08-01,SGP,FRA,0.0408,3,True
2015-09-01,SGP,FRA,0.0764,3,False
2015-10-01,SGP,FRA,0.0703,3,False
2015-11-01,SGP,FRA,0.0742,3,False
2015-12-01,SGP,FRA,0.065,3,False
2016-01-01,SGP,FRA,0.0436,3,True
2016-02-01,SGP,FRA,0.0568,3,False
2016-03-01,SGP,FRA,0.0408,3,True
2016-04-01,SGP,FRA,0.0546,3,False
2016-05-01,SGP,FRA,0.0781,3,False
2016-06-01,SGP,FRA,0.0787,3,False
2016-07-01,SGP,FRA,0.04,3,True
2016-08-01,SGP,FRA,0.0687,3,False
2016-09-01,SGP,FRA,0.1048,2,False
2016-10-01,SGP,FRA,0.1241,4,False
2016-11-01,SGP,FRA,0.1563,3,False
2016-12-01,SGP,FRA,0.2662,2,False
2017-01-01,SGP,FRA,0.2035,2,False
2017-02-01,SGP,FRA,0.546,1,False
2017-03-01,SGP,FRA,0.2709,4,False
2017-04-01,SGP,FRA,0.151,4,False
2017-05-01,SGP,FRA,0.1467,4,False
2017-06-01,SGP,FRA,0.2642,3,False
2017-07-01,SGP,FRA,0.2541,4,False
2017-08-01,SGP,FRA,0.2987,4,False
2017-09-01,SGP,FRA,0.4654,3,False
2017-10-01,SGP,FRA,0.6058,3,False
2017-11-01,SGP,FRA,0.7293,2,False
2017-12-01,SGP,FRA,0.6787,2,False
2018-01-01,SGP,FRA,0.6136,1,False
2018-02-01,SGP,FRA,0.6161,1,False
2018-03-01,SGP,FRA,0.7608,1,False
2018-04-01,SGP,FRA,0.6872,4,False
2018-05-01,SGP,FRA,0.6238,1,False
2018-06-01,SGP,FRA,0.1636,1,False
2018-07-01,SGP,FRA,0.2895,1,False
2018-08-01,SGP,FRA,0.2105,2,False
2018-09-01,SGP,FRA,0.2681,1,False
2018-10-01,SGP,FRA,0.2286,4,False
2018-11-01,SGP,FRA,0.0699,4,False
2018-12-01,SGP,FRA,0.0672,4,False
2019-01-01,SGP,FRA,0.1033,4,False
2019-02-01,SGP,FRA,0.0846,4,False
2019-03-01,SGP,FRA,0.0761,4,False
2019-04-01,SGP,FRA,0.0476,4,True
2019-05-01,SGP,FRA,0.04,4,True
2019-06-01,SGP,FRA,0.0259,3,True
2019-07-01,SGP,FRA,0.0174,4,True
2019-08-01,SGP,FRA,0.0085,3,True
2019-09-01,SGP,FRA,0.0028,3,True
2019-10-01,SGP,FRA,0.0007,3,True
2019-11-01,SGP,FRA,0.0053,1,True
2019-12-01,SGP,FRA,0.0031,1,True
2020-01-01,SGP,FRA,0.0117,3,True
2020-02-01,SGP,FRA,0.0106,3,True
2020-03-01,SGP,FRA,0.0191,1,True
2020-04-01,SGP,FRA,0.0781,4,False
2020-05-01,SGP,FRA,0.0301,3,True
2020-06-01,SGP,FRA,0.0145,3,True
2020-07-01,SGP,FRA,0.0302,3,True
2020-08-01,SGP,FRA,0.0097,3,True
2020-09-01,SGP,FRA,0.5772,1,False
2020-10-01,SGP,FRA,0.2826,4,False
2020-11-01,SGP,FRA,0.2443,4,False
2020-12-01,SGP,FRA,0.2791,4,False
2021-01-01,SGP,FRA,0.1105,4,False
2021-02-01,SGP,FRA,0.0592,4,False
2021-03-01,SGP,FRA,0.0502,4,False
2021-04-01,SGP,FRA,0.0588,4,False
2021-05-01,SGP,FRA,0.0123,4,True
2021-06-01,SGP,FRA,0.0286,4,True
2021-07-01,SGP,FRA,0.0094,4,True
2021-08-01,SGP,FRA,0.0141,4,True
2021-09-01,SGP,FRA,0.0005,4,True
2021-10-01,SGP,FRA,0.0003,4,True
2021-11-01,SGP,FRA,0.0001,4,True
2021-12-01,SGP,FRA,0.0001,4,True
2022-01-01,SGP,FRA,0.0002,4,True
2022-02-01,SGP,FRA,0.0002,4,True
2022-03-01,SGP,FRA,0.0009,4,True
2022-04-01,SGP,FRA,0.0004,4,True
2022-05-01,SGP,FRA,0.0005,4,True
2022-06-01,SGP,FRA,0.0027,1,True
2022-07-01,SGP,FRA,0.0064,3,True
2022-08-01,SGP,FRA,0.0054,1,True
2022-09-01,SGP,FRA,0.0038,3,True
2022-10-01,SGP,FRA,0.005,4,True
2022-11-01,SGP,FRA,0.0033,4,True
2022-12-01,SGP,FRA,0.0055,4,True
2023-01-01,SGP,FRA,0.0028,1,True
2023-02-01,SGP,FRA,0.0042,1,True
2023-03-01,SGP,FRA,0.0192,1,True
2023-04-01,SGP,FRA,0.0091,1,True
2023-05-01,SGP,FRA,0.0184,1,True
2023-06-01,SGP,FRA,0.0081,1,True
2023-07-01,SGP,FRA,0.0011,1,True
2023-08-01,SGP,FRA,0.0046,1,True
2023-09-01,SGP,FRA,0.0284,1,True
2023-10-01,SGP,FRA,0.041,1,True
2023-11-01,SGP,FRA,0.0097,1,True
2023-12-01,SGP,FRA,0.0198,2,True
2024-01-01,SGP,FRA,0.0218,3,True
2024-02-01,SGP,FRA,0.0149,2,True
2024-03-01,SGP,FRA,0.0165,2,True
2024-04-01,SGP,FRA,0.0281,1,True
2024-05-01,SGP,FRA,0.0299,1,True
2024-06-01,SGP,FRA,0.025,2,True
2024-07-01,SGP,FRA,0.0264,1,True
2024-08-01,SGP,FRA,0.0293,2,True
2024-09-01,SGP,FRA,0.0186,2,True
2024-10-01,SGP,FRA,0.0147,2,True
2024-11-01,SGP,FRA,0.0155,1,True
2024-12-01,SGP,FRA,0.0134,2,True
2025-01-01,SGP,FRA,0.0196,1,True
2025-02-01,SGP,FRA,0.0279,2,True
2025-03-01,SGP,FRA,0.0203,2,True
2025-04-01,SGP,FRA,0.0304,2,True
2025-05-01,SGP,FRA,0.0258,2,True
2025-06-01,SGP,FRA,0.0167,2,True
2025-07-01,SGP,FRA,0.0189,2,True
2025-08-01,SGP,FRA,0.0109,2,True
2025-09-01,SGP,FRA,0.017,1,True
2025-10-01,SGP,FRA,0.1202,2,False
2025-11-01,SGP,FRA,0.1006,2,False
2025-12-01,SGP,FRA,0.1708,2,False
2026-01-01,SGP,FRA,0.189,2,False
2026-02-01,SGP,FRA,0.1785,2,False
2026-03-01,SGP,FRA,0.2294,2,False
2015-01-01,SGP,JPN,0.018,2,True
2015-02-01,SGP,JPN,0.0155,2,True
2015-03-01,SGP,JPN,0.0309,2,True
2015-04-01,SGP,JPN,0.0369,1,True
2015-05-01,SGP,JPN,0.4598,1,False
2015-06-01,SGP,JPN,0.6481,3,False
2015-07-01,SGP,JPN,0.6502,3,False
2015-08-01,SGP,JPN,0.6755,3,False
2015-09-01,SGP,JPN,0.5527,3,False
2015-10-01,SGP,JPN,0.4242,1,False
2015-11-01,SGP,JPN,0.4247,3,False
2015-12-01,SGP,JPN,0.1354,4,False
2016-01-01,SGP,JPN,0.049,3,True
2016-02-01,SGP,JPN,0.0379,3,True
2016-03-01,SGP,JPN,0.0227,1,True
2016-04-01,SGP,JPN,0.0069,1,True
2016-05-01,SGP,JPN,0.0051,1,True
2016-06-01,SGP,JPN,0.0067,1,True
2016-07-01,SGP,JPN,0.013,1,True
2016-08-01,SGP,JPN,0.0091,1,True
2016-09-01,SGP,JPN,0.0093,1,True
2016-10-01,SGP,JPN,0.0092,1,True
2016-11-01,SGP,JPN,0.0047,2,True
2016-12-01,SGP,JPN,0.0027,3,True
2017-01-01,SGP,JPN,0.0012,1,True
2017-02-01,SGP,JPN,0.001,1,True
2017-03-01,SGP,JPN,0.0023,1,True
2017-04-01,SGP,JPN,0.0248,1,True
2017-05-01,SGP,JPN,0.0388,2,True
2017-06-01,SGP,JPN,0.0519,2,False
2017-07-01,SGP,JPN,0.1525,2,False
2017-08-01,SGP,JPN,0.2171,2,False
2017-09-01,SGP,JPN,0.1793,2,False
2017-10-01,SGP,JPN,0.1393,2,False
2017-11-01,SGP,JPN,0.2454,3,False
2017-12-01,SGP,JPN,0.0289,4,True
2018-01-01,SGP,JPN,0.0046,3,True
2018-02-01,SGP,JPN,0.0014,2,True
2018-03-01,SGP,JPN,0.001,1,True
2018-04-01,SGP,JPN,0.0165,1,True
2018-05-01,SGP,JPN,0.0128,1,True
2018-06-01,SGP,JPN,0.0169,1,True
2018-07-01,SGP,JPN,0.0196,1,True
2018-08-01,SGP,JPN,0.0185,1,True
2018-09-01,SGP,JPN,0.0225,1,True
2018-10-01,SGP,JPN,0.0135,1,True
2018-11-01,SGP,JPN,0.0158,1,True
2018-12-01,SGP,JPN,0.0134,1,True
2019-01-01,SGP,JPN,0.0215,1,True
2019-02-01,SGP,JPN,0.0147,1,True
2019-03-01,SGP,JPN,0.0223,1,True
2019-04-01,SGP,JPN,0.0397,1,True
2019-05-01,SGP,JPN,0.0677,1,False
2019-06-01,SGP,JPN,0.0861,1,False
2019-07-01,SGP,JPN,0.1996,1,False
2019-08-01,SGP,JPN,0.4201,1,False
2019-09-01,SGP,JPN,0.2565,3,False
2019-10-01,SGP,JPN,0.3285,3,False
2019-11-01,SGP,JPN,0.137,1,False
2019-12-01,SGP,JPN,0.1424,4,False
2020-01-01,SGP,JPN,0.0717,3,False
2020-02-01,SGP,JPN,0.0797,3,False
2020-03-01,SGP,JPN,0.0756,3,False
2020-04-01,SGP,JPN,0.0938,3,False
2020-05-01,SGP,JPN,0.0211,1,True
2020-06-01,SGP,JPN,0.0187,1,True
2020-07-01,SGP,JPN,0.0164,3,True
2020-08-01,SGP,JPN,0.0294,1,True
2020-09-01,SGP,JPN,0.0219,1,True
2020-10-01,SGP,JPN,0.0103,1,True
2020-11-01,SGP,JPN,0.0264,1,True
2020-12-01,SGP,JPN,0.0651,1,False
2021-01-01,SGP,JPN,0.0607,1,False
2021-02-01,SGP,JPN,0.0313,1,True
2021-03-01,SGP,JPN,0.032,1,True
2021-04-01,SGP,JPN,0.0469,1,True
2021-05-01,SGP,JPN,0.4185,4,False
2021-06-01,SGP,JPN,0.1487,4,False
2021-07-01,SGP,JPN,0.0975,4,False
2021-08-01,SGP,JPN,0.1237,4,False
2021-09-01,SGP,JPN,0.0378,4,True
2021-10-01,SGP,JPN,0.0329,4,True
2021-11-01,SGP,JPN,0.0537,4,False
2021-12-01,SGP,JPN,0.0741,4,False
2022-01-01,SGP,JPN,0.2765,1,False
2022-02-01,SGP,JPN,0.1506,1,False
2022-03-01,SGP,JPN,0.0358,1,True
2022-04-01,SGP,JPN,0.0102,1,True
2022-05-01,SGP,JPN,0.0168,1,True
2022-06-01,SGP,JPN,0.0392,1,True
2022-07-01,SGP,JPN,0.0108,1,True
2022-08-01,SGP,JPN,0.0212,1,True
2022-09-01,SGP,JPN,0.0309,4,True
2022-10-01,SGP,JPN,0.0069,3,True
2022-11-01,SGP,JPN,0.0058,3,True
2022-12-01,SGP,JPN,0.0046,3,True
2023-01-01,SGP,JPN,0.0035,3,True
2023-02-01,SGP,JPN,0.0046,2,True
2023-03-01,SGP,JPN,0.0039,1,True
2023-04-01,SGP,JPN,0.0088,3,True
2023-05-01,SGP,JPN,0.0023,3,True
2023-06-01,SGP,JPN,0.0007,3,True
2023-07-01,SGP,JPN,0.0055,2,True
2023-08-01,SGP,JPN,0.0269,2,True
2023-09-01,SGP,JPN,0.0951,2,False
2023-10-01,SGP,JPN,0.0398,3,True
2023-11-01,SGP,JPN,0.0523,3,False
2023-12-01,SGP,JPN,0.093,3,False
2024-01-01,SGP,JPN,0.1016,2,False
2024-02-01,SGP,JPN,0.0542,2,False
2024-03-01,SGP,JPN,0.1461,2,False
2024-04-01,SGP,JPN,0.146,2,False
2024-05-01,SGP,JPN,0.1414,3,False
2024-06-01,SGP,JPN,0.0968,2,False
2024-07-01,SGP,JPN,0.1083,2,False
2024-08-01,SGP,JPN,0.1172,2,False
2024-09-01,SGP,JPN,0.1011,2,False
2024-10-01,SGP,JPN,0.1428,2,False
2024-11-01,SGP,JPN,0.1859,2,False
2024-12-01,SGP,JPN,0.116,2,False
2025-01-01,SGP,JPN,0.2139,2,False
2025-02-01,SGP,JPN,0.2076,2,False
2025-03-01,SGP,JPN,0.2099,3,False
2025-04-01,SGP,JPN,0.0963,2,False
2025-05-01,SGP,JPN,0.104,2,False
2025-06-01,SGP,JPN,0.136,2,False
2025-07-01,SGP,JPN,0.2047,2,False
2025-08-01,SGP,JPN,0.1833,2,False
2025-09-01,SGP,JPN,0.4119,2,False
2025-10-01,SGP,JPN,0.386,2,False
2025-11-01,SGP,JPN,0.3201,3,False
2025-12-01,SGP,JPN,0.3301,3,False
2026-01-01,SGP,JPN,0.1796,4,False
2026-02-01,SGP,JPN,0.071,3,False
2026-03-01,SGP,JPN,0.0515,2,False
2015-01-01,KOR,IND,0.0098,1,True
2015-02-01,KOR,IND,0.1291,1,False
2015-03-01,KOR,IND,0.2044,1,False
2015-04-01,KOR,IND,0.3555,2,False
2015-05-01,KOR,IND,0.2884,2,False
2015-06-01,KOR,IND,0.2297,2,False
2015-07-01,KOR,IND,0.3402,4,False
2015-08-01,KOR,IND,0.1243,3,False
2015-09-01,KOR,IND,0.0556,2,False
2015-10-01,KOR,IND,0.0589,2,False
2015-11-01,KOR,IND,0.2087,2,False
2015-12-01,KOR,IND,0.2727,2,False
2016-01-01,KOR,IND,0.1872,2,False
2016-02-01,KOR,IND,0.1717,2,False
2016-03-01,KOR,IND,0.2472,2,False
2016-04-01,KOR,IND,0.3194,2,False
2016-05-01,KOR,IND,0.3643,2,False
2016-06-01,KOR,IND,0.3393,4,False
2016-07-01,KOR,IND,0.286,2,False
2016-08-01,KOR,IND,0.3251,2,False
2016-09-01,KOR,IND,0.6496,3,False
2016-10-01,KOR,IND,0.2549,2,False
2016-11-01,KOR,IND,0.2212,4,False
2016-12-01,KOR,IND,0.4979,3,False
2017-01-01,KOR,IND,0.719,1,False
2017-02-01,KOR,IND,0.6641,1,False
2017-03-01,KOR,IND,0.8697,3,False
2017-04-01,KOR,IND,0.6756,4,False
2017-05-01,KOR,IND,0.4519,3,False
2017-06-01,KOR,IND,0.2014,2,False
2017-07-01,KOR,IND,0.2004,2,False
2017-08-01,KOR,IND,0.1029,2,False
2017-09-01,KOR,IND,0.1946,2,False
2017-10-01,KOR,IND,0.2572,2,False
2017-11-01,KOR,IND,0.2644,2,False
2017-12-01,KOR,IND,0.3883,3,False
2018-01-01,KOR,IND,0.3504,3,False
2018-02-01,KOR,IND,0.1937,3,False
2018-03-01,KOR,IND,0.1928,3,False
2018-04-01,KOR,IND,0.2946,3,False
2018-05-01,KOR,IND,0.1359,3,False
2018-06-01,KOR,IND,0.0667,3,False
2018-07-01,KOR,IND,0.0913,2,False
2018-08-01,KOR,IND,0.1304,3,False
2018-09-01,KOR,IND,0.1946,3,False
2018-10-01,KOR,IND,0.1002,1,False
2018-11-01,KOR,IND,0.2345,1,False
2018-12-01,KOR,IND,0.2387,3,False
2019-01-01,KOR,IND,0.163,4,False
2019-02-01,KOR,IND,0.0469,3,True
2019-03-01,KOR,IND,0.0741,3,False
2019-04-01,KOR,IND,0.0596,4,False
2019-05-01,KOR,IND,0.0968,3,False
2019-06-01,KOR,IND,0.0956,3,False
2019-07-01,KOR,IND,0.1013,3,False
2019-08-01,KOR,IND,0.1826,3,False
2019-09-01,KOR,IND,0.2917,4,False
2019-10-01,KOR,IND,0.2298,3,False
2019-11-01,KOR,IND,0.1614,3,False
2019-12-01,KOR,IND,0.1175,1,False
2020-01-01,KOR,IND,0.0619,1,False
2020-02-01,KOR,IND,0.018,1,True
2020-03-01,KOR,IND,0.015,1,True
2020-04-01,KOR,IND,0.0228,1,True
2020-05-01,KOR,IND,0.0185,1,True
2020-06-01,KOR,IND,0.0434,1,True
2020-07-01,KOR,IND,0.0848,1,False
2020-08-01,KOR,IND,0.0934,1,False
2020-09-01,KOR,IND,0.0991,1,False
2020-10-01,KOR,IND,0.1073,1,False
2020-11-01,KOR,IND,0.0997,1,False
2020-12-01,KOR,IND,0.1558,1,False
2021-01-01,KOR,IND,0.1591,4,False
2021-02-01,KOR,IND,0.3004,1,False
2021-03-01,KOR,IND,0.2876,1,False
2021-04-01,KOR,IND,0.369,1,False
2021-05-01,KOR,IND,0.313,1,False
2021-06-01,KOR,IND,0.3484,1,False
2021-07-01,KOR,IND,0.3534,1,False
2021-08-01,KOR,IND,0.3064,1,False
2021-09-01,KOR,IND,0.2376,1,False
2021-10-01,KOR,IND,0.2136,1,False
2021-11-01,KOR,IND,0.2403,1,False
2021-12-01,KOR,IND,0.2643,1,False
2022-01-01,KOR,IND,0.4351,1,False
2022-02-01,KOR,IND,0.5517,1,False
2022-03-01,KOR,IND,0.4164,1,False
2022-04-01,KOR,IND,0.4581,4,False
2022-05-01,KOR,IND,0.3237,4,False
2022-06-01,KOR,IND,0.262,4,False
2022-07-01,KOR,IND,0.2718,4,False
2022-08-01,KOR,IND,0.2498,4,False
2022-09-01,KOR,IND,0.0665,4,False
2022-10-01,KOR,IND,0.0838,4,False
2022-11-01,KOR,IND,0.0647,4,False
2022-12-01,KOR,IND,0.0511,1,False
2023-01-01,KOR,IND,0.0562,3,False
2023-02-01,KOR,IND,0.0256,1,True
2023-03-01,KOR,IND,0.0198,2,True
2023-04-01,KOR,IND,0.0233,2,True
2023-05-01,KOR,IND,0.0161,3,True
2023-06-01,KOR,IND,0.0081,3,True
2023-07-01,KOR,IND,0.0039,2,True
2023-08-01,KOR,IND,0.0048,2,True
2023-09-01,KOR,IND,0.0002,2,True
2023-10-01,KOR,IND,0.0001,2,True
2023-11-01,KOR,IND,0.0016,2,True
2023-12-01,KOR,IND,0.0057,2,True
2024-01-01,KOR,IND,0.0134,2,True
2024-02-01,KOR,IND,0.0171,2,True
2024-03-01,KOR,IND,0.0397,2,True
2024-04-01,KOR,IND,0.0381,2,True
2024-05-01,KOR,IND,0.0336,2,True
2024-06-01,KOR,IND,0.0682,2,False
2024-07-01,KOR,IND,0.1483,2,False
2024-08-01,KOR,IND,0.2871,2,False
2024-09-01,KOR,IND,0.2627,2,False
2024-10-01,KOR,IND,0.2144,2,False
2024-11-01,KOR,IND,0.2244,2,False
2024-12-01,KOR,IND,0.1729,2,False
2025-01-01,KOR,IND,0.1668,2,False
2025-02-01,KOR,IND,0.1079,2,False
2025-03-01,KOR,IND,0.0769,2,False
2025-04-01,KOR,IND,0.0629,2,False
2025-05-01,KOR,IND,0.0581,2,False
2025-06-01,KOR,IND,0.1182,2,False
2025-07-01,KOR,IND,0.101,2,False
2025-08-01,KOR,IND,0.1147,4,False
2025-09-01,KOR,IND,0.1166,4,False
2025-10-01,KOR,IND,0.0741,4,False
2025-11-01,KOR,IND,0.0737,4,False
2025-12-01,KOR,IND,0.0711,4,False
2026-01-01,KOR,IND,0.0688,4,False
2026-02-01,KOR,IND,0.044,4,True
2026-03-01,KOR,IND,0.1151,4,False
2015-01-01,KOR,CHN,0.0209,3,True
2015-02-01,KOR,CHN,0.053,2,False
2015-03-01,KOR,CHN,0.0208,1,True
2015-04-01,KOR,CHN,0.1021,1,False
2015-05-01,KOR,CHN,0.2837,1,False
2015-06-01,KOR,CHN,0.2087,1,False
2015-07-01,KOR,CHN,0.2458,1,False
2015-08-01,KOR,CHN,0.1955,1,False
2015-09-01,KOR,CHN,0.2548,1,False
2015-10-01,KOR,CHN,0.4954,2,False
2015-11-01,KOR,CHN,0.281,1,False
2015-12-01,KOR,CHN,0.2931,1,False
2016-01-01,KOR,CHN,0.3656,1,False
2016-02-01,KOR,CHN,0.165,1,False
2016-03-01,KOR,CHN,0.1547,1,False
2016-04-01,KOR,CHN,0.1646,1,False
2016-05-01,KOR,CHN,0.166,1,False
2016-06-01,KOR,CHN,0.1325,1,False
2016-07-01,KOR,CHN,0.098,1,False
2016-08-01,KOR,CHN,0.0507,1,False
2016-09-01,KOR,CHN,0.1311,1,False
2016-10-01,KOR,CHN,0.0931,1,False
2016-11-01,KOR,CHN,0.0526,1,False
2016-12-01,KOR,CHN,0.0645,1,False
2017-01-01,KOR,CHN,0.0414,1,True
2017-02-01,KOR,CHN,0.0544,1,False
2017-03-01,KOR,CHN,0.0151,1,True
2017-04-01,KOR,CHN,0.0132,1,True
2017-05-01,KOR,CHN,0.0191,1,True
2017-06-01,KOR,CHN,0.0184,1,True
2017-07-01,KOR,CHN,0.0126,1,True
2017-08-01,KOR,CHN,0.0082,1,True
2017-09-01,KOR,CHN,0.0185,1,True
2017-10-01,KOR,CHN,0.008,1,True
2017-11-01,KOR,CHN,0.0049,1,True
2017-12-01,KOR,CHN,0.0014,1,True
2018-01-01,KOR,CHN,0.0134,1,True
2018-02-01,KOR,CHN,0.0145,1,True
2018-03-01,KOR,CHN,0.0179,1,True
2018-04-01,KOR,CHN,0.0185,1,True
2018-05-01,KOR,CHN,0.0169,1,True
2018-06-01,KOR,CHN,0.004,1,True
2018-07-01,KOR,CHN,0.0116,1,True
2018-08-01,KOR,CHN,0.0134,1,True
2018-09-01,KOR,CHN,0.019,1,True
2018-10-01,KOR,CHN,0.0548,1,False
2018-11-01,KOR,CHN,0.0449,1,True
2018-12-01,KOR,CHN,0.0291,1,True
2019-01-01,KOR,CHN,0.0692,1,False
2019-02-01,KOR,CHN,0.3958,1,False
2019-03-01,KOR,CHN,0.7299,1,False
2019-04-01,KOR,CHN,0.9274,1,False
2019-05-01,KOR,CHN,0.8645,1,False
2019-06-01,KOR,CHN,0.8448,2,False
2019-07-01,KOR,CHN,0.5351,1,False
2019-08-01,KOR,CHN,0.6273,1,False
2019-09-01,KOR,CHN,0.7099,1,False
2019-10-01,KOR,CHN,0.9086,1,False
2019-11-01,KOR,CHN,0.8608,1,False
2019-12-01,KOR,CHN,0.9408,4,False
2020-01-01,KOR,CHN,0.7657,2,False
2020-02-01,KOR,CHN,0.8633,1,False
2020-03-01,KOR,CHN,0.6931,1,False
2020-04-01,KOR,CHN,0.7572,1,False
2020-05-01,KOR,CHN,0.7122,4,False
2020-06-01,KOR,CHN,0.5848,1,False
2020-07-01,KOR,CHN,0.3755,4,False
2020-08-01,KOR,CHN,0.2787,1,False
2020-09-01,KOR,CHN,0.6734,2,False
2020-10-01,KOR,CHN,0.7688,1,False
2020-11-01,KOR,CHN,0.7525,1,False
2020-12-01,KOR,CHN,0.7041,1,False
2021-01-01,KOR,CHN,0.6051,1,False
2021-02-01,KOR,CHN,0.7931,1,False
2021-03-01,KOR,CHN,0.8831,1,False
2021-04-01,KOR,CHN,0.8754,1,False
2021-05-01,KOR,CHN,0.8219,2,False
2021-06-01,KOR,CHN,0.6823,1,False
2021-07-01,KOR,CHN,0.4358,1,False
2021-08-01,KOR,CHN,0.4424,1,False
2021-09-01,KOR,CHN,0.4576,1,False
2021-10-01,KOR,CHN,0.3586,1,False
2021-11-01,KOR,CHN,0.1756,1,False
2021-12-01,KOR,CHN,0.2461,1,False
2022-01-01,KOR,CHN,0.277,1,False
2022-02-01,KOR,CHN,0.417,4,False
2022-03-01,KOR,CHN,0.3418,4,False
2022-04-01,KOR,CHN,0.1979,4,False
2022-05-01,KOR,CHN,0.394,4,False
2022-06-01,KOR,CHN,0.3998,4,False
2022-07-01,KOR,CHN,0.2059,4,False
2022-08-01,KOR,CHN,0.1979,4,False
2022-09-01,KOR,CHN,0.5328,4,False
2022-10-01,KOR,CHN,0.797,4,False
2022-11-01,KOR,CHN,0.5791,4,False
2022-12-01,KOR,CHN,0.8271,4,False
2023-01-01,KOR,CHN,0.8464,1,False
2023-02-01,KOR,CHN,0.7113,4,False
2023-03-01,KOR,CHN,0.7254,4,False
2023-04-01,KOR,CHN,0.6817,4,False
2023-05-01,KOR,CHN,0.7068,4,False
2023-06-01,KOR,CHN,0.7286,1,False
2023-07-01,KOR,CHN,0.636,1,False
2023-08-01,KOR,CHN,0.4968,4,False
2023-09-01,KOR,CHN,0.1938,4,False
2023-10-01,KOR,CHN,0.1595,3,False
2023-11-01,KOR,CHN,0.1308,1,False
2023-12-01,KOR,CHN,0.03,1,True
2024-01-01,KOR,CHN,0.0208,1,True
2024-02-01,KOR,CHN,0.0156,1,True
2024-03-01,KOR,CHN,0.0566,1,False
2024-04-01,KOR,CHN,0.0403,1,True
2024-05-01,KOR,CHN,0.0439,1,True
2024-06-01,KOR,CHN,0.2191,1,False
2024-07-01,KOR,CHN,0.2494,1,False
2024-08-01,KOR,CHN,0.2275,1,False
2024-09-01,KOR,CHN,0.2433,4,False
2024-10-01,KOR,CHN,0.1853,1,False
2024-11-01,KOR,CHN,0.3166,1,False
2024-12-01,KOR,CHN,0.4383,2,False
2025-01-01,KOR,CHN,0.2318,2,False
2025-02-01,KOR,CHN,0.0719,1,False
2025-03-01,KOR,CHN,0.0385,2,True
2025-04-01,KOR,CHN,0.0286,2,True
2025-05-01,KOR,CHN,0.0354,2,True
2025-06-01,KOR,CHN,0.0311,1,True
2025-07-01,KOR,CHN,0.0455,1,True
2025-08-01,KOR,CHN,0.0666,3,False
2025-09-01,KOR,CHN,0.0831,2,False
2025-10-01,KOR,CHN,0.215,1,False
2025-11-01,KOR,CHN,0.3267,4,False
2025-12-01,KOR,CHN,0.3399,4,False
2026-01-01,KOR,CHN,0.3833,4,False
2026-02-01,KOR,CHN,0.4047,3,False
2026-03-01,KOR,CHN,0.3836,4,False
2015-01-01,KOR,VNM,0.0691,1,False
2015-02-01,KOR,VNM,0.1829,1,False
2015-03-01,KOR,VNM,0.2113,1,False
2015-04-01,KOR,VNM,0.2002,4,False
2015-05-01,KOR,VNM,0.1232,4,False
2015-06-01,KOR,VNM,0.1332,4,False
2015-07-01,KOR,VNM,0.1343,3,False
2015-08-01,KOR,VNM,0.1048,2,False
2015-09-01,KOR,VNM,0.089,1,False
2015-10-01,KOR,VNM,0.1237,1,False
2015-11-01,KOR,VNM,0.216,2,False
2015-12-01,KOR,VNM,0.1719,1,False
2016-01-01,KOR,VNM,0.2149,1,False
2016-02-01,KOR,VNM,0.172,1,False
2016-03-01,KOR,VNM,0.1506,1,False
2016-04-01,KOR,VNM,0.0753,1,False
2016-05-01,KOR,VNM,0.0719,1,False
2016-06-01,KOR,VNM,0.0636,1,False
2016-07-01,KOR,VNM,0.0693,1,False
2016-08-01,KOR,VNM,0.0746,1,False
2016-09-01,KOR,VNM,0.1896,1,False
2016-10-01,KOR,VNM,0.1335,1,False
2016-11-01,KOR,VNM,0.0236,1,True
2016-12-01,KOR,VNM,0.0154,1,True
2017-01-01,KOR,VNM,0.002,1,True
2017-02-01,KOR,VNM,0.0011,1,True
2017-03-01,KOR,VNM,0.0003,1,True
2017-04-01,KOR,VNM,0.0064,1,True
2017-05-01,KOR,VNM,0.0172,1,True
2017-06-01,KOR,VNM,0.0187,1,True
2017-07-01,KOR,VNM,0.0294,1,True
2017-08-01,KOR,VNM,0.0826,1,False
2017-09-01,KOR,VNM,0.0765,1,False
2017-10-01,KOR,VNM,0.0133,1,True
2017-11-01,KOR,VNM,0.0065,1,True
2017-12-01,KOR,VNM,0.0012,1,True
2018-01-01,KOR,VNM,0.0015,1,True
2018-02-01,KOR,VNM,0.0055,1,True
2018-03-01,KOR,VNM,0.0295,1,True
2018-04-01,KOR,VNM,0.2001,1,False
2018-05-01,KOR,VNM,0.3577,1,False
2018-06-01,KOR,VNM,0.3516,1,False
2018-07-01,KOR,VNM,0.3915,1,False
2018-08-01,KOR,VNM,0.4449,1,False
2018-09-01,KOR,VNM,0.5611,1,False
2018-10-01,KOR,VNM,0.7026,1,False
2018-11-01,KOR,VNM,0.9172,3,False
2018-12-01,KOR,VNM,0.875,1,False
2019-01-01,KOR,VNM,0.7964,1,False
2019-02-01,KOR,VNM,0.8499,2,False
2019-03-01,KOR,VNM,0.8327,2,False
2019-04-01,KOR,VNM,0.6448,1,False
2019-05-01,KOR,VNM,0.6895,1,False
2019-06-01,KOR,VNM,0.4782,1,False
2019-07-01,KOR,VNM,0.4104,1,False
2019-08-01,KOR,VNM,0.3697,2,False
2019-09-01,KOR,VNM,0.2433,1,False
2019-10-01,KOR,VNM,0.228,1,False
2019-11-01,KOR,VNM,0.3158,1,False
2019-12-01,KOR,VNM,0.2404,4,False
2020-01-01,KOR,VNM,0.1893,2,False
2020-02-01,KOR,VNM,0.0476,2,True
2020-03-01,KOR,VNM,0.0673,2,False
2020-04-01,KOR,VNM,0.0079,4,True
2020-05-01,KOR,VNM,0.0135,4,True
2020-06-01,KOR,VNM,0.0195,2,True
2020-07-01,KOR,VNM,0.0132,2,True
2020-08-01,KOR,VNM,0.0065,2,True
2020-09-01,KOR,VNM,0.0057,2,True
2020-10-01,KOR,VNM,0.0077,2,True
2020-11-01,KOR,VNM,0.0228,2,True
2020-12-01,KOR,VNM,0.0283,2,True
2021-01-01,KOR,VNM,0.0358,2,True
2021-02-01,KOR,VNM,0.0375,2,True
2021-03-01,KOR,VNM,0.0452,2,True
2021-04-01,KOR,VNM,0.0462,2,True
2021-05-01,KOR,VNM,0.0408,2,True
2021-06-01,KOR,VNM,0.0531,2,False
2021-07-01,KOR,VNM,0.1424,2,False
2021-08-01,KOR,VNM,0.0593,2,False
2021-09-01,KOR,VNM,0.033,2,True
2021-10-01,KOR,VNM,0.2304,1,False
2021-11-01,KOR,VNM,0.389,1,False
2021-12-01,KOR,VNM,0.0338,4,True
2022-01-01,KOR,VNM,0.0198,4,True
2022-02-01,KOR,VNM,0.0035,4,True
2022-03-01,KOR,VNM,0.0049,4,True
2022-04-01,KOR,VNM,0.0179,4,True
2022-05-01,KOR,VNM,0.0224,4,True
2022-06-01,KOR,VNM,0.0356,4,True
2022-07-01,KOR,VNM,0.0587,4,False
2022-08-01,KOR,VNM,0.0338,4,True
2022-09-01,KOR,VNM,0.0322,4,True
2022-10-01,KOR,VNM,0.0108,4,True
2022-11-01,KOR,VNM,0.0105,4,True
2022-12-01,KOR,VNM,0.0176,4,True
2023-01-01,KOR,VNM,0.0216,4,True
2023-02-01,KOR,VNM,0.0158,4,True
2023-03-01,KOR,VNM,0.015,1,True
2023-04-01,KOR,VNM,0.0021,1,True
2023-05-01,KOR,VNM,0.0039,1,True
2023-06-01,KOR,VNM,0.0115,1,True
2023-07-01,KOR,VNM,0.0325,4,True
2023-08-01,KOR,VNM,0.0303,2,True
2023-09-01,KOR,VNM,0.0283,1,True
2023-10-01,KOR,VNM,0.014,2,True
2023-11-01,KOR,VNM,0.0269,2,True
2023-12-01,KOR,VNM,0.0329,2,True
2024-01-01,KOR,VNM,0.0152,2,True
2024-02-01,KOR,VNM,0.0346,4,True
2024-03-01,KOR,VNM,0.0194,2,True
2024-04-01,KOR,VNM,0.0218,2,True
2024-05-01,KOR,VNM,0.0462,4,True
2024-06-01,KOR,VNM,0.0156,4,True
2024-07-01,KOR,VNM,0.0215,4,True
2024-08-01,KOR,VNM,0.0216,4,True
2024-09-01,KOR,VNM,0.0105,2,True
2024-10-01,KOR,VNM,0.0224,4,True
2024-11-01,KOR,VNM,0.0205,4,True
2024-12-01,KOR,VNM,0.0385,2,True
2025-01-01,KOR,VNM,0.0349,3,True
2025-02-01,KOR,VNM,0.0202,3,True
2025-03-01,KOR,VNM,0.0169,3,True
2025-04-01,KOR,VNM,0.0419,2,True
2025-05-01,KOR,VNM,0.0433,3,True
2025-06-01,KOR,VNM,0.0487,2,True
2025-07-01,KOR,VNM,0.0575,3,False
2025-08-01,KOR,VNM,0.047,3,True
2025-09-01,KOR,VNM,0.0426,2,True
2025-10-01,KOR,VNM,0.0558,4,False
2025-11-01,KOR,VNM,0.0464,2,True
2025-12-01,KOR,VNM,0.0475,2,True
2026-01-01,KOR,VNM,0.0579,4,False
2026-02-01,KOR,VNM,0.0644,2,False
2026-03-01,KOR,VNM,0.07,2,False
2015-01-01,KOR,IDN,0.0431,4,True
2015-02-01,KOR,IDN,0.0197,4,True
2015-03-01,KOR,IDN,0.0528,3,False
2015-04-01,KOR,IDN,0.0492,4,True
2015-05-01,KOR,IDN,0.0256,4,True
2015-06-01,KOR,IDN,0.0195,3,True
2015-07-01,KOR,IDN,0.014,3,True
2015-08-01,KOR,IDN,0.0429,2,True
2015-09-01,KOR,IDN,0.0853,1,False
2015-10-01,KOR,IDN,0.1572,3,False
2015-11-01,KOR,IDN,0.2457,1,False
2015-12-01,KOR,IDN,0.1332,3,False
2016-01-01,KOR,IDN,0.1448,3,False
2016-02-01,KOR,IDN,0.0506,3,False
2016-03-01,KOR,IDN,0.037,3,True
2016-04-01,KOR,IDN,0.041,3,True
2016-05-01,KOR,IDN,0.0302,3,True
2016-06-01,KOR,IDN,0.0606,2,False
2016-07-01,KOR,IDN,0.0679,2,False
2016-08-01,KOR,IDN,0.0891,2,False
2016-09-01,KOR,IDN,0.0649,2,False
2016-10-01,KOR,IDN,0.0606,2,False
2016-11-01,KOR,IDN,0.1785,3,False
2016-12-01,KOR,IDN,0.2359,3,False
2017-01-01,KOR,IDN,0.2425,3,False
2017-02-01,KOR,IDN,0.2608,2,False
2017-03-01,KOR,IDN,0.1531,3,False
2017-04-01,KOR,IDN,0.2048,2,False
2017-05-01,KOR,IDN,0.256,2,False
2017-06-01,KOR,IDN,0.2665,2,False
2017-07-01,KOR,IDN,0.2769,2,False
2017-08-01,KOR,IDN,0.2645,2,False
2017-09-01,KOR,IDN,0.4106,2,False
2017-10-01,KOR,IDN,0.377,3,False
2017-11-01,KOR,IDN,0.4888,3,False
2017-12-01,KOR,IDN,0.4825,3,False
2018-01-01,KOR,IDN,0.4498,3,False
2018-02-01,KOR,IDN,0.5137,2,False
2018-03-01,KOR,IDN,0.7465,2,False
2018-04-01,KOR,IDN,0.6041,2,False
2018-05-01,KOR,IDN,0.5213,2,False
2018-06-01,KOR,IDN,0.3119,2,False
2018-07-01,KOR,IDN,0.3091,2,False
2018-08-01,KOR,IDN,0.2958,2,False
2018-09-01,KOR,IDN,0.2745,2,False
2018-10-01,KOR,IDN,0.243,2,False
2018-11-01,KOR,IDN,0.231,1,False
2018-12-01,KOR,IDN,0.2053,1,False
2019-01-01,KOR,IDN,0.1907,1,False
2019-02-01,KOR,IDN,0.1787,1,False
2019-03-01,KOR,IDN,0.1383,1,False
2019-04-01,KOR,IDN,0.0862,1,False
2019-05-01,KOR,IDN,0.0299,4,True
2019-06-01,KOR,IDN,0.0239,1,True
2019-07-01,KOR,IDN,0.0023,2,True
2019-08-01,KOR,IDN,0.0003,1,True
2019-09-01,KOR,IDN,0.0072,1,True
2019-10-01,KOR,IDN,0.0037,1,True
2019-11-01,KOR,IDN,0.0018,1,True
2019-12-01,KOR,IDN,0.0012,1,True
2020-01-01,KOR,IDN,0.0013,1,True
2020-02-01,KOR,IDN,0.0006,1,True
2020-03-01,KOR,IDN,0.0002,1,True
2020-04-01,KOR,IDN,0.0037,1,True
2020-05-01,KOR,IDN,0.0031,1,True
2020-06-01,KOR,IDN,0.0038,1,True
2020-07-01,KOR,IDN,0.0065,1,True
2020-08-01,KOR,IDN,0.0124,1,True
2020-09-01,KOR,IDN,0.0153,1,True
2020-10-01,KOR,IDN,0.0151,1,True
2020-11-01,KOR,IDN,0.0213,4,True
2020-12-01,KOR,IDN,0.013,1,True
2021-01-01,KOR,IDN,0.011,4,True
2021-02-01,KOR,IDN,0.0188,1,True
2021-03-01,KOR,IDN,0.0155,3,True
2021-04-01,KOR,IDN,0.0223,3,True
2021-05-01,KOR,IDN,0.0205,1,True
2021-06-01,KOR,IDN,0.0094,1,True
2021-07-01,KOR,IDN,0.0217,2,True
2021-08-01,KOR,IDN,0.0255,2,True
2021-09-01,KOR,IDN,0.0322,1,True
2021-10-01,KOR,IDN,0.042,4,True
2021-11-01,KOR,IDN,0.1328,4,False
2021-12-01,KOR,IDN,0.1284,4,False
2022-01-01,KOR,IDN,0.1674,4,False
2022-02-01,KOR,IDN,0.2597,4,False
2022-03-01,KOR,IDN,0.3293,4,False
2022-04-01,KOR,IDN,0.2377,4,False
2022-05-01,KOR,IDN,0.033,4,True
2022-06-01,KOR,IDN,0.0148,4,True
2022-07-01,KOR,IDN,0.0027,2,True
2022-08-01,KOR,IDN,0.0006,2,True
2022-09-01,KOR,IDN,0.0012,1,True
2022-10-01,KOR,IDN,0.0029,1,True
2022-11-01,KOR,IDN,0.0024,2,True
2022-12-01,KOR,IDN,0.0013,1,True
2023-01-01,KOR,IDN,0.0011,1,True
2023-02-01,KOR,IDN,0.0007,1,True
2023-03-01,KOR,IDN,0.0027,1,True
2023-04-01,KOR,IDN,0.0022,1,True
2023-05-01,KOR,IDN,0.0025,3,True
2023-06-01,KOR,IDN,0.0018,2,True
2023-07-01,KOR,IDN,0.0002,1,True
2023-08-01,KOR,IDN,0.0009,1,True
2023-09-01,KOR,IDN,0.012,1,True
2023-10-01,KOR,IDN,0.0149,1,True
2023-11-01,KOR,IDN,0.0624,1,False
2023-12-01,KOR,IDN,0.0639,1,False
2024-01-01,KOR,IDN,0.0947,1,False
2024-02-01,KOR,IDN,0.0829,1,False
2024-03-01,KOR,IDN,0.0739,1,False
2024-04-01,KOR,IDN,0.0563,1,False
2024-05-01,KOR,IDN,0.049,1,True
2024-06-01,KOR,IDN,0.0612,1,False
2024-07-01,KOR,IDN,0.0659,1,False
2024-08-01,KOR,IDN,0.0485,1,True
2024-09-01,KOR,IDN,0.0558,1,False
2024-10-01,KOR,IDN,0.0915,1,False
2024-11-01,KOR,IDN,0.082,1,False
2024-12-01,KOR,IDN,0.0736,1,False
2025-01-01,KOR,IDN,0.1128,1,False
2025-02-01,KOR,IDN,0.0616,1,False
2025-03-01,KOR,IDN,0.0924,1,False
2025-04-01,KOR,IDN,0.1038,1,False
2025-05-01,KOR,IDN,0.1322,1,False
2025-06-01,KOR,IDN,0.2528,1,False
2025-07-01,KOR,IDN,0.5474,1,False
2025-08-01,KOR,IDN,0.9544,4,False
2025-09-01,KOR,IDN,0.752,4,False
2025-10-01,KOR,IDN,0.5868,4,False
2025-11-01,KOR,IDN,0.5807,4,False
2025-12-01,KOR,IDN,0.4939,1,False
2026-01-01,KOR,IDN,0.5553,4,False
2026-02-01,KOR,IDN,0.5445,4,False
2026-03-01,KOR,IDN,0.4356,3,False
2015-01-01,KOR,THA,0.2716,2,False
2015-02-01,KOR,THA,0.0179,1,True
2015-03-01,KOR,THA,0.0112,4,True
2015-04-01,KOR,THA,0.0043,3,True
2015-05-01,KOR,THA,0.0085,4,True
2015-06-01,KOR,THA,0.0012,1,True
2015-07-01,KOR,THA,0.0051,1,True
2015-08-01,KOR,THA,0.0075,1,True
2015-09-01,KOR,THA,0.0047,1,True
2015-10-01,KOR,THA,0.0084,1,True
2015-11-01,KOR,THA,0.0083,1,True
2015-12-01,KOR,THA,0.0047,1,True
2016-01-01,KOR,THA,0.0067,1,True
2016-02-01,KOR,THA,0.0174,1,True
2016-03-01,KOR,THA,0.0175,1,True
2016-04-01,KOR,THA,0.0134,1,True
2016-05-01,KOR,THA,0.0112,1,True
2016-06-01,KOR,THA,0.0096,1,True
2016-07-01,KOR,THA,0.0083,1,True
2016-08-01,KOR,THA,0.0085,1,True
2016-09-01,KOR,THA,0.0093,1,True
2016-10-01,KOR,THA,0.0126,1,True
2016-11-01,KOR,THA,0.0114,1,True
2016-12-01,KOR,THA,0.0235,1,True
2017-01-01,KOR,THA,0.0665,4,False
2017-02-01,KOR,THA,0.0915,1,False
2017-03-01,KOR,THA,0.0257,1,True
2017-04-01,KOR,THA,0.0504,1,False
2017-05-01,KOR,THA,0.0384,1,True
2017-06-01,KOR,THA,0.0737,1,False
2017-07-01,KOR,THA,0.0571,1,False
2017-08-01,KOR,THA,0.0434,1,True
2017-09-01,KOR,THA,0.0283,4,True
2017-10-01,KOR,THA,0.0181,4,True
2017-11-01,KOR,THA,0.0181,4,True
2017-12-01,KOR,THA,0.0216,1,True
2018-01-01,KOR,THA,0.011,4,True
2018-02-01,KOR,THA,0.0041,4,True
2018-03-01,KOR,THA,0.0053,4,True
2018-04-01,KOR,THA,0.0086,4,True
2018-05-01,KOR,THA,0.0092,4,True
2018-06-01,KOR,THA,0.046,4,True
2018-07-01,KOR,THA,0.0788,4,False
2018-08-01,KOR,THA,0.1729,4,False
2018-09-01,KOR,THA,0.2077,4,False
2018-10-01,KOR,THA,0.2638,4,False
2018-11-01,KOR,THA,0.2369,4,False
2018-12-01,KOR,THA,0.3762,4,False
2019-01-01,KOR,THA,0.3006,4,False
2019-02-01,KOR,THA,0.3495,4,False
2019-03-01,KOR,THA,0.256,4,False
2019-04-01,KOR,THA,0.4324,4,False
2019-05-01,KOR,THA,0.5855,4,False
2019-06-01,KOR,THA,0.5644,4,False
2019-07-01,KOR,THA,0.506,4,False
2019-08-01,KOR,THA,0.5956,1,False
2019-09-01,KOR,THA,0.4142,1,False
2019-10-01,KOR,THA,0.3725,2,False
2019-11-01,KOR,THA,0.2755,2,False
2019-12-01,KOR,THA,0.2177,2,False
2020-01-01,KOR,THA,0.3128,1,False
2020-02-01,KOR,THA,0.3595,1,False
2020-03-01,KOR,THA,0.5155,1,False
2020-04-01,KOR,THA,0.4979,1,False
2020-05-01,KOR,THA,0.6812,1,False
2020-06-01,KOR,THA,0.6525,1,False
2020-07-01,KOR,THA,0.3306,1,False
2020-08-01,KOR,THA,0.2446,4,False
2020-09-01,KOR,THA,0.3211,1,False
2020-10-01,KOR,THA,0.2181,4,False
2020-11-01,KOR,THA,0.2541,4,False
2020-12-01,KOR,THA,0.6177,4,False
2021-01-01,KOR,THA,0.4522,2,False
2021-02-01,KOR,THA,0.3512,4,False
2021-03-01,KOR,THA,0.3516,2,False
2021-04-01,KOR,THA,0.3671,2,False
2021-05-01,KOR,THA,0.4933,4,False
2021-06-01,KOR,THA,0.5097,4,False
2021-07-01,KOR,THA,0.5472,4,False
2021-08-01,KOR,THA,0.5783,4,False
2021-09-01,KOR,THA,0.577,4,False
2021-10-01,KOR,THA,0.4287,1,False
2021-11-01,KOR,THA,0.2,2,False
2021-12-01,KOR,THA,0.2591,1,False
2022-01-01,KOR,THA,0.3972,1,False
2022-02-01,KOR,THA,0.559,4,False
2022-03-01,KOR,THA,0.7335,4,False
2022-04-01,KOR,THA,0.4967,4,False
2022-05-01,KOR,THA,0.5996,4,False
2022-06-01,KOR,THA,0.4887,1,False
2022-07-01,KOR,THA,0.2846,1,False
2022-08-01,KOR,THA,0.196,1,False
2022-09-01,KOR,THA,0.132,1,False
2022-10-01,KOR,THA,0.1291,1,False
2022-11-01,KOR,THA,0.1577,1,False
2022-12-01,KOR,THA,0.1848,1,False
2023-01-01,KOR,THA,0.131,1,False
2023-02-01,KOR,THA,0.4891,1,False
2023-03-01,KOR,THA,0.653,3,False
2023-04-01,KOR,THA,0.5198,2,False
2023-05-01,KOR,THA,0.2654,2,False
2023-06-01,KOR,THA,0.3846,2,False
2023-07-01,KOR,THA,0.3075,2,False
2023-08-01,KOR,THA,0.3173,2,False
2023-09-01,KOR,THA,0.1182,4,False
2023-10-01,KOR,THA,0.0732,3,False
2023-11-01,KOR,THA,0.1847,3,False
2023-12-01,KOR,THA,0.2284,3,False
2024-01-01,KOR,THA,0.2211,3,False
2024-02-01,KOR,THA,0.4748,3,False
2024-03-01,KOR,THA,0.5296,3,False
2024-04-01,KOR,THA,0.643,3,False
2024-05-01,KOR,THA,0.7426,2,False
2024-06-01,KOR,THA,0.7518,2,False
2024-07-01,KOR,THA,0.7934,2,False
2024-08-01,KOR,THA,0.7002,2,False
2024-09-01,KOR,THA,0.7016,2,False
2024-10-01,KOR,THA,0.7527,3,False
2024-11-01,KOR,THA,0.7637,1,False
2024-12-01,KOR,THA,0.6264,2,False
2025-01-01,KOR,THA,0.8231,2,False
2025-02-01,KOR,THA,0.7144,3,False
2025-03-01,KOR,THA,0.8097,3,False
2025-04-01,KOR,THA,0.7566,1,False
2025-05-01,KOR,THA,0.6642,4,False
2025-06-01,KOR,THA,0.5506,1,False
2025-07-01,KOR,THA,0.3399,1,False
2025-08-01,KOR,THA,0.2142,1,False
2025-09-01,KOR,THA,0.1018,1,False
2025-10-01,KOR,THA,0.0381,1,True
2025-11-01,KOR,THA,0.0081,1,True
2025-12-01,KOR,THA,0.0003,1,True
2026-01-01,KOR,THA,0.0014,1,True
2026-02-01,KOR,THA,0.0054,1,True
2026-03-01,KOR,THA,0.0349,1,True
2015-01-01,KOR,BRA,0.0067,1,True
2015-02-01,KOR,BRA,0.0146,1,True
2015-03-01,KOR,BRA,0.2537,1,False
2015-04-01,KOR,BRA,0.3593,1,False
2015-05-01,KOR,BRA,0.4878,1,False
2015-06-01,KOR,BRA,0.5411,2,False
2015-07-01,KOR,BRA,0.4279,1,False
2015-08-01,KOR,BRA,0.5772,1,False
2015-09-01,KOR,BRA,0.3882,1,False
2015-10-01,KOR,BRA,0.2372,1,False
2015-11-01,KOR,BRA,0.1935,1,False
2015-12-01,KOR,BRA,0.2117,1,False
2016-01-01,KOR,BRA,0.1477,1,False
2016-02-01,KOR,BRA,0.0625,1,False
2016-03-01,KOR,BRA,0.044,2,True
2016-04-01,KOR,BRA,0.0163,1,True
2016-05-01,KOR,BRA,0.0168,1,True
2016-06-01,KOR,BRA,0.017,1,True
2016-07-01,KOR,BRA,0.0218,1,True
2016-08-01,KOR,BRA,0.0357,1,True
2016-09-01,KOR,BRA,0.0442,1,True
2016-10-01,KOR,BRA,0.0974,1,False
2016-11-01,KOR,BRA,0.0291,1,True
2016-12-01,KOR,BRA,0.0087,1,True
2017-01-01,KOR,BRA,0.0025,1,True
2017-02-01,KOR,BRA,0.0033,1,True
2017-03-01,KOR,BRA,0.0019,1,True
2017-04-01,KOR,BRA,0.0021,1,True
2017-05-01,KOR,BRA,0.0014,1,True
2017-06-01,KOR,BRA,0.0008,1,True
2017-07-01,KOR,BRA,0.0006,1,True
2017-08-01,KOR,BRA,0.0004,1,True
2017-09-01,KOR,BRA,0.0003,1,True
2017-10-01,KOR,BRA,0.0009,1,True
2017-11-01,KOR,BRA,0.0008,1,True
2017-12-01,KOR,BRA,0.0005,1,True
2018-01-01,KOR,BRA,0.0011,1,True
2018-02-01,KOR,BRA,0.0015,1,True
2018-03-01,KOR,BRA,0.0039,1,True
2018-04-01,KOR,BRA,0.0051,1,True
2018-05-01,KOR,BRA,0.0064,1,True
2018-06-01,KOR,BRA,0.0091,1,True
2018-07-01,KOR,BRA,0.0151,1,True
2018-08-01,KOR,BRA,0.0156,1,True
2018-09-01,KOR,BRA,0.0226,1,True
2018-10-01,KOR,BRA,0.033,1,True
2018-11-01,KOR,BRA,0.0405,1,True
2018-12-01,KOR,BRA,0.0272,1,True
2019-01-01,KOR,BRA,0.0119,1,True
2019-02-01,KOR,BRA,0.0123,1,True
2019-03-01,KOR,BRA,0.0137,1,True
2019-04-01,KOR,BRA,0.0037,1,True
2019-05-01,KOR,BRA,0.0013,1,True
2019-06-01,KOR,BRA,0.0028,1,True
2019-07-01,KOR,BRA,0.0487,1,True
2019-08-01,KOR,BRA,0.1248,1,False
2019-09-01,KOR,BRA,0.16,1,False
2019-10-01,KOR,BRA,0.4359,1,False
2019-11-01,KOR,BRA,0.7468,4,False
2019-12-01,KOR,BRA,0.5417,1,False
2020-01-01,KOR,BRA,0.2703,1,False
2020-02-01,KOR,BRA,0.2848,1,False
2020-03-01,KOR,BRA,0.258,1,False
2020-04-01,KOR,BRA,0.3552,1,False
2020-05-01,KOR,BRA,0.2964,4,False
2020-06-01,KOR,BRA,0.2557,4,False
2020-07-01,KOR,BRA,0.273,4,False
2020-08-01,KOR,BRA,0.4814,4,False
2020-09-01,KOR,BRA,0.4402,4,False
2020-10-01,KOR,BRA,0.4353,4,False
2020-11-01,KOR,BRA,0.3644,4,False
2020-12-01,KOR,BRA,0.3583,4,False
2021-01-01,KOR,BRA,0.1959,4,False
2021-02-01,KOR,BRA,0.1833,4,False
2021-03-01,KOR,BRA,0.5429,2,False
2021-04-01,KOR,BRA,0.3414,2,False
2021-05-01,KOR,BRA,0.3351,2,False
2021-06-01,KOR,BRA,0.2959,2,False
2021-07-01,KOR,BRA,0.3112,2,False
2021-08-01,KOR,BRA,0.3986,3,False
2021-09-01,KOR,BRA,0.3389,4,False
2021-10-01,KOR,BRA,0.2509,3,False
2021-11-01,KOR,BRA,0.2471,2,False
2021-12-01,KOR,BRA,0.1475,1,False
2022-01-01,KOR,BRA,0.3362,1,False
2022-02-01,KOR,BRA,0.3205,2,False
2022-03-01,KOR,BRA,0.3256,2,False
2022-04-01,KOR,BRA,0.2362,1,False
2022-05-01,KOR,BRA,0.2537,1,False
2022-06-01,KOR,BRA,0.7092,1,False
2022-07-01,KOR,BRA,0.6791,2,False
2022-08-01,KOR,BRA,0.1215,1,False
2022-09-01,KOR,BRA,0.0057,1,True
2022-10-01,KOR,BRA,0.0002,1,True
2022-11-01,KOR,BRA,0.0002,1,True
2022-12-01,KOR,BRA,0.0003,1,True
2023-01-01,KOR,BRA,0.0006,1,True
2023-02-01,KOR,BRA,0.0013,1,True
2023-03-01,KOR,BRA,0.0008,1,True
2023-04-01,KOR,BRA,0.0001,1,True
2023-05-01,KOR,BRA,0.0,1,True
2023-06-01,KOR,BRA,0.0,1,True
2023-07-01,KOR,BRA,0.0,1,True
2023-08-01,KOR,BRA,0.0,1,True
2023-09-01,KOR,BRA,0.0,1,True
2023-10-01,KOR,BRA,0.0,1,True
2023-11-01,KOR,BRA,0.0,1,True
2023-12-01,KOR,BRA,0.0,1,True
2024-01-01,KOR,BRA,0.0,1,True
2024-02-01,KOR,BRA,0.0,1,True
2024-03-01,KOR,BRA,0.0,1,True
2024-04-01,KOR,BRA,0.0,1,True
2024-05-01,KOR,BRA,0.0,1,True
2024-06-01,KOR,BRA,0.0,1,True
2024-07-01,KOR,BRA,0.0,1,True
2024-08-01,KOR,BRA,0.0,1,True
2024-09-01,KOR,BRA,0.0,1,True
2024-10-01,KOR,BRA,0.0001,1,True
2024-11-01,KOR,BRA,0.0,1,True
2024-12-01,KOR,BRA,0.0,1,True
2025-01-01,KOR,BRA,0.0,1,True
2025-02-01,KOR,BRA,0.0002,1,True
2025-03-01,KOR,BRA,0.0005,1,True
2025-04-01,KOR,BRA,0.0024,1,True
2025-05-01,KOR,BRA,0.0086,1,True
2025-06-01,KOR,BRA,0.0317,1,True
2025-07-01,KOR,BRA,0.4372,1,False
2025-08-01,KOR,BRA,0.6486,1,False
2025-09-01,KOR,BRA,0.6654,1,False
2025-10-01,KOR,BRA,0.5332,1,False
2025-11-01,KOR,BRA,0.5827,1,False
2025-12-01,KOR,BRA,0.4007,1,False
2026-01-01,KOR,BRA,0.2397,1,False
2026-02-01,KOR,BRA,0.1201,1,False
2026-03-01,KOR,BRA,0.2612,1,False
2015-01-01,KOR,ZAF,0.4203,2,False
2015-02-01,KOR,ZAF,0.4907,2,False
2015-03-01,KOR,ZAF,0.6556,1,False
2015-04-01,KOR,ZAF,0.6983,2,False
2015-05-01,KOR,ZAF,0.5683,3,False
2015-06-01,KOR,ZAF,0.1341,2,False
2015-07-01,KOR,ZAF,0.0364,1,True
2015-08-01,KOR,ZAF,0.0719,1,False
2015-09-01,KOR,ZAF,0.0631,1,False
2015-10-01,KOR,ZAF,0.0532,1,False
2015-11-01,KOR,ZAF,0.0476,1,True
2015-12-01,KOR,ZAF,0.0327,1,True
2016-01-01,KOR,ZAF,0.0282,1,True
2016-02-01,KOR,ZAF,0.0282,1,True
2016-03-01,KOR,ZAF,0.4049,2,False
2016-04-01,KOR,ZAF,0.1696,3,False
2016-05-01,KOR,ZAF,0.3269,3,False
2016-06-01,KOR,ZAF,0.3027,3,False
2016-07-01,KOR,ZAF,0.2492,3,False
2016-08-01,KOR,ZAF,0.1626,4,False
2016-09-01,KOR,ZAF,0.1007,3,False
2016-10-01,KOR,ZAF,0.1544,3,False
2016-11-01,KOR,ZAF,0.2528,3,False
2016-12-01,KOR,ZAF,0.1911,3,False
2017-01-01,KOR,ZAF,0.2142,3,False
2017-02-01,KOR,ZAF,0.1126,3,False
2017-03-01,KOR,ZAF,0.0943,3,False
2017-04-01,KOR,ZAF,0.142,3,False
2017-05-01,KOR,ZAF,0.0618,3,False
2017-06-01,KOR,ZAF,0.0897,1,False
2017-07-01,KOR,ZAF,0.0601,3,False
2017-08-01,KOR,ZAF,0.0122,3,True
2017-09-01,KOR,ZAF,0.0744,1,False
2017-10-01,KOR,ZAF,0.1576,3,False
2017-11-01,KOR,ZAF,0.1124,3,False
2017-12-01,KOR,ZAF,0.0381,3,True
2018-01-01,KOR,ZAF,0.0563,1,False
2018-02-01,KOR,ZAF,0.0343,1,True
2018-03-01,KOR,ZAF,0.0598,1,False
2018-04-01,KOR,ZAF,0.072,1,False
2018-05-01,KOR,ZAF,0.0237,4,True
2018-06-01,KOR,ZAF,0.0115,3,True
2018-07-01,KOR,ZAF,0.0106,3,True
2018-08-01,KOR,ZAF,0.0144,4,True
2018-09-01,KOR,ZAF,0.017,3,True
2018-10-01,KOR,ZAF,0.0284,3,True
2018-11-01,KOR,ZAF,0.0354,3,True
2018-12-01,KOR,ZAF,0.0222,3,True
2019-01-01,KOR,ZAF,0.016,3,True
2019-02-01,KOR,ZAF,0.0143,3,True
2019-03-01,KOR,ZAF,0.023,3,True
2019-04-01,KOR,ZAF,0.0264,3,True
2019-05-01,KOR,ZAF,0.0416,3,True
2019-06-01,KOR,ZAF,0.0411,3,True
2019-07-01,KOR,ZAF,0.0892,3,False
2019-08-01,KOR,ZAF,0.2797,3,False
2019-09-01,KOR,ZAF,0.4107,3,False
2019-10-01,KOR,ZAF,0.2473,4,False
2019-11-01,KOR,ZAF,0.0692,3,False
2019-12-01,KOR,ZAF,0.0667,3,False
2020-01-01,KOR,ZAF,0.0595,1,False
2020-02-01,KOR,ZAF,0.0256,2,True
2020-03-01,KOR,ZAF,0.0111,1,True
2020-04-01,KOR,ZAF,0.0079,2,True
2020-05-01,KOR,ZAF,0.0222,1,True
2020-06-01,KOR,ZAF,0.0295,2,True
2020-07-01,KOR,ZAF,0.0634,1,False
2020-08-01,KOR,ZAF,0.0523,1,False
2020-09-01,KOR,ZAF,0.0898,1,False
2020-10-01,KOR,ZAF,0.1048,3,False
2020-11-01,KOR,ZAF,0.0742,3,False
2020-12-01,KOR,ZAF,0.0492,2,True
2021-01-01,KOR,ZAF,0.0467,3,True
2021-02-01,KOR,ZAF,0.0553,3,False
2021-03-01,KOR,ZAF,0.0772,3,False
2021-04-01,KOR,ZAF,0.0736,3,False
2021-05-01,KOR,ZAF,0.024,3,True
2021-06-01,KOR,ZAF,0.0073,1,True
2021-07-01,KOR,ZAF,0.0148,1,True
2021-08-01,KOR,ZAF,0.0166,3,True
2021-09-01,KOR,ZAF,0.0132,3,True
2021-10-01,KOR,ZAF,0.0074,3,True
2021-11-01,KOR,ZAF,0.0078,3,True
2021-12-01,KOR,ZAF,0.0024,3,True
2022-01-01,KOR,ZAF,0.0012,3,True
2022-02-01,KOR,ZAF,0.0014,3,True
2022-03-01,KOR,ZAF,0.0008,3,True
2022-04-01,KOR,ZAF,0.0007,3,True
2022-05-01,KOR,ZAF,0.0007,1,True
2022-06-01,KOR,ZAF,0.0002,3,True
2022-07-01,KOR,ZAF,0.0001,2,True
2022-08-01,KOR,ZAF,0.0,2,True
2022-09-01,KOR,ZAF,0.0,2,True
2022-10-01,KOR,ZAF,0.0,2,True
2022-11-01,KOR,ZAF,0.0,2,True
2022-12-01,KOR,ZAF,0.0,4,True
2023-01-01,KOR,ZAF,0.0,3,True
2023-02-01,KOR,ZAF,0.0,2,True
2023-03-01,KOR,ZAF,0.0,1,True
2023-04-01,KOR,ZAF,0.0,1,True
2023-05-01,KOR,ZAF,0.0,1,True
2023-06-01,KOR,ZAF,0.0,1,True
2023-07-01,KOR,ZAF,0.0,1,True
2023-08-01,KOR,ZAF,0.0,1,True
2023-09-01,KOR,ZAF,0.0,1,True
2023-10-01,KOR,ZAF,0.0,1,True
2023-11-01,KOR,ZAF,0.0,1,True
2023-12-01,KOR,ZAF,0.0,1,True
2024-01-01,KOR,ZAF,0.0,1,True
2024-02-01,KOR,ZAF,0.0,1,True
2024-03-01,KOR,ZAF,0.0,1,True
2024-04-01,KOR,ZAF,0.0,1,True
2024-05-01,KOR,ZAF,0.0,1,True
2024-06-01,KOR,ZAF,0.0,1,True
2024-07-01,KOR,ZAF,0.0,1,True
2024-08-01,KOR,ZAF,0.0,1,True
2024-09-01,KOR,ZAF,0.0,1,True
2024-10-01,KOR,ZAF,0.0,1,True
2024-11-01,KOR,ZAF,0.0003,1,True
2024-12-01,KOR,ZAF,0.0004,1,True
2025-01-01,KOR,ZAF,0.0003,1,True
2025-02-01,KOR,ZAF,0.0003,1,True
2025-03-01,KOR,ZAF,0.0001,1,True
2025-04-01,KOR,ZAF,0.002,1,True
2025-05-01,KOR,ZAF,0.0041,1,True
2025-06-01,KOR,ZAF,0.0146,1,True
2025-07-01,KOR,ZAF,0.0634,1,False
2025-08-01,KOR,ZAF,0.0667,1,False
2025-09-01,KOR,ZAF,0.0887,1,False
2025-10-01,KOR,ZAF,0.0801,1,False
2025-11-01,KOR,ZAF,0.176,1,False
2025-12-01,KOR,ZAF,0.2098,2,False
2026-01-01,KOR,ZAF,0.2594,1,False
2026-02-01,KOR,ZAF,0.3622,2,False
2026-03-01,KOR,ZAF,0.2861,2,False
2015-01-01,KOR,MEX,0.0166,4,True
2015-02-01,KOR,MEX,0.0756,3,False
2015-03-01,KOR,MEX,0.0264,4,True
2015-04-01,KOR,MEX,0.002,4,True
2015-05-01,KOR,MEX,0.0006,4,True
2015-06-01,KOR,MEX,0.0035,4,True
2015-07-01,KOR,MEX,0.0029,4,True
2015-08-01,KOR,MEX,0.0006,4,True
2015-09-01,KOR,MEX,0.0011,4,True
2015-10-01,KOR,MEX,0.0009,4,True
2015-11-01,KOR,MEX,0.0005,2,True
2015-12-01,KOR,MEX,0.0009,2,True
2016-01-01,KOR,MEX,0.0022,1,True
2016-02-01,KOR,MEX,0.0019,1,True
2016-03-01,KOR,MEX,0.0074,2,True
2016-04-01,KOR,MEX,0.0137,2,True
2016-05-01,KOR,MEX,0.018,2,True
2016-06-01,KOR,MEX,0.0184,2,True
2016-07-01,KOR,MEX,0.0206,1,True
2016-08-01,KOR,MEX,0.0144,2,True
2016-09-01,KOR,MEX,0.0136,2,True
2016-10-01,KOR,MEX,0.0264,2,True
2016-11-01,KOR,MEX,0.016,2,True
2016-12-01,KOR,MEX,0.0041,2,True
2017-01-01,KOR,MEX,0.0061,1,True
2017-02-01,KOR,MEX,0.0076,2,True
2017-03-01,KOR,MEX,0.0073,2,True
2017-04-01,KOR,MEX,0.0029,2,True
2017-05-01,KOR,MEX,0.0028,2,True
2017-06-01,KOR,MEX,0.0032,2,True
2017-07-01,KOR,MEX,0.0026,2,True
2017-08-01,KOR,MEX,0.0025,2,True
2017-09-01,KOR,MEX,0.0035,2,True
2017-10-01,KOR,MEX,0.0061,2,True
2017-11-01,KOR,MEX,0.0073,2,True
2017-12-01,KOR,MEX,0.0169,2,True
2018-01-01,KOR,MEX,0.0187,2,True
2018-02-01,KOR,MEX,0.0005,2,True
2018-03-01,KOR,MEX,0.0007,2,True
2018-04-01,KOR,MEX,0.0009,2,True
2018-05-01,KOR,MEX,0.0006,2,True
2018-06-01,KOR,MEX,0.0008,2,True
2018-07-01,KOR,MEX,0.0008,2,True
2018-08-01,KOR,MEX,0.0009,2,True
2018-09-01,KOR,MEX,0.0009,2,True
2018-10-01,KOR,MEX,0.0019,2,True
2018-11-01,KOR,MEX,0.0015,2,True
2018-12-01,KOR,MEX,0.0047,2,True
2019-01-01,KOR,MEX,0.0041,2,True
2019-02-01,KOR,MEX,0.0389,2,True
2019-03-01,KOR,MEX,0.0247,1,True
2019-04-01,KOR,MEX,0.032,1,True
2019-05-01,KOR,MEX,0.0766,1,False
2019-06-01,KOR,MEX,0.0638,2,False
2019-07-01,KOR,MEX,0.0381,2,True
2019-08-01,KOR,MEX,0.0331,2,True
2019-09-01,KOR,MEX,0.0222,1,True
2019-10-01,KOR,MEX,0.0139,1,True
2019-11-01,KOR,MEX,0.0162,1,True
2019-12-01,KOR,MEX,0.01,1,True
2020-01-01,KOR,MEX,0.0351,1,True
2020-02-01,KOR,MEX,0.0273,1,True
2020-03-01,KOR,MEX,0.0322,1,True
2020-04-01,KOR,MEX,0.0928,1,False
2020-05-01,KOR,MEX,0.3032,1,False
2020-06-01,KOR,MEX,0.3544,1,False
2020-07-01,KOR,MEX,0.3959,3,False
2020-08-01,KOR,MEX,0.3085,4,False
2020-09-01,KOR,MEX,0.1973,4,False
2020-10-01,KOR,MEX,0.3078,4,False
2020-11-01,KOR,MEX,0.2914,4,False
2020-12-01,KOR,MEX,0.106,4,False
2021-01-01,KOR,MEX,0.0925,4,False
2021-02-01,KOR,MEX,0.1114,4,False
2021-03-01,KOR,MEX,0.1231,4,False
2021-04-01,KOR,MEX,0.0561,4,False
2021-05-01,KOR,MEX,0.0334,1,True
2021-06-01,KOR,MEX,0.0361,1,True
2021-07-01,KOR,MEX,0.0173,4,True
2021-08-01,KOR,MEX,0.0169,4,True
2021-09-01,KOR,MEX,0.0209,4,True
2021-10-01,KOR,MEX,0.0095,4,True
2021-11-01,KOR,MEX,0.011,4,True
2021-12-01,KOR,MEX,0.0046,4,True
2022-01-01,KOR,MEX,0.0094,1,True
2022-02-01,KOR,MEX,0.0154,1,True
2022-03-01,KOR,MEX,0.0135,1,True
2022-04-01,KOR,MEX,0.0054,1,True
2022-05-01,KOR,MEX,0.0051,1,True
2022-06-01,KOR,MEX,0.0155,1,True
2022-07-01,KOR,MEX,0.0229,1,True
2022-08-01,KOR,MEX,0.0551,1,False
2022-09-01,KOR,MEX,0.044,1,True
2022-10-01,KOR,MEX,0.0488,1,True
2022-11-01,KOR,MEX,0.0555,2,False
2022-12-01,KOR,MEX,0.0794,2,False
2023-01-01,KOR,MEX,0.0897,2,False
2023-02-01,KOR,MEX,0.034,3,True
2023-03-01,KOR,MEX,0.0117,2,True
2023-04-01,KOR,MEX,0.0173,2,True
2023-05-01,KOR,MEX,0.0162,2,True
2023-06-01,KOR,MEX,0.0151,2,True
2023-07-01,KOR,MEX,0.019,2,True
2023-08-01,KOR,MEX,0.0183,2,True
2023-09-01,KOR,MEX,0.0173,2,True
2023-10-01,KOR,MEX,0.3692,3,False
2023-11-01,KOR,MEX,0.3098,4,False
2023-12-01,KOR,MEX,0.3459,4,False
2024-01-01,KOR,MEX,0.2767,4,False
2024-02-01,KOR,MEX,0.4101,4,False
2024-03-01,KOR,MEX,0.1808,4,False
2024-04-01,KOR,MEX,0.2235,4,False
2024-05-01,KOR,MEX,0.1323,4,False
2024-06-01,KOR,MEX,0.1044,4,False
2024-07-01,KOR,MEX,0.1099,4,False
2024-08-01,KOR,MEX,0.091,4,False
2024-09-01,KOR,MEX,0.1081,4,False
2024-10-01,KOR,MEX,0.0308,4,True
2024-11-01,KOR,MEX,0.0329,4,True
2024-12-01,KOR,MEX,0.0448,4,True
2025-01-01,KOR,MEX,0.0428,4,True
2025-02-01,KOR,MEX,0.0383,4,True
2025-03-01,KOR,MEX,0.0241,1,True
2025-04-01,KOR,MEX,0.0128,1,True
2025-05-01,KOR,MEX,0.0105,1,True
2025-06-01,KOR,MEX,0.0094,1,True
2025-07-01,KOR,MEX,0.0353,1,True
2025-08-01,KOR,MEX,0.1555,2,False
2025-09-01,KOR,MEX,0.1339,2,False
2025-10-01,KOR,MEX,0.1216,2,False
2025-11-01,KOR,MEX,0.0877,4,False
2025-12-01,KOR,MEX,0.0282,3,True
2026-01-01,KOR,MEX,0.0227,3,True
2026-02-01,KOR,MEX,0.0201,3,True
2026-03-01,KOR,MEX,0.0204,3,True
2015-01-01,KOR,SGP,0.6343,2,False
2015-02-01,KOR,SGP,0.6055,3,False
2015-03-01,KOR,SGP,0.5311,1,False
2015-04-01,KOR,SGP,0.4669,2,False
2015-05-01,KOR,SGP,0.3274,1,False
2015-06-01,KOR,SGP,0.2441,1,False
2015-07-01,KOR,SGP,0.3017,1,False
2015-08-01,KOR,SGP,0.3312,1,False
2015-09-01,KOR,SGP,0.7501,1,False
2015-10-01,KOR,SGP,0.774,1,False
2015-11-01,KOR,SGP,0.8318,1,False
2015-12-01,KOR,SGP,0.7864,4,False
2016-01-01,KOR,SGP,0.5583,2,False
2016-02-01,KOR,SGP,0.3101,2,False
2016-03-01,KOR,SGP,0.3869,2,False
2016-04-01,KOR,SGP,0.2406,1,False
2016-05-01,KOR,SGP,0.2074,1,False
2016-06-01,KOR,SGP,0.3261,1,False
2016-07-01,KOR,SGP,0.3875,1,False
2016-08-01,KOR,SGP,0.3882,1,False
2016-09-01,KOR,SGP,0.3128,1,False
2016-10-01,KOR,SGP,0.5147,1,False
2016-11-01,KOR,SGP,0.634,4,False
2016-12-01,KOR,SGP,0.4323,3,False
2017-01-01,KOR,SGP,0.4901,3,False
2017-02-01,KOR,SGP,0.2607,3,False
2017-03-01,KOR,SGP,0.1653,2,False
2017-04-01,KOR,SGP,0.2017,1,False
2017-05-01,KOR,SGP,0.0097,1,True
2017-06-01,KOR,SGP,0.0127,1,True
2017-07-01,KOR,SGP,0.0221,1,True
2017-08-01,KOR,SGP,0.0184,1,True
2017-09-01,KOR,SGP,0.0339,1,True
2017-10-01,KOR,SGP,0.0978,1,False
2017-11-01,KOR,SGP,0.1384,1,False
2017-12-01,KOR,SGP,0.1229,1,False
2018-01-01,KOR,SGP,0.0875,1,False
2018-02-01,KOR,SGP,0.1538,1,False
2018-03-01,KOR,SGP,0.041,1,True
2018-04-01,KOR,SGP,0.0645,1,False
2018-05-01,KOR,SGP,0.0418,1,True
2018-06-01,KOR,SGP,0.0319,1,True
2018-07-01,KOR,SGP,0.0425,1,True
2018-08-01,KOR,SGP,0.0737,1,False
2018-09-01,KOR,SGP,0.1105,1,False
2018-10-01,KOR,SGP,0.0721,4,False
2018-11-01,KOR,SGP,0.0731,4,False
2018-12-01,KOR,SGP,0.0115,4,True
2019-01-01,KOR,SGP,0.0377,4,True
2019-02-01,KOR,SGP,0.0188,4,True
2019-03-01,KOR,SGP,0.08,4,False
2019-04-01,KOR,SGP,0.073,4,False
2019-05-01,KOR,SGP,0.2436,4,False
2019-06-01,KOR,SGP,0.1035,4,False
2019-07-01,KOR,SGP,0.0689,4,False
2019-08-01,KOR,SGP,0.0705,3,False
2019-09-01,KOR,SGP,0.1023,4,False
2019-10-01,KOR,SGP,0.1084,4,False
2019-11-01,KOR,SGP,0.0932,4,False
2019-12-01,KOR,SGP,0.1123,4,False
2020-01-01,KOR,SGP,0.3534,4,False
2020-02-01,KOR,SGP,0.217,3,False
2020-03-01,KOR,SGP,0.1915,3,False
2020-04-01,KOR,SGP,0.0751,3,False
2020-05-01,KOR,SGP,0.5776,2,False
2020-06-01,KOR,SGP,0.3678,3,False
2020-07-01,KOR,SGP,0.3837,4,False
2020-08-01,KOR,SGP,0.1953,3,False
2020-09-01,KOR,SGP,0.0635,3,False
2020-10-01,KOR,SGP,0.0663,3,False
2020-11-01,KOR,SGP,0.0921,3,False
2020-12-01,KOR,SGP,0.0939,3,False
2021-01-01,KOR,SGP,0.0656,3,False
2021-02-01,KOR,SGP,0.1727,3,False
2021-03-01,KOR,SGP,0.1652,3,False
2021-04-01,KOR,SGP,0.2579,3,False
2021-05-01,KOR,SGP,0.4112,3,False
2021-06-01,KOR,SGP,0.4105,3,False
2021-07-01,KOR,SGP,0.3627,3,False
2021-08-01,KOR,SGP,0.3038,3,False
2021-09-01,KOR,SGP,0.3302,3,False
2021-10-01,KOR,SGP,0.4569,4,False
2021-11-01,KOR,SGP,0.3695,3,False
2021-12-01,KOR,SGP,0.5486,1,False
2022-01-01,KOR,SGP,0.4447,1,False
2022-02-01,KOR,SGP,0.5206,1,False
2022-03-01,KOR,SGP,0.5151,1,False
2022-04-01,KOR,SGP,0.5961,4,False
2022-05-01,KOR,SGP,0.5142,4,False
2022-06-01,KOR,SGP,0.5366,4,False
2022-07-01,KOR,SGP,0.5157,1,False
2022-08-01,KOR,SGP,0.4282,4,False
2022-09-01,KOR,SGP,0.4993,4,False
2022-10-01,KOR,SGP,0.3646,4,False
2022-11-01,KOR,SGP,0.0659,1,False
2022-12-01,KOR,SGP,0.0355,1,True
2023-01-01,KOR,SGP,0.0185,1,True
2023-02-01,KOR,SGP,0.0194,1,True
2023-03-01,KOR,SGP,0.015,1,True
2023-04-01,KOR,SGP,0.0017,1,True
2023-05-01,KOR,SGP,0.0037,1,True
2023-06-01,KOR,SGP,0.0005,1,True
2023-07-01,KOR,SGP,0.0002,1,True
2023-08-01,KOR,SGP,0.0001,1,True
2023-09-01,KOR,SGP,0.0003,1,True
2023-10-01,KOR,SGP,0.0001,1,True
2023-11-01,KOR,SGP,0.0001,1,True
2023-12-01,KOR,SGP,0.0005,1,True
2024-01-01,KOR,SGP,0.0005,1,True
2024-02-01,KOR,SGP,0.0006,1,True
2024-03-01,KOR,SGP,0.0012,1,True
2024-04-01,KOR,SGP,0.0017,1,True
2024-05-01,KOR,SGP,0.0086,1,True
2024-06-01,KOR,SGP,0.0069,1,True
2024-07-01,KOR,SGP,0.0184,1,True
2024-08-01,KOR,SGP,0.0196,1,True
2024-09-01,KOR,SGP,0.0297,1,True
2024-10-01,KOR,SGP,0.0253,1,True
2024-11-01,KOR,SGP,0.034,1,True
2024-12-01,KOR,SGP,0.0261,1,True
2025-01-01,KOR,SGP,0.0086,3,True
2025-02-01,KOR,SGP,0.0035,3,True
2025-03-01,KOR,SGP,0.0036,3,True
2025-04-01,KOR,SGP,0.0064,2,True
2025-05-01,KOR,SGP,0.0078,1,True
2025-06-01,KOR,SGP,0.0281,1,True
2025-07-01,KOR,SGP,0.0604,3,False
2025-08-01,KOR,SGP,0.059,3,False
2025-09-01,KOR,SGP,0.0635,3,False
2025-10-01,KOR,SGP,0.0314,4,True
2025-11-01,KOR,SGP,0.0285,3,True
2025-12-01,KOR,SGP,0.0319,3,True
2026-01-01,KOR,SGP,0.0228,4,True
2026-02-01,KOR,SGP,0.009,3,True
2026-03-01,KOR,SGP,0.0103,3,True
2015-01-01,KOR,GBR,0.0766,2,False
2015-02-01,KOR,GBR,0.0608,2,False
2015-03-01,KOR,GBR,0.009,4,True
2015-04-01,KOR,GBR,0.0089,4,True
2015-05-01,KOR,GBR,0.0075,2,True
2015-06-01,KOR,GBR,0.0172,1,True
2015-07-01,KOR,GBR,0.0137,2,True
2015-08-01,KOR,GBR,0.0173,2,True
2015-09-01,KOR,GBR,0.0297,1,True
2015-10-01,KOR,GBR,0.1826,2,False
2015-11-01,KOR,GBR,0.1474,2,False
2015-12-01,KOR,GBR,0.0639,2,False
2016-01-01,KOR,GBR,0.0759,2,False
2016-02-01,KOR,GBR,0.0402,2,True
2016-03-01,KOR,GBR,0.0533,2,False
2016-04-01,KOR,GBR,0.0134,2,True
2016-05-01,KOR,GBR,0.0036,2,True
2016-06-01,KOR,GBR,0.0035,2,True
2016-07-01,KOR,GBR,0.0157,2,True
2016-08-01,KOR,GBR,0.0143,2,True
2016-09-01,KOR,GBR,0.0345,2,True
2016-10-01,KOR,GBR,0.0333,2,True
2016-11-01,KOR,GBR,0.0904,2,False
2016-12-01,KOR,GBR,0.0925,2,False
2017-01-01,KOR,GBR,0.1352,2,False
2017-02-01,KOR,GBR,0.2047,2,False
2017-03-01,KOR,GBR,0.0568,2,False
2017-04-01,KOR,GBR,0.0383,2,True
2017-05-01,KOR,GBR,0.0399,2,True
2017-06-01,KOR,GBR,0.0471,2,True
2017-07-01,KOR,GBR,0.0518,2,False
2017-08-01,KOR,GBR,0.0587,1,False
2017-09-01,KOR,GBR,0.0483,1,True
2017-10-01,KOR,GBR,0.0684,1,False
2017-11-01,KOR,GBR,0.0665,4,False
2017-12-01,KOR,GBR,0.0618,4,False
2018-01-01,KOR,GBR,0.0186,2,True
2018-02-01,KOR,GBR,0.0156,1,True
2018-03-01,KOR,GBR,0.0038,1,True
2018-04-01,KOR,GBR,0.003,1,True
2018-05-01,KOR,GBR,0.0013,1,True
2018-06-01,KOR,GBR,0.0016,1,True
2018-07-01,KOR,GBR,0.0016,1,True
2018-08-01,KOR,GBR,0.0015,1,True
2018-09-01,KOR,GBR,0.0015,1,True
2018-10-01,KOR,GBR,0.0015,1,True
2018-11-01,KOR,GBR,0.0025,1,True
2018-12-01,KOR,GBR,0.0057,1,True
2019-01-01,KOR,GBR,0.0146,1,True
2019-02-01,KOR,GBR,0.0166,1,True
2019-03-01,KOR,GBR,0.0173,1,True
2019-04-01,KOR,GBR,0.0146,1,True
2019-05-01,KOR,GBR,0.0314,1,True
2019-06-01,KOR,GBR,0.0198,1,True
2019-07-01,KOR,GBR,0.0153,1,True
2019-08-01,KOR,GBR,0.0241,1,True
2019-09-01,KOR,GBR,0.0053,1,True
2019-10-01,KOR,GBR,0.0025,1,True
2019-11-01,KOR,GBR,0.0008,1,True
2019-12-01,KOR,GBR,0.0022,1,True
2020-01-01,KOR,GBR,0.003,1,True
2020-02-01,KOR,GBR,0.0122,1,True
2020-03-01,KOR,GBR,0.018,1,True
2020-04-01,KOR,GBR,0.0879,1,False
2020-05-01,KOR,GBR,0.2995,2,False
2020-06-01,KOR,GBR,0.2182,2,False
2020-07-01,KOR,GBR,0.3365,2,False
2020-08-01,KOR,GBR,0.3058,2,False
2020-09-01,KOR,GBR,0.3289,2,False
2020-10-01,KOR,GBR,0.2194,2,False
2020-11-01,KOR,GBR,0.2044,2,False
2020-12-01,KOR,GBR,0.1199,2,False
2021-01-01,KOR,GBR,0.0958,2,False
2021-02-01,KOR,GBR,0.0817,2,False
2021-03-01,KOR,GBR,0.1048,2,False
2021-04-01,KOR,GBR,0.0935,2,False
2021-05-01,KOR,GBR,0.0544,2,False
2021-06-01,KOR,GBR,0.0158,1,True
2021-07-01,KOR,GBR,0.01,1,True
2021-08-01,KOR,GBR,0.018,2,True
2021-09-01,KOR,GBR,0.0003,4,True
2021-10-01,KOR,GBR,0.0002,4,True
2021-11-01,KOR,GBR,0.0,4,True
2021-12-01,KOR,GBR,0.0001,4,True
2022-01-01,KOR,GBR,0.0002,4,True
2022-02-01,KOR,GBR,0.0002,4,True
2022-03-01,KOR,GBR,0.0001,4,True
2022-04-01,KOR,GBR,0.0001,4,True
2022-05-01,KOR,GBR,0.0002,4,True
2022-06-01,KOR,GBR,0.0,4,True
2022-07-01,KOR,GBR,0.0,4,True
2022-08-01,KOR,GBR,0.0001,4,True
2022-09-01,KOR,GBR,0.0041,4,True
2022-10-01,KOR,GBR,0.0022,4,True
2022-11-01,KOR,GBR,0.0019,4,True
2022-12-01,KOR,GBR,0.0036,3,True
2023-01-01,KOR,GBR,0.0025,3,True
2023-02-01,KOR,GBR,0.0023,3,True
2023-03-01,KOR,GBR,0.0037,3,True
2023-04-01,KOR,GBR,0.0022,3,True
2023-05-01,KOR,GBR,0.0008,3,True
2023-06-01,KOR,GBR,0.0012,1,True
2023-07-01,KOR,GBR,0.0004,1,True
2023-08-01,KOR,GBR,0.0001,1,True
2023-09-01,KOR,GBR,0.0002,1,True
2023-10-01,KOR,GBR,0.0003,1,True
2023-11-01,KOR,GBR,0.0,3,True
2023-12-01,KOR,GBR,0.0001,3,True
2024-01-01,KOR,GBR,0.0001,3,True
2024-02-01,KOR,GBR,0.0002,3,True
2024-03-01,KOR,GBR,0.0006,3,True
2024-04-01,KOR,GBR,0.0007,3,True
2024-05-01,KOR,GBR,0.0202,3,True
2024-06-01,KOR,GBR,0.0349,3,True
2024-07-01,KOR,GBR,0.0439,3,True
2024-08-01,KOR,GBR,0.0446,3,True
2024-09-01,KOR,GBR,0.0783,1,False
2024-10-01,KOR,GBR,0.0472,1,True
2024-11-01,KOR,GBR,0.0446,1,True
2024-12-01,KOR,GBR,0.0578,1,False
2025-01-01,KOR,GBR,0.0601,1,False
2025-02-01,KOR,GBR,0.0261,3,True
2025-03-01,KOR,GBR,0.0208,3,True
2025-04-01,KOR,GBR,0.0154,3,True
2025-05-01,KOR,GBR,0.0071,3,True
2025-06-01,KOR,GBR,0.0144,3,True
2025-07-01,KOR,GBR,0.0164,3,True
2025-08-01,KOR,GBR,0.0779,3,False
2025-09-01,KOR,GBR,0.1071,3,False
2025-10-01,KOR,GBR,0.088,3,False
2025-11-01,KOR,GBR,0.0581,4,False
2025-12-01,KOR,GBR,0.0088,4,True
2026-01-01,KOR,GBR,0.003,3,True
2026-02-01,KOR,GBR,0.0037,3,True
2026-03-01,KOR,GBR,0.0061,3,True
2015-01-01,KOR,USA,0.1988,3,False
2015-02-01,KOR,USA,0.304,3,False
2015-03-01,KOR,USA,0.177,3,False
2015-04-01,KOR,USA,0.1457,3,False
2015-05-01,KOR,USA,0.1409,3,False
2015-06-01,KOR,USA,0.21,3,False
2015-07-01,KOR,USA,0.2382,3,False
2015-08-01,KOR,USA,0.269,3,False
2015-09-01,KOR,USA,0.3048,3,False
2015-10-01,KOR,USA,0.316,3,False
2015-11-01,KOR,USA,0.3071,3,False
2015-12-01,KOR,USA,0.4554,4,False
2016-01-01,KOR,USA,0.4285,4,False
2016-02-01,KOR,USA,0.2147,3,False
2016-03-01,KOR,USA,0.0715,3,False
2016-04-01,KOR,USA,0.0596,3,False
2016-05-01,KOR,USA,0.0435,4,True
2016-06-01,KOR,USA,0.0308,4,True
2016-07-01,KOR,USA,0.0303,4,True
2016-08-01,KOR,USA,0.0132,4,True
2016-09-01,KOR,USA,0.0869,3,False
2016-10-01,KOR,USA,0.0888,3,False
2016-11-01,KOR,USA,0.1854,2,False
2016-12-01,KOR,USA,0.1792,2,False
2017-01-01,KOR,USA,0.2017,2,False
2017-02-01,KOR,USA,0.248,2,False
2017-03-01,KOR,USA,0.2156,2,False
2017-04-01,KOR,USA,0.1876,2,False
2017-05-01,KOR,USA,0.1865,2,False
2017-06-01,KOR,USA,0.1747,2,False
2017-07-01,KOR,USA,0.1809,2,False
2017-08-01,KOR,USA,0.1855,2,False
2017-09-01,KOR,USA,0.1367,2,False
2017-10-01,KOR,USA,0.1189,2,False
2017-11-01,KOR,USA,0.1059,3,False
2017-12-01,KOR,USA,0.1122,2,False
2018-01-01,KOR,USA,0.1322,2,False
2018-02-01,KOR,USA,0.1442,2,False
2018-03-01,KOR,USA,0.2305,2,False
2018-04-01,KOR,USA,0.2405,2,False
2018-05-01,KOR,USA,0.2293,2,False
2018-06-01,KOR,USA,0.1622,2,False
2018-07-01,KOR,USA,0.162,2,False
2018-08-01,KOR,USA,0.1479,2,False
2018-09-01,KOR,USA,0.1465,2,False
2018-10-01,KOR,USA,0.2519,2,False
2018-11-01,KOR,USA,0.1784,2,False
2018-12-01,KOR,USA,0.1893,2,False
2019-01-01,KOR,USA,0.3838,2,False
2019-02-01,KOR,USA,0.1558,2,False
2019-03-01,KOR,USA,0.1499,2,False
2019-04-01,KOR,USA,0.1182,2,False
2019-05-01,KOR,USA,0.1231,3,False
2019-06-01,KOR,USA,0.1855,2,False
2019-07-01,KOR,USA,0.1864,4,False
2019-08-01,KOR,USA,0.1116,3,False
2019-09-01,KOR,USA,0.0983,2,False
2019-10-01,KOR,USA,0.0625,2,False
2019-11-01,KOR,USA,0.0668,2,False
2019-12-01,KOR,USA,0.0174,2,True
2020-01-01,KOR,USA,0.0293,2,True
2020-02-01,KOR,USA,0.0223,2,True
2020-03-01,KOR,USA,0.0587,2,False
2020-04-01,KOR,USA,0.0336,3,True
2020-05-01,KOR,USA,0.1186,4,False
2020-06-01,KOR,USA,0.2038,4,False
2020-07-01,KOR,USA,0.2389,4,False
2020-08-01,KOR,USA,0.3596,4,False
2020-09-01,KOR,USA,0.4398,4,False
2020-10-01,KOR,USA,0.4512,4,False
2020-11-01,KOR,USA,0.3545,1,False
2020-12-01,KOR,USA,0.3723,1,False
2021-01-01,KOR,USA,0.362,1,False
2021-02-01,KOR,USA,0.3799,3,False
2021-03-01,KOR,USA,0.404,3,False
2021-04-01,KOR,USA,0.473,3,False
2021-05-01,KOR,USA,0.4789,2,False
2021-06-01,KOR,USA,0.4681,2,False
2021-07-01,KOR,USA,0.5574,3,False
2021-08-01,KOR,USA,0.5548,1,False
2021-09-01,KOR,USA,0.5082,1,False
2021-10-01,KOR,USA,0.5199,1,False
2021-11-01,KOR,USA,0.4106,1,False
2021-12-01,KOR,USA,0.2387,1,False
2022-01-01,KOR,USA,0.1391,1,False
2022-02-01,KOR,USA,0.1317,1,False
2022-03-01,KOR,USA,0.1224,1,False
2022-04-01,KOR,USA,0.1357,1,False
2022-05-01,KOR,USA,0.1381,1,False
2022-06-01,KOR,USA,0.1626,1,False
2022-07-01,KOR,USA,0.1788,1,False
2022-08-01,KOR,USA,0.6646,1,False
2022-09-01,KOR,USA,0.852,1,False
2022-10-01,KOR,USA,0.6751,1,False
2022-11-01,KOR,USA,0.5303,1,False
2022-12-01,KOR,USA,0.2945,1,False
2023-01-01,KOR,USA,0.1855,1,False
2023-02-01,KOR,USA,0.1645,1,False
2023-03-01,KOR,USA,0.0555,1,False
2023-04-01,KOR,USA,0.0088,1,True
2023-05-01,KOR,USA,0.0091,1,True
2023-06-01,KOR,USA,0.0061,1,True
2023-07-01,KOR,USA,0.0034,1,True
2023-08-01,KOR,USA,0.0041,1,True
2023-09-01,KOR,USA,0.0044,1,True
2023-10-01,KOR,USA,0.0038,1,True
2023-11-01,KOR,USA,0.0009,1,True
2023-12-01,KOR,USA,0.0006,1,True
2024-01-01,KOR,USA,0.0003,1,True
2024-02-01,KOR,USA,0.0002,1,True
2024-03-01,KOR,USA,0.0002,1,True
2024-04-01,KOR,USA,0.0003,1,True
2024-05-01,KOR,USA,0.0004,1,True
2024-06-01,KOR,USA,0.0006,1,True
2024-07-01,KOR,USA,0.0003,1,True
2024-08-01,KOR,USA,0.0001,1,True
2024-09-01,KOR,USA,0.0001,1,True
2024-10-01,KOR,USA,0.0007,1,True
2024-11-01,KOR,USA,0.0022,1,True
2024-12-01,KOR,USA,0.003,1,True
2025-01-01,KOR,USA,0.0055,1,True
2025-02-01,KOR,USA,0.0133,1,True
2025-03-01,KOR,USA,0.1385,1,False
2025-04-01,KOR,USA,0.161,1,False
2025-05-01,KOR,USA,0.4451,1,False
2025-06-01,KOR,USA,0.6994,4,False
2025-07-01,KOR,USA,0.6552,4,False
2025-08-01,KOR,USA,0.5701,1,False
2025-09-01,KOR,USA,0.5612,1,False
2025-10-01,KOR,USA,0.638,1,False
2025-11-01,KOR,USA,0.6683,1,False
2025-12-01,KOR,USA,0.8202,2,False
2026-01-01,KOR,USA,0.6798,2,False
2026-02-01,KOR,USA,0.5712,2,False
2026-03-01,KOR,USA,0.3485,2,False
2015-01-01,KOR,DEU,0.4148,2,False
2015-02-01,KOR,DEU,0.5495,2,False
2015-03-01,KOR,DEU,0.5931,2,False
2015-04-01,KOR,DEU,0.4522,2,False
2015-05-01,KOR,DEU,0.465,2,False
2015-06-01,KOR,DEU,0.2994,1,False
2015-07-01,KOR,DEU,0.5615,1,False
2015-08-01,KOR,DEU,0.4566,1,False
2015-09-01,KOR,DEU,0.5701,1,False
2015-10-01,KOR,DEU,0.6258,1,False
2015-11-01,KOR,DEU,0.4321,1,False
2015-12-01,KOR,DEU,0.4819,2,False
2016-01-01,KOR,DEU,0.434,2,False
2016-02-01,KOR,DEU,0.4857,2,False
2016-03-01,KOR,DEU,0.6582,1,False
2016-04-01,KOR,DEU,0.7876,1,False
2016-05-01,KOR,DEU,0.7061,1,False
2016-06-01,KOR,DEU,0.6708,1,False
2016-07-01,KOR,DEU,0.6414,3,False
2016-08-01,KOR,DEU,0.6537,3,False
2016-09-01,KOR,DEU,0.6298,1,False
2016-10-01,KOR,DEU,0.5415,1,False
2016-11-01,KOR,DEU,0.656,2,False
2016-12-01,KOR,DEU,0.6636,2,False
2017-01-01,KOR,DEU,0.172,4,False
2017-02-01,KOR,DEU,0.156,4,False
2017-03-01,KOR,DEU,0.2007,4,False
2017-04-01,KOR,DEU,0.156,4,False
2017-05-01,KOR,DEU,0.0534,4,False
2017-06-01,KOR,DEU,0.0531,4,False
2017-07-01,KOR,DEU,0.0742,4,False
2017-08-01,KOR,DEU,0.0837,4,False
2017-09-01,KOR,DEU,0.0928,4,False
2017-10-01,KOR,DEU,0.043,4,True
2017-11-01,KOR,DEU,0.0606,4,False
2017-12-01,KOR,DEU,0.0365,4,True
2018-01-01,KOR,DEU,0.046,4,True
2018-02-01,KOR,DEU,0.0216,4,True
2018-03-01,KOR,DEU,0.03,4,True
2018-04-01,KOR,DEU,0.0328,4,True
2018-05-01,KOR,DEU,0.009,1,True
2018-06-01,KOR,DEU,0.0307,1,True
2018-07-01,KOR,DEU,0.0161,1,True
2018-08-01,KOR,DEU,0.0039,4,True
2018-09-01,KOR,DEU,0.0109,4,True
2018-10-01,KOR,DEU,0.0131,2,True
2018-11-01,KOR,DEU,0.0082,2,True
2018-12-01,KOR,DEU,0.0067,4,True
2019-01-01,KOR,DEU,0.0209,2,True
2019-02-01,KOR,DEU,0.009,2,True
2019-03-01,KOR,DEU,0.0136,2,True
2019-04-01,KOR,DEU,0.0085,2,True
2019-05-01,KOR,DEU,0.0128,2,True
2019-06-01,KOR,DEU,0.0353,2,True
2019-07-01,KOR,DEU,0.0628,2,False
2019-08-01,KOR,DEU,0.0705,2,False
2019-09-01,KOR,DEU,0.0181,2,True
2019-10-01,KOR,DEU,0.005,2,True
2019-11-01,KOR,DEU,0.006,2,True
2019-12-01,KOR,DEU,0.0045,2,True
2020-01-01,KOR,DEU,0.01,2,True
2020-02-01,KOR,DEU,0.0078,2,True
2020-03-01,KOR,DEU,0.0092,2,True
2020-04-01,KOR,DEU,0.0068,2,True
2020-05-01,KOR,DEU,0.0145,2,True
2020-06-01,KOR,DEU,0.0063,2,True
2020-07-01,KOR,DEU,0.0081,2,True
2020-08-01,KOR,DEU,0.0587,1,False
2020-09-01,KOR,DEU,0.1353,1,False
2020-10-01,KOR,DEU,0.164,2,False
2020-11-01,KOR,DEU,0.1414,2,False
2020-12-01,KOR,DEU,0.18,2,False
2021-01-01,KOR,DEU,0.2029,2,False
2021-02-01,KOR,DEU,0.0811,4,False
2021-03-01,KOR,DEU,0.0782,4,False
2021-04-01,KOR,DEU,0.1148,4,False
2021-05-01,KOR,DEU,0.1191,4,False
2021-06-01,KOR,DEU,0.1177,4,False
2021-07-01,KOR,DEU,0.2115,4,False
2021-08-01,KOR,DEU,0.1265,1,False
2021-09-01,KOR,DEU,0.0986,1,False
2021-10-01,KOR,DEU,0.0811,4,False
2021-11-01,KOR,DEU,0.0819,4,False
2021-12-01,KOR,DEU,0.0396,4,True
2022-01-01,KOR,DEU,0.0569,1,False
2022-02-01,KOR,DEU,0.0468,4,True
2022-03-01,KOR,DEU,0.0407,4,True
2022-04-01,KOR,DEU,0.0447,4,True
2022-05-01,KOR,DEU,0.0483,4,True
2022-06-01,KOR,DEU,0.0509,4,False
2022-07-01,KOR,DEU,0.0539,4,False
2022-08-01,KOR,DEU,0.0533,4,False
2022-09-01,KOR,DEU,0.0428,4,True
2022-10-01,KOR,DEU,0.0189,4,True
2022-11-01,KOR,DEU,0.01,4,True
2022-12-01,KOR,DEU,0.022,4,True
2023-01-01,KOR,DEU,0.0117,4,True
2023-02-01,KOR,DEU,0.0114,4,True
2023-03-01,KOR,DEU,0.0055,4,True
2023-04-01,KOR,DEU,0.0023,4,True
2023-05-01,KOR,DEU,0.0022,4,True
2023-06-01,KOR,DEU,0.0035,4,True
2023-07-01,KOR,DEU,0.0043,4,True
2023-08-01,KOR,DEU,0.0072,4,True
2023-09-01,KOR,DEU,0.0036,4,True
2023-10-01,KOR,DEU,0.0035,4,True
2023-11-01,KOR,DEU,0.0006,3,True
2023-12-01,KOR,DEU,0.0024,3,True
2024-01-01,KOR,DEU,0.0009,3,True
2024-02-01,KOR,DEU,0.022,3,True
2024-03-01,KOR,DEU,0.0857,3,False
2024-04-01,KOR,DEU,0.1372,3,False
2024-05-01,KOR,DEU,0.1545,2,False
2024-06-01,KOR,DEU,0.1644,2,False
2024-07-01,KOR,DEU,0.2483,3,False
2024-08-01,KOR,DEU,0.2031,4,False
2024-09-01,KOR,DEU,0.1088,3,False
2024-10-01,KOR,DEU,0.0511,2,False
2024-11-01,KOR,DEU,0.0558,2,False
2024-12-01,KOR,DEU,0.047,4,True
2025-01-01,KOR,DEU,0.0337,3,True
2025-02-01,KOR,DEU,0.0195,2,True
2025-03-01,KOR,DEU,0.0079,3,True
2025-04-01,KOR,DEU,0.0037,2,True
2025-05-01,KOR,DEU,0.005,2,True
2025-06-01,KOR,DEU,0.0051,2,True
2025-07-01,KOR,DEU,0.0081,2,True
2025-08-01,KOR,DEU,0.0278,4,True
2025-09-01,KOR,DEU,0.0281,3,True
2025-10-01,KOR,DEU,0.0348,3,True
2025-11-01,KOR,DEU,0.0022,4,True
2025-12-01,KOR,DEU,0.0026,3,True
2026-01-01,KOR,DEU,0.0013,2,True
2026-02-01,KOR,DEU,0.0012,2,True
2026-03-01,KOR,DEU,0.0027,3,True
2015-01-01,KOR,FRA,0.2791,3,False
2015-02-01,KOR,FRA,0.532,3,False
2015-03-01,KOR,FRA,0.4473,3,False
2015-04-01,KOR,FRA,0.6753,3,False
2015-05-01,KOR,FRA,0.5923,1,False
2015-06-01,KOR,FRA,0.2431,1,False
2015-07-01,KOR,FRA,0.2187,1,False
2015-08-01,KOR,FRA,0.4619,1,False
2015-09-01,KOR,FRA,0.5822,1,False
2015-10-01,KOR,FRA,0.5689,1,False
2015-11-01,KOR,FRA,0.5838,1,False
2015-12-01,KOR,FRA,0.611,1,False
2016-01-01,KOR,FRA,0.6464,1,False
2016-02-01,KOR,FRA,0.6509,1,False
2016-03-01,KOR,FRA,0.8177,2,False
2016-04-01,KOR,FRA,0.8033,2,False
2016-05-01,KOR,FRA,0.7177,2,False
2016-06-01,KOR,FRA,0.6315,2,False
2016-07-01,KOR,FRA,0.5744,2,False
2016-08-01,KOR,FRA,0.5287,2,False
2016-09-01,KOR,FRA,0.7494,2,False
2016-10-01,KOR,FRA,0.5243,2,False
2016-11-01,KOR,FRA,0.6511,2,False
2016-12-01,KOR,FRA,0.344,3,False
2017-01-01,KOR,FRA,0.1823,2,False
2017-02-01,KOR,FRA,0.5503,1,False
2017-03-01,KOR,FRA,0.5294,3,False
2017-04-01,KOR,FRA,0.489,3,False
2017-05-01,KOR,FRA,0.5423,2,False
2017-06-01,KOR,FRA,0.42,4,False
2017-07-01,KOR,FRA,0.4431,4,False
2017-08-01,KOR,FRA,0.4888,3,False
2017-09-01,KOR,FRA,0.3582,3,False
2017-10-01,KOR,FRA,0.3549,3,False
2017-11-01,KOR,FRA,0.3198,3,False
2017-12-01,KOR,FRA,0.3134,3,False
2018-01-01,KOR,FRA,0.3856,2,False
2018-02-01,KOR,FRA,0.5598,1,False
2018-03-01,KOR,FRA,0.401,1,False
2018-04-01,KOR,FRA,0.5913,3,False
2018-05-01,KOR,FRA,0.6942,2,False
2018-06-01,KOR,FRA,0.4156,2,False
2018-07-01,KOR,FRA,0.389,2,False
2018-08-01,KOR,FRA,0.3189,2,False
2018-09-01,KOR,FRA,0.3305,2,False
2018-10-01,KOR,FRA,0.4138,2,False
2018-11-01,KOR,FRA,0.4984,2,False
2018-12-01,KOR,FRA,0.4124,2,False
2019-01-01,KOR,FRA,0.4399,2,False
2019-02-01,KOR,FRA,0.2161,2,False
2019-03-01,KOR,FRA,0.214,2,False
2019-04-01,KOR,FRA,0.2732,2,False
2019-05-01,KOR,FRA,0.231,2,False
2019-06-01,KOR,FRA,0.4478,2,False
2019-07-01,KOR,FRA,0.3214,4,False
2019-08-01,KOR,FRA,0.2459,3,False
2019-09-01,KOR,FRA,0.2032,2,False
2019-10-01,KOR,FRA,0.1804,2,False
2019-11-01,KOR,FRA,0.1052,4,False
2019-12-01,KOR,FRA,0.0191,3,True
2020-01-01,KOR,FRA,0.0085,2,True
2020-02-01,KOR,FRA,0.01,2,True
2020-03-01,KOR,FRA,0.0177,2,True
2020-04-01,KOR,FRA,0.024,2,True
2020-05-01,KOR,FRA,0.0337,2,True
2020-06-01,KOR,FRA,0.039,2,True
2020-07-01,KOR,FRA,0.0433,2,True
2020-08-01,KOR,FRA,0.0123,2,True
2020-09-01,KOR,FRA,0.0526,2,False
2020-10-01,KOR,FRA,0.096,2,False
2020-11-01,KOR,FRA,0.0688,2,False
2020-12-01,KOR,FRA,0.1293,2,False
2021-01-01,KOR,FRA,0.1858,2,False
2021-02-01,KOR,FRA,0.054,4,False
2021-03-01,KOR,FRA,0.0794,4,False
2021-04-01,KOR,FRA,0.0365,4,True
2021-05-01,KOR,FRA,0.0291,4,True
2021-06-01,KOR,FRA,0.0268,4,True
2021-07-01,KOR,FRA,0.0331,4,True
2021-08-01,KOR,FRA,0.0318,4,True
2021-09-01,KOR,FRA,0.011,4,True
2021-10-01,KOR,FRA,0.0027,4,True
2021-11-01,KOR,FRA,0.0025,4,True
2021-12-01,KOR,FRA,0.0008,4,True
2022-01-01,KOR,FRA,0.0038,4,True
2022-02-01,KOR,FRA,0.0027,4,True
2022-03-01,KOR,FRA,0.0072,4,True
2022-04-01,KOR,FRA,0.0056,4,True
2022-05-01,KOR,FRA,0.0076,4,True
2022-06-01,KOR,FRA,0.0072,4,True
2022-07-01,KOR,FRA,0.0104,4,True
2022-08-01,KOR,FRA,0.0125,4,True
2022-09-01,KOR,FRA,0.0096,4,True
2022-10-01,KOR,FRA,0.0027,4,True
2022-11-01,KOR,FRA,0.0012,4,True
2022-12-01,KOR,FRA,0.0231,4,True
2023-01-01,KOR,FRA,0.0103,1,True
2023-02-01,KOR,FRA,0.0172,1,True
2023-03-01,KOR,FRA,0.0348,4,True
2023-04-01,KOR,FRA,0.0176,4,True
2023-05-01,KOR,FRA,0.0435,3,True
2023-06-01,KOR,FRA,0.0105,1,True
2023-07-01,KOR,FRA,0.0011,1,True
2023-08-01,KOR,FRA,0.0032,1,True
2023-09-01,KOR,FRA,0.0272,4,True
2023-10-01,KOR,FRA,0.0217,3,True
2023-11-01,KOR,FRA,0.0006,3,True
2023-12-01,KOR,FRA,0.0007,3,True
2024-01-01,KOR,FRA,0.0005,3,True
2024-02-01,KOR,FRA,0.0079,3,True
2024-03-01,KOR,FRA,0.011,3,True
2024-04-01,KOR,FRA,0.0131,3,True
2024-05-01,KOR,FRA,0.0314,3,True
2024-06-01,KOR,FRA,0.0473,3,True
2024-07-01,KOR,FRA,0.0512,3,False
2024-08-01,KOR,FRA,0.0419,3,True
2024-09-01,KOR,FRA,0.1047,1,False
2024-10-01,KOR,FRA,0.0916,1,False
2024-11-01,KOR,FRA,0.0855,1,False
2024-12-01,KOR,FRA,0.0864,1,False
2025-01-01,KOR,FRA,0.0698,3,False
2025-02-01,KOR,FRA,0.0599,3,False
2025-03-01,KOR,FRA,0.0381,3,True
2025-04-01,KOR,FRA,0.0291,3,True
2025-05-01,KOR,FRA,0.0273,3,True
2025-06-01,KOR,FRA,0.03,3,True
2025-07-01,KOR,FRA,0.0274,3,True
2025-08-01,KOR,FRA,0.1762,3,False
2025-09-01,KOR,FRA,0.1731,1,False
2025-10-01,KOR,FRA,0.2597,3,False
2025-11-01,KOR,FRA,0.459,3,False
2025-12-01,KOR,FRA,0.3696,3,False
2026-01-01,KOR,FRA,0.3384,3,False
2026-02-01,KOR,FRA,0.293,3,False
2026-03-01,KOR,FRA,0.294,3,False
2015-01-01,KOR,JPN,0.2414,3,False
2015-02-01,KOR,JPN,0.1297,2,False
2015-03-01,KOR,JPN,0.0772,1,False
2015-04-01,KOR,JPN,0.0618,1,False
2015-05-01,KOR,JPN,0.8338,2,False
2015-06-01,KOR,JPN,0.6435,1,False
2015-07-01,KOR,JPN,0.3238,1,False
2015-08-01,KOR,JPN,0.2689,1,False
2015-09-01,KOR,JPN,0.245,1,False
2015-10-01,KOR,JPN,0.1399,1,False
2015-11-01,KOR,JPN,0.2143,1,False
2015-12-01,KOR,JPN,0.1501,1,False
2016-01-01,KOR,JPN,0.1161,1,False
2016-02-01,KOR,JPN,0.0444,1,True
2016-03-01,KOR,JPN,0.0154,1,True
2016-04-01,KOR,JPN,0.0126,1,True
2016-05-01,KOR,JPN,0.015,1,True
2016-06-01,KOR,JPN,0.0296,1,True
2016-07-01,KOR,JPN,0.0417,1,True
2016-08-01,KOR,JPN,0.0329,1,True
2016-09-01,KOR,JPN,0.0344,1,True
2016-10-01,KOR,JPN,0.0362,1,True
2016-11-01,KOR,JPN,0.013,1,True
2016-12-01,KOR,JPN,0.0097,1,True
2017-01-01,KOR,JPN,0.0241,1,True
2017-02-01,KOR,JPN,0.0228,1,True
2017-03-01,KOR,JPN,0.0656,3,False
2017-04-01,KOR,JPN,0.1473,1,False
2017-05-01,KOR,JPN,0.1218,1,False
2017-06-01,KOR,JPN,0.1498,1,False
2017-07-01,KOR,JPN,0.1855,1,False
2017-08-01,KOR,JPN,0.2236,1,False
2017-09-01,KOR,JPN,0.1896,1,False
2017-10-01,KOR,JPN,0.126,1,False
2017-11-01,KOR,JPN,0.208,3,False
2017-12-01,KOR,JPN,0.042,4,True
2018-01-01,KOR,JPN,0.0454,3,True
2018-02-01,KOR,JPN,0.0846,2,False
2018-03-01,KOR,JPN,0.0585,1,False
2018-04-01,KOR,JPN,0.3503,1,False
2018-05-01,KOR,JPN,0.2927,1,False
2018-06-01,KOR,JPN,0.3403,1,False
2018-07-01,KOR,JPN,0.408,1,False
2018-08-01,KOR,JPN,0.4609,1,False
2018-09-01,KOR,JPN,0.6954,2,False
2018-10-01,KOR,JPN,0.5315,1,False
2018-11-01,KOR,JPN,0.4816,1,False
2018-12-01,KOR,JPN,0.4661,4,False
2019-01-01,KOR,JPN,0.3448,4,False
2019-02-01,KOR,JPN,0.4055,4,False
2019-03-01,KOR,JPN,0.4111,4,False
2019-04-01,KOR,JPN,0.4131,4,False
2019-05-01,KOR,JPN,0.3088,4,False
2019-06-01,KOR,JPN,0.2456,4,False
2019-07-01,KOR,JPN,0.2708,4,False
2019-08-01,KOR,JPN,0.204,4,False
2019-09-01,KOR,JPN,0.3065,4,False
2019-10-01,KOR,JPN,0.28,4,False
2019-11-01,KOR,JPN,0.1293,4,False
2019-12-01,KOR,JPN,0.1551,4,False
2020-01-01,KOR,JPN,0.1603,4,False
2020-02-01,KOR,JPN,0.1792,4,False
2020-03-01,KOR,JPN,0.1536,4,False
2020-04-01,KOR,JPN,0.1936,4,False
2020-05-01,KOR,JPN,0.1305,4,False
2020-06-01,KOR,JPN,0.0981,4,False
2020-07-01,KOR,JPN,0.0156,4,True
2020-08-01,KOR,JPN,0.0453,4,True
2020-09-01,KOR,JPN,0.2218,2,False
2020-10-01,KOR,JPN,0.3345,4,False
2020-11-01,KOR,JPN,0.3722,1,False
2020-12-01,KOR,JPN,0.1595,1,False
2021-01-01,KOR,JPN,0.0575,4,False
2021-02-01,KOR,JPN,0.0197,4,True
2021-03-01,KOR,JPN,0.0236,4,True
2021-04-01,KOR,JPN,0.0064,4,True
2021-05-01,KOR,JPN,0.0126,4,True
2021-06-01,KOR,JPN,0.0565,4,False
2021-07-01,KOR,JPN,0.1659,4,False
2021-08-01,KOR,JPN,0.1125,4,False
2021-09-01,KOR,JPN,0.0779,4,False
2021-10-01,KOR,JPN,0.0549,4,False
2021-11-01,KOR,JPN,0.0625,4,False
2021-12-01,KOR,JPN,0.1542,4,False
2022-01-01,KOR,JPN,0.3417,4,False
2022-02-01,KOR,JPN,0.374,4,False
2022-03-01,KOR,JPN,0.198,1,False
2022-04-01,KOR,JPN,0.0649,1,False
2022-05-01,KOR,JPN,0.0806,1,False
2022-06-01,KOR,JPN,0.1488,1,False
2022-07-01,KOR,JPN,0.0397,1,True
2022-08-01,KOR,JPN,0.0688,1,False
2022-09-01,KOR,JPN,0.1156,1,False
2022-10-01,KOR,JPN,0.051,4,False
2022-11-01,KOR,JPN,0.0325,2,True
2022-12-01,KOR,JPN,0.0104,1,True
2023-01-01,KOR,JPN,0.0081,1,True
2023-02-01,KOR,JPN,0.0105,1,True
2023-03-01,KOR,JPN,0.0079,1,True
2023-04-01,KOR,JPN,0.0234,1,True
2023-05-01,KOR,JPN,0.0154,4,True
2023-06-01,KOR,JPN,0.0128,2,True
2023-07-01,KOR,JPN,0.0442,2,True
2023-08-01,KOR,JPN,0.1553,2,False
2023-09-01,KOR,JPN,0.2753,1,False
2023-10-01,KOR,JPN,0.0367,2,True
2023-11-01,KOR,JPN,0.0455,2,True
2023-12-01,KOR,JPN,0.0614,2,False
2024-01-01,KOR,JPN,0.0506,2,False
2024-02-01,KOR,JPN,0.0389,2,True
2024-03-01,KOR,JPN,0.0444,2,True
2024-04-01,KOR,JPN,0.0389,2,True
2024-05-01,KOR,JPN,0.0919,2,False
2024-06-01,KOR,JPN,0.0471,2,True
2024-07-01,KOR,JPN,0.0486,2,True
2024-08-01,KOR,JPN,0.0508,2,False
2024-09-01,KOR,JPN,0.0358,2,True
2024-10-01,KOR,JPN,0.051,2,False
2024-11-01,KOR,JPN,0.1191,2,False
2024-12-01,KOR,JPN,0.068,2,False
2025-01-01,KOR,JPN,0.1183,1,False
2025-02-01,KOR,JPN,0.162,2,False
2025-03-01,KOR,JPN,0.1246,2,False
2025-04-01,KOR,JPN,0.0776,2,False
2025-05-01,KOR,JPN,0.0082,1,True
2025-06-01,KOR,JPN,0.0253,1,True
2025-07-01,KOR,JPN,0.0483,1,True
2025-08-01,KOR,JPN,0.1364,1,False
2025-09-01,KOR,JPN,0.5625,1,False
2025-10-01,KOR,JPN,0.6255,2,False
2025-11-01,KOR,JPN,0.6127,2,False
2025-12-01,KOR,JPN,0.6681,2,False
2026-01-01,KOR,JPN,0.3399,4,False
2026-02-01,KOR,JPN,0.0841,3,False
2026-03-01,KOR,JPN,0.0401,3,True
2015-01-01,GBR,IND,0.0001,1,True
2015-02-01,GBR,IND,0.0185,1,True
2015-03-01,GBR,IND,0.0183,1,True
2015-04-01,GBR,IND,0.0748,2,False
2015-05-01,GBR,IND,0.0623,2,False
2015-06-01,GBR,IND,0.0984,2,False
2015-07-01,GBR,IND,0.1339,3,False
2015-08-01,GBR,IND,0.044,2,True
2015-09-01,GBR,IND,0.0507,1,False
2015-10-01,GBR,IND,0.0508,2,False
2015-11-01,GBR,IND,0.1432,1,False
2015-12-01,GBR,IND,0.1854,2,False
2016-01-01,GBR,IND,0.1632,2,False
2016-02-01,GBR,IND,0.151,2,False
2016-03-01,GBR,IND,0.1451,2,False
2016-04-01,GBR,IND,0.0717,2,False
2016-05-01,GBR,IND,0.096,2,False
2016-06-01,GBR,IND,0.1155,2,False
2016-07-01,GBR,IND,0.1249,2,False
2016-08-01,GBR,IND,0.1509,2,False
2016-09-01,GBR,IND,0.2574,3,False
2016-10-01,GBR,IND,0.1635,2,False
2016-11-01,GBR,IND,0.5061,2,False
2016-12-01,GBR,IND,0.3851,3,False
2017-01-01,GBR,IND,0.4476,3,False
2017-02-01,GBR,IND,0.3637,3,False
2017-03-01,GBR,IND,0.5172,3,False
2017-04-01,GBR,IND,0.3654,4,False
2017-05-01,GBR,IND,0.1598,3,False
2017-06-01,GBR,IND,0.0331,2,True
2017-07-01,GBR,IND,0.0276,1,True
2017-08-01,GBR,IND,0.0125,2,True
2017-09-01,GBR,IND,0.023,1,True
2017-10-01,GBR,IND,0.0491,2,True
2017-11-01,GBR,IND,0.0827,2,False
2017-12-01,GBR,IND,0.1665,3,False
2018-01-01,GBR,IND,0.1839,4,False
2018-02-01,GBR,IND,0.1956,4,False
2018-03-01,GBR,IND,0.2427,4,False
2018-04-01,GBR,IND,0.1063,4,False
2018-05-01,GBR,IND,0.0513,3,False
2018-06-01,GBR,IND,0.0315,2,True
2018-07-01,GBR,IND,0.0428,2,True
2018-08-01,GBR,IND,0.1718,2,False
2018-09-01,GBR,IND,0.3442,2,False
2018-10-01,GBR,IND,0.2763,1,False
2018-11-01,GBR,IND,0.2043,1,False
2018-12-01,GBR,IND,0.2373,1,False
2019-01-01,GBR,IND,0.2203,4,False
2019-02-01,GBR,IND,0.1988,1,False
2019-03-01,GBR,IND,0.1527,1,False
2019-04-01,GBR,IND,0.0813,1,False
2019-05-01,GBR,IND,0.0186,1,True
2019-06-01,GBR,IND,0.022,1,True
2019-07-01,GBR,IND,0.009,1,True
2019-08-01,GBR,IND,0.0899,1,False
2019-09-01,GBR,IND,0.2545,1,False
2019-10-01,GBR,IND,0.188,4,False
2019-11-01,GBR,IND,0.1777,4,False
2019-12-01,GBR,IND,0.1262,4,False
2020-01-01,GBR,IND,0.0605,4,False
2020-02-01,GBR,IND,0.3528,1,False
2020-03-01,GBR,IND,0.3196,1,False
2020-04-01,GBR,IND,0.323,2,False
2020-05-01,GBR,IND,0.2783,2,False
2020-06-01,GBR,IND,0.4245,2,False
2020-07-01,GBR,IND,0.5185,3,False
2020-08-01,GBR,IND,0.5729,2,False
2020-09-01,GBR,IND,0.6488,2,False
2020-10-01,GBR,IND,0.6363,2,False
2020-11-01,GBR,IND,0.6198,2,False
2020-12-01,GBR,IND,0.7259,2,False
2021-01-01,GBR,IND,0.4566,2,False
2021-02-01,GBR,IND,0.3059,1,False
2021-03-01,GBR,IND,0.335,1,False
2021-04-01,GBR,IND,0.3502,1,False
2021-05-01,GBR,IND,0.2357,1,False
2021-06-01,GBR,IND,0.1563,1,False
2021-07-01,GBR,IND,0.2771,4,False
2021-08-01,GBR,IND,0.1505,4,False
2021-09-01,GBR,IND,0.1133,4,False
2021-10-01,GBR,IND,0.5271,4,False
2021-11-01,GBR,IND,0.5908,1,False
2021-12-01,GBR,IND,0.6406,1,False
2022-01-01,GBR,IND,0.522,1,False
2022-02-01,GBR,IND,0.4977,1,False
2022-03-01,GBR,IND,0.7657,4,False
2022-04-01,GBR,IND,0.6863,4,False
2022-05-01,GBR,IND,0.4475,1,False
2022-06-01,GBR,IND,0.238,1,False
2022-07-01,GBR,IND,0.4607,1,False
2022-08-01,GBR,IND,0.3927,4,False
2022-09-01,GBR,IND,0.0952,4,False
2022-10-01,GBR,IND,0.0833,3,False
2022-11-01,GBR,IND,0.042,2,True
2022-12-01,GBR,IND,0.0516,1,False
2023-01-01,GBR,IND,0.0376,2,True
2023-02-01,GBR,IND,0.0225,1,True
2023-03-01,GBR,IND,0.0053,2,True
2023-04-01,GBR,IND,0.0071,2,True
2023-05-01,GBR,IND,0.0072,2,True
2023-06-01,GBR,IND,0.0058,2,True
2023-07-01,GBR,IND,0.0017,2,True
2023-08-01,GBR,IND,0.0007,2,True
2023-09-01,GBR,IND,0.0,2,True
2023-10-01,GBR,IND,0.0,2,True
2023-11-01,GBR,IND,0.0001,2,True
2023-12-01,GBR,IND,0.0003,2,True
2024-01-01,GBR,IND,0.0004,2,True
2024-02-01,GBR,IND,0.0004,2,True
2024-03-01,GBR,IND,0.0011,2,True
2024-04-01,GBR,IND,0.0004,2,True
2024-05-01,GBR,IND,0.0002,2,True
2024-06-01,GBR,IND,0.0001,2,True
2024-07-01,GBR,IND,0.0001,2,True
2024-08-01,GBR,IND,0.0017,2,True
2024-09-01,GBR,IND,0.0015,2,True
2024-10-01,GBR,IND,0.001,2,True
2024-11-01,GBR,IND,0.001,2,True
2024-12-01,GBR,IND,0.0006,2,True
2025-01-01,GBR,IND,0.0007,2,True
2025-02-01,GBR,IND,0.0004,2,True
2025-03-01,GBR,IND,0.0005,2,True
2025-04-01,GBR,IND,0.0004,2,True
2025-05-01,GBR,IND,0.0009,2,True
2025-06-01,GBR,IND,0.0009,2,True
2025-07-01,GBR,IND,0.0009,2,True
2025-08-01,GBR,IND,0.0012,2,True
2025-09-01,GBR,IND,0.001,2,True
2025-10-01,GBR,IND,0.0008,2,True
2025-11-01,GBR,IND,0.0011,2,True
2025-12-01,GBR,IND,0.0026,2,True
2026-01-01,GBR,IND,0.0026,2,True
2026-02-01,GBR,IND,0.0024,2,True
2026-03-01,GBR,IND,0.0006,2,True
2015-01-01,GBR,CHN,0.001,3,True
2015-02-01,GBR,CHN,0.0002,2,True
2015-03-01,GBR,CHN,0.0001,1,True
2015-04-01,GBR,CHN,0.0011,1,True
2015-05-01,GBR,CHN,0.0018,1,True
2015-06-01,GBR,CHN,0.0017,1,True
2015-07-01,GBR,CHN,0.0016,1,True
2015-08-01,GBR,CHN,0.0005,1,True
2015-09-01,GBR,CHN,0.0005,2,True
2015-10-01,GBR,CHN,0.0002,1,True
2015-11-01,GBR,CHN,0.0004,1,True
2015-12-01,GBR,CHN,0.0004,1,True
2016-01-01,GBR,CHN,0.0009,1,True
2016-02-01,GBR,CHN,0.0004,1,True
2016-03-01,GBR,CHN,0.0009,1,True
2016-04-01,GBR,CHN,0.0003,1,True
2016-05-01,GBR,CHN,0.0005,1,True
2016-06-01,GBR,CHN,0.0004,1,True
2016-07-01,GBR,CHN,0.001,1,True
2016-08-01,GBR,CHN,0.0003,1,True
2016-09-01,GBR,CHN,0.0006,1,True
2016-10-01,GBR,CHN,0.0013,1,True
2016-11-01,GBR,CHN,0.0007,1,True
2016-12-01,GBR,CHN,0.0007,1,True
2017-01-01,GBR,CHN,0.0001,1,True
2017-02-01,GBR,CHN,0.0069,1,True
2017-03-01,GBR,CHN,0.0038,1,True
2017-04-01,GBR,CHN,0.0047,1,True
2017-05-01,GBR,CHN,0.0079,1,True
2017-06-01,GBR,CHN,0.0055,1,True
2017-07-01,GBR,CHN,0.0038,1,True
2017-08-01,GBR,CHN,0.0014,1,True
2017-09-01,GBR,CHN,0.0036,1,True
2017-10-01,GBR,CHN,0.0013,1,True
2017-11-01,GBR,CHN,0.0007,1,True
2017-12-01,GBR,CHN,0.0,1,True
2018-01-01,GBR,CHN,0.0003,1,True
2018-02-01,GBR,CHN,0.0007,1,True
2018-03-01,GBR,CHN,0.0019,4,True
2018-04-01,GBR,CHN,0.0039,3,True
2018-05-01,GBR,CHN,0.0019,1,True
2018-06-01,GBR,CHN,0.0001,1,True
2018-07-01,GBR,CHN,0.001,1,True
2018-08-01,GBR,CHN,0.0004,1,True
2018-09-01,GBR,CHN,0.0009,1,True
2018-10-01,GBR,CHN,0.0035,1,True
2018-11-01,GBR,CHN,0.0213,1,True
2018-12-01,GBR,CHN,0.0896,1,False
2019-01-01,GBR,CHN,0.1047,1,False
2019-02-01,GBR,CHN,0.3177,4,False
2019-03-01,GBR,CHN,0.1796,4,False
2019-04-01,GBR,CHN,0.2076,4,False
2019-05-01,GBR,CHN,0.1766,4,False
2019-06-01,GBR,CHN,0.2621,4,False
2019-07-01,GBR,CHN,0.2163,1,False
2019-08-01,GBR,CHN,0.2711,1,False
2019-09-01,GBR,CHN,0.2787,1,False
2019-10-01,GBR,CHN,0.3897,4,False
2019-11-01,GBR,CHN,0.2293,3,False
2019-12-01,GBR,CHN,0.1525,2,False
2020-01-01,GBR,CHN,0.1852,1,False
2020-02-01,GBR,CHN,0.1807,1,False
2020-03-01,GBR,CHN,0.2462,1,False
2020-04-01,GBR,CHN,0.3147,1,False
2020-05-01,GBR,CHN,0.4709,1,False
2020-06-01,GBR,CHN,0.2889,1,False
2020-07-01,GBR,CHN,0.553,2,False
2020-08-01,GBR,CHN,0.2251,2,False
2020-09-01,GBR,CHN,0.4027,3,False
2020-10-01,GBR,CHN,0.2734,3,False
2020-11-01,GBR,CHN,0.3254,4,False
2020-12-01,GBR,CHN,0.3328,4,False
2021-01-01,GBR,CHN,0.2513,4,False
2021-02-01,GBR,CHN,0.3725,4,False
2021-03-01,GBR,CHN,0.422,4,False
2021-04-01,GBR,CHN,0.37,1,False
2021-05-01,GBR,CHN,0.1727,1,False
2021-06-01,GBR,CHN,0.1418,1,False
2021-07-01,GBR,CHN,0.2039,2,False
2021-08-01,GBR,CHN,0.3308,2,False
2021-09-01,GBR,CHN,0.3698,2,False
2021-10-01,GBR,CHN,0.3545,2,False
2021-11-01,GBR,CHN,0.1885,2,False
2021-12-01,GBR,CHN,0.2402,2,False
2022-01-01,GBR,CHN,0.256,2,False
2022-02-01,GBR,CHN,0.1335,2,False
2022-03-01,GBR,CHN,0.1595,2,False
2022-04-01,GBR,CHN,0.1807,2,False
2022-05-01,GBR,CHN,0.1793,2,False
2022-06-01,GBR,CHN,0.1701,2,False
2022-07-01,GBR,CHN,0.4212,2,False
2022-08-01,GBR,CHN,0.4093,2,False
2022-09-01,GBR,CHN,0.3829,2,False
2022-10-01,GBR,CHN,0.3721,2,False
2022-11-01,GBR,CHN,0.4975,2,False
2022-12-01,GBR,CHN,0.5755,2,False
2023-01-01,GBR,CHN,0.4761,1,False
2023-02-01,GBR,CHN,0.7115,4,False
2023-03-01,GBR,CHN,0.6508,4,False
2023-04-01,GBR,CHN,0.6284,4,False
2023-05-01,GBR,CHN,0.7076,4,False
2023-06-01,GBR,CHN,0.7054,2,False
2023-07-01,GBR,CHN,0.4581,4,False
2023-08-01,GBR,CHN,0.5938,3,False
2023-09-01,GBR,CHN,0.3603,4,False
2023-10-01,GBR,CHN,0.2287,3,False
2023-11-01,GBR,CHN,0.1984,3,False
2023-12-01,GBR,CHN,0.1622,3,False
2024-01-01,GBR,CHN,0.1419,4,False
2024-02-01,GBR,CHN,0.1706,4,False
2024-03-01,GBR,CHN,0.1876,3,False
2024-04-01,GBR,CHN,0.2444,3,False
2024-05-01,GBR,CHN,0.2143,3,False
2024-06-01,GBR,CHN,0.1734,3,False
2024-07-01,GBR,CHN,0.1124,3,False
2024-08-01,GBR,CHN,0.1947,3,False
2024-09-01,GBR,CHN,0.1264,3,False
2024-10-01,GBR,CHN,0.1139,3,False
2024-11-01,GBR,CHN,0.1359,1,False
2024-12-01,GBR,CHN,0.0932,1,False
2025-01-01,GBR,CHN,0.3642,1,False
2025-02-01,GBR,CHN,0.6176,4,False
2025-03-01,GBR,CHN,0.4717,4,False
2025-04-01,GBR,CHN,0.5679,4,False
2025-05-01,GBR,CHN,0.6333,4,False
2025-06-01,GBR,CHN,0.7137,2,False
2025-07-01,GBR,CHN,0.6367,4,False
2025-08-01,GBR,CHN,0.8213,4,False
2025-09-01,GBR,CHN,0.5346,4,False
2025-10-01,GBR,CHN,0.318,4,False
2025-11-01,GBR,CHN,0.2475,4,False
2025-12-01,GBR,CHN,0.2363,4,False
2026-01-01,GBR,CHN,0.2517,4,False
2026-02-01,GBR,CHN,0.3828,4,False
2026-03-01,GBR,CHN,0.4894,3,False
2015-01-01,GBR,VNM,0.3829,4,False
2015-02-01,GBR,VNM,0.282,2,False
2015-03-01,GBR,VNM,0.1,2,False
2015-04-01,GBR,VNM,0.2091,4,False
2015-05-01,GBR,VNM,0.1065,4,False
2015-06-01,GBR,VNM,0.1056,4,False
2015-07-01,GBR,VNM,0.0415,3,True
2015-08-01,GBR,VNM,0.001,4,True
2015-09-01,GBR,VNM,0.0001,4,True
2015-10-01,GBR,VNM,0.0001,3,True
2015-11-01,GBR,VNM,0.0001,2,True
2015-12-01,GBR,VNM,0.0001,1,True
2016-01-01,GBR,VNM,0.0002,2,True
2016-02-01,GBR,VNM,0.0003,2,True
2016-03-01,GBR,VNM,0.0004,2,True
2016-04-01,GBR,VNM,0.0002,1,True
2016-05-01,GBR,VNM,0.0001,1,True
2016-06-01,GBR,VNM,0.0001,1,True
2016-07-01,GBR,VNM,0.0,1,True
2016-08-01,GBR,VNM,0.0,1,True
2016-09-01,GBR,VNM,0.0,1,True
2016-10-01,GBR,VNM,0.0,1,True
2016-11-01,GBR,VNM,0.0,1,True
2016-12-01,GBR,VNM,0.0,1,True
2017-01-01,GBR,VNM,0.0,1,True
2017-02-01,GBR,VNM,0.0,1,True
2017-03-01,GBR,VNM,0.0,1,True
2017-04-01,GBR,VNM,0.0004,1,True
2017-05-01,GBR,VNM,0.0017,1,True
2017-06-01,GBR,VNM,0.0039,1,True
2017-07-01,GBR,VNM,0.0127,1,True
2017-08-01,GBR,VNM,0.0631,1,False
2017-09-01,GBR,VNM,0.0581,1,False
2017-10-01,GBR,VNM,0.0113,1,True
2017-11-01,GBR,VNM,0.0053,1,True
2017-12-01,GBR,VNM,0.0009,1,True
2018-01-01,GBR,VNM,0.0001,1,True
2018-02-01,GBR,VNM,0.0009,1,True
2018-03-01,GBR,VNM,0.0004,1,True
2018-04-01,GBR,VNM,0.0187,1,True
2018-05-01,GBR,VNM,0.0487,1,True
2018-06-01,GBR,VNM,0.0338,1,True
2018-07-01,GBR,VNM,0.0397,1,True
2018-08-01,GBR,VNM,0.0531,1,False
2018-09-01,GBR,VNM,0.1685,1,False
2018-10-01,GBR,VNM,0.2614,1,False
2018-11-01,GBR,VNM,0.2649,1,False
2018-12-01,GBR,VNM,0.2584,1,False
2019-01-01,GBR,VNM,0.2572,4,False
2019-02-01,GBR,VNM,0.2353,3,False
2019-03-01,GBR,VNM,0.296,2,False
2019-04-01,GBR,VNM,0.2078,4,False
2019-05-01,GBR,VNM,0.2062,4,False
2019-06-01,GBR,VNM,0.2278,4,False
2019-07-01,GBR,VNM,0.1068,4,False
2019-08-01,GBR,VNM,0.1277,4,False
2019-09-01,GBR,VNM,0.1045,4,False
2019-10-01,GBR,VNM,0.162,4,False
2019-11-01,GBR,VNM,0.0564,4,False
2019-12-01,GBR,VNM,0.1469,4,False
2020-01-01,GBR,VNM,0.1193,3,False
2020-02-01,GBR,VNM,0.0523,3,False
2020-03-01,GBR,VNM,0.0632,3,False
2020-04-01,GBR,VNM,0.1353,1,False
2020-05-01,GBR,VNM,0.1036,2,False
2020-06-01,GBR,VNM,0.0096,2,True
2020-07-01,GBR,VNM,0.0007,1,True
2020-08-01,GBR,VNM,0.0001,1,True
2020-09-01,GBR,VNM,0.0005,1,True
2020-10-01,GBR,VNM,0.0014,1,True
2020-11-01,GBR,VNM,0.0017,3,True
2020-12-01,GBR,VNM,0.0024,2,True
2021-01-01,GBR,VNM,0.0026,1,True
2021-02-01,GBR,VNM,0.0099,1,True
2021-03-01,GBR,VNM,0.0052,1,True
2021-04-01,GBR,VNM,0.0057,1,True
2021-05-01,GBR,VNM,0.0036,1,True
2021-06-01,GBR,VNM,0.0046,1,True
2021-07-01,GBR,VNM,0.0609,1,False
2021-08-01,GBR,VNM,0.0125,3,True
2021-09-01,GBR,VNM,0.0065,2,True
2021-10-01,GBR,VNM,0.0887,3,False
2021-11-01,GBR,VNM,0.2984,4,False
2021-12-01,GBR,VNM,0.0785,4,False
2022-01-01,GBR,VNM,0.0731,4,False
2022-02-01,GBR,VNM,0.0869,4,False
2022-03-01,GBR,VNM,0.0989,2,False
2022-04-01,GBR,VNM,0.0726,2,False
2022-05-01,GBR,VNM,0.0782,2,False
2022-06-01,GBR,VNM,0.0803,2,False
2022-07-01,GBR,VNM,0.1183,1,False
2022-08-01,GBR,VNM,0.0615,1,False
2022-09-01,GBR,VNM,0.0624,1,False
2022-10-01,GBR,VNM,0.0208,1,True
2022-11-01,GBR,VNM,0.0264,1,True
2022-12-01,GBR,VNM,0.0375,1,True
2023-01-01,GBR,VNM,0.0839,4,False
2023-02-01,GBR,VNM,0.0158,3,True
2023-03-01,GBR,VNM,0.0086,2,True
2023-04-01,GBR,VNM,0.0019,1,True
2023-05-01,GBR,VNM,0.0025,1,True
2023-06-01,GBR,VNM,0.0062,1,True
2023-07-01,GBR,VNM,0.0076,3,True
2023-08-01,GBR,VNM,0.0127,2,True
2023-09-01,GBR,VNM,0.0096,1,True
2023-10-01,GBR,VNM,0.0127,2,True
2023-11-01,GBR,VNM,0.016,1,True
2023-12-01,GBR,VNM,0.0153,3,True
2024-01-01,GBR,VNM,0.0195,3,True
2024-02-01,GBR,VNM,0.0428,3,True
2024-03-01,GBR,VNM,0.0656,2,False
2024-04-01,GBR,VNM,0.0956,2,False
2024-05-01,GBR,VNM,0.1743,3,False
2024-06-01,GBR,VNM,0.1669,2,False
2024-07-01,GBR,VNM,0.1831,2,False
2024-08-01,GBR,VNM,0.5552,3,False
2024-09-01,GBR,VNM,0.3906,3,False
2024-10-01,GBR,VNM,0.4257,3,False
2024-11-01,GBR,VNM,0.3747,1,False
2024-12-01,GBR,VNM,0.2563,1,False
2025-01-01,GBR,VNM,0.2099,1,False
2025-02-01,GBR,VNM,0.1343,3,False
2025-03-01,GBR,VNM,0.1237,3,False
2025-04-01,GBR,VNM,0.1223,1,False
2025-05-01,GBR,VNM,0.0792,3,False
2025-06-01,GBR,VNM,0.0913,3,False
2025-07-01,GBR,VNM,0.0649,3,False
2025-08-01,GBR,VNM,0.0628,3,False
2025-09-01,GBR,VNM,0.0573,1,False
2025-10-01,GBR,VNM,0.0676,1,False
2025-11-01,GBR,VNM,0.0923,1,False
2025-12-01,GBR,VNM,0.2313,1,False
2026-01-01,GBR,VNM,0.2426,1,False
2026-02-01,GBR,VNM,0.2494,3,False
2026-03-01,GBR,VNM,0.2079,1,False
2015-01-01,GBR,IDN,0.0365,3,True
2015-02-01,GBR,IDN,0.0446,2,True
2015-03-01,GBR,IDN,0.043,3,True
2015-04-01,GBR,IDN,0.0728,2,False
2015-05-01,GBR,IDN,0.0536,3,False
2015-06-01,GBR,IDN,0.0305,3,True
2015-07-01,GBR,IDN,0.0092,4,True
2015-08-01,GBR,IDN,0.0006,4,True
2015-09-01,GBR,IDN,0.0004,4,True
2015-10-01,GBR,IDN,0.0001,3,True
2015-11-01,GBR,IDN,0.0007,4,True
2015-12-01,GBR,IDN,0.0002,4,True
2016-01-01,GBR,IDN,0.0025,4,True
2016-02-01,GBR,IDN,0.0949,3,False
2016-03-01,GBR,IDN,0.0665,4,False
2016-04-01,GBR,IDN,0.0418,4,True
2016-05-01,GBR,IDN,0.0422,4,True
2016-06-01,GBR,IDN,0.4745,3,False
2016-07-01,GBR,IDN,0.6827,3,False
2016-08-01,GBR,IDN,0.6261,1,False
2016-09-01,GBR,IDN,0.5351,1,False
2016-10-01,GBR,IDN,0.4089,1,False
2016-11-01,GBR,IDN,0.3123,1,False
2016-12-01,GBR,IDN,0.382,1,False
2017-01-01,GBR,IDN,0.2841,1,False
2017-02-01,GBR,IDN,0.373,1,False
2017-03-01,GBR,IDN,0.4707,1,False
2017-04-01,GBR,IDN,0.4948,4,False
2017-05-01,GBR,IDN,0.3591,3,False
2017-06-01,GBR,IDN,0.423,4,False
2017-07-01,GBR,IDN,0.4977,4,False
2017-08-01,GBR,IDN,0.4825,1,False
2017-09-01,GBR,IDN,0.2699,1,False
2017-10-01,GBR,IDN,0.4055,1,False
2017-11-01,GBR,IDN,0.4412,4,False
2017-12-01,GBR,IDN,0.3368,3,False
2018-01-01,GBR,IDN,0.4992,3,False
2018-02-01,GBR,IDN,0.6077,3,False
2018-03-01,GBR,IDN,0.7864,3,False
2018-04-01,GBR,IDN,0.7479,3,False
2018-05-01,GBR,IDN,0.9315,3,False
2018-06-01,GBR,IDN,0.8146,2,False
2018-07-01,GBR,IDN,0.7278,1,False
2018-08-01,GBR,IDN,0.7588,1,False
2018-09-01,GBR,IDN,0.3962,2,False
2018-10-01,GBR,IDN,0.3638,2,False
2018-11-01,GBR,IDN,0.707,2,False
2018-12-01,GBR,IDN,0.7203,2,False
2019-01-01,GBR,IDN,0.7036,2,False
2019-02-01,GBR,IDN,0.7324,2,False
2019-03-01,GBR,IDN,0.6763,2,False
2019-04-01,GBR,IDN,0.6782,3,False
2019-05-01,GBR,IDN,0.3336,4,False
2019-06-01,GBR,IDN,0.2765,3,False
2019-07-01,GBR,IDN,0.0869,2,False
2019-08-01,GBR,IDN,0.0715,1,False
2019-09-01,GBR,IDN,0.3736,2,False
2019-10-01,GBR,IDN,0.1854,1,False
2019-11-01,GBR,IDN,0.1189,2,False
2019-12-01,GBR,IDN,0.0483,2,True
2020-01-01,GBR,IDN,0.0366,1,True
2020-02-01,GBR,IDN,0.0446,1,True
2020-03-01,GBR,IDN,0.0427,1,True
2020-04-01,GBR,IDN,0.0204,3,True
2020-05-01,GBR,IDN,0.0153,3,True
2020-06-01,GBR,IDN,0.0236,3,True
2020-07-01,GBR,IDN,0.0232,3,True
2020-08-01,GBR,IDN,0.0261,3,True
2020-09-01,GBR,IDN,0.0128,3,True
2020-10-01,GBR,IDN,0.0547,3,False
2020-11-01,GBR,IDN,0.0754,3,False
2020-12-01,GBR,IDN,0.0588,3,False
2021-01-01,GBR,IDN,0.1204,3,False
2021-02-01,GBR,IDN,0.1158,1,False
2021-03-01,GBR,IDN,0.0893,1,False
2021-04-01,GBR,IDN,0.0945,1,False
2021-05-01,GBR,IDN,0.088,1,False
2021-06-01,GBR,IDN,0.0421,1,True
2021-07-01,GBR,IDN,0.1027,1,False
2021-08-01,GBR,IDN,0.1378,1,False
2021-09-01,GBR,IDN,0.128,1,False
2021-10-01,GBR,IDN,0.3892,1,False
2021-11-01,GBR,IDN,0.4432,3,False
2021-12-01,GBR,IDN,0.4504,3,False
2022-01-01,GBR,IDN,0.4208,3,False
2022-02-01,GBR,IDN,0.174,3,False
2022-03-01,GBR,IDN,0.393,4,False
2022-04-01,GBR,IDN,0.0941,1,False
2022-05-01,GBR,IDN,0.0204,1,True
2022-06-01,GBR,IDN,0.0114,1,True
2022-07-01,GBR,IDN,0.0028,1,True
2022-08-01,GBR,IDN,0.0003,1,True
2022-09-01,GBR,IDN,0.0003,1,True
2022-10-01,GBR,IDN,0.0009,1,True
2022-11-01,GBR,IDN,0.0011,1,True
2022-12-01,GBR,IDN,0.0012,1,True
2023-01-01,GBR,IDN,0.0029,1,True
2023-02-01,GBR,IDN,0.0013,1,True
2023-03-01,GBR,IDN,0.0041,1,True
2023-04-01,GBR,IDN,0.0068,1,True
2023-05-01,GBR,IDN,0.0099,1,True
2023-06-01,GBR,IDN,0.0083,1,True
2023-07-01,GBR,IDN,0.0042,1,True
2023-08-01,GBR,IDN,0.0075,1,True
2023-09-01,GBR,IDN,0.012,1,True
2023-10-01,GBR,IDN,0.0159,1,True
2023-11-01,GBR,IDN,0.0592,1,False
2023-12-01,GBR,IDN,0.1459,1,False
2024-01-01,GBR,IDN,0.1662,1,False
2024-02-01,GBR,IDN,0.1372,1,False
2024-03-01,GBR,IDN,0.1036,1,False
2024-04-01,GBR,IDN,0.0732,1,False
2024-05-01,GBR,IDN,0.0394,1,True
2024-06-01,GBR,IDN,0.0343,1,True
2024-07-01,GBR,IDN,0.0303,1,True
2024-08-01,GBR,IDN,0.015,1,True
2024-09-01,GBR,IDN,0.0152,1,True
2024-10-01,GBR,IDN,0.0232,1,True
2024-11-01,GBR,IDN,0.0195,1,True
2024-12-01,GBR,IDN,0.0176,1,True
2025-01-01,GBR,IDN,0.0263,1,True
2025-02-01,GBR,IDN,0.0144,1,True
2025-03-01,GBR,IDN,0.0301,1,True
2025-04-01,GBR,IDN,0.0435,1,True
2025-05-01,GBR,IDN,0.0525,1,False
2025-06-01,GBR,IDN,0.0834,1,False
2025-07-01,GBR,IDN,0.1102,3,False
2025-08-01,GBR,IDN,0.1124,2,False
2025-09-01,GBR,IDN,0.112,4,False
2025-10-01,GBR,IDN,0.105,3,False
2025-11-01,GBR,IDN,0.0733,2,False
2025-12-01,GBR,IDN,0.0354,1,True
2026-01-01,GBR,IDN,0.1085,1,False
2026-02-01,GBR,IDN,0.0738,1,False
2026-03-01,GBR,IDN,0.0301,1,True
2015-01-01,GBR,THA,0.3574,4,False
2015-02-01,GBR,THA,0.1712,1,False
2015-03-01,GBR,THA,0.0502,1,False
2015-04-01,GBR,THA,0.0283,1,True
2015-05-01,GBR,THA,0.0212,1,True
2015-06-01,GBR,THA,0.0159,1,True
2015-07-01,GBR,THA,0.0126,1,True
2015-08-01,GBR,THA,0.013,1,True
2015-09-01,GBR,THA,0.0106,1,True
2015-10-01,GBR,THA,0.0101,1,True
2015-11-01,GBR,THA,0.0106,1,True
2015-12-01,GBR,THA,0.0154,1,True
2016-01-01,GBR,THA,0.0171,1,True
2016-02-01,GBR,THA,0.0212,1,True
2016-03-01,GBR,THA,0.0155,1,True
2016-04-01,GBR,THA,0.0148,1,True
2016-05-01,GBR,THA,0.0092,1,True
2016-06-01,GBR,THA,0.0079,1,True
2016-07-01,GBR,THA,0.0111,1,True
2016-08-01,GBR,THA,0.015,1,True
2016-09-01,GBR,THA,0.0041,1,True
2016-10-01,GBR,THA,0.0008,1,True
2016-11-01,GBR,THA,0.0009,1,True
2016-12-01,GBR,THA,0.0015,1,True
2017-01-01,GBR,THA,0.0148,1,True
2017-02-01,GBR,THA,0.0279,1,True
2017-03-01,GBR,THA,0.0092,1,True
2017-04-01,GBR,THA,0.0234,1,True
2017-05-01,GBR,THA,0.0196,1,True
2017-06-01,GBR,THA,0.0496,1,True
2017-07-01,GBR,THA,0.0366,1,True
2017-08-01,GBR,THA,0.0215,1,True
2017-09-01,GBR,THA,0.0548,1,False
2017-10-01,GBR,THA,0.0078,3,True
2017-11-01,GBR,THA,0.0207,2,True
2017-12-01,GBR,THA,0.045,1,True
2018-01-01,GBR,THA,0.0402,1,True
2018-02-01,GBR,THA,0.0143,2,True
2018-03-01,GBR,THA,0.0103,1,True
2018-04-01,GBR,THA,0.0091,2,True
2018-05-01,GBR,THA,0.0088,2,True
2018-06-01,GBR,THA,0.0052,4,True
2018-07-01,GBR,THA,0.0218,2,True
2018-08-01,GBR,THA,0.026,2,True
2018-09-01,GBR,THA,0.0324,4,True
2018-10-01,GBR,THA,0.0214,2,True
2018-11-01,GBR,THA,0.0104,4,True
2018-12-01,GBR,THA,0.0156,4,True
2019-01-01,GBR,THA,0.0415,4,True
2019-02-01,GBR,THA,0.0507,4,False
2019-03-01,GBR,THA,0.0526,2,False
2019-04-01,GBR,THA,0.0405,2,True
2019-05-01,GBR,THA,0.0738,2,False
2019-06-01,GBR,THA,0.2397,1,False
2019-07-01,GBR,THA,0.2379,4,False
2019-08-01,GBR,THA,0.2982,2,False
2019-09-01,GBR,THA,0.3697,2,False
2019-10-01,GBR,THA,0.4089,2,False
2019-11-01,GBR,THA,0.5863,2,False
2019-12-01,GBR,THA,0.512,1,False
2020-01-01,GBR,THA,0.3663,1,False
2020-02-01,GBR,THA,0.9509,1,False
2020-03-01,GBR,THA,0.5104,2,False
2020-04-01,GBR,THA,0.4564,1,False
2020-05-01,GBR,THA,0.1955,1,False
2020-06-01,GBR,THA,0.1783,1,False
2020-07-01,GBR,THA,0.4572,4,False
2020-08-01,GBR,THA,0.1544,4,False
2020-09-01,GBR,THA,0.2423,4,False
2020-10-01,GBR,THA,0.2134,2,False
2020-11-01,GBR,THA,0.1657,1,False
2020-12-01,GBR,THA,0.1181,1,False
2021-01-01,GBR,THA,0.0637,4,False
2021-02-01,GBR,THA,0.0566,4,False
2021-03-01,GBR,THA,0.0685,4,False
2021-04-01,GBR,THA,0.1696,1,False
2021-05-01,GBR,THA,0.1148,4,False
2021-06-01,GBR,THA,0.0729,4,False
2021-07-01,GBR,THA,0.0968,4,False
2021-08-01,GBR,THA,0.133,4,False
2021-09-01,GBR,THA,0.0905,4,False
2021-10-01,GBR,THA,0.0931,1,False
2021-11-01,GBR,THA,0.0391,1,True
2021-12-01,GBR,THA,0.1019,1,False
2022-01-01,GBR,THA,0.3049,1,False
2022-02-01,GBR,THA,0.4018,4,False
2022-03-01,GBR,THA,0.3373,4,False
2022-04-01,GBR,THA,0.1799,4,False
2022-05-01,GBR,THA,0.3886,4,False
2022-06-01,GBR,THA,0.2086,1,False
2022-07-01,GBR,THA,0.1012,1,False
2022-08-01,GBR,THA,0.0603,1,False
2022-09-01,GBR,THA,0.0378,1,True
2022-10-01,GBR,THA,0.0382,1,True
2022-11-01,GBR,THA,0.0446,1,True
2022-12-01,GBR,THA,0.0597,1,False
2023-01-01,GBR,THA,0.0414,1,True
2023-02-01,GBR,THA,0.1137,4,False
2023-03-01,GBR,THA,0.0723,4,False
2023-04-01,GBR,THA,0.0584,4,False
2023-05-01,GBR,THA,0.0371,3,True
2023-06-01,GBR,THA,0.0888,3,False
2023-07-01,GBR,THA,0.089,3,False
2023-08-01,GBR,THA,0.0625,3,False
2023-09-01,GBR,THA,0.0171,4,True
2023-10-01,GBR,THA,0.0151,3,True
2023-11-01,GBR,THA,0.0184,4,True
2023-12-01,GBR,THA,0.0192,4,True
2024-01-01,GBR,THA,0.0245,3,True
2024-02-01,GBR,THA,0.0179,3,True
2024-03-01,GBR,THA,0.0215,3,True
2024-04-01,GBR,THA,0.0276,3,True
2024-05-01,GBR,THA,0.0231,1,True
2024-06-01,GBR,THA,0.0172,3,True
2024-07-01,GBR,THA,0.0089,1,True
2024-08-01,GBR,THA,0.0058,1,True
2024-09-01,GBR,THA,0.0029,1,True
2024-10-01,GBR,THA,0.0006,1,True
2024-11-01,GBR,THA,0.0005,1,True
2024-12-01,GBR,THA,0.001,1,True
2025-01-01,GBR,THA,0.0017,1,True
2025-02-01,GBR,THA,0.0026,1,True
2025-03-01,GBR,THA,0.0016,1,True
2025-04-01,GBR,THA,0.0014,1,True
2025-05-01,GBR,THA,0.0017,1,True
2025-06-01,GBR,THA,0.0012,1,True
2025-07-01,GBR,THA,0.0008,1,True
2025-08-01,GBR,THA,0.0007,1,True
2025-09-01,GBR,THA,0.0003,1,True
2025-10-01,GBR,THA,0.0001,1,True
2025-11-01,GBR,THA,0.0,1,True
2025-12-01,GBR,THA,0.0,1,True
2026-01-01,GBR,THA,0.0,1,True
2026-02-01,GBR,THA,0.0,1,True
2026-03-01,GBR,THA,0.0,1,True
2015-01-01,GBR,BRA,0.0039,1,True
2015-02-01,GBR,BRA,0.0009,1,True
2015-03-01,GBR,BRA,0.0015,1,True
2015-04-01,GBR,BRA,0.0012,1,True
2015-05-01,GBR,BRA,0.0018,1,True
2015-06-01,GBR,BRA,0.0014,1,True
2015-07-01,GBR,BRA,0.0031,1,True
2015-08-01,GBR,BRA,0.0068,1,True
2015-09-01,GBR,BRA,0.0035,1,True
2015-10-01,GBR,BRA,0.0027,1,True
2015-11-01,GBR,BRA,0.0034,1,True
2015-12-01,GBR,BRA,0.0017,4,True
2016-01-01,GBR,BRA,0.0009,4,True
2016-02-01,GBR,BRA,0.0003,4,True
2016-03-01,GBR,BRA,0.0,4,True
2016-04-01,GBR,BRA,0.0001,1,True
2016-05-01,GBR,BRA,0.0,1,True
2016-06-01,GBR,BRA,0.0,1,True
2016-07-01,GBR,BRA,0.0,1,True
2016-08-01,GBR,BRA,0.0,1,True
2016-09-01,GBR,BRA,0.0001,1,True
2016-10-01,GBR,BRA,0.0,1,True
2016-11-01,GBR,BRA,0.0,1,True
2016-12-01,GBR,BRA,0.0,1,True
2017-01-01,GBR,BRA,0.0,1,True
2017-02-01,GBR,BRA,0.0,1,True
2017-03-01,GBR,BRA,0.0,1,True
2017-04-01,GBR,BRA,0.0,1,True
2017-05-01,GBR,BRA,0.0,1,True
2017-06-01,GBR,BRA,0.0,1,True
2017-07-01,GBR,BRA,0.0,1,True
2017-08-01,GBR,BRA,0.0,1,True
2017-09-01,GBR,BRA,0.0,1,True
2017-10-01,GBR,BRA,0.0,1,True
2017-11-01,GBR,BRA,0.0,1,True
2017-12-01,GBR,BRA,0.0,1,True
2018-01-01,GBR,BRA,0.0,1,True
2018-02-01,GBR,BRA,0.0,1,True
2018-03-01,GBR,BRA,0.0001,1,True
2018-04-01,GBR,BRA,0.0,1,True
2018-05-01,GBR,BRA,0.0,1,True
2018-06-01,GBR,BRA,0.0001,1,True
2018-07-01,GBR,BRA,0.0003,1,True
2018-08-01,GBR,BRA,0.0002,2,True
2018-09-01,GBR,BRA,0.0004,1,True
2018-10-01,GBR,BRA,0.0027,1,True
2018-11-01,GBR,BRA,0.0083,2,True
2018-12-01,GBR,BRA,0.0083,2,True
2019-01-01,GBR,BRA,0.0073,2,True
2019-02-01,GBR,BRA,0.008,4,True
2019-03-01,GBR,BRA,0.0083,4,True
2019-04-01,GBR,BRA,0.0021,4,True
2019-05-01,GBR,BRA,0.0011,4,True
2019-06-01,GBR,BRA,0.005,1,True
2019-07-01,GBR,BRA,0.0214,2,True
2019-08-01,GBR,BRA,0.0137,2,True
2019-09-01,GBR,BRA,0.0195,2,True
2019-10-01,GBR,BRA,0.0361,2,True
2019-11-01,GBR,BRA,0.1132,2,False
2019-12-01,GBR,BRA,0.056,2,False
2020-01-01,GBR,BRA,0.0186,2,True
2020-02-01,GBR,BRA,0.0489,2,True
2020-03-01,GBR,BRA,0.1072,3,False
2020-04-01,GBR,BRA,0.0882,3,False
2020-05-01,GBR,BRA,0.027,4,True
2020-06-01,GBR,BRA,0.0158,4,True
2020-07-01,GBR,BRA,0.0268,4,True
2020-08-01,GBR,BRA,0.0696,3,False
2020-09-01,GBR,BRA,0.0608,3,False
2020-10-01,GBR,BRA,0.5835,3,False
2020-11-01,GBR,BRA,0.4846,3,False
2020-12-01,GBR,BRA,0.4557,2,False
2021-01-01,GBR,BRA,0.5065,4,False
2021-02-01,GBR,BRA,0.3094,4,False
2021-03-01,GBR,BRA,0.5563,2,False
2021-04-01,GBR,BRA,0.2826,1,False
2021-05-01,GBR,BRA,0.1712,1,False
2021-06-01,GBR,BRA,0.0136,1,True
2021-07-01,GBR,BRA,0.0115,1,True
2021-08-01,GBR,BRA,0.0174,1,True
2021-09-01,GBR,BRA,0.0085,1,True
2021-10-01,GBR,BRA,0.0094,1,True
2021-11-01,GBR,BRA,0.0146,1,True
2021-12-01,GBR,BRA,0.0122,1,True
2022-01-01,GBR,BRA,0.0021,1,True
2022-02-01,GBR,BRA,0.0068,1,True
2022-03-01,GBR,BRA,0.0052,1,True
2022-04-01,GBR,BRA,0.0291,1,True
2022-05-01,GBR,BRA,0.1069,1,False
2022-06-01,GBR,BRA,0.028,1,True
2022-07-01,GBR,BRA,0.0395,1,True
2022-08-01,GBR,BRA,0.0026,1,True
2022-09-01,GBR,BRA,0.0003,1,True
2022-10-01,GBR,BRA,0.0,1,True
2022-11-01,GBR,BRA,0.0,1,True
2022-12-01,GBR,BRA,0.0,1,True
2023-01-01,GBR,BRA,0.0002,1,True
2023-02-01,GBR,BRA,0.0005,1,True
2023-03-01,GBR,BRA,0.0005,1,True
2023-04-01,GBR,BRA,0.0001,1,True
2023-05-01,GBR,BRA,0.0,1,True
2023-06-01,GBR,BRA,0.0,1,True
2023-07-01,GBR,BRA,0.0,1,True
2023-08-01,GBR,BRA,0.0,1,True
2023-09-01,GBR,BRA,0.0,1,True
2023-10-01,GBR,BRA,0.0001,1,True
2023-11-01,GBR,BRA,0.0,1,True
2023-12-01,GBR,BRA,0.0,1,True
2024-01-01,GBR,BRA,0.0,1,True
2024-02-01,GBR,BRA,0.0,1,True
2024-03-01,GBR,BRA,0.0,1,True
2024-04-01,GBR,BRA,0.0002,1,True
2024-05-01,GBR,BRA,0.0014,1,True
2024-06-01,GBR,BRA,0.0015,1,True
2024-07-01,GBR,BRA,0.0024,1,True
2024-08-01,GBR,BRA,0.0046,1,True
2024-09-01,GBR,BRA,0.0128,1,True
2024-10-01,GBR,BRA,0.0206,1,True
2024-11-01,GBR,BRA,0.0212,1,True
2024-12-01,GBR,BRA,0.0125,1,True
2025-01-01,GBR,BRA,0.0195,1,True
2025-02-01,GBR,BRA,0.0355,1,True
2025-03-01,GBR,BRA,0.0568,1,False
2025-04-01,GBR,BRA,0.0952,1,False
2025-05-01,GBR,BRA,0.1194,1,False
2025-06-01,GBR,BRA,0.1814,1,False
2025-07-01,GBR,BRA,0.5077,1,False
2025-08-01,GBR,BRA,0.4211,4,False
2025-09-01,GBR,BRA,0.4965,3,False
2025-10-01,GBR,BRA,0.5441,4,False
2025-11-01,GBR,BRA,0.5961,1,False
2025-12-01,GBR,BRA,0.4239,1,False
2026-01-01,GBR,BRA,0.2379,1,False
2026-02-01,GBR,BRA,0.1305,1,False
2026-03-01,GBR,BRA,0.2952,1,False
2015-01-01,GBR,ZAF,0.0463,4,True
2015-02-01,GBR,ZAF,0.0267,3,True
2015-03-01,GBR,ZAF,0.0322,3,True
2015-04-01,GBR,ZAF,0.0324,3,True
2015-05-01,GBR,ZAF,0.0593,4,False
2015-06-01,GBR,ZAF,0.0199,4,True
2015-07-01,GBR,ZAF,0.018,4,True
2015-08-01,GBR,ZAF,0.0255,4,True
2015-09-01,GBR,ZAF,0.0013,4,True
2015-10-01,GBR,ZAF,0.0008,4,True
2015-11-01,GBR,ZAF,0.0024,4,True
2015-12-01,GBR,ZAF,0.0033,4,True
2016-01-01,GBR,ZAF,0.0007,4,True
2016-02-01,GBR,ZAF,0.0014,4,True
2016-03-01,GBR,ZAF,0.0025,4,True
2016-04-01,GBR,ZAF,0.006,3,True
2016-05-01,GBR,ZAF,0.0388,4,True
2016-06-01,GBR,ZAF,0.0344,4,True
2016-07-01,GBR,ZAF,0.0145,4,True
2016-08-01,GBR,ZAF,0.0078,3,True
2016-09-01,GBR,ZAF,0.0121,3,True
2016-10-01,GBR,ZAF,0.0151,3,True
2016-11-01,GBR,ZAF,0.0293,3,True
2016-12-01,GBR,ZAF,0.0207,3,True
2017-01-01,GBR,ZAF,0.0204,4,True
2017-02-01,GBR,ZAF,0.0093,3,True
2017-03-01,GBR,ZAF,0.0141,4,True
2017-04-01,GBR,ZAF,0.0065,3,True
2017-05-01,GBR,ZAF,0.0122,3,True
2017-06-01,GBR,ZAF,0.0136,3,True
2017-07-01,GBR,ZAF,0.0034,4,True
2017-08-01,GBR,ZAF,0.0004,3,True
2017-09-01,GBR,ZAF,0.0039,2,True
2017-10-01,GBR,ZAF,0.0044,2,True
2017-11-01,GBR,ZAF,0.0042,2,True
2017-12-01,GBR,ZAF,0.0091,2,True
2018-01-01,GBR,ZAF,0.0132,2,True
2018-02-01,GBR,ZAF,0.0091,2,True
2018-03-01,GBR,ZAF,0.0051,2,True
2018-04-01,GBR,ZAF,0.0038,2,True
2018-05-01,GBR,ZAF,0.0063,2,True
2018-06-01,GBR,ZAF,0.001,3,True
2018-07-01,GBR,ZAF,0.0003,2,True
2018-08-01,GBR,ZAF,0.0004,2,True
2018-09-01,GBR,ZAF,0.0,4,True
2018-10-01,GBR,ZAF,0.0,3,True
2018-11-01,GBR,ZAF,0.0,2,True
2018-12-01,GBR,ZAF,0.0,2,True
2019-01-01,GBR,ZAF,0.0003,2,True
2019-02-01,GBR,ZAF,0.0012,2,True
2019-03-01,GBR,ZAF,0.0006,2,True
2019-04-01,GBR,ZAF,0.0005,2,True
2019-05-01,GBR,ZAF,0.0022,2,True
2019-06-01,GBR,ZAF,0.0027,2,True
2019-07-01,GBR,ZAF,0.0027,2,True
2019-08-01,GBR,ZAF,0.0131,2,True
2019-09-01,GBR,ZAF,0.0115,2,True
2019-10-01,GBR,ZAF,0.0037,2,True
2019-11-01,GBR,ZAF,0.0144,4,True
2019-12-01,GBR,ZAF,0.01,3,True
2020-01-01,GBR,ZAF,0.0071,2,True
2020-02-01,GBR,ZAF,0.0226,2,True
2020-03-01,GBR,ZAF,0.062,2,False
2020-04-01,GBR,ZAF,0.0772,3,False
2020-05-01,GBR,ZAF,0.0099,4,True
2020-06-01,GBR,ZAF,0.0006,4,True
2020-07-01,GBR,ZAF,0.0005,4,True
2020-08-01,GBR,ZAF,0.001,4,True
2020-09-01,GBR,ZAF,0.0013,4,True
2020-10-01,GBR,ZAF,0.0207,2,True
2020-11-01,GBR,ZAF,0.0288,2,True
2020-12-01,GBR,ZAF,0.0165,2,True
2021-01-01,GBR,ZAF,0.0036,2,True
2021-02-01,GBR,ZAF,0.0011,2,True
2021-03-01,GBR,ZAF,0.002,1,True
2021-04-01,GBR,ZAF,0.0017,2,True
2021-05-01,GBR,ZAF,0.0025,2,True
2021-06-01,GBR,ZAF,0.0066,2,True
2021-07-01,GBR,ZAF,0.0061,2,True
2021-08-01,GBR,ZAF,0.0094,2,True
2021-09-01,GBR,ZAF,0.0202,2,True
2021-10-01,GBR,ZAF,0.0298,2,True
2021-11-01,GBR,ZAF,0.0325,2,True
2021-12-01,GBR,ZAF,0.0198,2,True
2022-01-01,GBR,ZAF,0.0107,2,True
2022-02-01,GBR,ZAF,0.0145,2,True
2022-03-01,GBR,ZAF,0.0158,2,True
2022-04-01,GBR,ZAF,0.0053,2,True
2022-05-01,GBR,ZAF,0.0107,2,True
2022-06-01,GBR,ZAF,0.0054,2,True
2022-07-01,GBR,ZAF,0.0028,2,True
2022-08-01,GBR,ZAF,0.0037,2,True
2022-09-01,GBR,ZAF,0.0057,2,True
2022-10-01,GBR,ZAF,0.0056,2,True
2022-11-01,GBR,ZAF,0.0052,2,True
2022-12-01,GBR,ZAF,0.0047,2,True
2023-01-01,GBR,ZAF,0.0051,2,True
2023-02-01,GBR,ZAF,0.0083,2,True
2023-03-01,GBR,ZAF,0.0179,2,True
2023-04-01,GBR,ZAF,0.0244,2,True
2023-05-01,GBR,ZAF,0.0257,2,True
2023-06-01,GBR,ZAF,0.0375,2,True
2023-07-01,GBR,ZAF,0.0388,4,True
2023-08-01,GBR,ZAF,0.0546,4,False
2023-09-01,GBR,ZAF,0.0407,4,True
2023-10-01,GBR,ZAF,0.033,4,True
2023-11-01,GBR,ZAF,0.0294,4,True
2023-12-01,GBR,ZAF,0.0101,4,True
2024-01-01,GBR,ZAF,0.0064,2,True
2024-02-01,GBR,ZAF,0.0081,2,True
2024-03-01,GBR,ZAF,0.0063,2,True
2024-04-01,GBR,ZAF,0.0052,2,True
2024-05-01,GBR,ZAF,0.0067,2,True
2024-06-01,GBR,ZAF,0.0118,2,True
2024-07-01,GBR,ZAF,0.0035,2,True
2024-08-01,GBR,ZAF,0.0023,2,True
2024-09-01,GBR,ZAF,0.0027,2,True
2024-10-01,GBR,ZAF,0.0076,2,True
2024-11-01,GBR,ZAF,0.0168,2,True
2024-12-01,GBR,ZAF,0.0093,2,True
2025-01-01,GBR,ZAF,0.0185,2,True
2025-02-01,GBR,ZAF,0.0221,2,True
2025-03-01,GBR,ZAF,0.0309,2,True
2025-04-01,GBR,ZAF,0.0625,1,False
2025-05-01,GBR,ZAF,0.0881,1,False
2025-06-01,GBR,ZAF,0.1043,1,False
2025-07-01,GBR,ZAF,0.0909,1,False
2025-08-01,GBR,ZAF,0.0869,1,False
2025-09-01,GBR,ZAF,0.0856,1,False
2025-10-01,GBR,ZAF,0.0862,1,False
2025-11-01,GBR,ZAF,0.1019,1,False
2025-12-01,GBR,ZAF,0.122,1,False
2026-01-01,GBR,ZAF,0.1222,1,False
2026-02-01,GBR,ZAF,0.1644,4,False
2026-03-01,GBR,ZAF,0.1794,4,False
2015-01-01,GBR,MEX,0.5297,1,False
2015-02-01,GBR,MEX,0.2137,3,False
2015-03-01,GBR,MEX,0.2033,1,False
2015-04-01,GBR,MEX,0.0905,1,False
2015-05-01,GBR,MEX,0.1003,1,False
2015-06-01,GBR,MEX,0.0709,2,False
2015-07-01,GBR,MEX,0.062,2,False
2015-08-01,GBR,MEX,0.0371,2,True
2015-09-01,GBR,MEX,0.0265,2,True
2015-10-01,GBR,MEX,0.0237,2,True
2015-11-01,GBR,MEX,0.0131,2,True
2015-12-01,GBR,MEX,0.0092,2,True
2016-01-01,GBR,MEX,0.0081,1,True
2016-02-01,GBR,MEX,0.0116,1,True
2016-03-01,GBR,MEX,0.0402,1,True
2016-04-01,GBR,MEX,0.0575,4,False
2016-05-01,GBR,MEX,0.0512,3,False
2016-06-01,GBR,MEX,0.0104,2,True
2016-07-01,GBR,MEX,0.0029,4,True
2016-08-01,GBR,MEX,0.0017,3,True
2016-09-01,GBR,MEX,0.0007,1,True
2016-10-01,GBR,MEX,0.0,1,True
2016-11-01,GBR,MEX,0.0001,1,True
2016-12-01,GBR,MEX,0.0001,1,True
2017-01-01,GBR,MEX,0.0005,1,True
2017-02-01,GBR,MEX,0.0001,1,True
2017-03-01,GBR,MEX,0.0,1,True
2017-04-01,GBR,MEX,0.0,1,True
2017-05-01,GBR,MEX,0.0,1,True
2017-06-01,GBR,MEX,0.0,1,True
2017-07-01,GBR,MEX,0.0,1,True
2017-08-01,GBR,MEX,0.0,1,True
2017-09-01,GBR,MEX,0.0,1,True
2017-10-01,GBR,MEX,0.0,1,True
2017-11-01,GBR,MEX,0.0,1,True
2017-12-01,GBR,MEX,0.0,1,True
2018-01-01,GBR,MEX,0.0,1,True
2018-02-01,GBR,MEX,0.0004,1,True
2018-03-01,GBR,MEX,0.0006,1,True
2018-04-01,GBR,MEX,0.0011,1,True
2018-05-01,GBR,MEX,0.005,1,True
2018-06-01,GBR,MEX,0.0062,2,True
2018-07-01,GBR,MEX,0.0079,2,True
2018-08-01,GBR,MEX,0.0082,2,True
2018-09-01,GBR,MEX,0.0054,2,True
2018-10-01,GBR,MEX,0.0103,2,True
2018-11-01,GBR,MEX,0.0103,2,True
2018-12-01,GBR,MEX,0.0068,2,True
2019-01-01,GBR,MEX,0.0075,2,True
2019-02-01,GBR,MEX,0.0122,2,True
2019-03-01,GBR,MEX,0.0088,2,True
2019-04-01,GBR,MEX,0.0076,2,True
2019-05-01,GBR,MEX,0.0124,2,True
2019-06-01,GBR,MEX,0.0213,2,True
2019-07-01,GBR,MEX,0.0162,3,True
2019-08-01,GBR,MEX,0.0094,3,True
2019-09-01,GBR,MEX,0.0357,2,True
2019-10-01,GBR,MEX,0.0301,2,True
2019-11-01,GBR,MEX,0.0265,2,True
2019-12-01,GBR,MEX,0.1366,2,False
2020-01-01,GBR,MEX,0.1576,2,False
2020-02-01,GBR,MEX,0.5874,2,False
2020-03-01,GBR,MEX,0.3229,2,False
2020-04-01,GBR,MEX,0.2759,2,False
2020-05-01,GBR,MEX,0.1875,2,False
2020-06-01,GBR,MEX,0.3819,4,False
2020-07-01,GBR,MEX,0.3234,4,False
2020-08-01,GBR,MEX,0.0504,4,False
2020-09-01,GBR,MEX,0.0094,4,True
2020-10-01,GBR,MEX,0.0313,4,True
2020-11-01,GBR,MEX,0.0355,4,True
2020-12-01,GBR,MEX,0.231,4,False
2021-01-01,GBR,MEX,0.5674,4,False
2021-02-01,GBR,MEX,0.6467,4,False
2021-03-01,GBR,MEX,0.7275,4,False
2021-04-01,GBR,MEX,0.4893,1,False
2021-05-01,GBR,MEX,0.1136,1,False
2021-06-01,GBR,MEX,0.109,1,False
2021-07-01,GBR,MEX,0.085,1,False
2021-08-01,GBR,MEX,0.0726,1,False
2021-09-01,GBR,MEX,0.054,1,False
2021-10-01,GBR,MEX,0.1644,1,False
2021-11-01,GBR,MEX,0.2449,1,False
2021-12-01,GBR,MEX,0.3917,3,False
2022-01-01,GBR,MEX,0.3302,3,False
2022-02-01,GBR,MEX,0.3188,3,False
2022-03-01,GBR,MEX,0.3004,3,False
2022-04-01,GBR,MEX,0.336,3,False
2022-05-01,GBR,MEX,0.3355,3,False
2022-06-01,GBR,MEX,0.3065,3,False
2022-07-01,GBR,MEX,0.5861,3,False
2022-08-01,GBR,MEX,0.6141,3,False
2022-09-01,GBR,MEX,0.5388,3,False
2022-10-01,GBR,MEX,0.4831,3,False
2022-11-01,GBR,MEX,0.4472,2,False
2022-12-01,GBR,MEX,0.6691,2,False
2023-01-01,GBR,MEX,0.3013,4,False
2023-02-01,GBR,MEX,0.2838,4,False
2023-03-01,GBR,MEX,0.2046,4,False
2023-04-01,GBR,MEX,0.1543,4,False
2023-05-01,GBR,MEX,0.1063,4,False
2023-06-01,GBR,MEX,0.1081,4,False
2023-07-01,GBR,MEX,0.066,1,False
2023-08-01,GBR,MEX,0.0418,1,True
2023-09-01,GBR,MEX,0.0328,1,True
2023-10-01,GBR,MEX,0.0256,1,True
2023-11-01,GBR,MEX,0.0063,1,True
2023-12-01,GBR,MEX,0.0041,1,True
2024-01-01,GBR,MEX,0.0049,1,True
2024-02-01,GBR,MEX,0.0045,1,True
2024-03-01,GBR,MEX,0.0084,1,True
2024-04-01,GBR,MEX,0.0266,1,True
2024-05-01,GBR,MEX,0.011,1,True
2024-06-01,GBR,MEX,0.0075,1,True
2024-07-01,GBR,MEX,0.0031,1,True
2024-08-01,GBR,MEX,0.0003,1,True
2024-09-01,GBR,MEX,0.0007,1,True
2024-10-01,GBR,MEX,0.0054,1,True
2024-11-01,GBR,MEX,0.0205,1,True
2024-12-01,GBR,MEX,0.0373,1,True
2025-01-01,GBR,MEX,0.0166,1,True
2025-02-01,GBR,MEX,0.0326,1,True
2025-03-01,GBR,MEX,0.0493,1,True
2025-04-01,GBR,MEX,0.0892,1,False
2025-05-01,GBR,MEX,0.0928,1,False
2025-06-01,GBR,MEX,0.0982,1,False
2025-07-01,GBR,MEX,0.1892,1,False
2025-08-01,GBR,MEX,0.1724,1,False
2025-09-01,GBR,MEX,0.2351,1,False
2025-10-01,GBR,MEX,0.1138,4,False
2025-11-01,GBR,MEX,0.0425,4,True
2025-12-01,GBR,MEX,0.0332,4,True
2026-01-01,GBR,MEX,0.0342,4,True
2026-02-01,GBR,MEX,0.0931,4,False
2026-03-01,GBR,MEX,0.1104,4,False
2015-01-01,GBR,SGP,0.0847,1,False
2015-02-01,GBR,SGP,0.0936,1,False
2015-03-01,GBR,SGP,0.1362,1,False
2015-04-01,GBR,SGP,0.1794,1,False
2015-05-01,GBR,SGP,0.1726,1,False
2015-06-01,GBR,SGP,0.1893,1,False
2015-07-01,GBR,SGP,0.2453,1,False
2015-08-01,GBR,SGP,0.1826,2,False
2015-09-01,GBR,SGP,0.1037,1,False
2015-10-01,GBR,SGP,0.1031,1,False
2015-11-01,GBR,SGP,0.0177,4,True
2015-12-01,GBR,SGP,0.0076,3,True
2016-01-01,GBR,SGP,0.0006,2,True
2016-02-01,GBR,SGP,0.0022,2,True
2016-03-01,GBR,SGP,0.009,2,True
2016-04-01,GBR,SGP,0.0197,2,True
2016-05-01,GBR,SGP,0.0383,1,True
2016-06-01,GBR,SGP,0.0411,1,True
2016-07-01,GBR,SGP,0.0727,2,False
2016-08-01,GBR,SGP,0.0469,2,True
2016-09-01,GBR,SGP,0.0398,1,True
2016-10-01,GBR,SGP,0.2154,1,False
2016-11-01,GBR,SGP,0.17,4,False
2016-12-01,GBR,SGP,0.0352,4,True
2017-01-01,GBR,SGP,0.0464,4,True
2017-02-01,GBR,SGP,0.0256,4,True
2017-03-01,GBR,SGP,0.0064,3,True
2017-04-01,GBR,SGP,0.0089,3,True
2017-05-01,GBR,SGP,0.0007,1,True
2017-06-01,GBR,SGP,0.0017,1,True
2017-07-01,GBR,SGP,0.0067,1,True
2017-08-01,GBR,SGP,0.0043,1,True
2017-09-01,GBR,SGP,0.0097,1,True
2017-10-01,GBR,SGP,0.0223,3,True
2017-11-01,GBR,SGP,0.0144,3,True
2017-12-01,GBR,SGP,0.0319,1,True
2018-01-01,GBR,SGP,0.0127,3,True
2018-02-01,GBR,SGP,0.016,3,True
2018-03-01,GBR,SGP,0.0067,3,True
2018-04-01,GBR,SGP,0.0037,3,True
2018-05-01,GBR,SGP,0.0031,3,True
2018-06-01,GBR,SGP,0.0315,3,True
2018-07-01,GBR,SGP,0.0365,3,True
2018-08-01,GBR,SGP,0.0402,3,True
2018-09-01,GBR,SGP,0.0394,3,True
2018-10-01,GBR,SGP,0.0214,3,True
2018-11-01,GBR,SGP,0.0191,3,True
2018-12-01,GBR,SGP,0.0041,4,True
2019-01-01,GBR,SGP,0.0011,3,True
2019-02-01,GBR,SGP,0.0048,3,True
2019-03-01,GBR,SGP,0.0181,3,True
2019-04-01,GBR,SGP,0.0311,3,True
2019-05-01,GBR,SGP,0.0552,3,False
2019-06-01,GBR,SGP,0.0379,4,True
2019-07-01,GBR,SGP,0.0866,3,False
2019-08-01,GBR,SGP,0.1048,4,False
2019-09-01,GBR,SGP,0.0454,3,True
2019-10-01,GBR,SGP,0.0706,3,False
2019-11-01,GBR,SGP,0.0253,3,True
2019-12-01,GBR,SGP,0.0159,3,True
2020-01-01,GBR,SGP,0.007,3,True
2020-02-01,GBR,SGP,0.0386,3,True
2020-03-01,GBR,SGP,0.0529,3,False
2020-04-01,GBR,SGP,0.4116,1,False
2020-05-01,GBR,SGP,0.2337,4,False
2020-06-01,GBR,SGP,0.1743,4,False
2020-07-01,GBR,SGP,0.1133,4,False
2020-08-01,GBR,SGP,0.1101,4,False
2020-09-01,GBR,SGP,0.0337,4,True
2020-10-01,GBR,SGP,0.0959,4,False
2020-11-01,GBR,SGP,0.0387,4,True
2020-12-01,GBR,SGP,0.0225,4,True
2021-01-01,GBR,SGP,0.0246,4,True
2021-02-01,GBR,SGP,0.1901,3,False
2021-03-01,GBR,SGP,0.2787,4,False
2021-04-01,GBR,SGP,0.2029,3,False
2021-05-01,GBR,SGP,0.0108,1,True
2021-06-01,GBR,SGP,0.0029,1,True
2021-07-01,GBR,SGP,0.0025,1,True
2021-08-01,GBR,SGP,0.0013,1,True
2021-09-01,GBR,SGP,0.0014,1,True
2021-10-01,GBR,SGP,0.002,1,True
2021-11-01,GBR,SGP,0.0228,1,True
2021-12-01,GBR,SGP,0.062,1,False
2022-01-01,GBR,SGP,0.0696,1,False
2022-02-01,GBR,SGP,0.0158,1,True
2022-03-01,GBR,SGP,0.0698,1,False
2022-04-01,GBR,SGP,0.1921,1,False
2022-05-01,GBR,SGP,0.1375,1,False
2022-06-01,GBR,SGP,0.1238,1,False
2022-07-01,GBR,SGP,0.1581,2,False
2022-08-01,GBR,SGP,0.3219,2,False
2022-09-01,GBR,SGP,0.3281,2,False
2022-10-01,GBR,SGP,0.4518,1,False
2022-11-01,GBR,SGP,0.2182,3,False
2022-12-01,GBR,SGP,0.266,3,False
2023-01-01,GBR,SGP,0.2095,1,False
2023-02-01,GBR,SGP,0.2352,1,False
2023-03-01,GBR,SGP,0.2348,1,False
2023-04-01,GBR,SGP,0.1872,1,False
2023-05-01,GBR,SGP,0.2179,3,False
2023-06-01,GBR,SGP,0.098,3,False
2023-07-01,GBR,SGP,0.0685,3,False
2023-08-01,GBR,SGP,0.1065,3,False
2023-09-01,GBR,SGP,0.1126,3,False
2023-10-01,GBR,SGP,0.1185,3,False
2023-11-01,GBR,SGP,0.1109,3,False
2023-12-01,GBR,SGP,0.0046,3,True
2024-01-01,GBR,SGP,0.0353,2,True
2024-02-01,GBR,SGP,0.0298,2,True
2024-03-01,GBR,SGP,0.0265,2,True
2024-04-01,GBR,SGP,0.0198,2,True
2024-05-01,GBR,SGP,0.018,2,True
2024-06-01,GBR,SGP,0.036,2,True
2024-07-01,GBR,SGP,0.0294,2,True
2024-08-01,GBR,SGP,0.0197,2,True
2024-09-01,GBR,SGP,0.0241,2,True
2024-10-01,GBR,SGP,0.0481,2,True
2024-11-01,GBR,SGP,0.0514,2,False
2024-12-01,GBR,SGP,0.0291,2,True
2025-01-01,GBR,SGP,0.0343,2,True
2025-02-01,GBR,SGP,0.0665,2,False
2025-03-01,GBR,SGP,0.0679,2,False
2025-04-01,GBR,SGP,0.0766,2,False
2025-05-01,GBR,SGP,0.0665,2,False
2025-06-01,GBR,SGP,0.1133,2,False
2025-07-01,GBR,SGP,0.1253,1,False
2025-08-01,GBR,SGP,0.1094,1,False
2025-09-01,GBR,SGP,0.0833,1,False
2025-10-01,GBR,SGP,0.0841,1,False
2025-11-01,GBR,SGP,0.0724,1,False
2025-12-01,GBR,SGP,0.0762,1,False
2026-01-01,GBR,SGP,0.0412,4,True
2026-02-01,GBR,SGP,0.0362,4,True
2026-03-01,GBR,SGP,0.01,4,True
2015-01-01,GBR,KOR,0.0256,3,True
2015-02-01,GBR,KOR,0.0387,4,True
2015-03-01,GBR,KOR,0.0122,3,True
2015-04-01,GBR,KOR,0.0065,3,True
2015-05-01,GBR,KOR,0.0386,2,True
2015-06-01,GBR,KOR,0.0508,1,False
2015-07-01,GBR,KOR,0.0721,2,False
2015-08-01,GBR,KOR,0.0731,2,False
2015-09-01,GBR,KOR,0.0602,2,False
2015-10-01,GBR,KOR,0.056,1,False
2015-11-01,GBR,KOR,0.1253,1,False
2015-12-01,GBR,KOR,0.1271,1,False
2016-01-01,GBR,KOR,0.223,2,False
2016-02-01,GBR,KOR,0.1131,1,False
2016-03-01,GBR,KOR,0.1158,1,False
2016-04-01,GBR,KOR,0.0705,1,False
2016-05-01,GBR,KOR,0.0593,1,False
2016-06-01,GBR,KOR,0.0445,1,True
2016-07-01,GBR,KOR,0.1746,1,False
2016-08-01,GBR,KOR,0.1424,3,False
2016-09-01,GBR,KOR,0.099,1,False
2016-10-01,GBR,KOR,0.0147,1,True
2016-11-01,GBR,KOR,0.0212,4,True
2016-12-01,GBR,KOR,0.0095,3,True
2017-01-01,GBR,KOR,0.0164,3,True
2017-02-01,GBR,KOR,0.0021,1,True
2017-03-01,GBR,KOR,0.0035,1,True
2017-04-01,GBR,KOR,0.0033,1,True
2017-05-01,GBR,KOR,0.0044,1,True
2017-06-01,GBR,KOR,0.0035,1,True
2017-07-01,GBR,KOR,0.0078,1,True
2017-08-01,GBR,KOR,0.0033,1,True
2017-09-01,GBR,KOR,0.0021,1,True
2017-10-01,GBR,KOR,0.0025,1,True
2017-11-01,GBR,KOR,0.005,1,True
2017-12-01,GBR,KOR,0.0632,1,False
2018-01-01,GBR,KOR,0.0564,1,False
2018-02-01,GBR,KOR,0.2546,2,False
2018-03-01,GBR,KOR,0.2202,1,False
2018-04-01,GBR,KOR,0.2664,1,False
2018-05-01,GBR,KOR,0.2105,1,False
2018-06-01,GBR,KOR,0.2173,1,False
2018-07-01,GBR,KOR,0.2307,1,False
2018-08-01,GBR,KOR,0.3241,1,False
2018-09-01,GBR,KOR,0.272,2,False
2018-10-01,GBR,KOR,0.1664,2,False
2018-11-01,GBR,KOR,0.2202,2,False
2018-12-01,GBR,KOR,0.2144,1,False
2019-01-01,GBR,KOR,0.1748,2,False
2019-02-01,GBR,KOR,0.1516,2,False
2019-03-01,GBR,KOR,0.1141,2,False
2019-04-01,GBR,KOR,0.1975,2,False
2019-05-01,GBR,KOR,0.2293,2,False
2019-06-01,GBR,KOR,0.1823,2,False
2019-07-01,GBR,KOR,0.1622,2,False
2019-08-01,GBR,KOR,0.1214,2,False
2019-09-01,GBR,KOR,0.2718,2,False
2019-10-01,GBR,KOR,0.1513,2,False
2019-11-01,GBR,KOR,0.1221,2,False
2019-12-01,GBR,KOR,0.1323,3,False
2020-01-01,GBR,KOR,0.0847,4,False
2020-02-01,GBR,KOR,0.1697,3,False
2020-03-01,GBR,KOR,0.1602,3,False
2020-04-01,GBR,KOR,0.1812,3,False
2020-05-01,GBR,KOR,0.0856,3,False
2020-06-01,GBR,KOR,0.0643,3,False
2020-07-01,GBR,KOR,0.1384,3,False
2020-08-01,GBR,KOR,0.1492,3,False
2020-09-01,GBR,KOR,0.2302,3,False
2020-10-01,GBR,KOR,0.411,3,False
2020-11-01,GBR,KOR,0.1289,3,False
2020-12-01,GBR,KOR,0.315,4,False
2021-01-01,GBR,KOR,0.3095,1,False
2021-02-01,GBR,KOR,0.5443,4,False
2021-03-01,GBR,KOR,0.425,4,False
2021-04-01,GBR,KOR,0.4582,4,False
2021-05-01,GBR,KOR,0.2214,1,False
2021-06-01,GBR,KOR,0.1803,1,False
2021-07-01,GBR,KOR,0.1956,4,False
2021-08-01,GBR,KOR,0.1476,4,False
2021-09-01,GBR,KOR,0.066,1,False
2021-10-01,GBR,KOR,0.079,1,False
2021-11-01,GBR,KOR,0.09,4,False
2021-12-01,GBR,KOR,0.3074,4,False
2022-01-01,GBR,KOR,0.423,4,False
2022-02-01,GBR,KOR,0.4538,3,False
2022-03-01,GBR,KOR,0.5275,3,False
2022-04-01,GBR,KOR,0.613,4,False
2022-05-01,GBR,KOR,0.4688,4,False
2022-06-01,GBR,KOR,0.3714,4,False
2022-07-01,GBR,KOR,0.2182,3,False
2022-08-01,GBR,KOR,0.2704,2,False
2022-09-01,GBR,KOR,0.1516,3,False
2022-10-01,GBR,KOR,0.1471,3,False
2022-11-01,GBR,KOR,0.1333,3,False
2022-12-01,GBR,KOR,0.213,3,False
2023-01-01,GBR,KOR,0.1551,4,False
2023-02-01,GBR,KOR,0.122,3,False
2023-03-01,GBR,KOR,0.0955,3,False
2023-04-01,GBR,KOR,0.0561,3,False
2023-05-01,GBR,KOR,0.076,3,False
2023-06-01,GBR,KOR,0.0658,3,False
2023-07-01,GBR,KOR,0.0373,3,True
2023-08-01,GBR,KOR,0.0249,1,True
2023-09-01,GBR,KOR,0.0422,4,True
2023-10-01,GBR,KOR,0.0404,4,True
2023-11-01,GBR,KOR,0.0822,4,False
2023-12-01,GBR,KOR,0.0372,4,True
2024-01-01,GBR,KOR,0.1315,4,False
2024-02-01,GBR,KOR,0.3368,1,False
2024-03-01,GBR,KOR,0.2269,4,False
2024-04-01,GBR,KOR,0.2921,4,False
2024-05-01,GBR,KOR,0.1717,4,False
2024-06-01,GBR,KOR,0.1187,4,False
2024-07-01,GBR,KOR,0.1017,4,False
2024-08-01,GBR,KOR,0.1252,4,False
2024-09-01,GBR,KOR,0.1022,4,False
2024-10-01,GBR,KOR,0.0599,4,False
2024-11-01,GBR,KOR,0.0464,4,True
2024-12-01,GBR,KOR,0.099,4,False
2025-01-01,GBR,KOR,0.1354,4,False
2025-02-01,GBR,KOR,0.4127,4,False
2025-03-01,GBR,KOR,0.6161,3,False
2025-04-01,GBR,KOR,0.6595,2,False
2025-05-01,GBR,KOR,0.7175,2,False
2025-06-01,GBR,KOR,0.6506,2,False
2025-07-01,GBR,KOR,0.6919,1,False
2025-08-01,GBR,KOR,0.6822,2,False
2025-09-01,GBR,KOR,0.5699,2,False
2025-10-01,GBR,KOR,0.6634,4,False
2025-11-01,GBR,KOR,0.6462,4,False
2025-12-01,GBR,KOR,0.6137,4,False
2026-01-01,GBR,KOR,0.622,2,False
2026-02-01,GBR,KOR,0.6739,2,False
2026-03-01,GBR,KOR,0.4899,4,False
2015-01-01,GBR,USA,0.683,2,False
2015-02-01,GBR,USA,0.2362,2,False
2015-03-01,GBR,USA,0.2704,1,False
2015-04-01,GBR,USA,0.2208,2,False
2015-05-01,GBR,USA,0.1531,1,False
2015-06-01,GBR,USA,0.1607,1,False
2015-07-01,GBR,USA,0.1511,1,False
2015-08-01,GBR,USA,0.2083,1,False
2015-09-01,GBR,USA,0.2389,2,False
2015-10-01,GBR,USA,0.1754,2,False
2015-11-01,GBR,USA,0.195,1,False
2015-12-01,GBR,USA,0.2484,2,False
2016-01-01,GBR,USA,0.3051,1,False
2016-02-01,GBR,USA,0.3243,2,False
2016-03-01,GBR,USA,0.1777,2,False
2016-04-01,GBR,USA,0.2604,1,False
2016-05-01,GBR,USA,0.4207,1,False
2016-06-01,GBR,USA,0.3658,4,False
2016-07-01,GBR,USA,0.1741,4,False
2016-08-01,GBR,USA,0.1619,3,False
2016-09-01,GBR,USA,0.0616,2,False
2016-10-01,GBR,USA,0.1493,1,False
2016-11-01,GBR,USA,0.1148,4,False
2016-12-01,GBR,USA,0.1251,3,False
2017-01-01,GBR,USA,0.048,2,True
2017-02-01,GBR,USA,0.1052,2,False
2017-03-01,GBR,USA,0.0329,4,True
2017-04-01,GBR,USA,0.0803,4,False
2017-05-01,GBR,USA,0.1018,4,False
2017-06-01,GBR,USA,0.3704,4,False
2017-07-01,GBR,USA,0.1492,4,False
2017-08-01,GBR,USA,0.2305,4,False
2017-09-01,GBR,USA,0.3326,2,False
2017-10-01,GBR,USA,0.3142,2,False
2017-11-01,GBR,USA,0.4783,2,False
2017-12-01,GBR,USA,0.9375,2,False
2018-01-01,GBR,USA,0.9041,1,False
2018-02-01,GBR,USA,0.9126,1,False
2018-03-01,GBR,USA,0.8099,2,False
2018-04-01,GBR,USA,0.7888,2,False
2018-05-01,GBR,USA,0.7625,2,False
2018-06-01,GBR,USA,0.5866,2,False
2018-07-01,GBR,USA,0.5964,2,False
2018-08-01,GBR,USA,0.5186,2,False
2018-09-01,GBR,USA,0.4499,2,False
2018-10-01,GBR,USA,0.3781,2,False
2018-11-01,GBR,USA,0.3513,2,False
2018-12-01,GBR,USA,0.3671,2,False
2019-01-01,GBR,USA,0.3248,2,False
2019-02-01,GBR,USA,0.4652,2,False
2019-03-01,GBR,USA,0.3651,3,False
2019-04-01,GBR,USA,0.194,2,False
2019-05-01,GBR,USA,0.2309,2,False
2019-06-01,GBR,USA,0.2878,2,False
2019-07-01,GBR,USA,0.3239,2,False
2019-08-01,GBR,USA,0.3397,1,False
2019-09-01,GBR,USA,0.4677,2,False
2019-10-01,GBR,USA,0.377,4,False
2019-11-01,GBR,USA,0.0633,4,False
2019-12-01,GBR,USA,0.0765,3,False
2020-01-01,GBR,USA,0.0625,2,False
2020-02-01,GBR,USA,0.1149,2,False
2020-03-01,GBR,USA,0.053,2,False
2020-04-01,GBR,USA,0.0167,3,True
2020-05-01,GBR,USA,0.0087,4,True
2020-06-01,GBR,USA,0.006,4,True
2020-07-01,GBR,USA,0.007,4,True
2020-08-01,GBR,USA,0.0051,4,True
2020-09-01,GBR,USA,0.0063,4,True
2020-10-01,GBR,USA,0.0067,4,True
2020-11-01,GBR,USA,0.0067,4,True
2020-12-01,GBR,USA,0.0033,4,True
2021-01-01,GBR,USA,0.0337,4,True
2021-02-01,GBR,USA,0.0339,2,True
2021-03-01,GBR,USA,0.082,2,False
2021-04-01,GBR,USA,0.1685,2,False
2021-05-01,GBR,USA,0.0073,1,True
2021-06-01,GBR,USA,0.0017,1,True
2021-07-01,GBR,USA,0.0015,1,True
2021-08-01,GBR,USA,0.0029,1,True
2021-09-01,GBR,USA,0.0077,1,True
2021-10-01,GBR,USA,0.0072,1,True
2021-11-01,GBR,USA,0.0255,1,True
2021-12-01,GBR,USA,0.0677,1,False
2022-01-01,GBR,USA,0.1008,1,False
2022-02-01,GBR,USA,0.1126,1,False
2022-03-01,GBR,USA,0.0803,1,False
2022-04-01,GBR,USA,0.1152,1,False
2022-05-01,GBR,USA,0.0554,1,False
2022-06-01,GBR,USA,0.1377,1,False
2022-07-01,GBR,USA,0.2032,1,False
2022-08-01,GBR,USA,0.0834,1,False
2022-09-01,GBR,USA,0.0532,1,False
2022-10-01,GBR,USA,0.0528,1,False
2022-11-01,GBR,USA,0.0239,1,True
2022-12-01,GBR,USA,0.008,1,True
2023-01-01,GBR,USA,0.0026,1,True
2023-02-01,GBR,USA,0.0045,1,True
2023-03-01,GBR,USA,0.0018,1,True
2023-04-01,GBR,USA,0.0001,1,True
2023-05-01,GBR,USA,0.0003,1,True
2023-06-01,GBR,USA,0.0001,1,True
2023-07-01,GBR,USA,0.0,1,True
2023-08-01,GBR,USA,0.0001,1,True
2023-09-01,GBR,USA,0.0002,1,True
2023-10-01,GBR,USA,0.0001,1,True
2023-11-01,GBR,USA,0.0001,1,True
2023-12-01,GBR,USA,0.0,1,True
2024-01-01,GBR,USA,0.0,1,True
2024-02-01,GBR,USA,0.0,1,True
2024-03-01,GBR,USA,0.0,1,True
2024-04-01,GBR,USA,0.0001,1,True
2024-05-01,GBR,USA,0.0002,1,True
2024-06-01,GBR,USA,0.0004,1,True
2024-07-01,GBR,USA,0.0004,1,True
2024-08-01,GBR,USA,0.0001,1,True
2024-09-01,GBR,USA,0.0003,1,True
2024-10-01,GBR,USA,0.0013,1,True
2024-11-01,GBR,USA,0.0029,1,True
2024-12-01,GBR,USA,0.004,1,True
2025-01-01,GBR,USA,0.0072,1,True
2025-02-01,GBR,USA,0.0156,1,True
2025-03-01,GBR,USA,0.0619,3,False
2025-04-01,GBR,USA,0.0552,1,False
2025-05-01,GBR,USA,0.0941,1,False
2025-06-01,GBR,USA,0.2443,1,False
2025-07-01,GBR,USA,0.2541,1,False
2025-08-01,GBR,USA,0.3559,1,False
2025-09-01,GBR,USA,0.6911,1,False
2025-10-01,GBR,USA,0.604,2,False
2025-11-01,GBR,USA,0.5256,3,False
2025-12-01,GBR,USA,0.2513,2,False
2026-01-01,GBR,USA,0.114,4,False
2026-02-01,GBR,USA,0.1387,3,False
2026-03-01,GBR,USA,0.0101,2,True
2015-01-01,GBR,DEU,0.0501,1,False
2015-02-01,GBR,DEU,0.0387,1,True
2015-03-01,GBR,DEU,0.0316,1,True
2015-04-01,GBR,DEU,0.1025,1,False
2015-05-01,GBR,DEU,0.7609,1,False
2015-06-01,GBR,DEU,0.3851,1,False
2015-07-01,GBR,DEU,0.8716,3,False
2015-08-01,GBR,DEU,0.8079,1,False
2015-09-01,GBR,DEU,0.8117,3,False
2015-10-01,GBR,DEU,0.7582,1,False
2015-11-01,GBR,DEU,0.92,2,False
2015-12-01,GBR,DEU,0.4239,1,False
2016-01-01,GBR,DEU,0.4128,1,False
2016-02-01,GBR,DEU,0.4325,1,False
2016-03-01,GBR,DEU,0.4653,1,False
2016-04-01,GBR,DEU,0.3502,1,False
2016-05-01,GBR,DEU,0.4978,4,False
2016-06-01,GBR,DEU,0.4731,2,False
2016-07-01,GBR,DEU,0.4568,2,False
2016-08-01,GBR,DEU,0.4674,2,False
2016-09-01,GBR,DEU,0.4725,2,False
2016-10-01,GBR,DEU,0.6183,4,False
2016-11-01,GBR,DEU,0.6751,4,False
2016-12-01,GBR,DEU,0.6493,4,False
2017-01-01,GBR,DEU,0.9099,1,False
2017-02-01,GBR,DEU,0.773,1,False
2017-03-01,GBR,DEU,0.4601,1,False
2017-04-01,GBR,DEU,0.7766,1,False
2017-05-01,GBR,DEU,0.383,1,False
2017-06-01,GBR,DEU,0.6756,1,False
2017-07-01,GBR,DEU,0.3515,1,False
2017-08-01,GBR,DEU,0.3335,1,False
2017-09-01,GBR,DEU,0.2589,1,False
2017-10-01,GBR,DEU,0.0716,4,False
2017-11-01,GBR,DEU,0.1169,3,False
2017-12-01,GBR,DEU,0.092,3,False
2018-01-01,GBR,DEU,0.1194,2,False
2018-02-01,GBR,DEU,0.1334,4,False
2018-03-01,GBR,DEU,0.1989,3,False
2018-04-01,GBR,DEU,0.1158,1,False
2018-05-01,GBR,DEU,0.0346,1,True
2018-06-01,GBR,DEU,0.0567,1,False
2018-07-01,GBR,DEU,0.0219,1,True
2018-08-01,GBR,DEU,0.0254,1,True
2018-09-01,GBR,DEU,0.0381,1,True
2018-10-01,GBR,DEU,0.0082,1,True
2018-11-01,GBR,DEU,0.2661,1,False
2018-12-01,GBR,DEU,0.2143,1,False
2019-01-01,GBR,DEU,0.1385,1,False
2019-02-01,GBR,DEU,0.2517,1,False
2019-03-01,GBR,DEU,0.2718,1,False
2019-04-01,GBR,DEU,0.2981,1,False
2019-05-01,GBR,DEU,0.4165,1,False
2019-06-01,GBR,DEU,0.314,1,False
2019-07-01,GBR,DEU,0.3751,1,False
2019-08-01,GBR,DEU,0.502,1,False
2019-09-01,GBR,DEU,0.3437,4,False
2019-10-01,GBR,DEU,0.509,4,False
2019-11-01,GBR,DEU,0.3391,4,False
2019-12-01,GBR,DEU,0.3611,3,False
2020-01-01,GBR,DEU,0.4024,2,False
2020-02-01,GBR,DEU,0.5149,3,False
2020-03-01,GBR,DEU,0.6173,4,False
2020-04-01,GBR,DEU,0.274,4,False
2020-05-01,GBR,DEU,0.076,4,False
2020-06-01,GBR,DEU,0.1357,4,False
2020-07-01,GBR,DEU,0.1432,4,False
2020-08-01,GBR,DEU,0.1026,1,False
2020-09-01,GBR,DEU,0.1232,1,False
2020-10-01,GBR,DEU,0.0554,1,False
2020-11-01,GBR,DEU,0.0588,4,False
2020-12-01,GBR,DEU,0.0489,1,True
2021-01-01,GBR,DEU,0.0142,4,True
2021-02-01,GBR,DEU,0.0094,1,True
2021-03-01,GBR,DEU,0.0419,1,True
2021-04-01,GBR,DEU,0.0697,4,False
2021-05-01,GBR,DEU,0.056,4,False
2021-06-01,GBR,DEU,0.4071,4,False
2021-07-01,GBR,DEU,0.4102,4,False
2021-08-01,GBR,DEU,0.3702,4,False
2021-09-01,GBR,DEU,0.4098,4,False
2021-10-01,GBR,DEU,0.2844,4,False
2021-11-01,GBR,DEU,0.375,1,False
2021-12-01,GBR,DEU,0.1478,1,False
2022-01-01,GBR,DEU,0.1565,4,False
2022-02-01,GBR,DEU,0.2231,4,False
2022-03-01,GBR,DEU,0.1792,4,False
2022-04-01,GBR,DEU,0.0646,3,False
2022-05-01,GBR,DEU,0.0962,1,False
2022-06-01,GBR,DEU,0.0867,3,False
2022-07-01,GBR,DEU,0.0533,3,False
2022-08-01,GBR,DEU,0.0587,3,False
2022-09-01,GBR,DEU,0.0733,2,False
2022-10-01,GBR,DEU,0.0998,1,False
2022-11-01,GBR,DEU,0.1082,1,False
2022-12-01,GBR,DEU,0.0865,1,False
2023-01-01,GBR,DEU,0.031,2,True
2023-02-01,GBR,DEU,0.0316,2,True
2023-03-01,GBR,DEU,0.0357,2,True
2023-04-01,GBR,DEU,0.1417,2,False
2023-05-01,GBR,DEU,0.1362,2,False
2023-06-01,GBR,DEU,0.0861,2,False
2023-07-01,GBR,DEU,0.0607,2,False
2023-08-01,GBR,DEU,0.0824,2,False
2023-09-01,GBR,DEU,0.0678,2,False
2023-10-01,GBR,DEU,0.0494,2,True
2023-11-01,GBR,DEU,0.1203,4,False
2023-12-01,GBR,DEU,0.12,4,False
2024-01-01,GBR,DEU,0.0862,4,False
2024-02-01,GBR,DEU,0.0379,4,True
2024-03-01,GBR,DEU,0.017,4,True
2024-04-01,GBR,DEU,0.0203,4,True
2024-05-01,GBR,DEU,0.0236,4,True
2024-06-01,GBR,DEU,0.0275,4,True
2024-07-01,GBR,DEU,0.0123,4,True
2024-08-01,GBR,DEU,0.0371,4,True
2024-09-01,GBR,DEU,0.0393,4,True
2024-10-01,GBR,DEU,0.0297,4,True
2024-11-01,GBR,DEU,0.0311,4,True
2024-12-01,GBR,DEU,0.0459,4,True
2025-01-01,GBR,DEU,0.0405,4,True
2025-02-01,GBR,DEU,0.0692,4,False
2025-03-01,GBR,DEU,0.0753,4,False
2025-04-01,GBR,DEU,0.084,4,False
2025-05-01,GBR,DEU,0.0994,4,False
2025-06-01,GBR,DEU,0.2748,4,False
2025-07-01,GBR,DEU,0.4699,4,False
2025-08-01,GBR,DEU,0.4248,4,False
2025-09-01,GBR,DEU,0.4168,4,False
2025-10-01,GBR,DEU,0.4724,1,False
2025-11-01,GBR,DEU,0.2148,1,False
2025-12-01,GBR,DEU,0.0799,3,False
2026-01-01,GBR,DEU,0.0848,3,False
2026-02-01,GBR,DEU,0.0398,3,True
2026-03-01,GBR,DEU,0.0736,3,False
2015-01-01,GBR,FRA,0.2986,4,False
2015-02-01,GBR,FRA,0.0934,1,False
2015-03-01,GBR,FRA,0.2184,1,False
2015-04-01,GBR,FRA,0.3969,4,False
2015-05-01,GBR,FRA,0.4912,4,False
2015-06-01,GBR,FRA,0.7194,3,False
2015-07-01,GBR,FRA,0.2778,4,False
2015-08-01,GBR,FRA,0.1454,3,False
2015-09-01,GBR,FRA,0.1066,2,False
2015-10-01,GBR,FRA,0.0517,1,False
2015-11-01,GBR,FRA,0.1645,3,False
2015-12-01,GBR,FRA,0.101,2,False
2016-01-01,GBR,FRA,0.1066,3,False
2016-02-01,GBR,FRA,0.0824,3,False
2016-03-01,GBR,FRA,0.1074,2,False
2016-04-01,GBR,FRA,0.0984,2,False
2016-05-01,GBR,FRA,0.1508,1,False
2016-06-01,GBR,FRA,0.1616,1,False
2016-07-01,GBR,FRA,0.1458,4,False
2016-08-01,GBR,FRA,0.1165,4,False
2016-09-01,GBR,FRA,0.1095,4,False
2016-10-01,GBR,FRA,0.1661,4,False
2016-11-01,GBR,FRA,0.2353,4,False
2016-12-01,GBR,FRA,0.2467,2,False
2017-01-01,GBR,FRA,0.1621,2,False
2017-02-01,GBR,FRA,0.0884,2,False
2017-03-01,GBR,FRA,0.039,2,True
2017-04-01,GBR,FRA,0.0364,2,True
2017-05-01,GBR,FRA,0.0595,2,False
2017-06-01,GBR,FRA,0.0584,4,False
2017-07-01,GBR,FRA,0.0672,4,False
2017-08-01,GBR,FRA,0.069,3,False
2017-09-01,GBR,FRA,0.0407,4,True
2017-10-01,GBR,FRA,0.0663,3,False
2017-11-01,GBR,FRA,0.0801,2,False
2017-12-01,GBR,FRA,0.1184,3,False
2018-01-01,GBR,FRA,0.1158,3,False
2018-02-01,GBR,FRA,0.0912,1,False
2018-03-01,GBR,FRA,0.0905,3,False
2018-04-01,GBR,FRA,0.1059,4,False
2018-05-01,GBR,FRA,0.1222,4,False
2018-06-01,GBR,FRA,0.0992,4,False
2018-07-01,GBR,FRA,0.0974,4,False
2018-08-01,GBR,FRA,0.0894,4,False
2018-09-01,GBR,FRA,0.0984,4,False
2018-10-01,GBR,FRA,0.0835,4,False
2018-11-01,GBR,FRA,0.1188,4,False
2018-12-01,GBR,FRA,0.0864,4,False
2019-01-01,GBR,FRA,0.1456,4,False
2019-02-01,GBR,FRA,0.1417,4,False
2019-03-01,GBR,FRA,0.1389,4,False
2019-04-01,GBR,FRA,0.1121,4,False
2019-05-01,GBR,FRA,0.0405,4,True
2019-06-01,GBR,FRA,0.0216,4,True
2019-07-01,GBR,FRA,0.0164,4,True
2019-08-01,GBR,FRA,0.0062,4,True
2019-09-01,GBR,FRA,0.0104,4,True
2019-10-01,GBR,FRA,0.0065,4,True
2019-11-01,GBR,FRA,0.0066,4,True
2019-12-01,GBR,FRA,0.0064,3,True
2020-01-01,GBR,FRA,0.0122,4,True
2020-02-01,GBR,FRA,0.069,3,False
2020-03-01,GBR,FRA,0.1368,3,False
2020-04-01,GBR,FRA,0.0355,3,True
2020-05-01,GBR,FRA,0.0672,3,False
2020-06-01,GBR,FRA,0.0532,3,False
2020-07-01,GBR,FRA,0.1037,1,False
2020-08-01,GBR,FRA,0.1539,4,False
2020-09-01,GBR,FRA,0.026,4,True
2020-10-01,GBR,FRA,0.0157,4,True
2020-11-01,GBR,FRA,0.0048,4,True
2020-12-01,GBR,FRA,0.0066,4,True
2021-01-01,GBR,FRA,0.0052,4,True
2021-02-01,GBR,FRA,0.013,4,True
2021-03-01,GBR,FRA,0.0212,4,True
2021-04-01,GBR,FRA,0.0938,4,False
2021-05-01,GBR,FRA,0.09,4,False
2021-06-01,GBR,FRA,0.11,4,False
2021-07-01,GBR,FRA,0.1936,3,False
2021-08-01,GBR,FRA,0.1094,3,False
2021-09-01,GBR,FRA,0.2609,3,False
2021-10-01,GBR,FRA,0.1042,3,False
2021-11-01,GBR,FRA,0.1673,3,False
2021-12-01,GBR,FRA,0.1267,3,False
2022-01-01,GBR,FRA,0.1527,3,False
2022-02-01,GBR,FRA,0.1789,3,False
2022-03-01,GBR,FRA,0.0691,3,False
2022-04-01,GBR,FRA,0.0284,3,True
2022-05-01,GBR,FRA,0.0544,3,False
2022-06-01,GBR,FRA,0.0591,3,False
2022-07-01,GBR,FRA,0.0723,3,False
2022-08-01,GBR,FRA,0.1325,3,False
2022-09-01,GBR,FRA,0.2278,3,False
2022-10-01,GBR,FRA,0.1914,3,False
2022-11-01,GBR,FRA,0.1598,3,False
2022-12-01,GBR,FRA,0.202,1,False
2023-01-01,GBR,FRA,0.2119,1,False
2023-02-01,GBR,FRA,0.2356,1,False
2023-03-01,GBR,FRA,0.4286,1,False
2023-04-01,GBR,FRA,0.225,1,False
2023-05-01,GBR,FRA,0.2005,1,False
2023-06-01,GBR,FRA,0.0403,1,True
2023-07-01,GBR,FRA,0.0673,1,False
2023-08-01,GBR,FRA,0.0959,1,False
2023-09-01,GBR,FRA,0.0439,4,True
2023-10-01,GBR,FRA,0.0247,3,True
2023-11-01,GBR,FRA,0.0008,4,True
2023-12-01,GBR,FRA,0.0002,3,True
2024-01-01,GBR,FRA,0.0005,2,True
2024-02-01,GBR,FRA,0.0002,2,True
2024-03-01,GBR,FRA,0.0002,2,True
2024-04-01,GBR,FRA,0.0004,3,True
2024-05-01,GBR,FRA,0.0004,3,True
2024-06-01,GBR,FRA,0.0005,2,True
2024-07-01,GBR,FRA,0.0006,2,True
2024-08-01,GBR,FRA,0.0007,2,True
2024-09-01,GBR,FRA,0.0004,2,True
2024-10-01,GBR,FRA,0.0012,2,True
2024-11-01,GBR,FRA,0.0011,2,True
2024-12-01,GBR,FRA,0.0022,2,True
2025-01-01,GBR,FRA,0.0048,1,True
2025-02-01,GBR,FRA,0.0084,1,True
2025-03-01,GBR,FRA,0.0459,1,True
2025-04-01,GBR,FRA,0.0403,1,True
2025-05-01,GBR,FRA,0.0562,1,False
2025-06-01,GBR,FRA,0.0972,1,False
2025-07-01,GBR,FRA,0.0618,1,False
2025-08-01,GBR,FRA,0.0609,1,False
2025-09-01,GBR,FRA,0.0575,1,False
2025-10-01,GBR,FRA,0.0943,1,False
2025-11-01,GBR,FRA,0.1449,1,False
2025-12-01,GBR,FRA,0.1233,1,False
2026-01-01,GBR,FRA,0.2449,1,False
2026-02-01,GBR,FRA,0.3326,2,False
2026-03-01,GBR,FRA,0.3136,3,False
2015-01-01,GBR,JPN,0.2467,3,False
2015-02-01,GBR,JPN,0.1895,2,False
2015-03-01,GBR,JPN,0.3922,2,False
2015-04-01,GBR,JPN,0.5256,2,False
2015-05-01,GBR,JPN,0.1799,1,False
2015-06-01,GBR,JPN,0.1369,1,False
2015-07-01,GBR,JPN,0.1049,1,False
2015-08-01,GBR,JPN,0.0852,1,False
2015-09-01,GBR,JPN,0.0804,1,False
2015-10-01,GBR,JPN,0.0732,1,False
2015-11-01,GBR,JPN,0.1393,1,False
2015-12-01,GBR,JPN,0.1055,1,False
2016-01-01,GBR,JPN,0.0826,1,False
2016-02-01,GBR,JPN,0.028,1,True
2016-03-01,GBR,JPN,0.0148,1,True
2016-04-01,GBR,JPN,0.0082,1,True
2016-05-01,GBR,JPN,0.0087,1,True
2016-06-01,GBR,JPN,0.0132,1,True
2016-07-01,GBR,JPN,0.0254,1,True
2016-08-01,GBR,JPN,0.0212,1,True
2016-09-01,GBR,JPN,0.0231,1,True
2016-10-01,GBR,JPN,0.0172,1,True
2016-11-01,GBR,JPN,0.013,1,True
2016-12-01,GBR,JPN,0.0087,1,True
2017-01-01,GBR,JPN,0.0066,1,True
2017-02-01,GBR,JPN,0.0086,1,True
2017-03-01,GBR,JPN,0.0238,1,True
2017-04-01,GBR,JPN,0.0827,1,False
2017-05-01,GBR,JPN,0.0793,1,False
2017-06-01,GBR,JPN,0.1063,1,False
2017-07-01,GBR,JPN,0.1524,1,False
2017-08-01,GBR,JPN,0.1909,1,False
2017-09-01,GBR,JPN,0.1632,1,False
2017-10-01,GBR,JPN,0.1115,1,False
2017-11-01,GBR,JPN,0.356,1,False
2017-12-01,GBR,JPN,0.1428,4,False
2018-01-01,GBR,JPN,0.0174,3,True
2018-02-01,GBR,JPN,0.006,2,True
2018-03-01,GBR,JPN,0.0005,1,True
2018-04-01,GBR,JPN,0.0173,1,True
2018-05-01,GBR,JPN,0.0155,1,True
2018-06-01,GBR,JPN,0.0171,1,True
2018-07-01,GBR,JPN,0.0227,1,True
2018-08-01,GBR,JPN,0.0256,1,True
2018-09-01,GBR,JPN,0.0385,2,True
2018-10-01,GBR,JPN,0.014,1,True
2018-11-01,GBR,JPN,0.0263,1,True
2018-12-01,GBR,JPN,0.0111,1,True
2019-01-01,GBR,JPN,0.02,2,True
2019-02-01,GBR,JPN,0.0102,1,True
2019-03-01,GBR,JPN,0.0147,1,True
2019-04-01,GBR,JPN,0.0326,1,True
2019-05-01,GBR,JPN,0.0975,1,False
2019-06-01,GBR,JPN,0.0843,1,False
2019-07-01,GBR,JPN,0.1285,1,False
2019-08-01,GBR,JPN,0.234,1,False
2019-09-01,GBR,JPN,0.1617,2,False
2019-10-01,GBR,JPN,0.1641,2,False
2019-11-01,GBR,JPN,0.0976,1,False
2019-12-01,GBR,JPN,0.1307,2,False
2020-01-01,GBR,JPN,0.2402,2,False
2020-02-01,GBR,JPN,0.3017,2,False
2020-03-01,GBR,JPN,0.3192,2,False
2020-04-01,GBR,JPN,0.3572,2,False
2020-05-01,GBR,JPN,0.2025,1,False
2020-06-01,GBR,JPN,0.103,1,False
2020-07-01,GBR,JPN,0.0049,4,True
2020-08-01,GBR,JPN,0.0063,3,True
2020-09-01,GBR,JPN,0.0025,2,True
2020-10-01,GBR,JPN,0.0047,1,True
2020-11-01,GBR,JPN,0.0048,1,True
2020-12-01,GBR,JPN,0.0159,2,True
2021-01-01,GBR,JPN,0.0097,4,True
2021-02-01,GBR,JPN,0.0078,4,True
2021-03-01,GBR,JPN,0.0194,4,True
2021-04-01,GBR,JPN,0.0299,4,True
2021-05-01,GBR,JPN,0.0527,2,False
2021-06-01,GBR,JPN,0.0477,1,True
2021-07-01,GBR,JPN,0.0483,1,True
2021-08-01,GBR,JPN,0.1243,1,False
2021-09-01,GBR,JPN,0.0324,4,True
2021-10-01,GBR,JPN,0.0246,4,True
2021-11-01,GBR,JPN,0.0401,1,True
2021-12-01,GBR,JPN,0.0848,1,False
2022-01-01,GBR,JPN,0.2924,1,False
2022-02-01,GBR,JPN,0.1445,1,False
2022-03-01,GBR,JPN,0.0273,1,True
2022-04-01,GBR,JPN,0.0072,1,True
2022-05-01,GBR,JPN,0.0127,1,True
2022-06-01,GBR,JPN,0.0561,1,False
2022-07-01,GBR,JPN,0.006,2,True
2022-08-01,GBR,JPN,0.0168,2,True
2022-09-01,GBR,JPN,0.0334,2,True
2022-10-01,GBR,JPN,0.0104,2,True
2022-11-01,GBR,JPN,0.0054,2,True
2022-12-01,GBR,JPN,0.003,2,True
2023-01-01,GBR,JPN,0.002,1,True
2023-02-01,GBR,JPN,0.0013,2,True
2023-03-01,GBR,JPN,0.0015,1,True
2023-04-01,GBR,JPN,0.0031,2,True
2023-05-01,GBR,JPN,0.0017,2,True
2023-06-01,GBR,JPN,0.0006,2,True
2023-07-01,GBR,JPN,0.0029,2,True
2023-08-01,GBR,JPN,0.019,2,True
2023-09-01,GBR,JPN,0.067,2,False
2023-10-01,GBR,JPN,0.0467,2,True
2023-11-01,GBR,JPN,0.0518,2,False
2023-12-01,GBR,JPN,0.0501,2,False
2024-01-01,GBR,JPN,0.1249,2,False
2024-02-01,GBR,JPN,0.0561,2,False
2024-03-01,GBR,JPN,0.0415,2,True
2024-04-01,GBR,JPN,0.0536,2,False
2024-05-01,GBR,JPN,0.0945,2,False
2024-06-01,GBR,JPN,0.0604,2,False
2024-07-01,GBR,JPN,0.1059,2,False
2024-08-01,GBR,JPN,0.0816,2,False
2024-09-01,GBR,JPN,0.0642,2,False
2024-10-01,GBR,JPN,0.0537,2,False
2024-11-01,GBR,JPN,0.073,2,False
2024-12-01,GBR,JPN,0.0677,2,False
2025-01-01,GBR,JPN,0.1366,2,False
2025-02-01,GBR,JPN,0.1512,2,False
2025-03-01,GBR,JPN,0.1514,2,False
2025-04-01,GBR,JPN,0.3316,2,False
2025-05-01,GBR,JPN,0.1714,1,False
2025-06-01,GBR,JPN,0.336,3,False
2025-07-01,GBR,JPN,0.2526,2,False
2025-08-01,GBR,JPN,0.1171,3,False
2025-09-01,GBR,JPN,0.2163,3,False
2025-10-01,GBR,JPN,0.2164,3,False
2025-11-01,GBR,JPN,0.3447,3,False
2025-12-01,GBR,JPN,0.4474,3,False
2026-01-01,GBR,JPN,0.5027,3,False
2026-02-01,GBR,JPN,0.4924,4,False
2026-03-01,GBR,JPN,0.5796,3,False
2015-01-01,USA,IND,0.0739,2,False
2015-02-01,USA,IND,0.0695,2,False
2015-03-01,USA,IND,0.1303,4,False
2015-04-01,USA,IND,0.2623,2,False
2015-05-01,USA,IND,0.191,2,False
2015-06-01,USA,IND,0.2061,2,False
2015-07-01,USA,IND,0.3077,2,False
2015-08-01,USA,IND,0.182,2,False
2015-09-01,USA,IND,0.1802,2,False
2015-10-01,USA,IND,0.2279,2,False
2015-11-01,USA,IND,0.4029,4,False
2015-12-01,USA,IND,0.3893,4,False
2016-01-01,USA,IND,0.3899,2,False
2016-02-01,USA,IND,0.3613,2,False
2016-03-01,USA,IND,0.2341,2,False
2016-04-01,USA,IND,0.3263,4,False
2016-05-01,USA,IND,0.2791,2,False
2016-06-01,USA,IND,0.2837,2,False
2016-07-01,USA,IND,0.2583,2,False
2016-08-01,USA,IND,0.3395,2,False
2016-09-01,USA,IND,0.6529,3,False
2016-10-01,USA,IND,0.5898,2,False
2016-11-01,USA,IND,0.6524,2,False
2016-12-01,USA,IND,0.5339,1,False
2017-01-01,USA,IND,0.4658,1,False
2017-02-01,USA,IND,0.4111,1,False
2017-03-01,USA,IND,0.5283,1,False
2017-04-01,USA,IND,0.4064,1,False
2017-05-01,USA,IND,0.269,3,False
2017-06-01,USA,IND,0.2379,2,False
2017-07-01,USA,IND,0.1066,1,False
2017-08-01,USA,IND,0.0736,1,False
2017-09-01,USA,IND,0.0569,1,False
2017-10-01,USA,IND,0.1306,1,False
2017-11-01,USA,IND,0.1236,2,False
2017-12-01,USA,IND,0.1128,2,False
2018-01-01,USA,IND,0.1247,2,False
2018-02-01,USA,IND,0.3893,1,False
2018-03-01,USA,IND,0.2571,2,False
2018-04-01,USA,IND,0.2788,4,False
2018-05-01,USA,IND,0.0927,3,False
2018-06-01,USA,IND,0.0851,2,False
2018-07-01,USA,IND,0.13,1,False
2018-08-01,USA,IND,0.5355,1,False
2018-09-01,USA,IND,0.767,4,False
2018-10-01,USA,IND,0.4756,1,False
2018-11-01,USA,IND,0.3129,1,False
2018-12-01,USA,IND,0.3674,1,False
2019-01-01,USA,IND,0.1243,4,False
2019-02-01,USA,IND,0.3443,1,False
2019-03-01,USA,IND,0.3431,1,False
2019-04-01,USA,IND,0.2234,4,False
2019-05-01,USA,IND,0.1565,1,False
2019-06-01,USA,IND,0.1903,1,False
2019-07-01,USA,IND,0.1284,1,False
2019-08-01,USA,IND,0.2352,4,False
2019-09-01,USA,IND,0.2936,4,False
2019-10-01,USA,IND,0.303,4,False
2019-11-01,USA,IND,0.2927,4,False
2019-12-01,USA,IND,0.2623,4,False
2020-01-01,USA,IND,0.2684,4,False
2020-02-01,USA,IND,0.3064,1,False
2020-03-01,USA,IND,0.2747,1,False
2020-04-01,USA,IND,0.2565,1,False
2020-05-01,USA,IND,0.2806,1,False
2020-06-01,USA,IND,0.3877,4,False
2020-07-01,USA,IND,0.532,4,False
2020-08-01,USA,IND,0.6736,2,False
2020-09-01,USA,IND,0.6523,2,False
2020-10-01,USA,IND,0.6951,1,False
2020-11-01,USA,IND,0.6708,2,False
2020-12-01,USA,IND,0.6858,2,False
2021-01-01,USA,IND,0.7591,4,False
2021-02-01,USA,IND,0.7297,4,False
2021-03-01,USA,IND,0.5757,4,False
2021-04-01,USA,IND,0.6604,2,False
2021-05-01,USA,IND,0.7939,1,False
2021-06-01,USA,IND,0.7625,1,False
2021-07-01,USA,IND,0.9011,4,False
2021-08-01,USA,IND,0.8441,4,False
2021-09-01,USA,IND,0.6406,1,False
2021-10-01,USA,IND,0.4934,1,False
2021-11-01,USA,IND,0.4928,1,False
2021-12-01,USA,IND,0.5098,4,False
2022-01-01,USA,IND,0.4767,4,False
2022-02-01,USA,IND,0.561,4,False
2022-03-01,USA,IND,0.3885,4,False
2022-04-01,USA,IND,0.475,4,False
2022-05-01,USA,IND,0.5289,4,False
2022-06-01,USA,IND,0.5108,1,False
2022-07-01,USA,IND,0.5177,4,False
2022-08-01,USA,IND,0.3294,4,False
2022-09-01,USA,IND,0.0459,4,True
2022-10-01,USA,IND,0.0495,4,True
2022-11-01,USA,IND,0.0381,4,True
2022-12-01,USA,IND,0.0254,4,True
2023-01-01,USA,IND,0.0777,4,False
2023-02-01,USA,IND,0.0472,1,True
2023-03-01,USA,IND,0.0404,2,True
2023-04-01,USA,IND,0.0463,2,True
2023-05-01,USA,IND,0.0389,2,True
2023-06-01,USA,IND,0.0223,2,True
2023-07-01,USA,IND,0.0017,4,True
2023-08-01,USA,IND,0.0049,2,True
2023-09-01,USA,IND,0.0005,2,True
2023-10-01,USA,IND,0.0003,2,True
2023-11-01,USA,IND,0.0027,2,True
2023-12-01,USA,IND,0.0051,2,True
2024-01-01,USA,IND,0.0056,2,True
2024-02-01,USA,IND,0.0042,2,True
2024-03-01,USA,IND,0.0149,2,True
2024-04-01,USA,IND,0.0013,2,True
2024-05-01,USA,IND,0.0003,2,True
2024-06-01,USA,IND,0.0004,2,True
2024-07-01,USA,IND,0.0007,2,True
2024-08-01,USA,IND,0.0066,2,True
2024-09-01,USA,IND,0.0067,2,True
2024-10-01,USA,IND,0.0049,2,True
2024-11-01,USA,IND,0.0034,2,True
2024-12-01,USA,IND,0.0022,2,True
2025-01-01,USA,IND,0.0017,2,True
2025-02-01,USA,IND,0.0013,2,True
2025-03-01,USA,IND,0.0004,2,True
2025-04-01,USA,IND,0.0005,2,True
2025-05-01,USA,IND,0.001,2,True
2025-06-01,USA,IND,0.0019,2,True
2025-07-01,USA,IND,0.0018,2,True
2025-08-01,USA,IND,0.0018,2,True
2025-09-01,USA,IND,0.0015,2,True
2025-10-01,USA,IND,0.0014,2,True
2025-11-01,USA,IND,0.0018,2,True
2025-12-01,USA,IND,0.0038,2,True
2026-01-01,USA,IND,0.0033,2,True
2026-02-01,USA,IND,0.003,2,True
2026-03-01,USA,IND,0.0003,2,True
2015-01-01,USA,CHN,0.2091,3,False
2015-02-01,USA,CHN,0.0889,2,False
2015-03-01,USA,CHN,0.0145,1,True
2015-04-01,USA,CHN,0.0202,1,True
2015-05-01,USA,CHN,0.0412,1,True
2015-06-01,USA,CHN,0.0624,1,False
2015-07-01,USA,CHN,0.0806,1,False
2015-08-01,USA,CHN,0.0351,1,True
2015-09-01,USA,CHN,0.0441,1,True
2015-10-01,USA,CHN,0.0664,1,False
2015-11-01,USA,CHN,0.0562,1,False
2015-12-01,USA,CHN,0.0594,1,False
2016-01-01,USA,CHN,0.0944,1,False
2016-02-01,USA,CHN,0.0265,1,True
2016-03-01,USA,CHN,0.0705,1,False
2016-04-01,USA,CHN,0.0955,1,False
2016-05-01,USA,CHN,0.0597,4,False
2016-06-01,USA,CHN,0.0505,1,False
2016-07-01,USA,CHN,0.0348,4,True
2016-08-01,USA,CHN,0.025,4,True
2016-09-01,USA,CHN,0.0237,4,True
2016-10-01,USA,CHN,0.0141,1,True
2016-11-01,USA,CHN,0.007,1,True
2016-12-01,USA,CHN,0.0084,1,True
2017-01-01,USA,CHN,0.0056,1,True
2017-02-01,USA,CHN,0.0244,1,True
2017-03-01,USA,CHN,0.006,1,True
2017-04-01,USA,CHN,0.0056,1,True
2017-05-01,USA,CHN,0.0066,1,True
2017-06-01,USA,CHN,0.0062,1,True
2017-07-01,USA,CHN,0.0054,1,True
2017-08-01,USA,CHN,0.0047,1,True
2017-09-01,USA,CHN,0.0049,1,True
2017-10-01,USA,CHN,0.0037,1,True
2017-11-01,USA,CHN,0.0032,1,True
2017-12-01,USA,CHN,0.0016,1,True
2018-01-01,USA,CHN,0.006,1,True
2018-02-01,USA,CHN,0.0119,1,True
2018-03-01,USA,CHN,0.031,4,True
2018-04-01,USA,CHN,0.0098,3,True
2018-05-01,USA,CHN,0.0013,2,True
2018-06-01,USA,CHN,0.001,1,True
2018-07-01,USA,CHN,0.0158,1,True
2018-08-01,USA,CHN,0.0055,1,True
2018-09-01,USA,CHN,0.02,1,True
2018-10-01,USA,CHN,0.0331,1,True
2018-11-01,USA,CHN,0.0634,1,False
2018-12-01,USA,CHN,0.1248,1,False
2019-01-01,USA,CHN,0.0692,1,False
2019-02-01,USA,CHN,0.2713,1,False
2019-03-01,USA,CHN,0.4279,2,False
2019-04-01,USA,CHN,0.5169,2,False
2019-05-01,USA,CHN,0.7143,2,False
2019-06-01,USA,CHN,0.6334,2,False
2019-07-01,USA,CHN,0.5786,2,False
2019-08-01,USA,CHN,0.5493,3,False
2019-09-01,USA,CHN,0.2886,2,False
2019-10-01,USA,CHN,0.3111,2,False
2019-11-01,USA,CHN,0.235,2,False
2019-12-01,USA,CHN,0.4976,3,False
2020-01-01,USA,CHN,0.2609,2,False
2020-02-01,USA,CHN,0.1713,2,False
2020-03-01,USA,CHN,0.087,2,False
2020-04-01,USA,CHN,0.1789,2,False
2020-05-01,USA,CHN,0.5719,2,False
2020-06-01,USA,CHN,0.402,1,False
2020-07-01,USA,CHN,0.2921,2,False
2020-08-01,USA,CHN,0.0859,2,False
2020-09-01,USA,CHN,0.4269,4,False
2020-10-01,USA,CHN,0.18,4,False
2020-11-01,USA,CHN,0.0383,4,True
2020-12-01,USA,CHN,0.2146,3,False
2021-01-01,USA,CHN,0.1854,4,False
2021-02-01,USA,CHN,0.158,4,False
2021-03-01,USA,CHN,0.26,4,False
2021-04-01,USA,CHN,0.2533,3,False
2021-05-01,USA,CHN,0.2471,3,False
2021-06-01,USA,CHN,0.2239,3,False
2021-07-01,USA,CHN,0.2266,1,False
2021-08-01,USA,CHN,0.188,1,False
2021-09-01,USA,CHN,0.2087,1,False
2021-10-01,USA,CHN,0.1975,1,False
2021-11-01,USA,CHN,0.234,1,False
2021-12-01,USA,CHN,0.2662,1,False
2022-01-01,USA,CHN,0.3627,3,False
2022-02-01,USA,CHN,0.3613,3,False
2022-03-01,USA,CHN,0.4142,3,False
2022-04-01,USA,CHN,0.3154,3,False
2022-05-01,USA,CHN,0.5728,2,False
2022-06-01,USA,CHN,0.6111,3,False
2022-07-01,USA,CHN,0.42,3,False
2022-08-01,USA,CHN,0.4116,4,False
2022-09-01,USA,CHN,0.4169,3,False
2022-10-01,USA,CHN,0.4884,2,False
2022-11-01,USA,CHN,0.3868,3,False
2022-12-01,USA,CHN,0.3988,2,False
2023-01-01,USA,CHN,0.3664,2,False
2023-02-01,USA,CHN,0.4993,3,False
2023-03-01,USA,CHN,0.5705,2,False
2023-04-01,USA,CHN,0.6369,4,False
2023-05-01,USA,CHN,0.7455,2,False
2023-06-01,USA,CHN,0.6853,2,False
2023-07-01,USA,CHN,0.8418,1,False
2023-08-01,USA,CHN,0.3087,1,False
2023-09-01,USA,CHN,0.1011,1,False
2023-10-01,USA,CHN,0.046,1,True
2023-11-01,USA,CHN,0.0143,1,True
2023-12-01,USA,CHN,0.0015,1,True
2024-01-01,USA,CHN,0.0009,1,True
2024-02-01,USA,CHN,0.0004,1,True
2024-03-01,USA,CHN,0.0003,3,True
2024-04-01,USA,CHN,0.0001,2,True
2024-05-01,USA,CHN,0.0,1,True
2024-06-01,USA,CHN,0.0002,1,True
2024-07-01,USA,CHN,0.0002,1,True
2024-08-01,USA,CHN,0.0002,1,True
2024-09-01,USA,CHN,0.0002,1,True
2024-10-01,USA,CHN,0.0007,1,True
2024-11-01,USA,CHN,0.0046,1,True
2024-12-01,USA,CHN,0.0266,1,True
2025-01-01,USA,CHN,0.0371,1,True
2025-02-01,USA,CHN,0.0231,1,True
2025-03-01,USA,CHN,0.0169,1,True
2025-04-01,USA,CHN,0.0372,1,True
2025-05-01,USA,CHN,0.028,2,True
2025-06-01,USA,CHN,0.0159,1,True
2025-07-01,USA,CHN,0.0201,1,True
2025-08-01,USA,CHN,0.0712,1,False
2025-09-01,USA,CHN,0.0816,2,False
2025-10-01,USA,CHN,0.0489,1,True
2025-11-01,USA,CHN,0.1473,1,False
2025-12-01,USA,CHN,0.2651,2,False
2026-01-01,USA,CHN,0.3838,3,False
2026-02-01,USA,CHN,0.4101,3,False
2026-03-01,USA,CHN,0.6596,1,False
2015-01-01,USA,VNM,0.3311,1,False
2015-02-01,USA,VNM,0.5447,2,False
2015-03-01,USA,VNM,0.1326,1,False
2015-04-01,USA,VNM,0.2132,1,False
2015-05-01,USA,VNM,0.0995,1,False
2015-06-01,USA,VNM,0.11,1,False
2015-07-01,USA,VNM,0.1528,1,False
2015-08-01,USA,VNM,0.1473,1,False
2015-09-01,USA,VNM,0.0652,1,False
2015-10-01,USA,VNM,0.0544,1,False
2015-11-01,USA,VNM,0.0395,1,True
2015-12-01,USA,VNM,0.0274,1,True
2016-01-01,USA,VNM,0.0374,1,True
2016-02-01,USA,VNM,0.0422,1,True
2016-03-01,USA,VNM,0.0333,1,True
2016-04-01,USA,VNM,0.0272,1,True
2016-05-01,USA,VNM,0.0185,1,True
2016-06-01,USA,VNM,0.0153,1,True
2016-07-01,USA,VNM,0.0151,1,True
2016-08-01,USA,VNM,0.0113,1,True
2016-09-01,USA,VNM,0.01,1,True
2016-10-01,USA,VNM,0.0036,1,True
2016-11-01,USA,VNM,0.0002,1,True
2016-12-01,USA,VNM,0.0001,1,True
2017-01-01,USA,VNM,0.0,1,True
2017-02-01,USA,VNM,0.0,1,True
2017-03-01,USA,VNM,0.0,1,True
2017-04-01,USA,VNM,0.0002,1,True
2017-05-01,USA,VNM,0.0004,1,True
2017-06-01,USA,VNM,0.0004,1,True
2017-07-01,USA,VNM,0.0005,1,True
2017-08-01,USA,VNM,0.0016,1,True
2017-09-01,USA,VNM,0.0015,1,True
2017-10-01,USA,VNM,0.0008,1,True
2017-11-01,USA,VNM,0.0005,1,True
2017-12-01,USA,VNM,0.0002,1,True
2018-01-01,USA,VNM,0.0001,1,True
2018-02-01,USA,VNM,0.0003,1,True
2018-03-01,USA,VNM,0.0001,1,True
2018-04-01,USA,VNM,0.0065,1,True
2018-05-01,USA,VNM,0.013,1,True
2018-06-01,USA,VNM,0.0111,1,True
2018-07-01,USA,VNM,0.0115,1,True
2018-08-01,USA,VNM,0.0104,1,True
2018-09-01,USA,VNM,0.2421,1,False
2018-10-01,USA,VNM,0.7738,4,False
2018-11-01,USA,VNM,0.317,4,False
2018-12-01,USA,VNM,0.3313,4,False
2019-01-01,USA,VNM,0.3485,2,False
2019-02-01,USA,VNM,0.3406,2,False
2019-03-01,USA,VNM,0.4274,2,False
2019-04-01,USA,VNM,0.2539,2,False
2019-05-01,USA,VNM,0.3995,2,False
2019-06-01,USA,VNM,0.3432,4,False
2019-07-01,USA,VNM,0.3159,4,False
2019-08-01,USA,VNM,0.2826,2,False
2019-09-01,USA,VNM,0.2723,2,False
2019-10-01,USA,VNM,0.1809,2,False
2019-11-01,USA,VNM,0.1928,2,False
2019-12-01,USA,VNM,0.312,2,False
2020-01-01,USA,VNM,0.4443,3,False
2020-02-01,USA,VNM,0.5168,2,False
2020-03-01,USA,VNM,0.4761,2,False
2020-04-01,USA,VNM,0.5652,2,False
2020-05-01,USA,VNM,0.7938,2,False
2020-06-01,USA,VNM,0.2904,2,False
2020-07-01,USA,VNM,0.1014,1,False
2020-08-01,USA,VNM,0.0303,1,True
2020-09-01,USA,VNM,0.0371,1,True
2020-10-01,USA,VNM,0.0434,1,True
2020-11-01,USA,VNM,0.0538,1,False
2020-12-01,USA,VNM,0.0539,1,False
2021-01-01,USA,VNM,0.0581,1,False
2021-02-01,USA,VNM,0.061,1,False
2021-03-01,USA,VNM,0.0494,1,True
2021-04-01,USA,VNM,0.0533,1,False
2021-05-01,USA,VNM,0.0148,1,True
2021-06-01,USA,VNM,0.0327,1,True
2021-07-01,USA,VNM,0.3133,1,False
2021-08-01,USA,VNM,0.1049,1,False
2021-09-01,USA,VNM,0.0776,1,False
2021-10-01,USA,VNM,0.2685,4,False
2021-11-01,USA,VNM,0.2132,4,False
2021-12-01,USA,VNM,0.1017,4,False
2022-01-01,USA,VNM,0.0858,4,False
2022-02-01,USA,VNM,0.0801,4,False
2022-03-01,USA,VNM,0.1824,4,False
2022-04-01,USA,VNM,0.2027,1,False
2022-05-01,USA,VNM,0.2364,1,False
2022-06-01,USA,VNM,0.1171,1,False
2022-07-01,USA,VNM,0.1313,1,False
2022-08-01,USA,VNM,0.0731,1,False
2022-09-01,USA,VNM,0.0659,1,False
2022-10-01,USA,VNM,0.0288,1,True
2022-11-01,USA,VNM,0.0326,1,True
2022-12-01,USA,VNM,0.0371,1,True
2023-01-01,USA,VNM,0.0644,1,False
2023-02-01,USA,VNM,0.0461,1,True
2023-03-01,USA,VNM,0.0187,1,True
2023-04-01,USA,VNM,0.0061,1,True
2023-05-01,USA,VNM,0.0146,1,True
2023-06-01,USA,VNM,0.0368,1,True
2023-07-01,USA,VNM,0.1137,1,False
2023-08-01,USA,VNM,0.1498,1,False
2023-09-01,USA,VNM,0.0705,1,False
2023-10-01,USA,VNM,0.0858,1,False
2023-11-01,USA,VNM,0.0654,1,False
2023-12-01,USA,VNM,0.1366,2,False
2024-01-01,USA,VNM,0.2019,2,False
2024-02-01,USA,VNM,0.1802,2,False
2024-03-01,USA,VNM,0.1239,2,False
2024-04-01,USA,VNM,0.1496,2,False
2024-05-01,USA,VNM,0.3018,2,False
2024-06-01,USA,VNM,0.061,4,False
2024-07-01,USA,VNM,0.0655,4,False
2024-08-01,USA,VNM,0.0638,2,False
2024-09-01,USA,VNM,0.0673,2,False
2024-10-01,USA,VNM,0.0914,3,False
2024-11-01,USA,VNM,0.0909,3,False
2024-12-01,USA,VNM,0.0983,3,False
2025-01-01,USA,VNM,0.083,3,False
2025-02-01,USA,VNM,0.1085,3,False
2025-03-01,USA,VNM,0.1216,3,False
2025-04-01,USA,VNM,0.2293,3,False
2025-05-01,USA,VNM,0.1269,3,False
2025-06-01,USA,VNM,0.1758,4,False
2025-07-01,USA,VNM,0.0774,3,False
2025-08-01,USA,VNM,0.0353,3,True
2025-09-01,USA,VNM,0.0812,2,False
2025-10-01,USA,VNM,0.0918,1,False
2025-11-01,USA,VNM,0.124,1,False
2025-12-01,USA,VNM,0.1941,4,False
2026-01-01,USA,VNM,0.1912,4,False
2026-02-01,USA,VNM,0.2087,4,False
2026-03-01,USA,VNM,0.1878,3,False
2015-01-01,USA,IDN,0.8011,1,False
2015-02-01,USA,IDN,0.9339,2,False
2015-03-01,USA,IDN,0.2664,1,False
2015-04-01,USA,IDN,0.2321,1,False
2015-05-01,USA,IDN,0.317,1,False
2015-06-01,USA,IDN,0.6993,1,False
2015-07-01,USA,IDN,0.5536,4,False
2015-08-01,USA,IDN,0.084,3,False
2015-09-01,USA,IDN,0.1111,2,False
2015-10-01,USA,IDN,0.1049,3,False
2015-11-01,USA,IDN,0.0877,3,False
2015-12-01,USA,IDN,0.1053,3,False
2016-01-01,USA,IDN,0.243,3,False
2016-02-01,USA,IDN,0.411,3,False
2016-03-01,USA,IDN,0.4187,2,False
2016-04-01,USA,IDN,0.4533,4,False
2016-05-01,USA,IDN,0.449,2,False
2016-06-01,USA,IDN,0.5492,4,False
2016-07-01,USA,IDN,0.6342,4,False
2016-08-01,USA,IDN,0.7879,3,False
2016-09-01,USA,IDN,0.8265,3,False
2016-10-01,USA,IDN,0.7714,3,False
2016-11-01,USA,IDN,0.7892,3,False
2016-12-01,USA,IDN,0.829,3,False
2017-01-01,USA,IDN,0.8279,1,False
2017-02-01,USA,IDN,0.8838,1,False
2017-03-01,USA,IDN,0.8789,3,False
2017-04-01,USA,IDN,0.763,3,False
2017-05-01,USA,IDN,0.6273,3,False
2017-06-01,USA,IDN,0.556,3,False
2017-07-01,USA,IDN,0.5277,3,False
2017-08-01,USA,IDN,0.4443,1,False
2017-09-01,USA,IDN,0.4164,1,False
2017-10-01,USA,IDN,0.2655,3,False
2017-11-01,USA,IDN,0.0605,4,False
2017-12-01,USA,IDN,0.0198,3,True
2018-01-01,USA,IDN,0.0595,3,False
2018-02-01,USA,IDN,0.0556,1,False
2018-03-01,USA,IDN,0.0474,1,True
2018-04-01,USA,IDN,0.0435,1,True
2018-05-01,USA,IDN,0.0728,3,False
2018-06-01,USA,IDN,0.0756,3,False
2018-07-01,USA,IDN,0.0638,3,False
2018-08-01,USA,IDN,0.0766,3,False
2018-09-01,USA,IDN,0.0726,3,False
2018-10-01,USA,IDN,0.0763,3,False
2018-11-01,USA,IDN,0.0492,3,True
2018-12-01,USA,IDN,0.0284,3,True
2019-01-01,USA,IDN,0.0447,3,True
2019-02-01,USA,IDN,0.0288,2,True
2019-03-01,USA,IDN,0.1597,1,False
2019-04-01,USA,IDN,0.2045,2,False
2019-05-01,USA,IDN,0.2086,2,False
2019-06-01,USA,IDN,0.2095,2,False
2019-07-01,USA,IDN,0.3475,2,False
2019-08-01,USA,IDN,0.3178,3,False
2019-09-01,USA,IDN,0.3086,2,False
2019-10-01,USA,IDN,0.2407,3,False
2019-11-01,USA,IDN,0.1915,3,False
2019-12-01,USA,IDN,0.1952,3,False
2020-01-01,USA,IDN,0.3041,3,False
2020-02-01,USA,IDN,0.214,3,False
2020-03-01,USA,IDN,0.178,3,False
2020-04-01,USA,IDN,0.1595,3,False
2020-05-01,USA,IDN,0.1612,3,False
2020-06-01,USA,IDN,0.1695,3,False
2020-07-01,USA,IDN,0.1227,3,False
2020-08-01,USA,IDN,0.2446,4,False
2020-09-01,USA,IDN,0.0941,4,False
2020-10-01,USA,IDN,0.0923,3,False
2020-11-01,USA,IDN,0.0627,3,False
2020-12-01,USA,IDN,0.0566,3,False
2021-01-01,USA,IDN,0.0553,3,False
2021-02-01,USA,IDN,0.0662,3,False
2021-03-01,USA,IDN,0.0669,3,False
2021-04-01,USA,IDN,0.0513,3,False
2021-05-01,USA,IDN,0.052,3,False
2021-06-01,USA,IDN,0.0326,3,True
2021-07-01,USA,IDN,0.0364,3,True
2021-08-01,USA,IDN,0.0263,3,True
2021-09-01,USA,IDN,0.0365,4,True
2021-10-01,USA,IDN,0.0272,3,True
2021-11-01,USA,IDN,0.1891,3,False
2021-12-01,USA,IDN,0.1807,3,False
2022-01-01,USA,IDN,0.1738,2,False
2022-02-01,USA,IDN,0.2471,2,False
2022-03-01,USA,IDN,0.2703,2,False
2022-04-01,USA,IDN,0.1625,2,False
2022-05-01,USA,IDN,0.0602,1,False
2022-06-01,USA,IDN,0.0485,1,True
2022-07-01,USA,IDN,0.0112,2,True
2022-08-01,USA,IDN,0.0038,1,True
2022-09-01,USA,IDN,0.0066,1,True
2022-10-01,USA,IDN,0.0168,1,True
2022-11-01,USA,IDN,0.0186,1,True
2022-12-01,USA,IDN,0.0114,1,True
2023-01-01,USA,IDN,0.0099,1,True
2023-02-01,USA,IDN,0.0127,1,True
2023-03-01,USA,IDN,0.0206,1,True
2023-04-01,USA,IDN,0.0148,1,True
2023-05-01,USA,IDN,0.024,1,True
2023-06-01,USA,IDN,0.0207,2,True
2023-07-01,USA,IDN,0.0053,1,True
2023-08-01,USA,IDN,0.0142,1,True
2023-09-01,USA,IDN,0.0485,1,True
2023-10-01,USA,IDN,0.0591,1,False
2023-11-01,USA,IDN,0.1247,2,False
2023-12-01,USA,IDN,0.2493,1,False
2024-01-01,USA,IDN,0.3197,1,False
2024-02-01,USA,IDN,0.2948,1,False
2024-03-01,USA,IDN,0.2668,1,False
2024-04-01,USA,IDN,0.1982,1,False
2024-05-01,USA,IDN,0.1198,1,False
2024-06-01,USA,IDN,0.0975,1,False
2024-07-01,USA,IDN,0.0829,1,False
2024-08-01,USA,IDN,0.0507,1,False
2024-09-01,USA,IDN,0.0391,1,True
2024-10-01,USA,IDN,0.0379,1,True
2024-11-01,USA,IDN,0.0302,1,True
2024-12-01,USA,IDN,0.0269,1,True
2025-01-01,USA,IDN,0.0407,2,True
2025-02-01,USA,IDN,0.0061,1,True
2025-03-01,USA,IDN,0.0275,1,True
2025-04-01,USA,IDN,0.0622,1,False
2025-05-01,USA,IDN,0.0805,1,False
2025-06-01,USA,IDN,0.205,1,False
2025-07-01,USA,IDN,0.3552,3,False
2025-08-01,USA,IDN,0.4012,3,False
2025-09-01,USA,IDN,0.2526,4,False
2025-10-01,USA,IDN,0.3045,3,False
2025-11-01,USA,IDN,0.3919,3,False
2025-12-01,USA,IDN,0.3531,3,False
2026-01-01,USA,IDN,0.3092,3,False
2026-02-01,USA,IDN,0.3531,3,False
2026-03-01,USA,IDN,0.5338,4,False
2015-01-01,USA,THA,0.0556,2,False
2015-02-01,USA,THA,0.0008,1,True
2015-03-01,USA,THA,0.0,1,True
2015-04-01,USA,THA,0.0,1,True
2015-05-01,USA,THA,0.0,1,True
2015-06-01,USA,THA,0.0,1,True
2015-07-01,USA,THA,0.0,1,True
2015-08-01,USA,THA,0.0,1,True
2015-09-01,USA,THA,0.0,1,True
2015-10-01,USA,THA,0.0,1,True
2015-11-01,USA,THA,0.0,1,True
2015-12-01,USA,THA,0.0,1,True
2016-01-01,USA,THA,0.0,1,True
2016-02-01,USA,THA,0.0,1,True
2016-03-01,USA,THA,0.0,1,True
2016-04-01,USA,THA,0.0,1,True
2016-05-01,USA,THA,0.0,1,True
2016-06-01,USA,THA,0.0,1,True
2016-07-01,USA,THA,0.0,1,True
2016-08-01,USA,THA,0.0001,1,True
2016-09-01,USA,THA,0.0001,1,True
2016-10-01,USA,THA,0.0001,1,True
2016-11-01,USA,THA,0.0001,1,True
2016-12-01,USA,THA,0.0002,1,True
2017-01-01,USA,THA,0.0019,1,True
2017-02-01,USA,THA,0.0032,1,True
2017-03-01,USA,THA,0.001,1,True
2017-04-01,USA,THA,0.0033,1,True
2017-05-01,USA,THA,0.0029,1,True
2017-06-01,USA,THA,0.0066,1,True
2017-07-01,USA,THA,0.0057,1,True
2017-08-01,USA,THA,0.0058,1,True
2017-09-01,USA,THA,0.0105,1,True
2017-10-01,USA,THA,0.0091,1,True
2017-11-01,USA,THA,0.0335,4,True
2017-12-01,USA,THA,0.0374,4,True
2018-01-01,USA,THA,0.041,4,True
2018-02-01,USA,THA,0.0121,4,True
2018-03-01,USA,THA,0.0076,4,True
2018-04-01,USA,THA,0.0114,4,True
2018-05-01,USA,THA,0.0113,4,True
2018-06-01,USA,THA,0.0261,4,True
2018-07-01,USA,THA,0.0559,4,False
2018-08-01,USA,THA,0.0563,4,False
2018-09-01,USA,THA,0.0905,4,False
2018-10-01,USA,THA,0.0758,2,False
2018-11-01,USA,THA,0.0336,1,True
2018-12-01,USA,THA,0.0348,4,True
2019-01-01,USA,THA,0.0203,4,True
2019-02-01,USA,THA,0.0251,4,True
2019-03-01,USA,THA,0.0617,4,False
2019-04-01,USA,THA,0.0779,4,False
2019-05-01,USA,THA,0.0951,1,False
2019-06-01,USA,THA,0.2182,4,False
2019-07-01,USA,THA,0.2797,4,False
2019-08-01,USA,THA,0.372,1,False
2019-09-01,USA,THA,0.4862,1,False
2019-10-01,USA,THA,0.5353,1,False
2019-11-01,USA,THA,0.6188,1,False
2019-12-01,USA,THA,0.9596,4,False
2020-01-01,USA,THA,0.8909,3,False
2020-02-01,USA,THA,0.5376,4,False
2020-03-01,USA,THA,0.569,4,False
2020-04-01,USA,THA,0.3261,1,False
2020-05-01,USA,THA,0.5543,1,False
2020-06-01,USA,THA,0.4555,2,False
2020-07-01,USA,THA,0.2953,2,False
2020-08-01,USA,THA,0.7849,3,False
2020-09-01,USA,THA,0.6201,2,False
2020-10-01,USA,THA,0.6768,2,False
2020-11-01,USA,THA,0.6747,2,False
2020-12-01,USA,THA,0.6182,2,False
2021-01-01,USA,THA,0.6957,2,False
2021-02-01,USA,THA,0.6048,2,False
2021-03-01,USA,THA,0.5588,2,False
2021-04-01,USA,THA,0.5389,2,False
2021-05-01,USA,THA,0.2824,2,False
2021-06-01,USA,THA,0.2384,2,False
2021-07-01,USA,THA,0.2224,2,False
2021-08-01,USA,THA,0.2788,2,False
2021-09-01,USA,THA,0.3348,2,False
2021-10-01,USA,THA,0.2087,1,False
2021-11-01,USA,THA,0.1015,1,False
2021-12-01,USA,THA,0.2108,1,False
2022-01-01,USA,THA,0.3022,1,False
2022-02-01,USA,THA,0.5247,2,False
2022-03-01,USA,THA,0.4044,3,False
2022-04-01,USA,THA,0.2906,3,False
2022-05-01,USA,THA,0.4724,2,False
2022-06-01,USA,THA,0.3348,2,False
2022-07-01,USA,THA,0.3019,2,False
2022-08-01,USA,THA,0.2449,2,False
2022-09-01,USA,THA,0.1631,2,False
2022-10-01,USA,THA,0.1521,2,False
2022-11-01,USA,THA,0.15,2,False
2022-12-01,USA,THA,0.1572,2,False
2023-01-01,USA,THA,0.062,2,False
2023-02-01,USA,THA,0.4522,1,False
2023-03-01,USA,THA,0.4617,3,False
2023-04-01,USA,THA,0.3555,2,False
2023-05-01,USA,THA,0.1003,2,False
2023-06-01,USA,THA,0.1145,2,False
2023-07-01,USA,THA,0.1022,2,False
2023-08-01,USA,THA,0.0841,2,False
2023-09-01,USA,THA,0.0659,4,False
2023-10-01,USA,THA,0.0497,3,True
2023-11-01,USA,THA,0.0274,2,True
2023-12-01,USA,THA,0.0193,4,True
2024-01-01,USA,THA,0.0085,2,True
2024-02-01,USA,THA,0.0029,2,True
2024-03-01,USA,THA,0.004,2,True
2024-04-01,USA,THA,0.0065,2,True
2024-05-01,USA,THA,0.0077,2,True
2024-06-01,USA,THA,0.0047,2,True
2024-07-01,USA,THA,0.0056,2,True
2024-08-01,USA,THA,0.0036,2,True
2024-09-01,USA,THA,0.0056,2,True
2024-10-01,USA,THA,0.023,2,True
2024-11-01,USA,THA,0.037,2,True
2024-12-01,USA,THA,0.0447,2,True
2025-01-01,USA,THA,0.0314,2,True
2025-02-01,USA,THA,0.02,2,True
2025-03-01,USA,THA,0.0648,2,False
2025-04-01,USA,THA,0.084,2,False
2025-05-01,USA,THA,0.0887,2,False
2025-06-01,USA,THA,0.1143,2,False
2025-07-01,USA,THA,0.1023,2,False
2025-08-01,USA,THA,0.1556,2,False
2025-09-01,USA,THA,0.1067,1,False
2025-10-01,USA,THA,0.029,1,True
2025-11-01,USA,THA,0.0043,1,True
2025-12-01,USA,THA,0.0,1,True
2026-01-01,USA,THA,0.0001,1,True
2026-02-01,USA,THA,0.0005,1,True
2026-03-01,USA,THA,0.0027,1,True
2015-01-01,USA,BRA,0.0218,1,True
2015-02-01,USA,BRA,0.0097,1,True
2015-03-01,USA,BRA,0.0109,1,True
2015-04-01,USA,BRA,0.0068,1,True
2015-05-01,USA,BRA,0.0131,1,True
2015-06-01,USA,BRA,0.0071,4,True
2015-07-01,USA,BRA,0.0106,1,True
2015-08-01,USA,BRA,0.0198,1,True
2015-09-01,USA,BRA,0.0105,1,True
2015-10-01,USA,BRA,0.0073,1,True
2015-11-01,USA,BRA,0.0083,1,True
2015-12-01,USA,BRA,0.0125,1,True
2016-01-01,USA,BRA,0.0071,1,True
2016-02-01,USA,BRA,0.0033,1,True
2016-03-01,USA,BRA,0.0002,1,True
2016-04-01,USA,BRA,0.0002,1,True
2016-05-01,USA,BRA,0.0002,1,True
2016-06-01,USA,BRA,0.0002,1,True
2016-07-01,USA,BRA,0.0002,1,True
2016-08-01,USA,BRA,0.0003,1,True
2016-09-01,USA,BRA,0.0003,1,True
2016-10-01,USA,BRA,0.0002,1,True
2016-11-01,USA,BRA,0.0,1,True
2016-12-01,USA,BRA,0.0,1,True
2017-01-01,USA,BRA,0.0,1,True
2017-02-01,USA,BRA,0.0,1,True
2017-03-01,USA,BRA,0.0,1,True
2017-04-01,USA,BRA,0.0,1,True
2017-05-01,USA,BRA,0.0,1,True
2017-06-01,USA,BRA,0.0,1,True
2017-07-01,USA,BRA,0.0,1,True
2017-08-01,USA,BRA,0.0,1,True
2017-09-01,USA,BRA,0.0,1,True
2017-10-01,USA,BRA,0.0,1,True
2017-11-01,USA,BRA,0.0,1,True
2017-12-01,USA,BRA,0.0,1,True
2018-01-01,USA,BRA,0.0,1,True
2018-02-01,USA,BRA,0.0,1,True
2018-03-01,USA,BRA,0.0,1,True
2018-04-01,USA,BRA,0.0,1,True
2018-05-01,USA,BRA,0.0,1,True
2018-06-01,USA,BRA,0.0001,1,True
2018-07-01,USA,BRA,0.0512,1,False
2018-08-01,USA,BRA,0.0743,2,False
2018-09-01,USA,BRA,0.0826,2,False
2018-10-01,USA,BRA,0.3401,1,False
2018-11-01,USA,BRA,0.4888,2,False
2018-12-01,USA,BRA,0.5672,2,False
2019-01-01,USA,BRA,0.5715,2,False
2019-02-01,USA,BRA,0.7249,2,False
2019-03-01,USA,BRA,0.7707,2,False
2019-04-01,USA,BRA,0.6012,1,False
2019-05-01,USA,BRA,0.6047,2,False
2019-06-01,USA,BRA,0.6227,1,False
2019-07-01,USA,BRA,0.3223,2,False
2019-08-01,USA,BRA,0.3238,2,False
2019-09-01,USA,BRA,0.294,1,False
2019-10-01,USA,BRA,0.1449,1,False
2019-11-01,USA,BRA,0.0907,1,False
2019-12-01,USA,BRA,0.1012,1,False
2020-01-01,USA,BRA,0.1397,1,False
2020-02-01,USA,BRA,0.1311,1,False
2020-03-01,USA,BRA,0.1425,1,False
2020-04-01,USA,BRA,0.1231,3,False
2020-05-01,USA,BRA,0.0326,4,True
2020-06-01,USA,BRA,0.0195,3,True
2020-07-01,USA,BRA,0.0234,3,True
2020-08-01,USA,BRA,0.0198,3,True
2020-09-01,USA,BRA,0.0259,3,True
2020-10-01,USA,BRA,0.0393,3,True
2020-11-01,USA,BRA,0.0875,3,False
2020-12-01,USA,BRA,0.1427,4,False
2021-01-01,USA,BRA,0.1265,3,False
2021-02-01,USA,BRA,0.0771,4,False
2021-03-01,USA,BRA,0.1496,2,False
2021-04-01,USA,BRA,0.1087,2,False
2021-05-01,USA,BRA,0.0411,2,True
2021-06-01,USA,BRA,0.0176,2,True
2021-07-01,USA,BRA,0.0151,3,True
2021-08-01,USA,BRA,0.016,4,True
2021-09-01,USA,BRA,0.0121,4,True
2021-10-01,USA,BRA,0.0104,4,True
2021-11-01,USA,BRA,0.0039,4,True
2021-12-01,USA,BRA,0.0115,4,True
2022-01-01,USA,BRA,0.0071,4,True
2022-02-01,USA,BRA,0.0099,4,True
2022-03-01,USA,BRA,0.0066,4,True
2022-04-01,USA,BRA,0.0342,4,True
2022-05-01,USA,BRA,0.0296,4,True
2022-06-01,USA,BRA,0.0104,4,True
2022-07-01,USA,BRA,0.007,4,True
2022-08-01,USA,BRA,0.0009,4,True
2022-09-01,USA,BRA,0.0008,4,True
2022-10-01,USA,BRA,0.0025,4,True
2022-11-01,USA,BRA,0.0033,4,True
2022-12-01,USA,BRA,0.003,1,True
2023-01-01,USA,BRA,0.0048,4,True
2023-02-01,USA,BRA,0.008,1,True
2023-03-01,USA,BRA,0.0068,1,True
2023-04-01,USA,BRA,0.0016,1,True
2023-05-01,USA,BRA,0.0004,1,True
2023-06-01,USA,BRA,0.0003,1,True
2023-07-01,USA,BRA,0.0002,1,True
2023-08-01,USA,BRA,0.0003,1,True
2023-09-01,USA,BRA,0.0003,1,True
2023-10-01,USA,BRA,0.0004,4,True
2023-11-01,USA,BRA,0.0003,4,True
2023-12-01,USA,BRA,0.0004,1,True
2024-01-01,USA,BRA,0.0001,4,True
2024-02-01,USA,BRA,0.0001,4,True
2024-03-01,USA,BRA,0.0001,4,True
2024-04-01,USA,BRA,0.0012,4,True
2024-05-01,USA,BRA,0.0006,4,True
2024-06-01,USA,BRA,0.0014,4,True
2024-07-01,USA,BRA,0.0037,4,True
2024-08-01,USA,BRA,0.0039,4,True
2024-09-01,USA,BRA,0.0069,4,True
2024-10-01,USA,BRA,0.0115,4,True
2024-11-01,USA,BRA,0.0141,4,True
2024-12-01,USA,BRA,0.0268,4,True
2025-01-01,USA,BRA,0.0077,4,True
2025-02-01,USA,BRA,0.0082,4,True
2025-03-01,USA,BRA,0.0466,1,True
2025-04-01,USA,BRA,0.0253,1,True
2025-05-01,USA,BRA,0.0479,1,True
2025-06-01,USA,BRA,0.1007,1,False
2025-07-01,USA,BRA,0.1763,4,False
2025-08-01,USA,BRA,0.1481,4,False
2025-09-01,USA,BRA,0.2403,4,False
2025-10-01,USA,BRA,0.2322,4,False
2025-11-01,USA,BRA,0.2482,4,False
2025-12-01,USA,BRA,0.2535,4,False
2026-01-01,USA,BRA,0.1583,1,False
2026-02-01,USA,BRA,0.0293,1,True
2026-03-01,USA,BRA,0.0784,1,False
2015-01-01,USA,ZAF,0.0009,3,True
2015-02-01,USA,ZAF,0.0001,3,True
2015-03-01,USA,ZAF,0.0,3,True
2015-04-01,USA,ZAF,0.0,3,True
2015-05-01,USA,ZAF,0.0,3,True
2015-06-01,USA,ZAF,0.0,2,True
2015-07-01,USA,ZAF,0.0,1,True
2015-08-01,USA,ZAF,0.0,3,True
2015-09-01,USA,ZAF,0.0,3,True
2015-10-01,USA,ZAF,0.0,2,True
2015-11-01,USA,ZAF,0.0,1,True
2015-12-01,USA,ZAF,0.0,1,True
2016-01-01,USA,ZAF,0.0,1,True
2016-02-01,USA,ZAF,0.0,1,True
2016-03-01,USA,ZAF,0.0001,2,True
2016-04-01,USA,ZAF,0.0,3,True
2016-05-01,USA,ZAF,0.0,2,True
2016-06-01,USA,ZAF,0.0,2,True
2016-07-01,USA,ZAF,0.0,2,True
2016-08-01,USA,ZAF,0.0,2,True
2016-09-01,USA,ZAF,0.0001,2,True
2016-10-01,USA,ZAF,0.0,3,True
2016-11-01,USA,ZAF,0.0,2,True
2016-12-01,USA,ZAF,0.0,2,True
2017-01-01,USA,ZAF,0.0,2,True
2017-02-01,USA,ZAF,0.0,2,True
2017-03-01,USA,ZAF,0.0006,2,True
2017-04-01,USA,ZAF,0.0009,2,True
2017-05-01,USA,ZAF,0.0002,2,True
2017-06-01,USA,ZAF,0.0013,2,True
2017-07-01,USA,ZAF,0.0006,2,True
2017-08-01,USA,ZAF,0.0007,2,True
2017-09-01,USA,ZAF,0.0007,2,True
2017-10-01,USA,ZAF,0.0007,2,True
2017-11-01,USA,ZAF,0.0009,2,True
2017-12-01,USA,ZAF,0.0011,2,True
2018-01-01,USA,ZAF,0.0017,2,True
2018-02-01,USA,ZAF,0.0012,2,True
2018-03-01,USA,ZAF,0.001,2,True
2018-04-01,USA,ZAF,0.0009,2,True
2018-05-01,USA,ZAF,0.003,2,True
2018-06-01,USA,ZAF,0.0013,3,True
2018-07-01,USA,ZAF,0.0003,2,True
2018-08-01,USA,ZAF,0.0029,2,True
2018-09-01,USA,ZAF,0.0011,2,True
2018-10-01,USA,ZAF,0.0014,2,True
2018-11-01,USA,ZAF,0.0039,2,True
2018-12-01,USA,ZAF,0.0147,2,True
2019-01-01,USA,ZAF,0.0301,2,True
2019-02-01,USA,ZAF,0.0472,2,True
2019-03-01,USA,ZAF,0.076,2,False
2019-04-01,USA,ZAF,0.0602,2,False
2019-05-01,USA,ZAF,0.1257,2,False
2019-06-01,USA,ZAF,0.1232,2,False
2019-07-01,USA,ZAF,0.123,2,False
2019-08-01,USA,ZAF,0.1834,2,False
2019-09-01,USA,ZAF,0.0816,4,False
2019-10-01,USA,ZAF,0.046,4,True
2019-11-01,USA,ZAF,0.0139,3,True
2019-12-01,USA,ZAF,0.0226,3,True
2020-01-01,USA,ZAF,0.0347,1,True
2020-02-01,USA,ZAF,0.0203,1,True
2020-03-01,USA,ZAF,0.0268,1,True
2020-04-01,USA,ZAF,0.0338,3,True
2020-05-01,USA,ZAF,0.0011,3,True
2020-06-01,USA,ZAF,0.0001,3,True
2020-07-01,USA,ZAF,0.0002,3,True
2020-08-01,USA,ZAF,0.0002,3,True
2020-09-01,USA,ZAF,0.0001,3,True
2020-10-01,USA,ZAF,0.0001,3,True
2020-11-01,USA,ZAF,0.0001,3,True
2020-12-01,USA,ZAF,0.0,4,True
2021-01-01,USA,ZAF,0.0,3,True
2021-02-01,USA,ZAF,0.0,3,True
2021-03-01,USA,ZAF,0.0,3,True
2021-04-01,USA,ZAF,0.0,3,True
2021-05-01,USA,ZAF,0.0,3,True
2021-06-01,USA,ZAF,0.0,1,True
2021-07-01,USA,ZAF,0.0,3,True
2021-08-01,USA,ZAF,0.0,3,True
2021-09-01,USA,ZAF,0.0,3,True
2021-10-01,USA,ZAF,0.0,3,True
2021-11-01,USA,ZAF,0.0,3,True
2021-12-01,USA,ZAF,0.0,3,True
2022-01-01,USA,ZAF,0.0,3,True
2022-02-01,USA,ZAF,0.0,3,True
2022-03-01,USA,ZAF,0.0,3,True
2022-04-01,USA,ZAF,0.0,3,True
2022-05-01,USA,ZAF,0.0,3,True
2022-06-01,USA,ZAF,0.0,3,True
2022-07-01,USA,ZAF,0.0,2,True
2022-08-01,USA,ZAF,0.0,2,True
2022-09-01,USA,ZAF,0.0001,2,True
2022-10-01,USA,ZAF,0.0003,2,True
2022-11-01,USA,ZAF,0.0003,4,True
2022-12-01,USA,ZAF,0.0004,2,True
2023-01-01,USA,ZAF,0.0006,1,True
2023-02-01,USA,ZAF,0.0003,1,True
2023-03-01,USA,ZAF,0.001,1,True
2023-04-01,USA,ZAF,0.0052,1,True
2023-05-01,USA,ZAF,0.0093,1,True
2023-06-01,USA,ZAF,0.0046,1,True
2023-07-01,USA,ZAF,0.0006,1,True
2023-08-01,USA,ZAF,0.0002,1,True
2023-09-01,USA,ZAF,0.0003,1,True
2023-10-01,USA,ZAF,0.0005,1,True
2023-11-01,USA,ZAF,0.0028,1,True
2023-12-01,USA,ZAF,0.0022,1,True
2024-01-01,USA,ZAF,0.0014,1,True
2024-02-01,USA,ZAF,0.0027,1,True
2024-03-01,USA,ZAF,0.0036,1,True
2024-04-01,USA,ZAF,0.0011,1,True
2024-05-01,USA,ZAF,0.0005,1,True
2024-06-01,USA,ZAF,0.0004,1,True
2024-07-01,USA,ZAF,0.0002,1,True
2024-08-01,USA,ZAF,0.0001,1,True
2024-09-01,USA,ZAF,0.0001,1,True
2024-10-01,USA,ZAF,0.0001,1,True
2024-11-01,USA,ZAF,0.0007,1,True
2024-12-01,USA,ZAF,0.0014,1,True
2025-01-01,USA,ZAF,0.0,4,True
2025-02-01,USA,ZAF,0.0001,3,True
2025-03-01,USA,ZAF,0.0,2,True
2025-04-01,USA,ZAF,0.0002,1,True
2025-05-01,USA,ZAF,0.0005,1,True
2025-06-01,USA,ZAF,0.0026,1,True
2025-07-01,USA,ZAF,0.0043,2,True
2025-08-01,USA,ZAF,0.0043,2,True
2025-09-01,USA,ZAF,0.0034,2,True
2025-10-01,USA,ZAF,0.0061,2,True
2025-11-01,USA,ZAF,0.0053,2,True
2025-12-01,USA,ZAF,0.004,2,True
2026-01-01,USA,ZAF,0.0069,1,True
2026-02-01,USA,ZAF,0.015,2,True
2026-03-01,USA,ZAF,0.0065,4,True
2015-01-01,USA,MEX,0.1222,4,False
2015-02-01,USA,MEX,0.0105,3,True
2015-03-01,USA,MEX,0.1639,4,False
2015-04-01,USA,MEX,0.0657,1,False
2015-05-01,USA,MEX,0.0551,3,False
2015-06-01,USA,MEX,0.0131,4,True
2015-07-01,USA,MEX,0.007,4,True
2015-08-01,USA,MEX,0.0046,3,True
2015-09-01,USA,MEX,0.007,3,True
2015-10-01,USA,MEX,0.0076,2,True
2015-11-01,USA,MEX,0.005,2,True
2015-12-01,USA,MEX,0.0051,2,True
2016-01-01,USA,MEX,0.005,1,True
2016-02-01,USA,MEX,0.0048,1,True
2016-03-01,USA,MEX,0.0129,1,True
2016-04-01,USA,MEX,0.0121,1,True
2016-05-01,USA,MEX,0.0077,1,True
2016-06-01,USA,MEX,0.0128,1,True
2016-07-01,USA,MEX,0.0079,1,True
2016-08-01,USA,MEX,0.0062,1,True
2016-09-01,USA,MEX,0.0052,1,True
2016-10-01,USA,MEX,0.0043,1,True
2016-11-01,USA,MEX,0.0031,1,True
2016-12-01,USA,MEX,0.0015,1,True
2017-01-01,USA,MEX,0.0005,1,True
2017-02-01,USA,MEX,0.0004,1,True
2017-03-01,USA,MEX,0.0006,1,True
2017-04-01,USA,MEX,0.0001,2,True
2017-05-01,USA,MEX,0.0003,1,True
2017-06-01,USA,MEX,0.0005,1,True
2017-07-01,USA,MEX,0.0007,2,True
2017-08-01,USA,MEX,0.0007,2,True
2017-09-01,USA,MEX,0.0006,2,True
2017-10-01,USA,MEX,0.0007,1,True
2017-11-01,USA,MEX,0.0005,1,True
2017-12-01,USA,MEX,0.0006,1,True
2018-01-01,USA,MEX,0.0004,1,True
2018-02-01,USA,MEX,0.0035,1,True
2018-03-01,USA,MEX,0.0026,1,True
2018-04-01,USA,MEX,0.0049,1,True
2018-05-01,USA,MEX,0.0194,1,True
2018-06-01,USA,MEX,0.0264,1,True
2018-07-01,USA,MEX,0.0363,1,True
2018-08-01,USA,MEX,0.0478,1,True
2018-09-01,USA,MEX,0.0635,1,False
2018-10-01,USA,MEX,0.0734,1,False
2018-11-01,USA,MEX,0.1502,1,False
2018-12-01,USA,MEX,0.2528,1,False
2019-01-01,USA,MEX,0.1782,1,False
2019-02-01,USA,MEX,0.1821,1,False
2019-03-01,USA,MEX,0.2062,1,False
2019-04-01,USA,MEX,0.2498,1,False
2019-05-01,USA,MEX,0.2733,1,False
2019-06-01,USA,MEX,0.3447,1,False
2019-07-01,USA,MEX,0.3524,1,False
2019-08-01,USA,MEX,0.3761,1,False
2019-09-01,USA,MEX,0.294,1,False
2019-10-01,USA,MEX,0.2655,1,False
2019-11-01,USA,MEX,0.2326,1,False
2019-12-01,USA,MEX,0.2187,1,False
2020-01-01,USA,MEX,0.1468,1,False
2020-02-01,USA,MEX,0.1329,1,False
2020-03-01,USA,MEX,0.1677,1,False
2020-04-01,USA,MEX,0.3053,1,False
2020-05-01,USA,MEX,0.0323,2,True
2020-06-01,USA,MEX,0.529,2,False
2020-07-01,USA,MEX,0.5066,2,False
2020-08-01,USA,MEX,0.4453,2,False
2020-09-01,USA,MEX,0.2755,4,False
2020-10-01,USA,MEX,0.2463,4,False
2020-11-01,USA,MEX,0.3021,4,False
2020-12-01,USA,MEX,0.1481,4,False
2021-01-01,USA,MEX,0.182,4,False
2021-02-01,USA,MEX,0.1726,4,False
2021-03-01,USA,MEX,0.2308,4,False
2021-04-01,USA,MEX,0.3459,2,False
2021-05-01,USA,MEX,0.1265,4,False
2021-06-01,USA,MEX,0.199,4,False
2021-07-01,USA,MEX,0.1334,4,False
2021-08-01,USA,MEX,0.1185,2,False
2021-09-01,USA,MEX,0.1165,2,False
2021-10-01,USA,MEX,0.1063,3,False
2021-11-01,USA,MEX,0.1287,3,False
2021-12-01,USA,MEX,0.0299,3,True
2022-01-01,USA,MEX,0.0203,3,True
2022-02-01,USA,MEX,0.0228,3,True
2022-03-01,USA,MEX,0.0248,3,True
2022-04-01,USA,MEX,0.0292,3,True
2022-05-01,USA,MEX,0.0205,4,True
2022-06-01,USA,MEX,0.0224,3,True
2022-07-01,USA,MEX,0.0209,3,True
2022-08-01,USA,MEX,0.0196,3,True
2022-09-01,USA,MEX,0.1031,4,False
2022-10-01,USA,MEX,0.056,3,False
2022-11-01,USA,MEX,0.0589,3,False
2022-12-01,USA,MEX,0.034,3,True
2023-01-01,USA,MEX,0.0204,4,True
2023-02-01,USA,MEX,0.0177,3,True
2023-03-01,USA,MEX,0.0216,3,True
2023-04-01,USA,MEX,0.0064,3,True
2023-05-01,USA,MEX,0.0031,3,True
2023-06-01,USA,MEX,0.0035,1,True
2023-07-01,USA,MEX,0.0022,3,True
2023-08-01,USA,MEX,0.002,1,True
2023-09-01,USA,MEX,0.0024,1,True
2023-10-01,USA,MEX,0.0039,1,True
2023-11-01,USA,MEX,0.0126,3,True
2023-12-01,USA,MEX,0.0172,3,True
2024-01-01,USA,MEX,0.0014,4,True
2024-02-01,USA,MEX,0.0003,3,True
2024-03-01,USA,MEX,0.0005,2,True
2024-04-01,USA,MEX,0.0,1,True
2024-05-01,USA,MEX,0.0,1,True
2024-06-01,USA,MEX,0.0,1,True
2024-07-01,USA,MEX,0.0,1,True
2024-08-01,USA,MEX,0.0004,1,True
2024-09-01,USA,MEX,0.0004,3,True
2024-10-01,USA,MEX,0.0005,3,True
2024-11-01,USA,MEX,0.0009,1,True
2024-12-01,USA,MEX,0.0006,1,True
2025-01-01,USA,MEX,0.0005,1,True
2025-02-01,USA,MEX,0.0007,1,True
2025-03-01,USA,MEX,0.0028,1,True
2025-04-01,USA,MEX,0.0032,1,True
2025-05-01,USA,MEX,0.0031,1,True
2025-06-01,USA,MEX,0.0112,1,True
2025-07-01,USA,MEX,0.0128,1,True
2025-08-01,USA,MEX,0.0563,4,False
2025-09-01,USA,MEX,0.1144,4,False
2025-10-01,USA,MEX,0.1723,1,False
2025-11-01,USA,MEX,0.111,1,False
2025-12-01,USA,MEX,0.3757,1,False
2026-01-01,USA,MEX,0.6749,4,False
2026-02-01,USA,MEX,0.7526,3,False
2026-03-01,USA,MEX,0.4855,4,False
2015-01-01,USA,SGP,0.9088,3,False
2015-02-01,USA,SGP,0.7952,2,False
2015-03-01,USA,SGP,0.8918,1,False
2015-04-01,USA,SGP,0.7691,2,False
2015-05-01,USA,SGP,0.8223,2,False
2015-06-01,USA,SGP,0.8092,2,False
2015-07-01,USA,SGP,0.7981,1,False
2015-08-01,USA,SGP,0.8759,1,False
2015-09-01,USA,SGP,0.8176,1,False
2015-10-01,USA,SGP,0.8186,3,False
2015-11-01,USA,SGP,0.5627,4,False
2015-12-01,USA,SGP,0.5416,3,False
2016-01-01,USA,SGP,0.4788,2,False
2016-02-01,USA,SGP,0.3234,1,False
2016-03-01,USA,SGP,0.5056,1,False
2016-04-01,USA,SGP,0.5083,4,False
2016-05-01,USA,SGP,0.6303,3,False
2016-06-01,USA,SGP,0.6306,3,False
2016-07-01,USA,SGP,0.6484,4,False
2016-08-01,USA,SGP,0.5266,3,False
2016-09-01,USA,SGP,0.3657,4,False
2016-10-01,USA,SGP,0.2857,3,False
2016-11-01,USA,SGP,0.2717,3,False
2016-12-01,USA,SGP,0.1037,4,False
2017-01-01,USA,SGP,0.0385,3,True
2017-02-01,USA,SGP,0.1284,2,False
2017-03-01,USA,SGP,0.0431,2,True
2017-04-01,USA,SGP,0.0424,1,True
2017-05-01,USA,SGP,0.0054,1,True
2017-06-01,USA,SGP,0.0056,1,True
2017-07-01,USA,SGP,0.0078,1,True
2017-08-01,USA,SGP,0.0086,1,True
2017-09-01,USA,SGP,0.0103,1,True
2017-10-01,USA,SGP,0.0114,1,True
2017-11-01,USA,SGP,0.0042,1,True
2017-12-01,USA,SGP,0.0044,1,True
2018-01-01,USA,SGP,0.0071,1,True
2018-02-01,USA,SGP,0.0179,1,True
2018-03-01,USA,SGP,0.0097,1,True
2018-04-01,USA,SGP,0.0208,1,True
2018-05-01,USA,SGP,0.0191,1,True
2018-06-01,USA,SGP,0.0045,1,True
2018-07-01,USA,SGP,0.0024,1,True
2018-08-01,USA,SGP,0.0116,1,True
2018-09-01,USA,SGP,0.006,1,True
2018-10-01,USA,SGP,0.0102,1,True
2018-11-01,USA,SGP,0.0093,1,True
2018-12-01,USA,SGP,0.0109,4,True
2019-01-01,USA,SGP,0.0027,3,True
2019-02-01,USA,SGP,0.0072,3,True
2019-03-01,USA,SGP,0.0133,3,True
2019-04-01,USA,SGP,0.0442,3,True
2019-05-01,USA,SGP,0.1223,3,False
2019-06-01,USA,SGP,0.1211,3,False
2019-07-01,USA,SGP,0.1677,4,False
2019-08-01,USA,SGP,0.0318,4,True
2019-09-01,USA,SGP,0.0569,4,False
2019-10-01,USA,SGP,0.0629,4,False
2019-11-01,USA,SGP,0.0579,4,False
2019-12-01,USA,SGP,0.0604,4,False
2020-01-01,USA,SGP,0.02,4,True
2020-02-01,USA,SGP,0.0191,4,True
2020-03-01,USA,SGP,0.0076,4,True
2020-04-01,USA,SGP,0.0141,4,True
2020-05-01,USA,SGP,0.0086,4,True
2020-06-01,USA,SGP,0.0047,4,True
2020-07-01,USA,SGP,0.009,4,True
2020-08-01,USA,SGP,0.249,2,False
2020-09-01,USA,SGP,0.1518,4,False
2020-10-01,USA,SGP,0.2578,2,False
2020-11-01,USA,SGP,0.1827,2,False
2020-12-01,USA,SGP,0.2178,2,False
2021-01-01,USA,SGP,0.2795,2,False
2021-02-01,USA,SGP,0.2987,3,False
2021-03-01,USA,SGP,0.2964,2,False
2021-04-01,USA,SGP,0.1838,3,False
2021-05-01,USA,SGP,0.121,2,False
2021-06-01,USA,SGP,0.0905,2,False
2021-07-01,USA,SGP,0.0593,2,False
2021-08-01,USA,SGP,0.0499,4,True
2021-09-01,USA,SGP,0.0384,3,True
2021-10-01,USA,SGP,0.0137,3,True
2021-11-01,USA,SGP,0.0036,3,True
2021-12-01,USA,SGP,0.0015,3,True
2022-01-01,USA,SGP,0.0014,3,True
2022-02-01,USA,SGP,0.0024,3,True
2022-03-01,USA,SGP,0.0017,3,True
2022-04-01,USA,SGP,0.0092,3,True
2022-05-01,USA,SGP,0.0161,3,True
2022-06-01,USA,SGP,0.0254,3,True
2022-07-01,USA,SGP,0.0103,3,True
2022-08-01,USA,SGP,0.0052,4,True
2022-09-01,USA,SGP,0.009,3,True
2022-10-01,USA,SGP,0.0386,3,True
2022-11-01,USA,SGP,0.0342,4,True
2022-12-01,USA,SGP,0.0692,1,False
2023-01-01,USA,SGP,0.0348,3,True
2023-02-01,USA,SGP,0.0447,1,True
2023-03-01,USA,SGP,0.0155,1,True
2023-04-01,USA,SGP,0.0025,1,True
2023-05-01,USA,SGP,0.0086,1,True
2023-06-01,USA,SGP,0.0023,1,True
2023-07-01,USA,SGP,0.001,1,True
2023-08-01,USA,SGP,0.0006,1,True
2023-09-01,USA,SGP,0.0006,1,True
2023-10-01,USA,SGP,0.0008,1,True
2023-11-01,USA,SGP,0.0045,1,True
2023-12-01,USA,SGP,0.0011,1,True
2024-01-01,USA,SGP,0.0015,1,True
2024-02-01,USA,SGP,0.0017,1,True
2024-03-01,USA,SGP,0.0006,1,True
2024-04-01,USA,SGP,0.0002,1,True
2024-05-01,USA,SGP,0.0002,1,True
2024-06-01,USA,SGP,0.0002,1,True
2024-07-01,USA,SGP,0.0001,1,True
2024-08-01,USA,SGP,0.0001,1,True
2024-09-01,USA,SGP,0.0,1,True
2024-10-01,USA,SGP,0.0001,1,True
2024-11-01,USA,SGP,0.0003,1,True
2024-12-01,USA,SGP,0.0002,2,True
2025-01-01,USA,SGP,0.0001,1,True
2025-02-01,USA,SGP,0.0004,1,True
2025-03-01,USA,SGP,0.0022,1,True
2025-04-01,USA,SGP,0.0016,1,True
2025-05-01,USA,SGP,0.0017,1,True
2025-06-01,USA,SGP,0.0233,1,True
2025-07-01,USA,SGP,0.0629,1,False
2025-08-01,USA,SGP,0.1714,3,False
2025-09-01,USA,SGP,0.1479,3,False
2025-10-01,USA,SGP,0.1122,1,False
2025-11-01,USA,SGP,0.1045,3,False
2025-12-01,USA,SGP,0.0999,1,False
2026-01-01,USA,SGP,0.0513,3,False
2026-02-01,USA,SGP,0.0647,2,False
2026-03-01,USA,SGP,0.014,4,True
2015-01-01,USA,KOR,0.0162,3,True
2015-02-01,USA,KOR,0.0542,3,False
2015-03-01,USA,KOR,0.002,4,True
2015-04-01,USA,KOR,0.001,3,True
2015-05-01,USA,KOR,0.0053,2,True
2015-06-01,USA,KOR,0.0018,1,True
2015-07-01,USA,KOR,0.011,1,True
2015-08-01,USA,KOR,0.0054,2,True
2015-09-01,USA,KOR,0.0026,2,True
2015-10-01,USA,KOR,0.0013,1,True
2015-11-01,USA,KOR,0.0045,1,True
2015-12-01,USA,KOR,0.0029,2,True
2016-01-01,USA,KOR,0.0044,2,True
2016-02-01,USA,KOR,0.0021,1,True
2016-03-01,USA,KOR,0.0004,1,True
2016-04-01,USA,KOR,0.0002,1,True
2016-05-01,USA,KOR,0.0002,1,True
2016-06-01,USA,KOR,0.0005,1,True
2016-07-01,USA,KOR,0.0026,1,True
2016-08-01,USA,KOR,0.025,1,True
2016-09-01,USA,KOR,0.0522,1,False
2016-10-01,USA,KOR,0.0073,1,True
2016-11-01,USA,KOR,0.0077,1,True
2016-12-01,USA,KOR,0.0089,1,True
2017-01-01,USA,KOR,0.0078,1,True
2017-02-01,USA,KOR,0.0031,2,True
2017-03-01,USA,KOR,0.0037,1,True
2017-04-01,USA,KOR,0.0037,1,True
2017-05-01,USA,KOR,0.0037,1,True
2017-06-01,USA,KOR,0.0046,1,True
2017-07-01,USA,KOR,0.0046,1,True
2017-08-01,USA,KOR,0.0111,1,True
2017-09-01,USA,KOR,0.0288,1,True
2017-10-01,USA,KOR,0.0127,1,True
2017-11-01,USA,KOR,0.0076,1,True
2017-12-01,USA,KOR,0.0131,1,True
2018-01-01,USA,KOR,0.0102,1,True
2018-02-01,USA,KOR,0.0301,3,True
2018-03-01,USA,KOR,0.0217,3,True
2018-04-01,USA,KOR,0.0205,3,True
2018-05-01,USA,KOR,0.0197,3,True
2018-06-01,USA,KOR,0.0275,3,True
2018-07-01,USA,KOR,0.0471,3,True
2018-08-01,USA,KOR,0.0303,3,True
2018-09-01,USA,KOR,0.0252,3,True
2018-10-01,USA,KOR,0.0229,3,True
2018-11-01,USA,KOR,0.0526,3,False
2018-12-01,USA,KOR,0.0683,3,False
2019-01-01,USA,KOR,0.0298,3,True
2019-02-01,USA,KOR,0.0726,3,False
2019-03-01,USA,KOR,0.0546,3,False
2019-04-01,USA,KOR,0.1386,2,False
2019-05-01,USA,KOR,0.1821,2,False
2019-06-01,USA,KOR,0.1989,3,False
2019-07-01,USA,KOR,0.1523,3,False
2019-08-01,USA,KOR,0.1331,2,False
2019-09-01,USA,KOR,0.2085,2,False
2019-10-01,USA,KOR,0.1914,2,False
2019-11-01,USA,KOR,0.173,1,False
2019-12-01,USA,KOR,0.1893,1,False
2020-01-01,USA,KOR,0.0934,1,False
2020-02-01,USA,KOR,0.0693,1,False
2020-03-01,USA,KOR,0.1809,1,False
2020-04-01,USA,KOR,0.1827,1,False
2020-05-01,USA,KOR,0.052,4,False
2020-06-01,USA,KOR,0.0252,3,True
2020-07-01,USA,KOR,0.0307,3,True
2020-08-01,USA,KOR,0.033,3,True
2020-09-01,USA,KOR,0.0563,2,False
2020-10-01,USA,KOR,0.061,2,False
2020-11-01,USA,KOR,0.0565,1,False
2020-12-01,USA,KOR,0.0685,1,False
2021-01-01,USA,KOR,0.075,1,False
2021-02-01,USA,KOR,0.1255,1,False
2021-03-01,USA,KOR,0.225,1,False
2021-04-01,USA,KOR,0.2365,2,False
2021-05-01,USA,KOR,0.0986,2,False
2021-06-01,USA,KOR,0.1047,2,False
2021-07-01,USA,KOR,0.0856,3,False
2021-08-01,USA,KOR,0.0297,2,True
2021-09-01,USA,KOR,0.0289,2,True
2021-10-01,USA,KOR,0.0266,2,True
2021-11-01,USA,KOR,0.0587,3,False
2021-12-01,USA,KOR,0.0502,3,False
2022-01-01,USA,KOR,0.0372,3,True
2022-02-01,USA,KOR,0.0347,3,True
2022-03-01,USA,KOR,0.0375,3,True
2022-04-01,USA,KOR,0.0316,3,True
2022-05-01,USA,KOR,0.0234,4,True
2022-06-01,USA,KOR,0.0642,3,False
2022-07-01,USA,KOR,0.0397,3,True
2022-08-01,USA,KOR,0.0448,3,True
2022-09-01,USA,KOR,0.0082,3,True
2022-10-01,USA,KOR,0.0142,3,True
2022-11-01,USA,KOR,0.0132,3,True
2022-12-01,USA,KOR,0.0019,3,True
2023-01-01,USA,KOR,0.0025,3,True
2023-02-01,USA,KOR,0.0109,3,True
2023-03-01,USA,KOR,0.0118,3,True
2023-04-01,USA,KOR,0.006,3,True
2023-05-01,USA,KOR,0.0033,3,True
2023-06-01,USA,KOR,0.0038,1,True
2023-07-01,USA,KOR,0.0015,4,True
2023-08-01,USA,KOR,0.0011,1,True
2023-09-01,USA,KOR,0.0007,4,True
2023-10-01,USA,KOR,0.0006,3,True
2023-11-01,USA,KOR,0.0012,3,True
2023-12-01,USA,KOR,0.0006,3,True
2024-01-01,USA,KOR,0.0008,3,True
2024-02-01,USA,KOR,0.0012,3,True
2024-03-01,USA,KOR,0.0006,3,True
2024-04-01,USA,KOR,0.0018,3,True
2024-05-01,USA,KOR,0.0016,3,True
2024-06-01,USA,KOR,0.0011,3,True
2024-07-01,USA,KOR,0.0004,3,True
2024-08-01,USA,KOR,0.0018,3,True
2024-09-01,USA,KOR,0.0009,1,True
2024-10-01,USA,KOR,0.0005,3,True
2024-11-01,USA,KOR,0.0003,3,True
2024-12-01,USA,KOR,0.0001,3,True
2025-01-01,USA,KOR,0.0001,2,True
2025-02-01,USA,KOR,0.0001,2,True
2025-03-01,USA,KOR,0.0002,2,True
2025-04-01,USA,KOR,0.0004,2,True
2025-05-01,USA,KOR,0.0015,2,True
2025-06-01,USA,KOR,0.0042,2,True
2025-07-01,USA,KOR,0.0053,2,True
2025-08-01,USA,KOR,0.0136,2,True
2025-09-01,USA,KOR,0.0263,3,True
2025-10-01,USA,KOR,0.0122,4,True
2025-11-01,USA,KOR,0.0066,3,True
2025-12-01,USA,KOR,0.0066,3,True
2026-01-01,USA,KOR,0.0082,3,True
2026-02-01,USA,KOR,0.0003,4,True
2026-03-01,USA,KOR,0.0002,3,True
2015-01-01,USA,GBR,0.0163,2,True
2015-02-01,USA,GBR,0.0099,2,True
2015-03-01,USA,GBR,0.0276,2,True
2015-04-01,USA,GBR,0.0303,2,True
2015-05-01,USA,GBR,0.0541,2,False
2015-06-01,USA,GBR,0.0222,4,True
2015-07-01,USA,GBR,0.0531,4,False
2015-08-01,USA,GBR,0.0189,2,True
2015-09-01,USA,GBR,0.0249,4,True
2015-10-01,USA,GBR,0.0316,4,True
2015-11-01,USA,GBR,0.0193,4,True
2015-12-01,USA,GBR,0.0175,4,True
2016-01-01,USA,GBR,0.0214,2,True
2016-02-01,USA,GBR,0.0296,4,True
2016-03-01,USA,GBR,0.0374,4,True
2016-04-01,USA,GBR,0.0509,4,False
2016-05-01,USA,GBR,0.0534,4,False
2016-06-01,USA,GBR,0.043,4,True
2016-07-01,USA,GBR,0.0492,4,True
2016-08-01,USA,GBR,0.0547,2,False
2016-09-01,USA,GBR,0.0748,2,False
2016-10-01,USA,GBR,0.0752,2,False
2016-11-01,USA,GBR,0.0579,2,False
2016-12-01,USA,GBR,0.0239,1,True
2017-01-01,USA,GBR,0.0378,1,True
2017-02-01,USA,GBR,0.0452,1,True
2017-03-01,USA,GBR,0.0351,1,True
2017-04-01,USA,GBR,0.0256,1,True
2017-05-01,USA,GBR,0.0784,1,False
2017-06-01,USA,GBR,0.3169,1,False
2017-07-01,USA,GBR,0.1038,1,False
2017-08-01,USA,GBR,0.1354,1,False
2017-09-01,USA,GBR,0.1732,1,False
2017-10-01,USA,GBR,0.0783,3,False
2017-11-01,USA,GBR,0.0147,3,True
2017-12-01,USA,GBR,0.0111,2,True
2018-01-01,USA,GBR,0.0122,1,True
2018-02-01,USA,GBR,0.0179,1,True
2018-03-01,USA,GBR,0.0295,1,True
2018-04-01,USA,GBR,0.0377,2,True
2018-05-01,USA,GBR,0.0326,1,True
2018-06-01,USA,GBR,0.0721,1,False
2018-07-01,USA,GBR,0.0977,1,False
2018-08-01,USA,GBR,0.1547,1,False
2018-09-01,USA,GBR,0.245,1,False
2018-10-01,USA,GBR,0.5286,1,False
2018-11-01,USA,GBR,0.438,4,False
2018-12-01,USA,GBR,0.4554,4,False
2019-01-01,USA,GBR,0.4896,4,False
2019-02-01,USA,GBR,0.3895,4,False
2019-03-01,USA,GBR,0.4793,4,False
2019-04-01,USA,GBR,0.555,4,False
2019-05-01,USA,GBR,0.5779,4,False
2019-06-01,USA,GBR,0.6474,1,False
2019-07-01,USA,GBR,0.5218,4,False
2019-08-01,USA,GBR,0.4426,4,False
2019-09-01,USA,GBR,0.5803,4,False
2019-10-01,USA,GBR,0.6819,4,False
2019-11-01,USA,GBR,0.5526,1,False
2019-12-01,USA,GBR,0.4312,1,False
2020-01-01,USA,GBR,0.5334,1,False
2020-02-01,USA,GBR,0.5047,1,False
2020-03-01,USA,GBR,0.4232,3,False
2020-04-01,USA,GBR,0.278,2,False
2020-05-01,USA,GBR,0.0197,2,True
2020-06-01,USA,GBR,0.0088,2,True
2020-07-01,USA,GBR,0.0025,2,True
2020-08-01,USA,GBR,0.0012,2,True
2020-09-01,USA,GBR,0.0046,2,True
2020-10-01,USA,GBR,0.002,2,True
2020-11-01,USA,GBR,0.0029,3,True
2020-12-01,USA,GBR,0.0023,2,True
2021-01-01,USA,GBR,0.0016,3,True
2021-02-01,USA,GBR,0.0015,3,True
2021-03-01,USA,GBR,0.0017,3,True
2021-04-01,USA,GBR,0.001,3,True
2021-05-01,USA,GBR,0.0001,3,True
2021-06-01,USA,GBR,0.0,3,True
2021-07-01,USA,GBR,0.0,3,True
2021-08-01,USA,GBR,0.0002,3,True
2021-09-01,USA,GBR,0.0,3,True
2021-10-01,USA,GBR,0.0,3,True
2021-11-01,USA,GBR,0.0,4,True
2021-12-01,USA,GBR,0.0,4,True
2022-01-01,USA,GBR,0.0,4,True
2022-02-01,USA,GBR,0.0,4,True
2022-03-01,USA,GBR,0.0,4,True
2022-04-01,USA,GBR,0.0,4,True
2022-05-01,USA,GBR,0.0,4,True
2022-06-01,USA,GBR,0.0001,3,True
2022-07-01,USA,GBR,0.0001,4,True
2022-08-01,USA,GBR,0.0001,4,True
2022-09-01,USA,GBR,0.0,4,True
2022-10-01,USA,GBR,0.0,4,True
2022-11-01,USA,GBR,0.0,4,True
2022-12-01,USA,GBR,0.0,4,True
2023-01-01,USA,GBR,0.0,3,True
2023-02-01,USA,GBR,0.0,3,True
2023-03-01,USA,GBR,0.0,4,True
2023-04-01,USA,GBR,0.0,4,True
2023-05-01,USA,GBR,0.0,3,True
2023-06-01,USA,GBR,0.0,4,True
2023-07-01,USA,GBR,0.0,4,True
2023-08-01,USA,GBR,0.0,4,True
2023-09-01,USA,GBR,0.0,4,True
2023-10-01,USA,GBR,0.0,4,True
2023-11-01,USA,GBR,0.0,4,True
2023-12-01,USA,GBR,0.0,4,True
2024-01-01,USA,GBR,0.0,4,True
2024-02-01,USA,GBR,0.0,4,True
2024-03-01,USA,GBR,0.0,4,True
2024-04-01,USA,GBR,0.0,4,True
2024-05-01,USA,GBR,0.0,4,True
2024-06-01,USA,GBR,0.0,4,True
2024-07-01,USA,GBR,0.0,3,True
2024-08-01,USA,GBR,0.0,4,True
2024-09-01,USA,GBR,0.0,4,True
2024-10-01,USA,GBR,0.0,4,True
2024-11-01,USA,GBR,0.0,3,True
2024-12-01,USA,GBR,0.0,3,True
2025-01-01,USA,GBR,0.0,1,True
2025-02-01,USA,GBR,0.0,1,True
2025-03-01,USA,GBR,0.0,1,True
2025-04-01,USA,GBR,0.0001,3,True
2025-05-01,USA,GBR,0.0002,1,True
2025-06-01,USA,GBR,0.0003,3,True
2025-07-01,USA,GBR,0.0003,3,True
2025-08-01,USA,GBR,0.0013,1,True
2025-09-01,USA,GBR,0.0019,1,True
2025-10-01,USA,GBR,0.0047,4,True
2025-11-01,USA,GBR,0.0095,3,True
2025-12-01,USA,GBR,0.0234,4,True
2026-01-01,USA,GBR,0.0207,4,True
2026-02-01,USA,GBR,0.0224,4,True
2026-03-01,USA,GBR,0.0098,4,True
2015-01-01,USA,DEU,0.0236,3,True
2015-02-01,USA,DEU,0.0236,3,True
2015-03-01,USA,DEU,0.0419,3,True
2015-04-01,USA,DEU,0.0163,3,True
2015-05-01,USA,DEU,0.0182,2,True
2015-06-01,USA,DEU,0.0102,2,True
2015-07-01,USA,DEU,0.0505,2,False
2015-08-01,USA,DEU,0.054,2,False
2015-09-01,USA,DEU,0.0848,2,False
2015-10-01,USA,DEU,0.0631,3,False
2015-11-01,USA,DEU,0.0609,2,False
2015-12-01,USA,DEU,0.1991,2,False
2016-01-01,USA,DEU,0.376,2,False
2016-02-01,USA,DEU,0.4175,2,False
2016-03-01,USA,DEU,0.5385,1,False
2016-04-01,USA,DEU,0.5453,1,False
2016-05-01,USA,DEU,0.4958,1,False
2016-06-01,USA,DEU,0.4479,1,False
2016-07-01,USA,DEU,0.4057,1,False
2016-08-01,USA,DEU,0.4448,1,False
2016-09-01,USA,DEU,0.3991,1,False
2016-10-01,USA,DEU,0.4195,1,False
2016-11-01,USA,DEU,0.4762,1,False
2016-12-01,USA,DEU,0.5332,1,False
2017-01-01,USA,DEU,0.823,1,False
2017-02-01,USA,DEU,0.786,4,False
2017-03-01,USA,DEU,0.6341,4,False
2017-04-01,USA,DEU,0.7313,4,False
2017-05-01,USA,DEU,0.6709,1,False
2017-06-01,USA,DEU,0.7782,3,False
2017-07-01,USA,DEU,0.6696,1,False
2017-08-01,USA,DEU,0.5093,4,False
2017-09-01,USA,DEU,0.3655,4,False
2017-10-01,USA,DEU,0.1831,4,False
2017-11-01,USA,DEU,0.1296,4,False
2017-12-01,USA,DEU,0.1172,4,False
2018-01-01,USA,DEU,0.2142,3,False
2018-02-01,USA,DEU,0.1554,4,False
2018-03-01,USA,DEU,0.1743,3,False
2018-04-01,USA,DEU,0.0959,2,False
2018-05-01,USA,DEU,0.0611,1,False
2018-06-01,USA,DEU,0.0482,1,True
2018-07-01,USA,DEU,0.0238,1,True
2018-08-01,USA,DEU,0.0192,1,True
2018-09-01,USA,DEU,0.0126,2,True
2018-10-01,USA,DEU,0.0012,1,True
2018-11-01,USA,DEU,0.0709,1,False
2018-12-01,USA,DEU,0.058,1,False
2019-01-01,USA,DEU,0.0279,1,True
2019-02-01,USA,DEU,0.0291,1,True
2019-03-01,USA,DEU,0.0483,1,True
2019-04-01,USA,DEU,0.0509,1,False
2019-05-01,USA,DEU,0.0507,1,False
2019-06-01,USA,DEU,0.023,1,True
2019-07-01,USA,DEU,0.0232,1,True
2019-08-01,USA,DEU,0.0285,1,True
2019-09-01,USA,DEU,0.0421,1,True
2019-10-01,USA,DEU,0.0409,1,True
2019-11-01,USA,DEU,0.0343,1,True
2019-12-01,USA,DEU,0.0338,1,True
2020-01-01,USA,DEU,0.0325,1,True
2020-02-01,USA,DEU,0.05,1,True
2020-03-01,USA,DEU,0.0179,1,True
2020-04-01,USA,DEU,0.0463,1,True
2020-05-01,USA,DEU,0.0164,4,True
2020-06-01,USA,DEU,0.0032,2,True
2020-07-01,USA,DEU,0.0042,2,True
2020-08-01,USA,DEU,0.0023,1,True
2020-09-01,USA,DEU,0.0016,3,True
2020-10-01,USA,DEU,0.0022,3,True
2020-11-01,USA,DEU,0.0036,3,True
2020-12-01,USA,DEU,0.0028,3,True
2021-01-01,USA,DEU,0.0066,3,True
2021-02-01,USA,DEU,0.0139,3,True
2021-03-01,USA,DEU,0.0394,1,True
2021-04-01,USA,DEU,0.0439,4,True
2021-05-01,USA,DEU,0.0433,3,True
2021-06-01,USA,DEU,0.0373,3,True
2021-07-01,USA,DEU,0.0532,3,False
2021-08-01,USA,DEU,0.0084,4,True
2021-09-01,USA,DEU,0.0038,3,True
2021-10-01,USA,DEU,0.0037,3,True
2021-11-01,USA,DEU,0.0026,3,True
2021-12-01,USA,DEU,0.0004,3,True
2022-01-01,USA,DEU,0.0002,3,True
2022-02-01,USA,DEU,0.0001,3,True
2022-03-01,USA,DEU,0.0001,3,True
2022-04-01,USA,DEU,0.0002,3,True
2022-05-01,USA,DEU,0.0003,3,True
2022-06-01,USA,DEU,0.0028,3,True
2022-07-01,USA,DEU,0.0023,3,True
2022-08-01,USA,DEU,0.0023,4,True
2022-09-01,USA,DEU,0.008,1,True
2022-10-01,USA,DEU,0.0379,3,True
2022-11-01,USA,DEU,0.0691,3,False
2022-12-01,USA,DEU,0.0406,3,True
2023-01-01,USA,DEU,0.0061,1,True
2023-02-01,USA,DEU,0.0047,1,True
2023-03-01,USA,DEU,0.0062,1,True
2023-04-01,USA,DEU,0.0031,1,True
2023-05-01,USA,DEU,0.0042,1,True
2023-06-01,USA,DEU,0.0015,1,True
2023-07-01,USA,DEU,0.0056,1,True
2023-08-01,USA,DEU,0.0072,1,True
2023-09-01,USA,DEU,0.005,4,True
2023-10-01,USA,DEU,0.0017,4,True
2023-11-01,USA,DEU,0.0015,3,True
2023-12-01,USA,DEU,0.0022,4,True
2024-01-01,USA,DEU,0.0004,4,True
2024-02-01,USA,DEU,0.0001,4,True
2024-03-01,USA,DEU,0.0,4,True
2024-04-01,USA,DEU,0.0,4,True
2024-05-01,USA,DEU,0.0,4,True
2024-06-01,USA,DEU,0.0,4,True
2024-07-01,USA,DEU,0.0,4,True
2024-08-01,USA,DEU,0.0,4,True
2024-09-01,USA,DEU,0.0,4,True
2024-10-01,USA,DEU,0.0,4,True
2024-11-01,USA,DEU,0.0,4,True
2024-12-01,USA,DEU,0.0,4,True
2025-01-01,USA,DEU,0.0,4,True
2025-02-01,USA,DEU,0.0003,4,True
2025-03-01,USA,DEU,0.0002,4,True
2025-04-01,USA,DEU,0.0001,4,True
2025-05-01,USA,DEU,0.0002,4,True
2025-06-01,USA,DEU,0.0003,3,True
2025-07-01,USA,DEU,0.0014,2,True
2025-08-01,USA,DEU,0.0011,1,True
2025-09-01,USA,DEU,0.0217,4,True
2025-10-01,USA,DEU,0.0167,3,True
2025-11-01,USA,DEU,0.0202,3,True
2025-12-01,USA,DEU,0.0167,3,True
2026-01-01,USA,DEU,0.0278,3,True
2026-02-01,USA,DEU,0.063,3,False
2026-03-01,USA,DEU,0.0255,3,True
2015-01-01,USA,FRA,0.2535,4,False
2015-02-01,USA,FRA,0.2074,2,False
2015-03-01,USA,FRA,0.2416,2,False
2015-04-01,USA,FRA,0.0733,2,False
2015-05-01,USA,FRA,0.0294,2,True
2015-06-01,USA,FRA,0.02,2,True
2015-07-01,USA,FRA,0.0099,2,True
2015-08-01,USA,FRA,0.0236,2,True
2015-09-01,USA,FRA,0.0525,2,False
2015-10-01,USA,FRA,0.0252,2,True
2015-11-01,USA,FRA,0.0272,2,True
2015-12-01,USA,FRA,0.0388,2,True
2016-01-01,USA,FRA,0.0253,2,True
2016-02-01,USA,FRA,0.0205,2,True
2016-03-01,USA,FRA,0.2536,2,False
2016-04-01,USA,FRA,0.2508,2,False
2016-05-01,USA,FRA,0.2768,2,False
2016-06-01,USA,FRA,0.3345,2,False
2016-07-01,USA,FRA,0.4593,2,False
2016-08-01,USA,FRA,0.4014,2,False
2016-09-01,USA,FRA,0.5427,2,False
2016-10-01,USA,FRA,0.426,2,False
2016-11-01,USA,FRA,0.4464,4,False
2016-12-01,USA,FRA,0.4218,2,False
2017-01-01,USA,FRA,0.3077,2,False
2017-02-01,USA,FRA,0.4554,1,False
2017-03-01,USA,FRA,0.406,2,False
2017-04-01,USA,FRA,0.4169,2,False
2017-05-01,USA,FRA,0.4747,2,False
2017-06-01,USA,FRA,0.2963,2,False
2017-07-01,USA,FRA,0.28,2,False
2017-08-01,USA,FRA,0.2826,2,False
2017-09-01,USA,FRA,0.2772,1,False
2017-10-01,USA,FRA,0.2631,2,False
2017-11-01,USA,FRA,0.2439,1,False
2017-12-01,USA,FRA,0.1825,1,False
2018-01-01,USA,FRA,0.1091,1,False
2018-02-01,USA,FRA,0.1297,1,False
2018-03-01,USA,FRA,0.0944,1,False
2018-04-01,USA,FRA,0.1034,1,False
2018-05-01,USA,FRA,0.0719,1,False
2018-06-01,USA,FRA,0.1661,1,False
2018-07-01,USA,FRA,0.2037,1,False
2018-08-01,USA,FRA,0.3741,1,False
2018-09-01,USA,FRA,0.3575,1,False
2018-10-01,USA,FRA,0.202,1,False
2018-11-01,USA,FRA,0.3012,1,False
2018-12-01,USA,FRA,0.103,1,False
2019-01-01,USA,FRA,0.0543,1,False
2019-02-01,USA,FRA,0.0242,1,True
2019-03-01,USA,FRA,0.0778,1,False
2019-04-01,USA,FRA,0.0454,1,True
2019-05-01,USA,FRA,0.052,1,False
2019-06-01,USA,FRA,0.0469,1,True
2019-07-01,USA,FRA,0.0571,1,False
2019-08-01,USA,FRA,0.0617,1,False
2019-09-01,USA,FRA,0.0597,1,False
2019-10-01,USA,FRA,0.0484,1,True
2019-11-01,USA,FRA,0.0378,1,True
2019-12-01,USA,FRA,0.0447,1,True
2020-01-01,USA,FRA,0.0679,1,False
2020-02-01,USA,FRA,0.0153,2,True
2020-03-01,USA,FRA,0.0246,1,True
2020-04-01,USA,FRA,0.0994,2,False
2020-05-01,USA,FRA,0.0384,1,True
2020-06-01,USA,FRA,0.0575,1,False
2020-07-01,USA,FRA,0.0331,1,True
2020-08-01,USA,FRA,0.0605,2,False
2020-09-01,USA,FRA,0.0293,2,True
2020-10-01,USA,FRA,0.0386,4,True
2020-11-01,USA,FRA,0.0196,4,True
2020-12-01,USA,FRA,0.0318,4,True
2021-01-01,USA,FRA,0.0454,4,True
2021-02-01,USA,FRA,0.0183,4,True
2021-03-01,USA,FRA,0.0221,4,True
2021-04-01,USA,FRA,0.0433,4,True
2021-05-01,USA,FRA,0.0257,4,True
2021-06-01,USA,FRA,0.0627,4,False
2021-07-01,USA,FRA,0.0319,4,True
2021-08-01,USA,FRA,0.0556,4,False
2021-09-01,USA,FRA,0.0061,4,True
2021-10-01,USA,FRA,0.0035,4,True
2021-11-01,USA,FRA,0.0023,4,True
2021-12-01,USA,FRA,0.0038,4,True
2022-01-01,USA,FRA,0.0057,4,True
2022-02-01,USA,FRA,0.0064,3,True
2022-03-01,USA,FRA,0.0013,4,True
2022-04-01,USA,FRA,0.0017,4,True
2022-05-01,USA,FRA,0.0017,4,True
2022-06-01,USA,FRA,0.0055,4,True
2022-07-01,USA,FRA,0.0168,3,True
2022-08-01,USA,FRA,0.0165,4,True
2022-09-01,USA,FRA,0.0043,4,True
2022-10-01,USA,FRA,0.0018,4,True
2022-11-01,USA,FRA,0.0023,4,True
2022-12-01,USA,FRA,0.0043,4,True
2023-01-01,USA,FRA,0.0023,4,True
2023-02-01,USA,FRA,0.0032,4,True
2023-03-01,USA,FRA,0.001,4,True
2023-04-01,USA,FRA,0.0007,4,True
2023-05-01,USA,FRA,0.0059,3,True
2023-06-01,USA,FRA,0.0043,4,True
2023-07-01,USA,FRA,0.0011,1,True
2023-08-01,USA,FRA,0.0023,1,True
2023-09-01,USA,FRA,0.006,4,True
2023-10-01,USA,FRA,0.0123,4,True
2023-11-01,USA,FRA,0.0019,4,True
2023-12-01,USA,FRA,0.0008,4,True
2024-01-01,USA,FRA,0.001,4,True
2024-02-01,USA,FRA,0.0015,4,True
2024-03-01,USA,FRA,0.0012,4,True
2024-04-01,USA,FRA,0.0007,1,True
2024-05-01,USA,FRA,0.0007,1,True
2024-06-01,USA,FRA,0.0008,1,True
2024-07-01,USA,FRA,0.0003,1,True
2024-08-01,USA,FRA,0.0004,1,True
2024-09-01,USA,FRA,0.0004,1,True
2024-10-01,USA,FRA,0.0004,1,True
2024-11-01,USA,FRA,0.0005,1,True
2024-12-01,USA,FRA,0.0004,1,True
2025-01-01,USA,FRA,0.0001,1,True
2025-02-01,USA,FRA,0.0005,1,True
2025-03-01,USA,FRA,0.0051,1,True
2025-04-01,USA,FRA,0.0066,1,True
2025-05-01,USA,FRA,0.0113,1,True
2025-06-01,USA,FRA,0.0298,4,True
2025-07-01,USA,FRA,0.0248,3,True
2025-08-01,USA,FRA,0.0381,2,True
2025-09-01,USA,FRA,0.0131,1,True
2025-10-01,USA,FRA,0.1274,1,False
2025-11-01,USA,FRA,0.2144,1,False
2025-12-01,USA,FRA,0.1197,1,False
2026-01-01,USA,FRA,0.3412,1,False
2026-02-01,USA,FRA,0.3598,4,False
2026-03-01,USA,FRA,0.1096,4,False
2015-01-01,USA,JPN,0.0519,4,False
2015-02-01,USA,JPN,0.0436,2,True
2015-03-01,USA,JPN,0.0392,2,True
2015-04-01,USA,JPN,0.0983,2,False
2015-05-01,USA,JPN,0.0295,4,True
2015-06-01,USA,JPN,0.0308,4,True
2015-07-01,USA,JPN,0.0477,4,True
2015-08-01,USA,JPN,0.0462,4,True
2015-09-01,USA,JPN,0.0454,4,True
2015-10-01,USA,JPN,0.0131,4,True
2015-11-01,USA,JPN,0.0207,4,True
2015-12-01,USA,JPN,0.0038,4,True
2016-01-01,USA,JPN,0.0028,4,True
2016-02-01,USA,JPN,0.0007,4,True
2016-03-01,USA,JPN,0.0006,4,True
2016-04-01,USA,JPN,0.0005,4,True
2016-05-01,USA,JPN,0.0064,1,True
2016-06-01,USA,JPN,0.0158,1,True
2016-07-01,USA,JPN,0.0165,3,True
2016-08-01,USA,JPN,0.0275,3,True
2016-09-01,USA,JPN,0.0371,3,True
2016-10-01,USA,JPN,0.0429,1,True
2016-11-01,USA,JPN,0.0214,1,True
2016-12-01,USA,JPN,0.0157,1,True
2017-01-01,USA,JPN,0.0212,1,True
2017-02-01,USA,JPN,0.0231,1,True
2017-03-01,USA,JPN,0.0548,1,False
2017-04-01,USA,JPN,0.0749,1,False
2017-05-01,USA,JPN,0.0779,1,False
2017-06-01,USA,JPN,0.0981,1,False
2017-07-01,USA,JPN,0.122,1,False
2017-08-01,USA,JPN,0.1572,1,False
2017-09-01,USA,JPN,0.179,1,False
2017-10-01,USA,JPN,0.1435,1,False
2017-11-01,USA,JPN,0.3265,3,False
2017-12-01,USA,JPN,0.3144,3,False
2018-01-01,USA,JPN,0.1075,3,False
2018-02-01,USA,JPN,0.0522,2,False
2018-03-01,USA,JPN,0.0061,1,True
2018-04-01,USA,JPN,0.0737,1,False
2018-05-01,USA,JPN,0.0984,1,False
2018-06-01,USA,JPN,0.1041,1,False
2018-07-01,USA,JPN,0.1415,1,False
2018-08-01,USA,JPN,0.124,1,False
2018-09-01,USA,JPN,0.0592,2,False
2018-10-01,USA,JPN,0.0296,1,True
2018-11-01,USA,JPN,0.0354,1,True
2018-12-01,USA,JPN,0.0212,1,True
2019-01-01,USA,JPN,0.0457,1,True
2019-02-01,USA,JPN,0.0382,1,True
2019-03-01,USA,JPN,0.0561,1,False
2019-04-01,USA,JPN,0.1518,1,False
2019-05-01,USA,JPN,0.2385,1,False
2019-06-01,USA,JPN,0.2206,1,False
2019-07-01,USA,JPN,0.284,1,False
2019-08-01,USA,JPN,0.4876,1,False
2019-09-01,USA,JPN,0.4234,3,False
2019-10-01,USA,JPN,0.4565,3,False
2019-11-01,USA,JPN,0.4346,3,False
2019-12-01,USA,JPN,0.3874,4,False
2020-01-01,USA,JPN,0.2226,3,False
2020-02-01,USA,JPN,0.1005,4,False
2020-03-01,USA,JPN,0.1036,4,False
2020-04-01,USA,JPN,0.0446,3,True
2020-05-01,USA,JPN,0.0267,3,True
2020-06-01,USA,JPN,0.0227,3,True
2020-07-01,USA,JPN,0.0146,3,True
2020-08-01,USA,JPN,0.0093,3,True
2020-09-01,USA,JPN,0.0073,3,True
2020-10-01,USA,JPN,0.0052,4,True
2020-11-01,USA,JPN,0.0079,3,True
2020-12-01,USA,JPN,0.0278,3,True
2021-01-01,USA,JPN,0.1208,3,False
2021-02-01,USA,JPN,0.0652,3,False
2021-03-01,USA,JPN,0.0712,3,False
2021-04-01,USA,JPN,0.1441,1,False
2021-05-01,USA,JPN,0.6401,3,False
2021-06-01,USA,JPN,0.3971,1,False
2021-07-01,USA,JPN,0.3091,1,False
2021-08-01,USA,JPN,0.5043,4,False
2021-09-01,USA,JPN,0.0492,4,True
2021-10-01,USA,JPN,0.0434,4,True
2021-11-01,USA,JPN,0.1325,1,False
2021-12-01,USA,JPN,0.1938,1,False
2022-01-01,USA,JPN,0.3795,1,False
2022-02-01,USA,JPN,0.2125,1,False
2022-03-01,USA,JPN,0.04,1,True
2022-04-01,USA,JPN,0.01,1,True
2022-05-01,USA,JPN,0.015,1,True
2022-06-01,USA,JPN,0.0283,1,True
2022-07-01,USA,JPN,0.0092,1,True
2022-08-01,USA,JPN,0.0154,1,True
2022-09-01,USA,JPN,0.0198,1,True
2022-10-01,USA,JPN,0.0128,3,True
2022-11-01,USA,JPN,0.006,3,True
2022-12-01,USA,JPN,0.0036,1,True
2023-01-01,USA,JPN,0.0034,3,True
2023-02-01,USA,JPN,0.0049,1,True
2023-03-01,USA,JPN,0.0044,1,True
2023-04-01,USA,JPN,0.016,1,True
2023-05-01,USA,JPN,0.0086,3,True
2023-06-01,USA,JPN,0.0079,3,True
2023-07-01,USA,JPN,0.0416,1,True
2023-08-01,USA,JPN,0.1072,1,False
2023-09-01,USA,JPN,0.183,1,False
2023-10-01,USA,JPN,0.0929,3,False
2023-11-01,USA,JPN,0.1199,3,False
2023-12-01,USA,JPN,0.1166,3,False
2024-01-01,USA,JPN,0.0705,4,False
2024-02-01,USA,JPN,0.0307,3,True
2024-03-01,USA,JPN,0.0434,3,True
2024-04-01,USA,JPN,0.0585,4,False
2024-05-01,USA,JPN,0.0901,4,False
2024-06-01,USA,JPN,0.1087,4,False
2024-07-01,USA,JPN,0.1089,4,False
2024-08-01,USA,JPN,0.1092,4,False
2024-09-01,USA,JPN,0.1133,3,False
2024-10-01,USA,JPN,0.0583,4,False
2024-11-01,USA,JPN,0.0909,3,False
2024-12-01,USA,JPN,0.0453,2,True
2025-01-01,USA,JPN,0.0147,1,True
2025-02-01,USA,JPN,0.0356,1,True
2025-03-01,USA,JPN,0.0381,1,True
2025-04-01,USA,JPN,0.0419,1,True
2025-05-01,USA,JPN,0.006,1,True
2025-06-01,USA,JPN,0.0136,1,True
2025-07-01,USA,JPN,0.0229,1,True
2025-08-01,USA,JPN,0.0505,1,False
2025-09-01,USA,JPN,0.1432,1,False
2025-10-01,USA,JPN,0.2347,2,False
2025-11-01,USA,JPN,0.3325,1,False
2025-12-01,USA,JPN,0.3314,1,False
2026-01-01,USA,JPN,0.3235,4,False
2026-02-01,USA,JPN,0.1377,4,False
2026-03-01,USA,JPN,0.1375,3,False
2015-01-01,DEU,IND,0.007,1,True
2015-02-01,DEU,IND,0.0174,4,True
2015-03-01,DEU,IND,0.0306,3,True
2015-04-01,DEU,IND,0.0875,3,False
2015-05-01,DEU,IND,0.0915,2,False
2015-06-01,DEU,IND,0.0892,2,False
2015-07-01,DEU,IND,0.0989,2,False
2015-08-01,DEU,IND,0.4292,3,False
2015-09-01,DEU,IND,0.3399,3,False
2015-10-01,DEU,IND,0.4315,2,False
2015-11-01,DEU,IND,0.4104,1,False
2015-12-01,DEU,IND,0.4479,3,False
2016-01-01,DEU,IND,0.4471,3,False
2016-02-01,DEU,IND,0.497,3,False
2016-03-01,DEU,IND,0.3657,3,False
2016-04-01,DEU,IND,0.4423,3,False
2016-05-01,DEU,IND,0.399,3,False
2016-06-01,DEU,IND,0.3855,3,False
2016-07-01,DEU,IND,0.4052,3,False
2016-08-01,DEU,IND,0.45,4,False
2016-09-01,DEU,IND,0.3498,4,False
2016-10-01,DEU,IND,0.2436,4,False
2016-11-01,DEU,IND,0.2365,4,False
2016-12-01,DEU,IND,0.2812,4,False
2017-01-01,DEU,IND,0.3284,4,False
2017-02-01,DEU,IND,0.3276,4,False
2017-03-01,DEU,IND,0.4797,4,False
2017-04-01,DEU,IND,0.4045,4,False
2017-05-01,DEU,IND,0.3671,4,False
2017-06-01,DEU,IND,0.471,4,False
2017-07-01,DEU,IND,0.378,4,False
2017-08-01,DEU,IND,0.2939,4,False
2017-09-01,DEU,IND,0.2815,4,False
2017-10-01,DEU,IND,0.3392,4,False
2017-11-01,DEU,IND,0.227,4,False
2017-12-01,DEU,IND,0.3648,4,False
2018-01-01,DEU,IND,0.4059,4,False
2018-02-01,DEU,IND,0.2724,4,False
2018-03-01,DEU,IND,0.072,4,False
2018-04-01,DEU,IND,0.2656,4,False
2018-05-01,DEU,IND,0.1666,4,False
2018-06-01,DEU,IND,0.3258,4,False
2018-07-01,DEU,IND,0.3041,2,False
2018-08-01,DEU,IND,0.2099,2,False
2018-09-01,DEU,IND,0.169,4,False
2018-10-01,DEU,IND,0.1173,4,False
2018-11-01,DEU,IND,0.0889,4,False
2018-12-01,DEU,IND,0.0984,4,False
2019-01-01,DEU,IND,0.0307,4,True
2019-02-01,DEU,IND,0.0421,3,True
2019-03-01,DEU,IND,0.0243,2,True
2019-04-01,DEU,IND,0.0112,4,True
2019-05-01,DEU,IND,0.007,3,True
2019-06-01,DEU,IND,0.0039,2,True
2019-07-01,DEU,IND,0.0126,1,True
2019-08-01,DEU,IND,0.0161,4,True
2019-09-01,DEU,IND,0.0353,4,True
2019-10-01,DEU,IND,0.0425,4,True
2019-11-01,DEU,IND,0.0366,4,True
2019-12-01,DEU,IND,0.0585,3,False
2020-01-01,DEU,IND,0.037,3,True
2020-02-01,DEU,IND,0.1457,3,False
2020-03-01,DEU,IND,0.1288,2,False
2020-04-01,DEU,IND,0.2013,3,False
2020-05-01,DEU,IND,0.115,2,False
2020-06-01,DEU,IND,0.1837,2,False
2020-07-01,DEU,IND,0.1898,4,False
2020-08-01,DEU,IND,0.1854,4,False
2020-09-01,DEU,IND,0.2083,4,False
2020-10-01,DEU,IND,0.2506,4,False
2020-11-01,DEU,IND,0.2478,4,False
2020-12-01,DEU,IND,0.217,4,False
2021-01-01,DEU,IND,0.1469,4,False
2021-02-01,DEU,IND,0.1074,4,False
2021-03-01,DEU,IND,0.1529,4,False
2021-04-01,DEU,IND,0.2237,1,False
2021-05-01,DEU,IND,0.2058,4,False
2021-06-01,DEU,IND,0.1538,4,False
2021-07-01,DEU,IND,0.1227,4,False
2021-08-01,DEU,IND,0.0935,4,False
2021-09-01,DEU,IND,0.1491,4,False
2021-10-01,DEU,IND,0.236,4,False
2021-11-01,DEU,IND,0.2297,4,False
2021-12-01,DEU,IND,0.3125,4,False
2022-01-01,DEU,IND,0.2712,4,False
2022-02-01,DEU,IND,0.3081,4,False
2022-03-01,DEU,IND,0.2887,4,False
2022-04-01,DEU,IND,0.31,4,False
2022-05-01,DEU,IND,0.235,4,False
2022-06-01,DEU,IND,0.1209,4,False
2022-07-01,DEU,IND,0.1222,4,False
2022-08-01,DEU,IND,0.0877,4,False
2022-09-01,DEU,IND,0.0252,4,True
2022-10-01,DEU,IND,0.0055,4,True
2022-11-01,DEU,IND,0.0125,4,True
2022-12-01,DEU,IND,0.0366,1,True
2023-01-01,DEU,IND,0.0044,4,True
2023-02-01,DEU,IND,0.0134,4,True
2023-03-01,DEU,IND,0.0161,2,True
2023-04-01,DEU,IND,0.0205,2,True
2023-05-01,DEU,IND,0.024,2,True
2023-06-01,DEU,IND,0.0333,2,True
2023-07-01,DEU,IND,0.0072,4,True
2023-08-01,DEU,IND,0.009,2,True
2023-09-01,DEU,IND,0.0007,2,True
2023-10-01,DEU,IND,0.0003,2,True
2023-11-01,DEU,IND,0.004,2,True
2023-12-01,DEU,IND,0.0099,2,True
2024-01-01,DEU,IND,0.0078,2,True
2024-02-01,DEU,IND,0.0063,2,True
2024-03-01,DEU,IND,0.0137,2,True
2024-04-01,DEU,IND,0.0054,2,True
2024-05-01,DEU,IND,0.002,2,True
2024-06-01,DEU,IND,0.0023,2,True
2024-07-01,DEU,IND,0.0039,2,True
2024-08-01,DEU,IND,0.0285,2,True
2024-09-01,DEU,IND,0.0324,2,True
2024-10-01,DEU,IND,0.0232,2,True
2024-11-01,DEU,IND,0.0234,2,True
2024-12-01,DEU,IND,0.0161,2,True
2025-01-01,DEU,IND,0.0167,2,True
2025-02-01,DEU,IND,0.0096,2,True
2025-03-01,DEU,IND,0.0059,2,True
2025-04-01,DEU,IND,0.0058,2,True
2025-05-01,DEU,IND,0.0105,2,True
2025-06-01,DEU,IND,0.0123,2,True
2025-07-01,DEU,IND,0.0116,2,True
2025-08-01,DEU,IND,0.0111,2,True
2025-09-01,DEU,IND,0.0092,2,True
2025-10-01,DEU,IND,0.008,2,True
2025-11-01,DEU,IND,0.0096,2,True
2025-12-01,DEU,IND,0.0219,2,True
2026-01-01,DEU,IND,0.0235,2,True
2026-02-01,DEU,IND,0.0092,4,True
2026-03-01,DEU,IND,0.008,2,True
2015-01-01,DEU,CHN,0.0124,1,True
2015-02-01,DEU,CHN,0.0069,2,True
2015-03-01,DEU,CHN,0.0009,1,True
2015-04-01,DEU,CHN,0.021,1,True
2015-05-01,DEU,CHN,0.0216,1,True
2015-06-01,DEU,CHN,0.011,1,True
2015-07-01,DEU,CHN,0.0069,1,True
2015-08-01,DEU,CHN,0.0251,2,True
2015-09-01,DEU,CHN,0.0188,1,True
2015-10-01,DEU,CHN,0.0458,4,True
2015-11-01,DEU,CHN,0.0267,3,True
2015-12-01,DEU,CHN,0.041,1,True
2016-01-01,DEU,CHN,0.029,1,True
2016-02-01,DEU,CHN,0.1294,1,False
2016-03-01,DEU,CHN,0.077,2,False
2016-04-01,DEU,CHN,0.0556,2,False
2016-05-01,DEU,CHN,0.0658,2,False
2016-06-01,DEU,CHN,0.1283,1,False
2016-07-01,DEU,CHN,0.1428,2,False
2016-08-01,DEU,CHN,0.1166,1,False
2016-09-01,DEU,CHN,0.1232,2,False
2016-10-01,DEU,CHN,0.1308,2,False
2016-11-01,DEU,CHN,0.0765,2,False
2016-12-01,DEU,CHN,0.0804,2,False
2017-01-01,DEU,CHN,0.0759,2,False
2017-02-01,DEU,CHN,0.2552,2,False
2017-03-01,DEU,CHN,0.2188,4,False
2017-04-01,DEU,CHN,0.1613,4,False
2017-05-01,DEU,CHN,0.0703,4,False
2017-06-01,DEU,CHN,0.0645,4,False
2017-07-01,DEU,CHN,0.1289,1,False
2017-08-01,DEU,CHN,0.0659,1,False
2017-09-01,DEU,CHN,0.0888,1,False
2017-10-01,DEU,CHN,0.0557,1,False
2017-11-01,DEU,CHN,0.0434,1,True
2017-12-01,DEU,CHN,0.0221,1,True
2018-01-01,DEU,CHN,0.0795,4,False
2018-02-01,DEU,CHN,0.0915,4,False
2018-03-01,DEU,CHN,0.1673,4,False
2018-04-01,DEU,CHN,0.1188,4,False
2018-05-01,DEU,CHN,0.1093,4,False
2018-06-01,DEU,CHN,0.165,4,False
2018-07-01,DEU,CHN,0.0524,4,False
2018-08-01,DEU,CHN,0.2732,4,False
2018-09-01,DEU,CHN,0.4017,1,False
2018-10-01,DEU,CHN,0.1429,3,False
2018-11-01,DEU,CHN,0.0418,1,True
2018-12-01,DEU,CHN,0.0097,1,True
2019-01-01,DEU,CHN,0.0258,1,True
2019-02-01,DEU,CHN,0.0755,3,False
2019-03-01,DEU,CHN,0.2777,3,False
2019-04-01,DEU,CHN,0.5182,3,False
2019-05-01,DEU,CHN,0.6258,3,False
2019-06-01,DEU,CHN,0.6748,3,False
2019-07-01,DEU,CHN,0.6922,2,False
2019-08-01,DEU,CHN,0.5844,3,False
2019-09-01,DEU,CHN,0.1538,4,False
2019-10-01,DEU,CHN,0.065,3,False
2019-11-01,DEU,CHN,0.0846,2,False
2019-12-01,DEU,CHN,0.042,4,True
2020-01-01,DEU,CHN,0.0167,4,True
2020-02-01,DEU,CHN,0.0211,4,True
2020-03-01,DEU,CHN,0.0188,4,True
2020-04-01,DEU,CHN,0.0254,4,True
2020-05-01,DEU,CHN,0.0427,4,True
2020-06-01,DEU,CHN,0.0275,4,True
2020-07-01,DEU,CHN,0.017,4,True
2020-08-01,DEU,CHN,0.0081,4,True
2020-09-01,DEU,CHN,0.1416,2,False
2020-10-01,DEU,CHN,0.4013,2,False
2020-11-01,DEU,CHN,0.4038,2,False
2020-12-01,DEU,CHN,0.347,2,False
2021-01-01,DEU,CHN,0.3126,2,False
2021-02-01,DEU,CHN,0.2802,4,False
2021-03-01,DEU,CHN,0.0627,3,False
2021-04-01,DEU,CHN,0.0479,3,True
2021-05-01,DEU,CHN,0.0387,3,True
2021-06-01,DEU,CHN,0.0326,3,True
2021-07-01,DEU,CHN,0.0446,3,True
2021-08-01,DEU,CHN,0.0514,3,False
2021-09-01,DEU,CHN,0.0471,3,True
2021-10-01,DEU,CHN,0.0399,3,True
2021-11-01,DEU,CHN,0.1154,2,False
2021-12-01,DEU,CHN,0.1274,3,False
2022-01-01,DEU,CHN,0.1601,3,False
2022-02-01,DEU,CHN,0.1395,3,False
2022-03-01,DEU,CHN,0.1562,3,False
2022-04-01,DEU,CHN,0.1395,2,False
2022-05-01,DEU,CHN,0.5202,2,False
2022-06-01,DEU,CHN,0.5296,3,False
2022-07-01,DEU,CHN,0.5111,2,False
2022-08-01,DEU,CHN,0.477,2,False
2022-09-01,DEU,CHN,0.488,3,False
2022-10-01,DEU,CHN,0.4934,2,False
2022-11-01,DEU,CHN,0.3035,3,False
2022-12-01,DEU,CHN,0.3144,2,False
2023-01-01,DEU,CHN,0.2379,2,False
2023-02-01,DEU,CHN,0.6926,2,False
2023-03-01,DEU,CHN,0.7171,2,False
2023-04-01,DEU,CHN,0.7648,4,False
2023-05-01,DEU,CHN,0.7347,2,False
2023-06-01,DEU,CHN,0.7201,2,False
2023-07-01,DEU,CHN,0.6685,4,False
2023-08-01,DEU,CHN,0.6568,4,False
2023-09-01,DEU,CHN,0.2628,4,False
2023-10-01,DEU,CHN,0.2973,4,False
2023-11-01,DEU,CHN,0.1024,2,False
2023-12-01,DEU,CHN,0.0557,1,False
2024-01-01,DEU,CHN,0.0393,1,True
2024-02-01,DEU,CHN,0.0354,1,True
2024-03-01,DEU,CHN,0.0916,2,False
2024-04-01,DEU,CHN,0.0595,2,False
2024-05-01,DEU,CHN,0.055,1,False
2024-06-01,DEU,CHN,0.2589,2,False
2024-07-01,DEU,CHN,0.2003,2,False
2024-08-01,DEU,CHN,0.2446,2,False
2024-09-01,DEU,CHN,0.231,2,False
2024-10-01,DEU,CHN,0.28,2,False
2024-11-01,DEU,CHN,0.3634,2,False
2024-12-01,DEU,CHN,0.2511,3,False
2025-01-01,DEU,CHN,0.1527,2,False
2025-02-01,DEU,CHN,0.1121,2,False
2025-03-01,DEU,CHN,0.1397,2,False
2025-04-01,DEU,CHN,0.1312,2,False
2025-05-01,DEU,CHN,0.1229,2,False
2025-06-01,DEU,CHN,0.0838,2,False
2025-07-01,DEU,CHN,0.0605,4,False
2025-08-01,DEU,CHN,0.0745,3,False
2025-09-01,DEU,CHN,0.0282,2,True
2025-10-01,DEU,CHN,0.0364,2,True
2025-11-01,DEU,CHN,0.1287,2,False
2025-12-01,DEU,CHN,0.1466,2,False
2026-01-01,DEU,CHN,0.1889,2,False
2026-02-01,DEU,CHN,0.1492,3,False
2026-03-01,DEU,CHN,0.16,2,False
2015-01-01,DEU,VNM,0.26,1,False
2015-02-01,DEU,VNM,0.1892,2,False
2015-03-01,DEU,VNM,0.0507,2,False
2015-04-01,DEU,VNM,0.0678,1,False
2015-05-01,DEU,VNM,0.103,1,False
2015-06-01,DEU,VNM,0.0596,4,False
2015-07-01,DEU,VNM,0.0156,3,True
2015-08-01,DEU,VNM,0.0305,4,True
2015-09-01,DEU,VNM,0.1328,1,False
2015-10-01,DEU,VNM,0.2921,1,False
2015-11-01,DEU,VNM,0.3644,1,False
2015-12-01,DEU,VNM,0.2543,1,False
2016-01-01,DEU,VNM,0.2046,1,False
2016-02-01,DEU,VNM,0.1897,1,False
2016-03-01,DEU,VNM,0.1434,1,False
2016-04-01,DEU,VNM,0.1571,1,False
2016-05-01,DEU,VNM,0.1945,1,False
2016-06-01,DEU,VNM,0.2659,1,False
2016-07-01,DEU,VNM,0.2117,1,False
2016-08-01,DEU,VNM,0.2509,1,False
2016-09-01,DEU,VNM,0.3128,1,False
2016-10-01,DEU,VNM,0.4424,1,False
2016-11-01,DEU,VNM,0.488,1,False
2016-12-01,DEU,VNM,0.5643,3,False
2017-01-01,DEU,VNM,0.4066,3,False
2017-02-01,DEU,VNM,0.3943,1,False
2017-03-01,DEU,VNM,0.2037,1,False
2017-04-01,DEU,VNM,0.4742,1,False
2017-05-01,DEU,VNM,0.4752,1,False
2017-06-01,DEU,VNM,0.4447,1,False
2017-07-01,DEU,VNM,0.4697,1,False
2017-08-01,DEU,VNM,0.6258,1,False
2017-09-01,DEU,VNM,0.562,1,False
2017-10-01,DEU,VNM,0.2863,1,False
2017-11-01,DEU,VNM,0.194,1,False
2017-12-01,DEU,VNM,0.1027,1,False
2018-01-01,DEU,VNM,0.061,1,False
2018-02-01,DEU,VNM,0.2891,1,False
2018-03-01,DEU,VNM,0.4188,1,False
2018-04-01,DEU,VNM,0.5284,1,False
2018-05-01,DEU,VNM,0.473,1,False
2018-06-01,DEU,VNM,0.5394,4,False
2018-07-01,DEU,VNM,0.4517,3,False
2018-08-01,DEU,VNM,0.4325,3,False
2018-09-01,DEU,VNM,0.4054,3,False
2018-10-01,DEU,VNM,0.447,3,False
2018-11-01,DEU,VNM,0.5824,3,False
2018-12-01,DEU,VNM,0.3926,3,False
2019-01-01,DEU,VNM,0.3634,3,False
2019-02-01,DEU,VNM,0.4772,3,False
2019-03-01,DEU,VNM,0.5488,1,False
2019-04-01,DEU,VNM,0.5867,1,False
2019-05-01,DEU,VNM,0.6722,1,False
2019-06-01,DEU,VNM,0.7964,3,False
2019-07-01,DEU,VNM,0.8386,4,False
2019-08-01,DEU,VNM,0.6783,4,False
2019-09-01,DEU,VNM,0.6639,3,False
2019-10-01,DEU,VNM,0.5219,2,False
2019-11-01,DEU,VNM,0.5982,1,False
2019-12-01,DEU,VNM,0.3861,4,False
2020-01-01,DEU,VNM,0.2944,3,False
2020-02-01,DEU,VNM,0.3019,2,False
2020-03-01,DEU,VNM,0.2082,1,False
2020-04-01,DEU,VNM,0.2302,1,False
2020-05-01,DEU,VNM,0.2703,1,False
2020-06-01,DEU,VNM,0.0901,2,False
2020-07-01,DEU,VNM,0.0269,1,True
2020-08-01,DEU,VNM,0.0091,1,True
2020-09-01,DEU,VNM,0.0312,1,True
2020-10-01,DEU,VNM,0.0773,1,False
2020-11-01,DEU,VNM,0.0347,1,True
2020-12-01,DEU,VNM,0.0442,1,True
2021-01-01,DEU,VNM,0.0306,2,True
2021-02-01,DEU,VNM,0.0151,1,True
2021-03-01,DEU,VNM,0.0035,1,True
2021-04-01,DEU,VNM,0.0048,1,True
2021-05-01,DEU,VNM,0.0022,1,True
2021-06-01,DEU,VNM,0.0028,1,True
2021-07-01,DEU,VNM,0.0184,1,True
2021-08-01,DEU,VNM,0.0079,1,True
2021-09-01,DEU,VNM,0.0061,1,True
2021-10-01,DEU,VNM,0.1093,1,False
2021-11-01,DEU,VNM,0.2857,4,False
2021-12-01,DEU,VNM,0.0912,4,False
2022-01-01,DEU,VNM,0.0929,4,False
2022-02-01,DEU,VNM,0.1293,4,False
2022-03-01,DEU,VNM,0.0725,4,False
2022-04-01,DEU,VNM,0.1293,4,False
2022-05-01,DEU,VNM,0.1776,4,False
2022-06-01,DEU,VNM,0.11,1,False
2022-07-01,DEU,VNM,0.1374,1,False
2022-08-01,DEU,VNM,0.0768,1,False
2022-09-01,DEU,VNM,0.0691,1,False
2022-10-01,DEU,VNM,0.0245,1,True
2022-11-01,DEU,VNM,0.034,1,True
2022-12-01,DEU,VNM,0.0527,1,False
2023-01-01,DEU,VNM,0.1429,1,False
2023-02-01,DEU,VNM,0.0567,3,False
2023-03-01,DEU,VNM,0.0349,2,True
2023-04-01,DEU,VNM,0.0057,1,True
2023-05-01,DEU,VNM,0.0109,1,True
2023-06-01,DEU,VNM,0.0271,1,True
2023-07-01,DEU,VNM,0.0613,3,False
2023-08-01,DEU,VNM,0.0931,1,False
2023-09-01,DEU,VNM,0.0405,1,True
2023-10-01,DEU,VNM,0.0714,1,False
2023-11-01,DEU,VNM,0.0514,1,False
2023-12-01,DEU,VNM,0.065,3,False
2024-01-01,DEU,VNM,0.0464,4,True
2024-02-01,DEU,VNM,0.0981,4,False
2024-03-01,DEU,VNM,0.1531,4,False
2024-04-01,DEU,VNM,0.2309,4,False
2024-05-01,DEU,VNM,0.2581,4,False
2024-06-01,DEU,VNM,0.2782,4,False
2024-07-01,DEU,VNM,0.2883,3,False
2024-08-01,DEU,VNM,0.2442,2,False
2024-09-01,DEU,VNM,0.4607,2,False
2024-10-01,DEU,VNM,0.282,1,False
2024-11-01,DEU,VNM,0.1759,1,False
2024-12-01,DEU,VNM,0.146,1,False
2025-01-01,DEU,VNM,0.1047,4,False
2025-02-01,DEU,VNM,0.1201,4,False
2025-03-01,DEU,VNM,0.1008,1,False
2025-04-01,DEU,VNM,0.0988,3,False
2025-05-01,DEU,VNM,0.0629,3,False
2025-06-01,DEU,VNM,0.0667,3,False
2025-07-01,DEU,VNM,0.0441,3,True
2025-08-01,DEU,VNM,0.0432,3,True
2025-09-01,DEU,VNM,0.0422,1,True
2025-10-01,DEU,VNM,0.0366,1,True
2025-11-01,DEU,VNM,0.0485,1,True
2025-12-01,DEU,VNM,0.1711,1,False
2026-01-01,DEU,VNM,0.0898,4,False
2026-02-01,DEU,VNM,0.0517,4,False
2026-03-01,DEU,VNM,0.0749,3,False
2015-01-01,DEU,IDN,0.006,3,True
2015-02-01,DEU,IDN,0.0076,2,True
2015-03-01,DEU,IDN,0.0166,2,True
2015-04-01,DEU,IDN,0.0133,2,True
2015-05-01,DEU,IDN,0.0163,3,True
2015-06-01,DEU,IDN,0.0085,3,True
2015-07-01,DEU,IDN,0.0001,4,True
2015-08-01,DEU,IDN,0.0041,4,True
2015-09-01,DEU,IDN,0.0094,4,True
2015-10-01,DEU,IDN,0.0057,3,True
2015-11-01,DEU,IDN,0.0121,4,True
2015-12-01,DEU,IDN,0.0036,4,True
2016-01-01,DEU,IDN,0.0037,4,True
2016-02-01,DEU,IDN,0.0096,4,True
2016-03-01,DEU,IDN,0.0101,4,True
2016-04-01,DEU,IDN,0.0115,4,True
2016-05-01,DEU,IDN,0.013,4,True
2016-06-01,DEU,IDN,0.0061,4,True
2016-07-01,DEU,IDN,0.0065,4,True
2016-08-01,DEU,IDN,0.0125,1,True
2016-09-01,DEU,IDN,0.0052,1,True
2016-10-01,DEU,IDN,0.0065,1,True
2016-11-01,DEU,IDN,0.0031,1,True
2016-12-01,DEU,IDN,0.0067,1,True
2017-01-01,DEU,IDN,0.0043,1,True
2017-02-01,DEU,IDN,0.0107,1,True
2017-03-01,DEU,IDN,0.0412,1,True
2017-04-01,DEU,IDN,0.1286,3,False
2017-05-01,DEU,IDN,0.1034,1,False
2017-06-01,DEU,IDN,0.106,1,False
2017-07-01,DEU,IDN,0.0998,1,False
2017-08-01,DEU,IDN,0.0766,1,False
2017-09-01,DEU,IDN,0.0466,1,True
2017-10-01,DEU,IDN,0.0674,1,False
2017-11-01,DEU,IDN,0.1325,1,False
2017-12-01,DEU,IDN,0.1269,1,False
2018-01-01,DEU,IDN,0.1026,1,False
2018-02-01,DEU,IDN,0.2064,1,False
2018-03-01,DEU,IDN,0.194,1,False
2018-04-01,DEU,IDN,0.1912,1,False
2018-05-01,DEU,IDN,0.1881,1,False
2018-06-01,DEU,IDN,0.2833,1,False
2018-07-01,DEU,IDN,0.4363,1,False
2018-08-01,DEU,IDN,0.4527,1,False
2018-09-01,DEU,IDN,0.5372,4,False
2018-10-01,DEU,IDN,0.7248,4,False
2018-11-01,DEU,IDN,0.626,4,False
2018-12-01,DEU,IDN,0.5753,4,False
2019-01-01,DEU,IDN,0.4909,4,False
2019-02-01,DEU,IDN,0.4983,4,False
2019-03-01,DEU,IDN,0.8193,4,False
2019-04-01,DEU,IDN,0.8207,1,False
2019-05-01,DEU,IDN,0.798,4,False
2019-06-01,DEU,IDN,0.5635,1,False
2019-07-01,DEU,IDN,0.2989,1,False
2019-08-01,DEU,IDN,0.0955,1,False
2019-09-01,DEU,IDN,0.5684,1,False
2019-10-01,DEU,IDN,0.2771,1,False
2019-11-01,DEU,IDN,0.2088,1,False
2019-12-01,DEU,IDN,0.103,1,False
2020-01-01,DEU,IDN,0.1137,1,False
2020-02-01,DEU,IDN,0.1136,1,False
2020-03-01,DEU,IDN,0.0768,1,False
2020-04-01,DEU,IDN,0.1089,1,False
2020-05-01,DEU,IDN,0.1345,1,False
2020-06-01,DEU,IDN,0.0702,1,False
2020-07-01,DEU,IDN,0.1037,1,False
2020-08-01,DEU,IDN,0.0888,1,False
2020-09-01,DEU,IDN,0.0446,1,True
2020-10-01,DEU,IDN,0.0592,1,False
2020-11-01,DEU,IDN,0.0258,1,True
2020-12-01,DEU,IDN,0.007,1,True
2021-01-01,DEU,IDN,0.0221,1,True
2021-02-01,DEU,IDN,0.0158,1,True
2021-03-01,DEU,IDN,0.0493,1,True
2021-04-01,DEU,IDN,0.0638,1,False
2021-05-01,DEU,IDN,0.0532,1,False
2021-06-01,DEU,IDN,0.024,1,True
2021-07-01,DEU,IDN,0.0456,1,True
2021-08-01,DEU,IDN,0.0507,1,False
2021-09-01,DEU,IDN,0.042,1,True
2021-10-01,DEU,IDN,0.0983,1,False
2021-11-01,DEU,IDN,0.6031,4,False
2021-12-01,DEU,IDN,0.487,1,False
2022-01-01,DEU,IDN,0.8022,1,False
2022-02-01,DEU,IDN,0.2034,1,False
2022-03-01,DEU,IDN,0.4424,1,False
2022-04-01,DEU,IDN,0.146,1,False
2022-05-01,DEU,IDN,0.0234,4,True
2022-06-01,DEU,IDN,0.0097,4,True
2022-07-01,DEU,IDN,0.0049,2,True
2022-08-01,DEU,IDN,0.0009,1,True
2022-09-01,DEU,IDN,0.0013,1,True
2022-10-01,DEU,IDN,0.0031,1,True
2022-11-01,DEU,IDN,0.0067,1,True
2022-12-01,DEU,IDN,0.0101,1,True
2023-01-01,DEU,IDN,0.0278,1,True
2023-02-01,DEU,IDN,0.0176,1,True
2023-03-01,DEU,IDN,0.0242,4,True
2023-04-01,DEU,IDN,0.0414,1,True
2023-05-01,DEU,IDN,0.0494,1,True
2023-06-01,DEU,IDN,0.0498,1,True
2023-07-01,DEU,IDN,0.0226,1,True
2023-08-01,DEU,IDN,0.0411,1,True
2023-09-01,DEU,IDN,0.0616,1,False
2023-10-01,DEU,IDN,0.0854,1,False
2023-11-01,DEU,IDN,0.4024,4,False
2023-12-01,DEU,IDN,0.4658,4,False
2024-01-01,DEU,IDN,0.3288,4,False
2024-02-01,DEU,IDN,0.2363,4,False
2024-03-01,DEU,IDN,0.2045,4,False
2024-04-01,DEU,IDN,0.2059,4,False
2024-05-01,DEU,IDN,0.1724,4,False
2024-06-01,DEU,IDN,0.1803,4,False
2024-07-01,DEU,IDN,0.1726,1,False
2024-08-01,DEU,IDN,0.1194,1,False
2024-09-01,DEU,IDN,0.1126,1,False
2024-10-01,DEU,IDN,0.1169,1,False
2024-11-01,DEU,IDN,0.0135,4,True
2024-12-01,DEU,IDN,0.0282,4,True
2025-01-01,DEU,IDN,0.0211,4,True
2025-02-01,DEU,IDN,0.0172,4,True
2025-03-01,DEU,IDN,0.0416,4,True
2025-04-01,DEU,IDN,0.0515,4,False
2025-05-01,DEU,IDN,0.0391,4,True
2025-06-01,DEU,IDN,0.032,4,True
2025-07-01,DEU,IDN,0.0319,4,True
2025-08-01,DEU,IDN,0.0361,4,True
2025-09-01,DEU,IDN,0.0422,4,True
2025-10-01,DEU,IDN,0.0681,3,False
2025-11-01,DEU,IDN,0.0474,2,True
2025-12-01,DEU,IDN,0.0784,1,False
2026-01-01,DEU,IDN,0.0474,4,True
2026-02-01,DEU,IDN,0.0864,3,False
2026-03-01,DEU,IDN,0.0028,4,True
2015-01-01,DEU,THA,0.1247,3,False
2015-02-01,DEU,THA,0.0156,1,True
2015-03-01,DEU,THA,0.0025,1,True
2015-04-01,DEU,THA,0.0019,1,True
2015-05-01,DEU,THA,0.0042,1,True
2015-06-01,DEU,THA,0.0098,1,True
2015-07-01,DEU,THA,0.0191,1,True
2015-08-01,DEU,THA,0.0172,1,True
2015-09-01,DEU,THA,0.0095,1,True
2015-10-01,DEU,THA,0.0161,1,True
2015-11-01,DEU,THA,0.0205,1,True
2015-12-01,DEU,THA,0.0135,1,True
2016-01-01,DEU,THA,0.012,1,True
2016-02-01,DEU,THA,0.0161,2,True
2016-03-01,DEU,THA,0.0198,1,True
2016-04-01,DEU,THA,0.0422,1,True
2016-05-01,DEU,THA,0.0468,1,True
2016-06-01,DEU,THA,0.0838,1,False
2016-07-01,DEU,THA,0.0717,1,False
2016-08-01,DEU,THA,0.0664,1,False
2016-09-01,DEU,THA,0.0474,1,True
2016-10-01,DEU,THA,0.0353,1,True
2016-11-01,DEU,THA,0.038,1,True
2016-12-01,DEU,THA,0.0368,1,True
2017-01-01,DEU,THA,0.0598,1,False
2017-02-01,DEU,THA,0.0751,1,False
2017-03-01,DEU,THA,0.0329,1,True
2017-04-01,DEU,THA,0.0598,1,False
2017-05-01,DEU,THA,0.0568,1,False
2017-06-01,DEU,THA,0.092,1,False
2017-07-01,DEU,THA,0.0821,1,False
2017-08-01,DEU,THA,0.053,1,False
2017-09-01,DEU,THA,0.0971,1,False
2017-10-01,DEU,THA,0.0806,1,False
2017-11-01,DEU,THA,0.227,1,False
2017-12-01,DEU,THA,0.2983,1,False
2018-01-01,DEU,THA,0.2872,1,False
2018-02-01,DEU,THA,0.2427,1,False
2018-03-01,DEU,THA,0.2103,1,False
2018-04-01,DEU,THA,0.2866,1,False
2018-05-01,DEU,THA,0.2722,1,False
2018-06-01,DEU,THA,0.2284,1,False
2018-07-01,DEU,THA,0.1268,1,False
2018-08-01,DEU,THA,0.1019,1,False
2018-09-01,DEU,THA,0.0469,1,True
2018-10-01,DEU,THA,0.0577,1,False
2018-11-01,DEU,THA,0.1185,1,False
2018-12-01,DEU,THA,0.2133,2,False
2019-01-01,DEU,THA,0.4892,3,False
2019-02-01,DEU,THA,0.3811,2,False
2019-03-01,DEU,THA,0.2913,2,False
2019-04-01,DEU,THA,0.2052,2,False
2019-05-01,DEU,THA,0.1213,1,False
2019-06-01,DEU,THA,0.2066,1,False
2019-07-01,DEU,THA,0.3845,1,False
2019-08-01,DEU,THA,0.3832,1,False
2019-09-01,DEU,THA,0.5727,1,False
2019-10-01,DEU,THA,0.6586,1,False
2019-11-01,DEU,THA,0.4465,3,False
2019-12-01,DEU,THA,0.2688,2,False
2020-01-01,DEU,THA,0.3248,2,False
2020-02-01,DEU,THA,0.5244,2,False
2020-03-01,DEU,THA,0.5459,3,False
2020-04-01,DEU,THA,0.351,3,False
2020-05-01,DEU,THA,0.2456,2,False
2020-06-01,DEU,THA,0.3155,2,False
2020-07-01,DEU,THA,0.261,2,False
2020-08-01,DEU,THA,0.4378,4,False
2020-09-01,DEU,THA,0.5587,1,False
2020-10-01,DEU,THA,0.5875,4,False
2020-11-01,DEU,THA,0.5735,1,False
2020-12-01,DEU,THA,0.4408,4,False
2021-01-01,DEU,THA,0.1815,4,False
2021-02-01,DEU,THA,0.3568,4,False
2021-03-01,DEU,THA,0.3554,4,False
2021-04-01,DEU,THA,0.5162,4,False
2021-05-01,DEU,THA,0.3426,4,False
2021-06-01,DEU,THA,0.2894,4,False
2021-07-01,DEU,THA,0.5321,1,False
2021-08-01,DEU,THA,0.4741,1,False
2021-09-01,DEU,THA,0.3667,1,False
2021-10-01,DEU,THA,0.2047,1,False
2021-11-01,DEU,THA,0.0811,1,False
2021-12-01,DEU,THA,0.1305,1,False
2022-01-01,DEU,THA,0.2812,1,False
2022-02-01,DEU,THA,0.7895,3,False
2022-03-01,DEU,THA,0.8257,4,False
2022-04-01,DEU,THA,0.5646,3,False
2022-05-01,DEU,THA,0.5335,1,False
2022-06-01,DEU,THA,0.2842,1,False
2022-07-01,DEU,THA,0.1457,1,False
2022-08-01,DEU,THA,0.1008,1,False
2022-09-01,DEU,THA,0.067,1,False
2022-10-01,DEU,THA,0.0671,1,False
2022-11-01,DEU,THA,0.0894,1,False
2022-12-01,DEU,THA,0.1232,1,False
2023-01-01,DEU,THA,0.086,1,False
2023-02-01,DEU,THA,0.1509,3,False
2023-03-01,DEU,THA,0.0392,3,True
2023-04-01,DEU,THA,0.0314,2,True
2023-05-01,DEU,THA,0.0071,2,True
2023-06-01,DEU,THA,0.0078,2,True
2023-07-01,DEU,THA,0.0088,2,True
2023-08-01,DEU,THA,0.0138,2,True
2023-09-01,DEU,THA,0.0143,2,True
2023-10-01,DEU,THA,0.0103,3,True
2023-11-01,DEU,THA,0.017,2,True
2023-12-01,DEU,THA,0.0119,3,True
2024-01-01,DEU,THA,0.0085,3,True
2024-02-01,DEU,THA,0.001,3,True
2024-03-01,DEU,THA,0.001,2,True
2024-04-01,DEU,THA,0.0015,2,True
2024-05-01,DEU,THA,0.0024,2,True
2024-06-01,DEU,THA,0.0034,3,True
2024-07-01,DEU,THA,0.0031,2,True
2024-08-01,DEU,THA,0.0028,3,True
2024-09-01,DEU,THA,0.002,2,True
2024-10-01,DEU,THA,0.003,2,True
2024-11-01,DEU,THA,0.0019,2,True
2024-12-01,DEU,THA,0.0025,2,True
2025-01-01,DEU,THA,0.0028,2,True
2025-02-01,DEU,THA,0.0045,2,True
2025-03-01,DEU,THA,0.0115,2,True
2025-04-01,DEU,THA,0.0091,1,True
2025-05-01,DEU,THA,0.012,1,True
2025-06-01,DEU,THA,0.0064,2,True
2025-07-01,DEU,THA,0.0054,2,True
2025-08-01,DEU,THA,0.006,2,True
2025-09-01,DEU,THA,0.006,1,True
2025-10-01,DEU,THA,0.0018,1,True
2025-11-01,DEU,THA,0.0001,2,True
2025-12-01,DEU,THA,0.0,1,True
2026-01-01,DEU,THA,0.0,1,True
2026-02-01,DEU,THA,0.0,1,True
2026-03-01,DEU,THA,0.0,1,True
2015-01-01,DEU,BRA,0.0136,1,True
2015-02-01,DEU,BRA,0.0045,1,True
2015-03-01,DEU,BRA,0.0053,3,True
2015-04-01,DEU,BRA,0.0028,3,True
2015-05-01,DEU,BRA,0.0041,3,True
2015-06-01,DEU,BRA,0.0227,1,True
2015-07-01,DEU,BRA,0.111,1,False
2015-08-01,DEU,BRA,0.1987,4,False
2015-09-01,DEU,BRA,0.1284,1,False
2015-10-01,DEU,BRA,0.0768,1,False
2015-11-01,DEU,BRA,0.0702,1,False
2015-12-01,DEU,BRA,0.0415,4,True
2016-01-01,DEU,BRA,0.0295,1,True
2016-02-01,DEU,BRA,0.0359,1,True
2016-03-01,DEU,BRA,0.0416,1,True
2016-04-01,DEU,BRA,0.3726,1,False
2016-05-01,DEU,BRA,0.4294,1,False
2016-06-01,DEU,BRA,0.4203,1,False
2016-07-01,DEU,BRA,0.8342,4,False
2016-08-01,DEU,BRA,0.7587,1,False
2016-09-01,DEU,BRA,0.6287,1,False
2016-10-01,DEU,BRA,0.49,1,False
2016-11-01,DEU,BRA,0.4737,1,False
2016-12-01,DEU,BRA,0.5328,1,False
2017-01-01,DEU,BRA,0.487,1,False
2017-02-01,DEU,BRA,0.8284,2,False
2017-03-01,DEU,BRA,0.6527,1,False
2017-04-01,DEU,BRA,0.6259,1,False
2017-05-01,DEU,BRA,0.5648,1,False
2017-06-01,DEU,BRA,0.5277,1,False
2017-07-01,DEU,BRA,0.56,1,False
2017-08-01,DEU,BRA,0.583,1,False
2017-09-01,DEU,BRA,0.6113,1,False
2017-10-01,DEU,BRA,0.6438,1,False
2017-11-01,DEU,BRA,0.6876,1,False
2017-12-01,DEU,BRA,0.6421,1,False
2018-01-01,DEU,BRA,0.6515,2,False
2018-02-01,DEU,BRA,0.3972,1,False
2018-03-01,DEU,BRA,0.1536,1,False
2018-04-01,DEU,BRA,0.1384,1,False
2018-05-01,DEU,BRA,0.1635,1,False
2018-06-01,DEU,BRA,0.3909,1,False
2018-07-01,DEU,BRA,0.0317,2,True
2018-08-01,DEU,BRA,0.0608,3,False
2018-09-01,DEU,BRA,0.0241,2,True
2018-10-01,DEU,BRA,0.035,4,True
2018-11-01,DEU,BRA,0.0178,2,True
2018-12-01,DEU,BRA,0.0159,2,True
2019-01-01,DEU,BRA,0.0273,2,True
2019-02-01,DEU,BRA,0.0253,4,True
2019-03-01,DEU,BRA,0.0446,4,True
2019-04-01,DEU,BRA,0.0479,2,True
2019-05-01,DEU,BRA,0.046,2,True
2019-06-01,DEU,BRA,0.1165,2,False
2019-07-01,DEU,BRA,0.0274,2,True
2019-08-01,DEU,BRA,0.0273,2,True
2019-09-01,DEU,BRA,0.0255,4,True
2019-10-01,DEU,BRA,0.012,4,True
2019-11-01,DEU,BRA,0.0067,4,True
2019-12-01,DEU,BRA,0.0125,4,True
2020-01-01,DEU,BRA,0.0052,4,True
2020-02-01,DEU,BRA,0.0042,4,True
2020-03-01,DEU,BRA,0.0059,4,True
2020-04-01,DEU,BRA,0.0218,4,True
2020-05-01,DEU,BRA,0.0146,4,True
2020-06-01,DEU,BRA,0.01,3,True
2020-07-01,DEU,BRA,0.0076,3,True
2020-08-01,DEU,BRA,0.0093,3,True
2020-09-01,DEU,BRA,0.0155,2,True
2020-10-01,DEU,BRA,0.0197,4,True
2020-11-01,DEU,BRA,0.0188,4,True
2020-12-01,DEU,BRA,0.0157,4,True
2021-01-01,DEU,BRA,0.0101,4,True
2021-02-01,DEU,BRA,0.0136,4,True
2021-03-01,DEU,BRA,0.0071,2,True
2021-04-01,DEU,BRA,0.0225,2,True
2021-05-01,DEU,BRA,0.0995,2,False
2021-06-01,DEU,BRA,0.1415,1,False
2021-07-01,DEU,BRA,0.1465,1,False
2021-08-01,DEU,BRA,0.1685,1,False
2021-09-01,DEU,BRA,0.1466,1,False
2021-10-01,DEU,BRA,0.1514,1,False
2021-11-01,DEU,BRA,0.2293,1,False
2021-12-01,DEU,BRA,0.2291,1,False
2022-01-01,DEU,BRA,0.0662,1,False
2022-02-01,DEU,BRA,0.0839,1,False
2022-03-01,DEU,BRA,0.0539,1,False
2022-04-01,DEU,BRA,0.0837,1,False
2022-05-01,DEU,BRA,0.2494,1,False
2022-06-01,DEU,BRA,0.0806,1,False
2022-07-01,DEU,BRA,0.0953,1,False
2022-08-01,DEU,BRA,0.0228,1,True
2022-09-01,DEU,BRA,0.0037,1,True
2022-10-01,DEU,BRA,0.0004,1,True
2022-11-01,DEU,BRA,0.0005,1,True
2022-12-01,DEU,BRA,0.0007,1,True
2023-01-01,DEU,BRA,0.0026,1,True
2023-02-01,DEU,BRA,0.0044,1,True
2023-03-01,DEU,BRA,0.0034,1,True
2023-04-01,DEU,BRA,0.0007,1,True
2023-05-01,DEU,BRA,0.0002,1,True
2023-06-01,DEU,BRA,0.0002,1,True
2023-07-01,DEU,BRA,0.0001,1,True
2023-08-01,DEU,BRA,0.0002,1,True
2023-09-01,DEU,BRA,0.0005,1,True
2023-10-01,DEU,BRA,0.0008,1,True
2023-11-01,DEU,BRA,0.0008,1,True
2023-12-01,DEU,BRA,0.0006,1,True
2024-01-01,DEU,BRA,0.0003,1,True
2024-02-01,DEU,BRA,0.0006,1,True
2024-03-01,DEU,BRA,0.0014,1,True
2024-04-01,DEU,BRA,0.0057,1,True
2024-05-01,DEU,BRA,0.0197,1,True
2024-06-01,DEU,BRA,0.0213,1,True
2024-07-01,DEU,BRA,0.0312,1,True
2024-08-01,DEU,BRA,0.0443,1,True
2024-09-01,DEU,BRA,0.0854,1,False
2024-10-01,DEU,BRA,0.1106,1,False
2024-11-01,DEU,BRA,0.1018,3,False
2024-12-01,DEU,BRA,0.0623,3,False
2025-01-01,DEU,BRA,0.0322,3,True
2025-02-01,DEU,BRA,0.0513,2,False
2025-03-01,DEU,BRA,0.184,3,False
2025-04-01,DEU,BRA,0.2358,2,False
2025-05-01,DEU,BRA,0.3465,1,False
2025-06-01,DEU,BRA,0.3734,2,False
2025-07-01,DEU,BRA,0.2699,2,False
2025-08-01,DEU,BRA,0.2738,2,False
2025-09-01,DEU,BRA,0.3969,2,False
2025-10-01,DEU,BRA,0.4627,2,False
2025-11-01,DEU,BRA,0.6653,3,False
2025-12-01,DEU,BRA,0.5494,2,False
2026-01-01,DEU,BRA,0.4949,2,False
2026-02-01,DEU,BRA,0.3246,1,False
2026-03-01,DEU,BRA,0.4197,2,False
2015-01-01,DEU,ZAF,0.0075,4,True
2015-02-01,DEU,ZAF,0.0263,4,True
2015-03-01,DEU,ZAF,0.0154,3,True
2015-04-01,DEU,ZAF,0.0157,3,True
2015-05-01,DEU,ZAF,0.0272,3,True
2015-06-01,DEU,ZAF,0.0472,4,True
2015-07-01,DEU,ZAF,0.0276,1,True
2015-08-01,DEU,ZAF,0.0451,1,True
2015-09-01,DEU,ZAF,0.0292,4,True
2015-10-01,DEU,ZAF,0.0435,4,True
2015-11-01,DEU,ZAF,0.0682,1,False
2015-12-01,DEU,ZAF,0.0615,1,False
2016-01-01,DEU,ZAF,0.0285,4,True
2016-02-01,DEU,ZAF,0.1769,4,False
2016-03-01,DEU,ZAF,0.1483,4,False
2016-04-01,DEU,ZAF,0.4048,4,False
2016-05-01,DEU,ZAF,0.5373,1,False
2016-06-01,DEU,ZAF,0.5146,1,False
2016-07-01,DEU,ZAF,0.5741,4,False
2016-08-01,DEU,ZAF,0.6379,4,False
2016-09-01,DEU,ZAF,0.6295,4,False
2016-10-01,DEU,ZAF,0.7154,4,False
2016-11-01,DEU,ZAF,0.6973,1,False
2016-12-01,DEU,ZAF,0.4819,1,False
2017-01-01,DEU,ZAF,0.5673,1,False
2017-02-01,DEU,ZAF,0.6899,1,False
2017-03-01,DEU,ZAF,0.4828,2,False
2017-04-01,DEU,ZAF,0.4877,2,False
2017-05-01,DEU,ZAF,0.183,2,False
2017-06-01,DEU,ZAF,0.2211,2,False
2017-07-01,DEU,ZAF,0.1146,2,False
2017-08-01,DEU,ZAF,0.1199,2,False
2017-09-01,DEU,ZAF,0.2182,4,False
2017-10-01,DEU,ZAF,0.1855,4,False
2017-11-01,DEU,ZAF,0.1722,4,False
2017-12-01,DEU,ZAF,0.0804,4,False
2018-01-01,DEU,ZAF,0.0441,2,True
2018-02-01,DEU,ZAF,0.0085,1,True
2018-03-01,DEU,ZAF,0.0048,1,True
2018-04-01,DEU,ZAF,0.0078,1,True
2018-05-01,DEU,ZAF,0.0066,2,True
2018-06-01,DEU,ZAF,0.0052,2,True
2018-07-01,DEU,ZAF,0.0039,2,True
2018-08-01,DEU,ZAF,0.0326,1,True
2018-09-01,DEU,ZAF,0.0128,3,True
2018-10-01,DEU,ZAF,0.002,4,True
2018-11-01,DEU,ZAF,0.0036,3,True
2018-12-01,DEU,ZAF,0.0035,3,True
2019-01-01,DEU,ZAF,0.0022,3,True
2019-02-01,DEU,ZAF,0.0004,3,True
2019-03-01,DEU,ZAF,0.0007,4,True
2019-04-01,DEU,ZAF,0.0003,4,True
2019-05-01,DEU,ZAF,0.0003,4,True
2019-06-01,DEU,ZAF,0.0003,3,True
2019-07-01,DEU,ZAF,0.0004,3,True
2019-08-01,DEU,ZAF,0.0002,4,True
2019-09-01,DEU,ZAF,0.0001,4,True
2019-10-01,DEU,ZAF,0.0,3,True
2019-11-01,DEU,ZAF,0.0,3,True
2019-12-01,DEU,ZAF,0.0,3,True
2020-01-01,DEU,ZAF,0.0,3,True
2020-02-01,DEU,ZAF,0.0,4,True
2020-03-01,DEU,ZAF,0.0,3,True
2020-04-01,DEU,ZAF,0.0,3,True
2020-05-01,DEU,ZAF,0.0003,4,True
2020-06-01,DEU,ZAF,0.0001,4,True
2020-07-01,DEU,ZAF,0.0001,4,True
2020-08-01,DEU,ZAF,0.0001,4,True
2020-09-01,DEU,ZAF,0.0,4,True
2020-10-01,DEU,ZAF,0.0,4,True
2020-11-01,DEU,ZAF,0.0,4,True
2020-12-01,DEU,ZAF,0.0,4,True
2021-01-01,DEU,ZAF,0.0001,4,True
2021-02-01,DEU,ZAF,0.0001,4,True
2021-03-01,DEU,ZAF,0.0086,4,True
2021-04-01,DEU,ZAF,0.0237,4,True
2021-05-01,DEU,ZAF,0.0207,2,True
2021-06-01,DEU,ZAF,0.017,1,True
2021-07-01,DEU,ZAF,0.0219,2,True
2021-08-01,DEU,ZAF,0.0222,2,True
2021-09-01,DEU,ZAF,0.0117,2,True
2021-10-01,DEU,ZAF,0.0114,2,True
2021-11-01,DEU,ZAF,0.0129,2,True
2021-12-01,DEU,ZAF,0.0065,2,True
2022-01-01,DEU,ZAF,0.003,2,True
2022-02-01,DEU,ZAF,0.0052,2,True
2022-03-01,DEU,ZAF,0.0057,2,True
2022-04-01,DEU,ZAF,0.0029,2,True
2022-05-01,DEU,ZAF,0.0079,2,True
2022-06-01,DEU,ZAF,0.0039,2,True
2022-07-01,DEU,ZAF,0.0005,2,True
2022-08-01,DEU,ZAF,0.0009,2,True
2022-09-01,DEU,ZAF,0.0011,2,True
2022-10-01,DEU,ZAF,0.001,2,True
2022-11-01,DEU,ZAF,0.0009,2,True
2022-12-01,DEU,ZAF,0.0018,2,True
2023-01-01,DEU,ZAF,0.0038,2,True
2023-02-01,DEU,ZAF,0.0054,2,True
2023-03-01,DEU,ZAF,0.0117,2,True
2023-04-01,DEU,ZAF,0.0098,2,True
2023-05-01,DEU,ZAF,0.0081,2,True
2023-06-01,DEU,ZAF,0.0051,1,True
2023-07-01,DEU,ZAF,0.006,2,True
2023-08-01,DEU,ZAF,0.0146,4,True
2023-09-01,DEU,ZAF,0.0081,2,True
2023-10-01,DEU,ZAF,0.0054,2,True
2023-11-01,DEU,ZAF,0.0074,2,True
2023-12-01,DEU,ZAF,0.0025,2,True
2024-01-01,DEU,ZAF,0.0014,2,True
2024-02-01,DEU,ZAF,0.0014,2,True
2024-03-01,DEU,ZAF,0.0027,2,True
2024-04-01,DEU,ZAF,0.0023,2,True
2024-05-01,DEU,ZAF,0.0025,2,True
2024-06-01,DEU,ZAF,0.0041,2,True
2024-07-01,DEU,ZAF,0.0032,2,True
2024-08-01,DEU,ZAF,0.0024,2,True
2024-09-01,DEU,ZAF,0.0019,2,True
2024-10-01,DEU,ZAF,0.0032,2,True
2024-11-01,DEU,ZAF,0.0122,2,True
2024-12-01,DEU,ZAF,0.0045,2,True
2025-01-01,DEU,ZAF,0.0092,2,True
2025-02-01,DEU,ZAF,0.0103,2,True
2025-03-01,DEU,ZAF,0.0064,2,True
2025-04-01,DEU,ZAF,0.0136,2,True
2025-05-01,DEU,ZAF,0.0449,2,True
2025-06-01,DEU,ZAF,0.0454,2,True
2025-07-01,DEU,ZAF,0.0501,2,False
2025-08-01,DEU,ZAF,0.0453,2,True
2025-09-01,DEU,ZAF,0.0535,1,False
2025-10-01,DEU,ZAF,0.0598,1,False
2025-11-01,DEU,ZAF,0.0822,1,False
2025-12-01,DEU,ZAF,0.0803,2,False
2026-01-01,DEU,ZAF,0.096,1,False
2026-02-01,DEU,ZAF,0.179,1,False
2026-03-01,DEU,ZAF,0.2234,4,False
2015-01-01,DEU,MEX,0.1737,4,False
2015-02-01,DEU,MEX,0.0151,4,True
2015-03-01,DEU,MEX,0.1121,4,False
2015-04-01,DEU,MEX,0.0833,3,False
2015-05-01,DEU,MEX,0.1232,1,False
2015-06-01,DEU,MEX,0.0884,2,False
2015-07-01,DEU,MEX,0.1063,2,False
2015-08-01,DEU,MEX,0.3155,2,False
2015-09-01,DEU,MEX,0.3774,2,False
2015-10-01,DEU,MEX,0.4632,2,False
2015-11-01,DEU,MEX,0.3821,2,False
2015-12-01,DEU,MEX,0.3172,1,False
2016-01-01,DEU,MEX,0.1685,1,False
2016-02-01,DEU,MEX,0.3525,1,False
2016-03-01,DEU,MEX,0.7161,1,False
2016-04-01,DEU,MEX,0.8454,1,False
2016-05-01,DEU,MEX,0.795,1,False
2016-06-01,DEU,MEX,0.6795,2,False
2016-07-01,DEU,MEX,0.315,1,False
2016-08-01,DEU,MEX,0.3207,1,False
2016-09-01,DEU,MEX,0.3004,1,False
2016-10-01,DEU,MEX,0.3123,1,False
2016-11-01,DEU,MEX,0.3914,1,False
2016-12-01,DEU,MEX,0.6303,1,False
2017-01-01,DEU,MEX,0.7148,2,False
2017-02-01,DEU,MEX,0.1299,2,False
2017-03-01,DEU,MEX,0.0926,1,False
2017-04-01,DEU,MEX,0.0489,1,True
2017-05-01,DEU,MEX,0.0459,1,True
2017-06-01,DEU,MEX,0.0412,1,True
2017-07-01,DEU,MEX,0.0398,1,True
2017-08-01,DEU,MEX,0.0393,1,True
2017-09-01,DEU,MEX,0.0398,1,True
2017-10-01,DEU,MEX,0.0464,1,True
2017-11-01,DEU,MEX,0.0531,1,False
2017-12-01,DEU,MEX,0.0668,1,False
2018-01-01,DEU,MEX,0.2485,1,False
2018-02-01,DEU,MEX,0.1743,1,False
2018-03-01,DEU,MEX,0.1409,1,False
2018-04-01,DEU,MEX,0.137,1,False
2018-05-01,DEU,MEX,0.1762,1,False
2018-06-01,DEU,MEX,0.1242,1,False
2018-07-01,DEU,MEX,0.1071,1,False
2018-08-01,DEU,MEX,0.0254,4,True
2018-09-01,DEU,MEX,0.0303,4,True
2018-10-01,DEU,MEX,0.0383,1,True
2018-11-01,DEU,MEX,0.0194,1,True
2018-12-01,DEU,MEX,0.0588,1,False
2019-01-01,DEU,MEX,0.0572,1,False
2019-02-01,DEU,MEX,0.0815,1,False
2019-03-01,DEU,MEX,0.1861,1,False
2019-04-01,DEU,MEX,0.2298,1,False
2019-05-01,DEU,MEX,0.2521,1,False
2019-06-01,DEU,MEX,0.4337,1,False
2019-07-01,DEU,MEX,0.4631,1,False
2019-08-01,DEU,MEX,0.4649,4,False
2019-09-01,DEU,MEX,0.2434,4,False
2019-10-01,DEU,MEX,0.3363,1,False
2019-11-01,DEU,MEX,0.2582,1,False
2019-12-01,DEU,MEX,0.227,1,False
2020-01-01,DEU,MEX,0.1874,1,False
2020-02-01,DEU,MEX,0.1834,1,False
2020-03-01,DEU,MEX,0.2483,1,False
2020-04-01,DEU,MEX,0.2173,1,False
2020-05-01,DEU,MEX,0.1804,4,False
2020-06-01,DEU,MEX,0.2725,4,False
2020-07-01,DEU,MEX,0.3283,4,False
2020-08-01,DEU,MEX,0.5608,1,False
2020-09-01,DEU,MEX,0.8164,4,False
2020-10-01,DEU,MEX,0.8919,2,False
2020-11-01,DEU,MEX,0.8983,3,False
2020-12-01,DEU,MEX,0.2627,1,False
2021-01-01,DEU,MEX,0.3279,1,False
2021-02-01,DEU,MEX,0.5072,1,False
2021-03-01,DEU,MEX,0.4676,1,False
2021-04-01,DEU,MEX,0.1859,3,False
2021-05-01,DEU,MEX,0.1027,4,False
2021-06-01,DEU,MEX,0.0577,4,False
2021-07-01,DEU,MEX,0.0729,4,False
2021-08-01,DEU,MEX,0.0729,4,False
2021-09-01,DEU,MEX,0.0751,4,False
2021-10-01,DEU,MEX,0.0522,4,False
2021-11-01,DEU,MEX,0.0591,4,False
2021-12-01,DEU,MEX,0.0737,4,False
2022-01-01,DEU,MEX,0.0758,4,False
2022-02-01,DEU,MEX,0.1031,4,False
2022-03-01,DEU,MEX,0.0977,4,False
2022-04-01,DEU,MEX,0.1626,4,False
2022-05-01,DEU,MEX,0.181,1,False
2022-06-01,DEU,MEX,0.2635,1,False
2022-07-01,DEU,MEX,0.2295,1,False
2022-08-01,DEU,MEX,0.2305,1,False
2022-09-01,DEU,MEX,0.1642,1,False
2022-10-01,DEU,MEX,0.1665,1,False
2022-11-01,DEU,MEX,0.2971,1,False
2022-12-01,DEU,MEX,0.2853,4,False
2023-01-01,DEU,MEX,0.2406,4,False
2023-02-01,DEU,MEX,0.2425,4,False
2023-03-01,DEU,MEX,0.1851,4,False
2023-04-01,DEU,MEX,0.0813,4,False
2023-05-01,DEU,MEX,0.0513,4,False
2023-06-01,DEU,MEX,0.0528,4,False
2023-07-01,DEU,MEX,0.0282,4,True
2023-08-01,DEU,MEX,0.0234,4,True
2023-09-01,DEU,MEX,0.0218,4,True
2023-10-01,DEU,MEX,0.0282,4,True
2023-11-01,DEU,MEX,0.019,4,True
2023-12-01,DEU,MEX,0.0164,4,True
2024-01-01,DEU,MEX,0.0306,1,True
2024-02-01,DEU,MEX,0.0313,1,True
2024-03-01,DEU,MEX,0.0392,1,True
2024-04-01,DEU,MEX,0.047,1,True
2024-05-01,DEU,MEX,0.0211,1,True
2024-06-01,DEU,MEX,0.0158,1,True
2024-07-01,DEU,MEX,0.0072,1,True
2024-08-01,DEU,MEX,0.0018,1,True
2024-09-01,DEU,MEX,0.004,1,True
2024-10-01,DEU,MEX,0.0063,4,True
2024-11-01,DEU,MEX,0.0068,4,True
2024-12-01,DEU,MEX,0.0197,4,True
2025-01-01,DEU,MEX,0.0325,4,True
2025-02-01,DEU,MEX,0.0961,1,False
2025-03-01,DEU,MEX,0.1367,1,False
2025-04-01,DEU,MEX,0.1597,4,False
2025-05-01,DEU,MEX,0.2057,1,False
2025-06-01,DEU,MEX,0.1888,1,False
2025-07-01,DEU,MEX,0.2901,4,False
2025-08-01,DEU,MEX,0.3034,4,False
2025-09-01,DEU,MEX,0.4378,4,False
2025-10-01,DEU,MEX,0.4971,4,False
2025-11-01,DEU,MEX,0.453,3,False
2025-12-01,DEU,MEX,0.5077,3,False
2026-01-01,DEU,MEX,0.3615,1,False
2026-02-01,DEU,MEX,0.2972,1,False
2026-03-01,DEU,MEX,0.3033,1,False
2015-01-01,DEU,SGP,0.0765,1,False
2015-02-01,DEU,SGP,0.0821,1,False
2015-03-01,DEU,SGP,0.113,1,False
2015-04-01,DEU,SGP,0.1484,4,False
2015-05-01,DEU,SGP,0.1272,1,False
2015-06-01,DEU,SGP,0.1238,1,False
2015-07-01,DEU,SGP,0.1856,4,False
2015-08-01,DEU,SGP,0.1297,4,False
2015-09-01,DEU,SGP,0.2155,4,False
2015-10-01,DEU,SGP,0.3323,4,False
2015-11-01,DEU,SGP,0.2616,4,False
2015-12-01,DEU,SGP,0.3105,4,False
2016-01-01,DEU,SGP,0.2862,4,False
2016-02-01,DEU,SGP,0.2355,4,False
2016-03-01,DEU,SGP,0.275,4,False
2016-04-01,DEU,SGP,0.3469,4,False
2016-05-01,DEU,SGP,0.3578,4,False
2016-06-01,DEU,SGP,0.3474,4,False
2016-07-01,DEU,SGP,0.3271,4,False
2016-08-01,DEU,SGP,0.377,4,False
2016-09-01,DEU,SGP,0.4645,4,False
2016-10-01,DEU,SGP,0.528,4,False
2016-11-01,DEU,SGP,0.6083,4,False
2016-12-01,DEU,SGP,0.5633,4,False
2017-01-01,DEU,SGP,0.4154,4,False
2017-02-01,DEU,SGP,0.2764,3,False
2017-03-01,DEU,SGP,0.1006,3,False
2017-04-01,DEU,SGP,0.1036,3,False
2017-05-01,DEU,SGP,0.0823,1,False
2017-06-01,DEU,SGP,0.1271,3,False
2017-07-01,DEU,SGP,0.147,3,False
2017-08-01,DEU,SGP,0.1563,1,False
2017-09-01,DEU,SGP,0.1393,3,False
2017-10-01,DEU,SGP,0.1478,3,False
2017-11-01,DEU,SGP,0.1409,3,False
2017-12-01,DEU,SGP,0.2386,3,False
2018-01-01,DEU,SGP,0.1277,3,False
2018-02-01,DEU,SGP,0.0469,3,True
2018-03-01,DEU,SGP,0.0414,3,True
2018-04-01,DEU,SGP,0.0217,3,True
2018-05-01,DEU,SGP,0.0171,3,True
2018-06-01,DEU,SGP,0.0236,3,True
2018-07-01,DEU,SGP,0.019,3,True
2018-08-01,DEU,SGP,0.0369,3,True
2018-09-01,DEU,SGP,0.0321,4,True
2018-10-01,DEU,SGP,0.0366,3,True
2018-11-01,DEU,SGP,0.0413,4,True
2018-12-01,DEU,SGP,0.0348,4,True
2019-01-01,DEU,SGP,0.0558,4,False
2019-02-01,DEU,SGP,0.0648,4,False
2019-03-01,DEU,SGP,0.2917,3,False
2019-04-01,DEU,SGP,0.186,1,False
2019-05-01,DEU,SGP,0.3511,2,False
2019-06-01,DEU,SGP,0.4258,1,False
2019-07-01,DEU,SGP,0.2989,1,False
2019-08-01,DEU,SGP,0.2521,1,False
2019-09-01,DEU,SGP,0.4585,1,False
2019-10-01,DEU,SGP,0.4866,2,False
2019-11-01,DEU,SGP,0.5612,2,False
2019-12-01,DEU,SGP,0.5668,2,False
2020-01-01,DEU,SGP,0.7027,2,False
2020-02-01,DEU,SGP,0.7233,1,False
2020-03-01,DEU,SGP,0.7792,4,False
2020-04-01,DEU,SGP,0.488,4,False
2020-05-01,DEU,SGP,0.4702,4,False
2020-06-01,DEU,SGP,0.4399,4,False
2020-07-01,DEU,SGP,0.3968,4,False
2020-08-01,DEU,SGP,0.5012,4,False
2020-09-01,DEU,SGP,0.2527,4,False
2020-10-01,DEU,SGP,0.3185,4,False
2020-11-01,DEU,SGP,0.388,4,False
2020-12-01,DEU,SGP,0.3549,4,False
2021-01-01,DEU,SGP,0.5461,4,False
2021-02-01,DEU,SGP,0.451,1,False
2021-03-01,DEU,SGP,0.4762,1,False
2021-04-01,DEU,SGP,0.5874,1,False
2021-05-01,DEU,SGP,0.3859,1,False
2021-06-01,DEU,SGP,0.2091,1,False
2021-07-01,DEU,SGP,0.2397,1,False
2021-08-01,DEU,SGP,0.219,1,False
2021-09-01,DEU,SGP,0.2151,1,False
2021-10-01,DEU,SGP,0.2358,1,False
2021-11-01,DEU,SGP,0.2699,4,False
2021-12-01,DEU,SGP,0.3355,4,False
2022-01-01,DEU,SGP,0.2303,4,False
2022-02-01,DEU,SGP,0.2694,4,False
2022-03-01,DEU,SGP,0.324,4,False
2022-04-01,DEU,SGP,0.5362,1,False
2022-05-01,DEU,SGP,0.2634,4,False
2022-06-01,DEU,SGP,0.1458,4,False
2022-07-01,DEU,SGP,0.1805,4,False
2022-08-01,DEU,SGP,0.297,4,False
2022-09-01,DEU,SGP,0.2533,4,False
2022-10-01,DEU,SGP,0.1042,4,False
2022-11-01,DEU,SGP,0.0559,4,False
2022-12-01,DEU,SGP,0.0533,4,False
2023-01-01,DEU,SGP,0.1846,1,False
2023-02-01,DEU,SGP,0.1856,1,False
2023-03-01,DEU,SGP,0.1218,4,False
2023-04-01,DEU,SGP,0.055,4,False
2023-05-01,DEU,SGP,0.0739,4,False
2023-06-01,DEU,SGP,0.0795,4,False
2023-07-01,DEU,SGP,0.1055,4,False
2023-08-01,DEU,SGP,0.0831,4,False
2023-09-01,DEU,SGP,0.1041,4,False
2023-10-01,DEU,SGP,0.1003,4,False
2023-11-01,DEU,SGP,0.0825,4,False
2023-12-01,DEU,SGP,0.0614,2,False
2024-01-01,DEU,SGP,0.2626,3,False
2024-02-01,DEU,SGP,0.246,1,False
2024-03-01,DEU,SGP,0.205,1,False
2024-04-01,DEU,SGP,0.1767,1,False
2024-05-01,DEU,SGP,0.1426,1,False
2024-06-01,DEU,SGP,0.156,1,False
2024-07-01,DEU,SGP,0.1324,1,False
2024-08-01,DEU,SGP,0.1246,1,False
2024-09-01,DEU,SGP,0.1307,1,False
2024-10-01,DEU,SGP,0.1288,4,False
2024-11-01,DEU,SGP,0.3141,4,False
2024-12-01,DEU,SGP,0.2286,4,False
2025-01-01,DEU,SGP,0.233,4,False
2025-02-01,DEU,SGP,0.199,4,False
2025-03-01,DEU,SGP,0.2508,1,False
2025-04-01,DEU,SGP,0.2747,1,False
2025-05-01,DEU,SGP,0.2069,4,False
2025-06-01,DEU,SGP,0.228,3,False
2025-07-01,DEU,SGP,0.1431,3,False
2025-08-01,DEU,SGP,0.1091,3,False
2025-09-01,DEU,SGP,0.1116,3,False
2025-10-01,DEU,SGP,0.1099,3,False
2025-11-01,DEU,SGP,0.1179,1,False
2025-12-01,DEU,SGP,0.1164,1,False
2026-01-01,DEU,SGP,0.2092,3,False
2026-02-01,DEU,SGP,0.2446,1,False
2026-03-01,DEU,SGP,0.1025,1,False
2015-01-01,DEU,KOR,0.0297,2,True
2015-02-01,DEU,KOR,0.0334,4,True
2015-03-01,DEU,KOR,0.0072,2,True
2015-04-01,DEU,KOR,0.0029,2,True
2015-05-01,DEU,KOR,0.0045,2,True
2015-06-01,DEU,KOR,0.0086,1,True
2015-07-01,DEU,KOR,0.011,1,True
2015-08-01,DEU,KOR,0.0082,1,True
2015-09-01,DEU,KOR,0.0312,4,True
2015-10-01,DEU,KOR,0.0936,2,False
2015-11-01,DEU,KOR,0.0667,1,False
2015-12-01,DEU,KOR,0.0531,1,False
2016-01-01,DEU,KOR,0.2073,1,False
2016-02-01,DEU,KOR,0.0977,1,False
2016-03-01,DEU,KOR,0.0579,4,False
2016-04-01,DEU,KOR,0.0918,1,False
2016-05-01,DEU,KOR,0.1214,1,False
2016-06-01,DEU,KOR,0.0819,1,False
2016-07-01,DEU,KOR,0.0821,4,False
2016-08-01,DEU,KOR,0.0641,3,False
2016-09-01,DEU,KOR,0.0191,2,True
2016-10-01,DEU,KOR,0.1208,1,False
2016-11-01,DEU,KOR,0.1871,1,False
2016-12-01,DEU,KOR,0.1625,1,False
2017-01-01,DEU,KOR,0.1505,1,False
2017-02-01,DEU,KOR,0.0249,1,True
2017-03-01,DEU,KOR,0.0352,1,True
2017-04-01,DEU,KOR,0.0191,1,True
2017-05-01,DEU,KOR,0.0236,1,True
2017-06-01,DEU,KOR,0.0176,1,True
2017-07-01,DEU,KOR,0.0175,1,True
2017-08-01,DEU,KOR,0.0134,1,True
2017-09-01,DEU,KOR,0.0137,1,True
2017-10-01,DEU,KOR,0.0187,1,True
2017-11-01,DEU,KOR,0.0254,1,True
2017-12-01,DEU,KOR,0.0452,1,True
2018-01-01,DEU,KOR,0.0299,1,True
2018-02-01,DEU,KOR,0.1225,1,False
2018-03-01,DEU,KOR,0.1033,1,False
2018-04-01,DEU,KOR,0.1113,1,False
2018-05-01,DEU,KOR,0.0764,1,False
2018-06-01,DEU,KOR,0.0563,1,False
2018-07-01,DEU,KOR,0.0636,1,False
2018-08-01,DEU,KOR,0.0979,1,False
2018-09-01,DEU,KOR,0.045,1,True
2018-10-01,DEU,KOR,0.0216,1,True
2018-11-01,DEU,KOR,0.0158,1,True
2018-12-01,DEU,KOR,0.0118,1,True
2019-01-01,DEU,KOR,0.015,2,True
2019-02-01,DEU,KOR,0.0114,2,True
2019-03-01,DEU,KOR,0.0152,2,True
2019-04-01,DEU,KOR,0.0238,2,True
2019-05-01,DEU,KOR,0.0231,2,True
2019-06-01,DEU,KOR,0.0161,2,True
2019-07-01,DEU,KOR,0.0108,2,True
2019-08-01,DEU,KOR,0.0165,2,True
2019-09-01,DEU,KOR,0.0131,2,True
2019-10-01,DEU,KOR,0.0151,2,True
2019-11-01,DEU,KOR,0.0139,2,True
2019-12-01,DEU,KOR,0.0576,2,False
2020-01-01,DEU,KOR,0.0401,2,True
2020-02-01,DEU,KOR,0.0437,2,True
2020-03-01,DEU,KOR,0.0603,2,False
2020-04-01,DEU,KOR,0.0755,2,False
2020-05-01,DEU,KOR,0.036,2,True
2020-06-01,DEU,KOR,0.0412,2,True
2020-07-01,DEU,KOR,0.0346,2,True
2020-08-01,DEU,KOR,0.0354,2,True
2020-09-01,DEU,KOR,0.0975,2,False
2020-10-01,DEU,KOR,0.116,2,False
2020-11-01,DEU,KOR,0.0639,2,False
2020-12-01,DEU,KOR,0.138,2,False
2021-01-01,DEU,KOR,0.1265,2,False
2021-02-01,DEU,KOR,0.1335,2,False
2021-03-01,DEU,KOR,0.1195,2,False
2021-04-01,DEU,KOR,0.1436,2,False
2021-05-01,DEU,KOR,0.1407,4,False
2021-06-01,DEU,KOR,0.0498,4,True
2021-07-01,DEU,KOR,0.0501,4,False
2021-08-01,DEU,KOR,0.096,4,False
2021-09-01,DEU,KOR,0.1131,4,False
2021-10-01,DEU,KOR,0.1112,4,False
2021-11-01,DEU,KOR,0.0714,4,False
2021-12-01,DEU,KOR,0.1014,4,False
2022-01-01,DEU,KOR,0.1073,4,False
2022-02-01,DEU,KOR,0.1094,4,False
2022-03-01,DEU,KOR,0.1217,4,False
2022-04-01,DEU,KOR,0.2863,2,False
2022-05-01,DEU,KOR,0.1754,2,False
2022-06-01,DEU,KOR,0.1694,2,False
2022-07-01,DEU,KOR,0.1374,2,False
2022-08-01,DEU,KOR,0.0812,2,False
2022-09-01,DEU,KOR,0.0304,1,True
2022-10-01,DEU,KOR,0.0491,1,True
2022-11-01,DEU,KOR,0.0855,1,False
2022-12-01,DEU,KOR,0.4556,2,False
2023-01-01,DEU,KOR,0.4422,2,False
2023-02-01,DEU,KOR,0.4555,4,False
2023-03-01,DEU,KOR,0.3795,4,False
2023-04-01,DEU,KOR,0.2711,4,False
2023-05-01,DEU,KOR,0.2066,4,False
2023-06-01,DEU,KOR,0.2138,4,False
2023-07-01,DEU,KOR,0.2772,4,False
2023-08-01,DEU,KOR,0.29,4,False
2023-09-01,DEU,KOR,0.3639,3,False
2023-10-01,DEU,KOR,0.1823,4,False
2023-11-01,DEU,KOR,0.2428,4,False
2023-12-01,DEU,KOR,0.1105,4,False
2024-01-01,DEU,KOR,0.3011,4,False
2024-02-01,DEU,KOR,0.271,4,False
2024-03-01,DEU,KOR,0.1567,4,False
2024-04-01,DEU,KOR,0.3561,4,False
2024-05-01,DEU,KOR,0.2884,4,False
2024-06-01,DEU,KOR,0.1853,4,False
2024-07-01,DEU,KOR,0.2017,2,False
2024-08-01,DEU,KOR,0.2278,2,False
2024-09-01,DEU,KOR,0.1787,4,False
2024-10-01,DEU,KOR,0.0611,4,False
2024-11-01,DEU,KOR,0.0471,4,True
2024-12-01,DEU,KOR,0.0488,4,True
2025-01-01,DEU,KOR,0.0696,4,False
2025-02-01,DEU,KOR,0.1858,4,False
2025-03-01,DEU,KOR,0.3861,2,False
2025-04-01,DEU,KOR,0.4556,2,False
2025-05-01,DEU,KOR,0.5573,1,False
2025-06-01,DEU,KOR,0.4638,2,False
2025-07-01,DEU,KOR,0.3024,1,False
2025-08-01,DEU,KOR,0.3826,1,False
2025-09-01,DEU,KOR,0.3438,1,False
2025-10-01,DEU,KOR,0.4135,1,False
2025-11-01,DEU,KOR,0.3523,1,False
2025-12-01,DEU,KOR,0.4791,1,False
2026-01-01,DEU,KOR,0.6869,1,False
2026-02-01,DEU,KOR,0.7147,2,False
2026-03-01,DEU,KOR,0.2729,4,False
2015-01-01,DEU,GBR,0.1738,2,False
2015-02-01,DEU,GBR,0.2266,2,False
2015-03-01,DEU,GBR,0.2193,2,False
2015-04-01,DEU,GBR,0.292,2,False
2015-05-01,DEU,GBR,0.2344,2,False
2015-06-01,DEU,GBR,0.0723,2,False
2015-07-01,DEU,GBR,0.2314,3,False
2015-08-01,DEU,GBR,0.1023,2,False
2015-09-01,DEU,GBR,0.1123,1,False
2015-10-01,DEU,GBR,0.4578,1,False
2015-11-01,DEU,GBR,0.4615,1,False
2015-12-01,DEU,GBR,0.3089,1,False
2016-01-01,DEU,GBR,0.4151,1,False
2016-02-01,DEU,GBR,0.5834,1,False
2016-03-01,DEU,GBR,0.593,2,False
2016-04-01,DEU,GBR,0.7394,1,False
2016-05-01,DEU,GBR,0.5705,1,False
2016-06-01,DEU,GBR,0.6284,1,False
2016-07-01,DEU,GBR,0.8909,1,False
2016-08-01,DEU,GBR,0.9229,1,False
2016-09-01,DEU,GBR,0.8292,1,False
2016-10-01,DEU,GBR,0.728,1,False
2016-11-01,DEU,GBR,0.745,1,False
2016-12-01,DEU,GBR,0.5434,1,False
2017-01-01,DEU,GBR,0.6543,1,False
2017-02-01,DEU,GBR,0.8598,4,False
2017-03-01,DEU,GBR,0.6976,1,False
2017-04-01,DEU,GBR,0.7282,1,False
2017-05-01,DEU,GBR,0.6334,1,False
2017-06-01,DEU,GBR,0.5318,1,False
2017-07-01,DEU,GBR,0.5151,1,False
2017-08-01,DEU,GBR,0.5535,1,False
2017-09-01,DEU,GBR,0.5905,1,False
2017-10-01,DEU,GBR,0.6181,1,False
2017-11-01,DEU,GBR,0.6267,4,False
2017-12-01,DEU,GBR,0.6454,4,False
2018-01-01,DEU,GBR,0.6014,4,False
2018-02-01,DEU,GBR,0.7414,4,False
2018-03-01,DEU,GBR,0.5442,4,False
2018-04-01,DEU,GBR,0.3776,4,False
2018-05-01,DEU,GBR,0.3153,4,False
2018-06-01,DEU,GBR,0.1749,4,False
2018-07-01,DEU,GBR,0.0326,4,True
2018-08-01,DEU,GBR,0.0938,4,False
2018-09-01,DEU,GBR,0.1366,4,False
2018-10-01,DEU,GBR,0.0193,4,True
2018-11-01,DEU,GBR,0.0602,4,False
2018-12-01,DEU,GBR,0.0725,4,False
2019-01-01,DEU,GBR,0.1554,4,False
2019-02-01,DEU,GBR,0.1207,4,False
2019-03-01,DEU,GBR,0.2908,4,False
2019-04-01,DEU,GBR,0.3525,4,False
2019-05-01,DEU,GBR,0.4082,4,False
2019-06-01,DEU,GBR,0.4056,4,False
2019-07-01,DEU,GBR,0.3527,4,False
2019-08-01,DEU,GBR,0.252,1,False
2019-09-01,DEU,GBR,0.2046,4,False
2019-10-01,DEU,GBR,0.2358,4,False
2019-11-01,DEU,GBR,0.5698,4,False
2019-12-01,DEU,GBR,0.3472,4,False
2020-01-01,DEU,GBR,0.5257,4,False
2020-02-01,DEU,GBR,0.2064,4,False
2020-03-01,DEU,GBR,0.3069,4,False
2020-04-01,DEU,GBR,0.399,4,False
2020-05-01,DEU,GBR,0.4271,4,False
2020-06-01,DEU,GBR,0.4677,4,False
2020-07-01,DEU,GBR,0.5652,4,False
2020-08-01,DEU,GBR,0.4706,4,False
2020-09-01,DEU,GBR,0.1265,2,False
2020-10-01,DEU,GBR,0.06,2,False
2020-11-01,DEU,GBR,0.0922,2,False
2020-12-01,DEU,GBR,0.0762,2,False
2021-01-01,DEU,GBR,0.1012,2,False
2021-02-01,DEU,GBR,0.1035,2,False
2021-03-01,DEU,GBR,0.4963,1,False
2021-04-01,DEU,GBR,0.2727,1,False
2021-05-01,DEU,GBR,0.0288,1,True
2021-06-01,DEU,GBR,0.0151,1,True
2021-07-01,DEU,GBR,0.0123,1,True
2021-08-01,DEU,GBR,0.0107,1,True
2021-09-01,DEU,GBR,0.0015,1,True
2021-10-01,DEU,GBR,0.0015,1,True
2021-11-01,DEU,GBR,0.0004,1,True
2021-12-01,DEU,GBR,0.0005,1,True
2022-01-01,DEU,GBR,0.0007,1,True
2022-02-01,DEU,GBR,0.0006,1,True
2022-03-01,DEU,GBR,0.0021,1,True
2022-04-01,DEU,GBR,0.0059,1,True
2022-05-01,DEU,GBR,0.0061,1,True
2022-06-01,DEU,GBR,0.0017,1,True
2022-07-01,DEU,GBR,0.0016,1,True
2022-08-01,DEU,GBR,0.003,1,True
2022-09-01,DEU,GBR,0.0012,1,True
2022-10-01,DEU,GBR,0.0012,1,True
2022-11-01,DEU,GBR,0.0011,1,True
2022-12-01,DEU,GBR,0.0086,1,True
2023-01-01,DEU,GBR,0.0081,4,True
2023-02-01,DEU,GBR,0.006,4,True
2023-03-01,DEU,GBR,0.0057,4,True
2023-04-01,DEU,GBR,0.0072,4,True
2023-05-01,DEU,GBR,0.0012,1,True
2023-06-01,DEU,GBR,0.0012,1,True
2023-07-01,DEU,GBR,0.0006,1,True
2023-08-01,DEU,GBR,0.0007,1,True
2023-09-01,DEU,GBR,0.0006,1,True
2023-10-01,DEU,GBR,0.0007,1,True
2023-11-01,DEU,GBR,0.0001,1,True
2023-12-01,DEU,GBR,0.0,1,True
2024-01-01,DEU,GBR,0.0,2,True
2024-02-01,DEU,GBR,0.0,1,True
2024-03-01,DEU,GBR,0.0,1,True
2024-04-01,DEU,GBR,0.0,1,True
2024-05-01,DEU,GBR,0.0,1,True
2024-06-01,DEU,GBR,0.0,1,True
2024-07-01,DEU,GBR,0.0,1,True
2024-08-01,DEU,GBR,0.0,1,True
2024-09-01,DEU,GBR,0.0,1,True
2024-10-01,DEU,GBR,0.0,1,True
2024-11-01,DEU,GBR,0.0,1,True
2024-12-01,DEU,GBR,0.0,1,True
2025-01-01,DEU,GBR,0.0,1,True
2025-02-01,DEU,GBR,0.0,1,True
2025-03-01,DEU,GBR,0.0,1,True
2025-04-01,DEU,GBR,0.0,1,True
2025-05-01,DEU,GBR,0.0,1,True
2025-06-01,DEU,GBR,0.0001,2,True
2025-07-01,DEU,GBR,0.0,1,True
2025-08-01,DEU,GBR,0.0,1,True
2025-09-01,DEU,GBR,0.0,1,True
2025-10-01,DEU,GBR,0.0004,1,True
2025-11-01,DEU,GBR,0.0003,1,True
2025-12-01,DEU,GBR,0.0003,1,True
2026-01-01,DEU,GBR,0.001,1,True
2026-02-01,DEU,GBR,0.0026,1,True
2026-03-01,DEU,GBR,0.0052,1,True
2015-01-01,DEU,USA,0.2007,4,False
2015-02-01,DEU,USA,0.1543,4,False
2015-03-01,DEU,USA,0.2134,4,False
2015-04-01,DEU,USA,0.1601,4,False
2015-05-01,DEU,USA,0.1549,4,False
2015-06-01,DEU,USA,0.1529,1,False
2015-07-01,DEU,USA,0.1226,1,False
2015-08-01,DEU,USA,0.1636,1,False
2015-09-01,DEU,USA,0.2549,1,False
2015-10-01,DEU,USA,0.3947,1,False
2015-11-01,DEU,USA,0.307,1,False
2015-12-01,DEU,USA,0.2688,1,False
2016-01-01,DEU,USA,0.3233,1,False
2016-02-01,DEU,USA,0.5196,4,False
2016-03-01,DEU,USA,0.4784,1,False
2016-04-01,DEU,USA,0.3516,1,False
2016-05-01,DEU,USA,0.5039,1,False
2016-06-01,DEU,USA,0.598,1,False
2016-07-01,DEU,USA,0.5992,3,False
2016-08-01,DEU,USA,0.4227,3,False
2016-09-01,DEU,USA,0.3989,1,False
2016-10-01,DEU,USA,0.3996,1,False
2016-11-01,DEU,USA,0.4755,4,False
2016-12-01,DEU,USA,0.0745,4,False
2017-01-01,DEU,USA,0.0729,4,False
2017-02-01,DEU,USA,0.0969,4,False
2017-03-01,DEU,USA,0.1256,4,False
2017-04-01,DEU,USA,0.2484,4,False
2017-05-01,DEU,USA,0.3035,4,False
2017-06-01,DEU,USA,0.3043,4,False
2017-07-01,DEU,USA,0.4559,4,False
2017-08-01,DEU,USA,0.3377,4,False
2017-09-01,DEU,USA,0.5282,4,False
2017-10-01,DEU,USA,0.2844,4,False
2017-11-01,DEU,USA,0.2685,4,False
2017-12-01,DEU,USA,0.2312,4,False
2018-01-01,DEU,USA,0.2606,4,False
2018-02-01,DEU,USA,0.2957,4,False
2018-03-01,DEU,USA,0.2846,4,False
2018-04-01,DEU,USA,0.1639,4,False
2018-05-01,DEU,USA,0.1329,4,False
2018-06-01,DEU,USA,0.3267,4,False
2018-07-01,DEU,USA,0.2788,4,False
2018-08-01,DEU,USA,0.3068,4,False
2018-09-01,DEU,USA,0.411,4,False
2018-10-01,DEU,USA,0.1816,4,False
2018-11-01,DEU,USA,0.3562,1,False
2018-12-01,DEU,USA,0.6099,1,False
2019-01-01,DEU,USA,0.8289,4,False
2019-02-01,DEU,USA,0.4876,3,False
2019-03-01,DEU,USA,0.6469,1,False
2019-04-01,DEU,USA,0.4607,4,False
2019-05-01,DEU,USA,0.3033,3,False
2019-06-01,DEU,USA,0.1055,3,False
2019-07-01,DEU,USA,0.136,1,False
2019-08-01,DEU,USA,0.0399,4,True
2019-09-01,DEU,USA,0.0391,3,True
2019-10-01,DEU,USA,0.068,3,False
2019-11-01,DEU,USA,0.2177,3,False
2019-12-01,DEU,USA,0.1421,4,False
2020-01-01,DEU,USA,0.124,4,False
2020-02-01,DEU,USA,0.0395,4,True
2020-03-01,DEU,USA,0.0293,4,True
2020-04-01,DEU,USA,0.2685,1,False
2020-05-01,DEU,USA,0.4241,1,False
2020-06-01,DEU,USA,0.3693,1,False
2020-07-01,DEU,USA,0.3361,1,False
2020-08-01,DEU,USA,0.2879,1,False
2020-09-01,DEU,USA,0.167,1,False
2020-10-01,DEU,USA,0.2056,1,False
2020-11-01,DEU,USA,0.439,1,False
2020-12-01,DEU,USA,0.5721,1,False
2021-01-01,DEU,USA,0.5359,1,False
2021-02-01,DEU,USA,0.5599,1,False
2021-03-01,DEU,USA,0.6337,2,False
2021-04-01,DEU,USA,0.0908,3,False
2021-05-01,DEU,USA,0.0674,4,False
2021-06-01,DEU,USA,0.1113,4,False
2021-07-01,DEU,USA,0.2083,4,False
2021-08-01,DEU,USA,0.2238,4,False
2021-09-01,DEU,USA,0.2425,4,False
2021-10-01,DEU,USA,0.2226,4,False
2021-11-01,DEU,USA,0.069,4,False
2021-12-01,DEU,USA,0.0582,4,False
2022-01-01,DEU,USA,0.061,4,False
2022-02-01,DEU,USA,0.0702,4,False
2022-03-01,DEU,USA,0.0664,4,False
2022-04-01,DEU,USA,0.1716,2,False
2022-05-01,DEU,USA,0.118,4,False
2022-06-01,DEU,USA,0.0532,4,False
2022-07-01,DEU,USA,0.0493,4,True
2022-08-01,DEU,USA,0.0624,4,False
2022-09-01,DEU,USA,0.1128,4,False
2022-10-01,DEU,USA,0.1764,4,False
2022-11-01,DEU,USA,0.1155,4,False
2022-12-01,DEU,USA,0.0593,4,False
2023-01-01,DEU,USA,0.019,4,True
2023-02-01,DEU,USA,0.0315,1,True
2023-03-01,DEU,USA,0.0165,1,True
2023-04-01,DEU,USA,0.0025,1,True
2023-05-01,DEU,USA,0.0041,1,True
2023-06-01,DEU,USA,0.0013,1,True
2023-07-01,DEU,USA,0.0006,1,True
2023-08-01,DEU,USA,0.0015,1,True
2023-09-01,DEU,USA,0.0034,1,True
2023-10-01,DEU,USA,0.0017,1,True
2023-11-01,DEU,USA,0.001,1,True
2023-12-01,DEU,USA,0.0007,1,True
2024-01-01,DEU,USA,0.0003,1,True
2024-02-01,DEU,USA,0.0004,1,True
2024-03-01,DEU,USA,0.0004,1,True
2024-04-01,DEU,USA,0.0002,1,True
2024-05-01,DEU,USA,0.0007,1,True
2024-06-01,DEU,USA,0.0013,1,True
2024-07-01,DEU,USA,0.0009,1,True
2024-08-01,DEU,USA,0.0006,1,True
2024-09-01,DEU,USA,0.0011,1,True
2024-10-01,DEU,USA,0.002,1,True
2024-11-01,DEU,USA,0.0033,1,True
2024-12-01,DEU,USA,0.004,1,True
2025-01-01,DEU,USA,0.0061,1,True
2025-02-01,DEU,USA,0.0133,1,True
2025-03-01,DEU,USA,0.0639,1,False
2025-04-01,DEU,USA,0.0652,1,False
2025-05-01,DEU,USA,0.1314,1,False
2025-06-01,DEU,USA,0.2981,1,False
2025-07-01,DEU,USA,0.2823,1,False
2025-08-01,DEU,USA,0.4719,1,False
2025-09-01,DEU,USA,0.6068,4,False
2025-10-01,DEU,USA,0.5969,1,False
2025-11-01,DEU,USA,0.5388,1,False
2025-12-01,DEU,USA,0.4336,2,False
2026-01-01,DEU,USA,0.2649,2,False
2026-02-01,DEU,USA,0.1595,1,False
2026-03-01,DEU,USA,0.0989,2,False
2015-01-01,DEU,FRA,0.5012,2,False
2015-02-01,DEU,FRA,0.251,1,False
2015-03-01,DEU,FRA,0.4665,1,False
2015-04-01,DEU,FRA,0.457,2,False
2015-05-01,DEU,FRA,0.4055,2,False
2015-06-01,DEU,FRA,0.2427,2,False
2015-07-01,DEU,FRA,0.182,2,False
2015-08-01,DEU,FRA,0.1501,2,False
2015-09-01,DEU,FRA,0.2219,1,False
2015-10-01,DEU,FRA,0.1822,1,False
2015-11-01,DEU,FRA,0.2636,1,False
2015-12-01,DEU,FRA,0.3417,1,False
2016-01-01,DEU,FRA,0.4477,1,False
2016-02-01,DEU,FRA,0.4567,1,False
2016-03-01,DEU,FRA,0.3289,1,False
2016-04-01,DEU,FRA,0.236,1,False
2016-05-01,DEU,FRA,0.2089,1,False
2016-06-01,DEU,FRA,0.3393,1,False
2016-07-01,DEU,FRA,0.7254,1,False
2016-08-01,DEU,FRA,0.7521,4,False
2016-09-01,DEU,FRA,0.7433,4,False
2016-10-01,DEU,FRA,0.7022,4,False
2016-11-01,DEU,FRA,0.6278,4,False
2016-12-01,DEU,FRA,0.6447,4,False
2017-01-01,DEU,FRA,0.3899,4,False
2017-02-01,DEU,FRA,0.4562,1,False
2017-03-01,DEU,FRA,0.2858,2,False
2017-04-01,DEU,FRA,0.2328,2,False
2017-05-01,DEU,FRA,0.3784,2,False
2017-06-01,DEU,FRA,0.5915,3,False
2017-07-01,DEU,FRA,0.5621,3,False
2017-08-01,DEU,FRA,0.5638,3,False
2017-09-01,DEU,FRA,0.4975,3,False
2017-10-01,DEU,FRA,0.5699,1,False
2017-11-01,DEU,FRA,0.5515,1,False
2017-12-01,DEU,FRA,0.6516,1,False
2018-01-01,DEU,FRA,0.7475,3,False
2018-02-01,DEU,FRA,0.725,3,False
2018-03-01,DEU,FRA,0.6995,4,False
2018-04-01,DEU,FRA,0.7292,3,False
2018-05-01,DEU,FRA,0.6984,3,False
2018-06-01,DEU,FRA,0.409,1,False
2018-07-01,DEU,FRA,0.4741,1,False
2018-08-01,DEU,FRA,0.497,1,False
2018-09-01,DEU,FRA,0.5995,1,False
2018-10-01,DEU,FRA,0.6443,3,False
2018-11-01,DEU,FRA,0.5654,3,False
2018-12-01,DEU,FRA,0.7516,4,False
2019-01-01,DEU,FRA,0.6863,4,False
2019-02-01,DEU,FRA,0.5147,4,False
2019-03-01,DEU,FRA,0.4232,4,False
2019-04-01,DEU,FRA,0.357,4,False
2019-05-01,DEU,FRA,0.3717,4,False
2019-06-01,DEU,FRA,0.4475,4,False
2019-07-01,DEU,FRA,0.292,4,False
2019-08-01,DEU,FRA,0.1788,4,False
2019-09-01,DEU,FRA,0.0951,4,False
2019-10-01,DEU,FRA,0.1539,3,False
2019-11-01,DEU,FRA,0.5551,4,False
2019-12-01,DEU,FRA,0.2343,3,False
2020-01-01,DEU,FRA,0.148,1,False
2020-02-01,DEU,FRA,0.133,1,False
2020-03-01,DEU,FRA,0.1342,1,False
2020-04-01,DEU,FRA,0.1868,1,False
2020-05-01,DEU,FRA,0.2722,2,False
2020-06-01,DEU,FRA,0.2743,2,False
2020-07-01,DEU,FRA,0.3478,2,False
2020-08-01,DEU,FRA,0.4557,1,False
2020-09-01,DEU,FRA,0.5059,1,False
2020-10-01,DEU,FRA,0.4213,1,False
2020-11-01,DEU,FRA,0.4712,1,False
2020-12-01,DEU,FRA,0.5221,1,False
2021-01-01,DEU,FRA,0.4515,3,False
2021-02-01,DEU,FRA,0.3763,4,False
2021-03-01,DEU,FRA,0.5995,3,False
2021-04-01,DEU,FRA,0.435,3,False
2021-05-01,DEU,FRA,0.2729,1,False
2021-06-01,DEU,FRA,0.235,1,False
2021-07-01,DEU,FRA,0.1499,1,False
2021-08-01,DEU,FRA,0.1164,1,False
2021-09-01,DEU,FRA,0.0051,1,True
2021-10-01,DEU,FRA,0.0011,1,True
2021-11-01,DEU,FRA,0.0005,1,True
2021-12-01,DEU,FRA,0.0006,1,True
2022-01-01,DEU,FRA,0.0035,1,True
2022-02-01,DEU,FRA,0.0052,1,True
2022-03-01,DEU,FRA,0.0092,1,True
2022-04-01,DEU,FRA,0.05,1,True
2022-05-01,DEU,FRA,0.0377,1,True
2022-06-01,DEU,FRA,0.0373,1,True
2022-07-01,DEU,FRA,0.0416,1,True
2022-08-01,DEU,FRA,0.0381,1,True
2022-09-01,DEU,FRA,0.0188,1,True
2022-10-01,DEU,FRA,0.0165,1,True
2022-11-01,DEU,FRA,0.0053,1,True
2022-12-01,DEU,FRA,0.0129,1,True
2023-01-01,DEU,FRA,0.0359,1,True
2023-02-01,DEU,FRA,0.043,1,True
2023-03-01,DEU,FRA,0.0735,1,False
2023-04-01,DEU,FRA,0.0213,1,True
2023-05-01,DEU,FRA,0.033,1,True
2023-06-01,DEU,FRA,0.0055,1,True
2023-07-01,DEU,FRA,0.0021,1,True
2023-08-01,DEU,FRA,0.0039,1,True
2023-09-01,DEU,FRA,0.0076,1,True
2023-10-01,DEU,FRA,0.0094,1,True
2023-11-01,DEU,FRA,0.0007,1,True
2023-12-01,DEU,FRA,0.0004,1,True
2024-01-01,DEU,FRA,0.0008,1,True
2024-02-01,DEU,FRA,0.0003,1,True
2024-03-01,DEU,FRA,0.0002,1,True
2024-04-01,DEU,FRA,0.0001,1,True
2024-05-01,DEU,FRA,0.0001,1,True
2024-06-01,DEU,FRA,0.0001,1,True
2024-07-01,DEU,FRA,0.0001,1,True
2024-08-01,DEU,FRA,0.0002,1,True
2024-09-01,DEU,FRA,0.0002,1,True
2024-10-01,DEU,FRA,0.0004,1,True
2024-11-01,DEU,FRA,0.0004,1,True
2024-12-01,DEU,FRA,0.0002,1,True
2025-01-01,DEU,FRA,0.0001,1,True
2025-02-01,DEU,FRA,0.0003,1,True
2025-03-01,DEU,FRA,0.0012,1,True
2025-04-01,DEU,FRA,0.0018,1,True
2025-05-01,DEU,FRA,0.0023,1,True
2025-06-01,DEU,FRA,0.0058,1,True
2025-07-01,DEU,FRA,0.0036,1,True
2025-08-01,DEU,FRA,0.0035,1,True
2025-09-01,DEU,FRA,0.0031,1,True
2025-10-01,DEU,FRA,0.0162,3,True
2025-11-01,DEU,FRA,0.0271,2,True
2025-12-01,DEU,FRA,0.0093,1,True
2026-01-01,DEU,FRA,0.0317,1,True
2026-02-01,DEU,FRA,0.0937,1,False
2026-03-01,DEU,FRA,0.0484,1,True
2015-01-01,DEU,JPN,0.0143,3,True
2015-02-01,DEU,JPN,0.0127,3,True
2015-03-01,DEU,JPN,0.1111,2,False
2015-04-01,DEU,JPN,0.1918,2,False
2015-05-01,DEU,JPN,0.1161,3,False
2015-06-01,DEU,JPN,0.3002,3,False
2015-07-01,DEU,JPN,0.4728,3,False
2015-08-01,DEU,JPN,0.4811,3,False
2015-09-01,DEU,JPN,0.5365,3,False
2015-10-01,DEU,JPN,0.4839,3,False
2015-11-01,DEU,JPN,0.4287,3,False
2015-12-01,DEU,JPN,0.3702,3,False
2016-01-01,DEU,JPN,0.2238,3,False
2016-02-01,DEU,JPN,0.2692,3,False
2016-03-01,DEU,JPN,0.3617,1,False
2016-04-01,DEU,JPN,0.2556,1,False
2016-05-01,DEU,JPN,0.1808,1,False
2016-06-01,DEU,JPN,0.174,1,False
2016-07-01,DEU,JPN,0.2663,3,False
2016-08-01,DEU,JPN,0.244,3,False
2016-09-01,DEU,JPN,0.2679,3,False
2016-10-01,DEU,JPN,0.2807,3,False
2016-11-01,DEU,JPN,0.3172,3,False
2016-12-01,DEU,JPN,0.3847,2,False
2017-01-01,DEU,JPN,0.3985,3,False
2017-02-01,DEU,JPN,0.4402,2,False
2017-03-01,DEU,JPN,0.4755,3,False
2017-04-01,DEU,JPN,0.5181,3,False
2017-05-01,DEU,JPN,0.4601,3,False
2017-06-01,DEU,JPN,0.45,3,False
2017-07-01,DEU,JPN,0.4503,3,False
2017-08-01,DEU,JPN,0.4552,3,False
2017-09-01,DEU,JPN,0.4544,3,False
2017-10-01,DEU,JPN,0.4472,3,False
2017-11-01,DEU,JPN,0.6339,3,False
2017-12-01,DEU,JPN,0.0183,4,True
2018-01-01,DEU,JPN,0.0057,3,True
2018-02-01,DEU,JPN,0.0024,2,True
2018-03-01,DEU,JPN,0.0009,1,True
2018-04-01,DEU,JPN,0.0777,1,False
2018-05-01,DEU,JPN,0.0776,1,False
2018-06-01,DEU,JPN,0.0703,1,False
2018-07-01,DEU,JPN,0.076,1,False
2018-08-01,DEU,JPN,0.0485,2,True
2018-09-01,DEU,JPN,0.0316,1,True
2018-10-01,DEU,JPN,0.0298,1,True
2018-11-01,DEU,JPN,0.0257,1,True
2018-12-01,DEU,JPN,0.0415,1,True
2019-01-01,DEU,JPN,0.1432,2,False
2019-02-01,DEU,JPN,0.1445,1,False
2019-03-01,DEU,JPN,0.2331,1,False
2019-04-01,DEU,JPN,0.3226,1,False
2019-05-01,DEU,JPN,0.3799,2,False
2019-06-01,DEU,JPN,0.5126,2,False
2019-07-01,DEU,JPN,0.7267,2,False
2019-08-01,DEU,JPN,0.7513,3,False
2019-09-01,DEU,JPN,0.746,1,False
2019-10-01,DEU,JPN,0.6082,4,False
2019-11-01,DEU,JPN,0.6233,3,False
2019-12-01,DEU,JPN,0.5323,4,False
2020-01-01,DEU,JPN,0.5154,4,False
2020-02-01,DEU,JPN,0.5081,4,False
2020-03-01,DEU,JPN,0.5712,4,False
2020-04-01,DEU,JPN,0.5625,4,False
2020-05-01,DEU,JPN,0.6679,4,False
2020-06-01,DEU,JPN,0.6804,1,False
2020-07-01,DEU,JPN,0.4316,4,False
2020-08-01,DEU,JPN,0.4356,4,False
2020-09-01,DEU,JPN,0.3311,2,False
2020-10-01,DEU,JPN,0.1521,1,False
2020-11-01,DEU,JPN,0.0786,1,False
2020-12-01,DEU,JPN,0.0408,3,True
2021-01-01,DEU,JPN,0.0232,2,True
2021-02-01,DEU,JPN,0.006,4,True
2021-03-01,DEU,JPN,0.0105,3,True
2021-04-01,DEU,JPN,0.0168,3,True
2021-05-01,DEU,JPN,0.5074,1,False
2021-06-01,DEU,JPN,0.262,4,False
2021-07-01,DEU,JPN,0.2138,1,False
2021-08-01,DEU,JPN,0.2997,1,False
2021-09-01,DEU,JPN,0.0756,4,False
2021-10-01,DEU,JPN,0.0533,1,False
2021-11-01,DEU,JPN,0.0634,4,False
2021-12-01,DEU,JPN,0.1018,1,False
2022-01-01,DEU,JPN,0.1776,4,False
2022-02-01,DEU,JPN,0.1299,4,False
2022-03-01,DEU,JPN,0.0487,1,True
2022-04-01,DEU,JPN,0.0153,1,True
2022-05-01,DEU,JPN,0.0239,1,True
2022-06-01,DEU,JPN,0.0537,1,False
2022-07-01,DEU,JPN,0.0113,1,True
2022-08-01,DEU,JPN,0.0196,1,True
2022-09-01,DEU,JPN,0.0292,1,True
2022-10-01,DEU,JPN,0.0188,1,True
2022-11-01,DEU,JPN,0.0108,1,True
2022-12-01,DEU,JPN,0.0028,1,True
2023-01-01,DEU,JPN,0.0015,1,True
2023-02-01,DEU,JPN,0.0019,1,True
2023-03-01,DEU,JPN,0.0012,1,True
2023-04-01,DEU,JPN,0.0042,1,True
2023-05-01,DEU,JPN,0.0038,1,True
2023-06-01,DEU,JPN,0.0064,1,True
2023-07-01,DEU,JPN,0.0238,1,True
2023-08-01,DEU,JPN,0.0646,1,False
2023-09-01,DEU,JPN,0.1409,1,False
2023-10-01,DEU,JPN,0.1475,1,False
2023-11-01,DEU,JPN,0.3221,1,False
2023-12-01,DEU,JPN,0.5073,4,False
2024-01-01,DEU,JPN,0.8043,4,False
2024-02-01,DEU,JPN,0.5084,3,False
2024-03-01,DEU,JPN,0.5633,2,False
2024-04-01,DEU,JPN,0.5914,2,False
2024-05-01,DEU,JPN,0.6031,2,False
2024-06-01,DEU,JPN,0.4076,2,False
2024-07-01,DEU,JPN,0.3482,2,False
2024-08-01,DEU,JPN,0.3836,2,False
2024-09-01,DEU,JPN,0.3867,2,False
2024-10-01,DEU,JPN,0.4312,2,False
2024-11-01,DEU,JPN,0.5268,2,False
2024-12-01,DEU,JPN,0.3671,1,False
2025-01-01,DEU,JPN,0.2998,1,False
2025-02-01,DEU,JPN,0.5663,1,False
2025-03-01,DEU,JPN,0.6437,1,False
2025-04-01,DEU,JPN,0.4665,2,False
2025-05-01,DEU,JPN,0.1075,1,False
2025-06-01,DEU,JPN,0.2567,2,False
2025-07-01,DEU,JPN,0.0705,2,False
2025-08-01,DEU,JPN,0.0632,1,False
2025-09-01,DEU,JPN,0.2225,1,False
2025-10-01,DEU,JPN,0.2286,2,False
2025-11-01,DEU,JPN,0.4287,1,False
2025-12-01,DEU,JPN,0.4522,1,False
2026-01-01,DEU,JPN,0.6485,3,False
2026-02-01,DEU,JPN,0.5823,3,False
2026-03-01,DEU,JPN,0.5478,2,False
2015-01-01,FRA,IND,0.0086,1,True
2015-02-01,FRA,IND,0.0091,3,True
2015-03-01,FRA,IND,0.0069,3,True
2015-04-01,FRA,IND,0.0319,2,True
2015-05-01,FRA,IND,0.0253,2,True
2015-06-01,FRA,IND,0.0253,2,True
2015-07-01,FRA,IND,0.0466,2,True
2015-08-01,FRA,IND,0.0301,2,True
2015-09-01,FRA,IND,0.0439,2,True
2015-10-01,FRA,IND,0.0219,2,True
2015-11-01,FRA,IND,0.1064,1,False
2015-12-01,FRA,IND,0.2149,2,False
2016-01-01,FRA,IND,0.2656,2,False
2016-02-01,FRA,IND,0.2301,2,False
2016-03-01,FRA,IND,0.2044,2,False
2016-04-01,FRA,IND,0.2332,2,False
2016-05-01,FRA,IND,0.2392,2,False
2016-06-01,FRA,IND,0.3091,2,False
2016-07-01,FRA,IND,0.2214,2,False
2016-08-01,FRA,IND,0.3453,2,False
2016-09-01,FRA,IND,0.3236,2,False
2016-10-01,FRA,IND,0.5382,2,False
2016-11-01,FRA,IND,0.6662,2,False
2016-12-01,FRA,IND,0.4516,1,False
2017-01-01,FRA,IND,0.4325,1,False
2017-02-01,FRA,IND,0.3895,1,False
2017-03-01,FRA,IND,0.564,1,False
2017-04-01,FRA,IND,0.3662,1,False
2017-05-01,FRA,IND,0.2109,3,False
2017-06-01,FRA,IND,0.0381,2,True
2017-07-01,FRA,IND,0.0348,2,True
2017-08-01,FRA,IND,0.0148,2,True
2017-09-01,FRA,IND,0.0281,2,True
2017-10-01,FRA,IND,0.0307,4,True
2017-11-01,FRA,IND,0.0103,2,True
2017-12-01,FRA,IND,0.0164,2,True
2018-01-01,FRA,IND,0.0171,2,True
2018-02-01,FRA,IND,0.1707,3,False
2018-03-01,FRA,IND,0.1024,2,False
2018-04-01,FRA,IND,0.1224,3,False
2018-05-01,FRA,IND,0.1112,3,False
2018-06-01,FRA,IND,0.1875,2,False
2018-07-01,FRA,IND,0.2694,2,False
2018-08-01,FRA,IND,0.7041,4,False
2018-09-01,FRA,IND,0.6423,1,False
2018-10-01,FRA,IND,0.3941,1,False
2018-11-01,FRA,IND,0.4217,1,False
2018-12-01,FRA,IND,0.5215,1,False
2019-01-01,FRA,IND,0.4467,1,False
2019-02-01,FRA,IND,0.3293,1,False
2019-03-01,FRA,IND,0.2954,1,False
2019-04-01,FRA,IND,0.1877,1,False
2019-05-01,FRA,IND,0.0787,1,False
2019-06-01,FRA,IND,0.1128,1,False
2019-07-01,FRA,IND,0.0663,1,False
2019-08-01,FRA,IND,0.1201,1,False
2019-09-01,FRA,IND,0.268,1,False
2019-10-01,FRA,IND,0.4441,2,False
2019-11-01,FRA,IND,0.4897,2,False
2019-12-01,FRA,IND,0.3832,3,False
2020-01-01,FRA,IND,0.3219,2,False
2020-02-01,FRA,IND,0.1271,2,False
2020-03-01,FRA,IND,0.1229,2,False
2020-04-01,FRA,IND,0.1445,3,False
2020-05-01,FRA,IND,0.1109,2,False
2020-06-01,FRA,IND,0.164,2,False
2020-07-01,FRA,IND,0.1602,2,False
2020-08-01,FRA,IND,0.1721,2,False
2020-09-01,FRA,IND,0.2423,2,False
2020-10-01,FRA,IND,0.3412,2,False
2020-11-01,FRA,IND,0.3259,2,False
2020-12-01,FRA,IND,0.2874,2,False
2021-01-01,FRA,IND,0.237,2,False
2021-02-01,FRA,IND,0.1999,2,False
2021-03-01,FRA,IND,0.6019,2,False
2021-04-01,FRA,IND,0.6053,2,False
2021-05-01,FRA,IND,0.4911,2,False
2021-06-01,FRA,IND,0.4867,1,False
2021-07-01,FRA,IND,0.541,2,False
2021-08-01,FRA,IND,0.5327,4,False
2021-09-01,FRA,IND,0.534,2,False
2021-10-01,FRA,IND,0.3877,2,False
2021-11-01,FRA,IND,0.4233,2,False
2021-12-01,FRA,IND,0.6172,2,False
2022-01-01,FRA,IND,0.5536,2,False
2022-02-01,FRA,IND,0.5632,2,False
2022-03-01,FRA,IND,0.8159,2,False
2022-04-01,FRA,IND,0.8351,2,False
2022-05-01,FRA,IND,0.5007,1,False
2022-06-01,FRA,IND,0.2702,1,False
2022-07-01,FRA,IND,0.5037,1,False
2022-08-01,FRA,IND,0.6484,1,False
2022-09-01,FRA,IND,0.2348,4,False
2022-10-01,FRA,IND,0.1046,3,False
2022-11-01,FRA,IND,0.0822,2,False
2022-12-01,FRA,IND,0.0405,1,True
2023-01-01,FRA,IND,0.0298,2,True
2023-02-01,FRA,IND,0.0177,2,True
2023-03-01,FRA,IND,0.0064,2,True
2023-04-01,FRA,IND,0.0095,2,True
2023-05-01,FRA,IND,0.0154,2,True
2023-06-01,FRA,IND,0.0324,2,True
2023-07-01,FRA,IND,0.0065,4,True
2023-08-01,FRA,IND,0.003,2,True
2023-09-01,FRA,IND,0.0003,2,True
2023-10-01,FRA,IND,0.0001,2,True
2023-11-01,FRA,IND,0.0008,2,True
2023-12-01,FRA,IND,0.0036,2,True
2024-01-01,FRA,IND,0.0083,2,True
2024-02-01,FRA,IND,0.012,2,True
2024-03-01,FRA,IND,0.0273,2,True
2024-04-01,FRA,IND,0.0138,2,True
2024-05-01,FRA,IND,0.0039,2,True
2024-06-01,FRA,IND,0.004,2,True
2024-07-01,FRA,IND,0.004,2,True
2024-08-01,FRA,IND,0.0186,2,True
2024-09-01,FRA,IND,0.0155,2,True
2024-10-01,FRA,IND,0.0102,2,True
2024-11-01,FRA,IND,0.0058,2,True
2024-12-01,FRA,IND,0.0021,2,True
2025-01-01,FRA,IND,0.0025,2,True
2025-02-01,FRA,IND,0.0004,2,True
2025-03-01,FRA,IND,0.0001,2,True
2025-04-01,FRA,IND,0.0,2,True
2025-05-01,FRA,IND,0.0,2,True
2025-06-01,FRA,IND,0.0002,2,True
2025-07-01,FRA,IND,0.0001,2,True
2025-08-01,FRA,IND,0.0004,2,True
2025-09-01,FRA,IND,0.0004,2,True
2025-10-01,FRA,IND,0.0004,2,True
2025-11-01,FRA,IND,0.0006,2,True
2025-12-01,FRA,IND,0.0011,2,True
2026-01-01,FRA,IND,0.0012,2,True
2026-02-01,FRA,IND,0.0015,2,True
2026-03-01,FRA,IND,0.0011,2,True
2015-01-01,FRA,CHN,0.0057,1,True
2015-02-01,FRA,CHN,0.01,1,True
2015-03-01,FRA,CHN,0.0036,1,True
2015-04-01,FRA,CHN,0.0591,1,False
2015-05-01,FRA,CHN,0.0879,1,False
2015-06-01,FRA,CHN,0.0448,1,True
2015-07-01,FRA,CHN,0.0142,3,True
2015-08-01,FRA,CHN,0.0226,2,True
2015-09-01,FRA,CHN,0.0094,1,True
2015-10-01,FRA,CHN,0.0047,4,True
2015-11-01,FRA,CHN,0.0028,1,True
2015-12-01,FRA,CHN,0.0016,1,True
2016-01-01,FRA,CHN,0.0007,1,True
2016-02-01,FRA,CHN,0.0008,1,True
2016-03-01,FRA,CHN,0.0011,2,True
2016-04-01,FRA,CHN,0.0005,1,True
2016-05-01,FRA,CHN,0.0006,1,True
2016-06-01,FRA,CHN,0.001,1,True
2016-07-01,FRA,CHN,0.0007,2,True
2016-08-01,FRA,CHN,0.0003,1,True
2016-09-01,FRA,CHN,0.0005,1,True
2016-10-01,FRA,CHN,0.0007,1,True
2016-11-01,FRA,CHN,0.0005,1,True
2016-12-01,FRA,CHN,0.0004,2,True
2017-01-01,FRA,CHN,0.0002,1,True
2017-02-01,FRA,CHN,0.0026,1,True
2017-03-01,FRA,CHN,0.0036,1,True
2017-04-01,FRA,CHN,0.0035,1,True
2017-05-01,FRA,CHN,0.0062,1,True
2017-06-01,FRA,CHN,0.0064,1,True
2017-07-01,FRA,CHN,0.0049,1,True
2017-08-01,FRA,CHN,0.0023,1,True
2017-09-01,FRA,CHN,0.0023,1,True
2017-10-01,FRA,CHN,0.0011,1,True
2017-11-01,FRA,CHN,0.0007,1,True
2017-12-01,FRA,CHN,0.0002,1,True
2018-01-01,FRA,CHN,0.0008,1,True
2018-02-01,FRA,CHN,0.0015,1,True
2018-03-01,FRA,CHN,0.0323,1,True
2018-04-01,FRA,CHN,0.0244,1,True
2018-05-01,FRA,CHN,0.0079,1,True
2018-06-01,FRA,CHN,0.0201,1,True
2018-07-01,FRA,CHN,0.1272,1,False
2018-08-01,FRA,CHN,0.0567,1,False
2018-09-01,FRA,CHN,0.1429,1,False
2018-10-01,FRA,CHN,0.0455,1,True
2018-11-01,FRA,CHN,0.0295,1,True
2018-12-01,FRA,CHN,0.0105,1,True
2019-01-01,FRA,CHN,0.0239,1,True
2019-02-01,FRA,CHN,0.0151,3,True
2019-03-01,FRA,CHN,0.0188,3,True
2019-04-01,FRA,CHN,0.0696,3,False
2019-05-01,FRA,CHN,0.1829,2,False
2019-06-01,FRA,CHN,0.2584,1,False
2019-07-01,FRA,CHN,0.2739,2,False
2019-08-01,FRA,CHN,0.2134,2,False
2019-09-01,FRA,CHN,0.0939,4,False
2019-10-01,FRA,CHN,0.0596,3,False
2019-11-01,FRA,CHN,0.0513,2,False
2019-12-01,FRA,CHN,0.0467,3,True
2020-01-01,FRA,CHN,0.0146,2,True
2020-02-01,FRA,CHN,0.0217,2,True
2020-03-01,FRA,CHN,0.0219,2,True
2020-04-01,FRA,CHN,0.0417,2,True
2020-05-01,FRA,CHN,0.1035,2,False
2020-06-01,FRA,CHN,0.0967,2,False
2020-07-01,FRA,CHN,0.0579,2,False
2020-08-01,FRA,CHN,0.0231,2,True
2020-09-01,FRA,CHN,0.1177,3,False
2020-10-01,FRA,CHN,0.5806,2,False
2020-11-01,FRA,CHN,0.7978,2,False
2020-12-01,FRA,CHN,0.7466,2,False
2021-01-01,FRA,CHN,0.7669,4,False
2021-02-01,FRA,CHN,0.8531,3,False
2021-03-01,FRA,CHN,0.4869,2,False
2021-04-01,FRA,CHN,0.5315,1,False
2021-05-01,FRA,CHN,0.4273,1,False
2021-06-01,FRA,CHN,0.3671,1,False
2021-07-01,FRA,CHN,0.4777,1,False
2021-08-01,FRA,CHN,0.4437,1,False
2021-09-01,FRA,CHN,0.5661,3,False
2021-10-01,FRA,CHN,0.4605,3,False
2021-11-01,FRA,CHN,0.5432,2,False
2021-12-01,FRA,CHN,0.7798,1,False
2022-01-01,FRA,CHN,0.8299,2,False
2022-02-01,FRA,CHN,0.5829,1,False
2022-03-01,FRA,CHN,0.5093,1,False
2022-04-01,FRA,CHN,0.6149,2,False
2022-05-01,FRA,CHN,0.5512,1,False
2022-06-01,FRA,CHN,0.7107,1,False
2022-07-01,FRA,CHN,0.8478,2,False
2022-08-01,FRA,CHN,0.8825,4,False
2022-09-01,FRA,CHN,0.7583,1,False
2022-10-01,FRA,CHN,0.6362,1,False
2022-11-01,FRA,CHN,0.922,1,False
2022-12-01,FRA,CHN,0.7571,1,False
2023-01-01,FRA,CHN,0.5563,1,False
2023-02-01,FRA,CHN,0.8408,1,False
2023-03-01,FRA,CHN,0.8275,3,False
2023-04-01,FRA,CHN,0.8228,2,False
2023-05-01,FRA,CHN,0.6288,4,False
2023-06-01,FRA,CHN,0.7431,3,False
2023-07-01,FRA,CHN,0.8211,3,False
2023-08-01,FRA,CHN,0.201,3,False
2023-09-01,FRA,CHN,0.1162,3,False
2023-10-01,FRA,CHN,0.0309,3,True
2023-11-01,FRA,CHN,0.1067,3,False
2023-12-01,FRA,CHN,0.1074,3,False
2024-01-01,FRA,CHN,0.1666,3,False
2024-02-01,FRA,CHN,0.1288,3,False
2024-03-01,FRA,CHN,0.1322,3,False
2024-04-01,FRA,CHN,0.2047,3,False
2024-05-01,FRA,CHN,0.189,3,False
2024-06-01,FRA,CHN,0.1875,3,False
2024-07-01,FRA,CHN,0.0906,3,False
2024-08-01,FRA,CHN,0.1625,2,False
2024-09-01,FRA,CHN,0.1178,3,False
2024-10-01,FRA,CHN,0.1233,3,False
2024-11-01,FRA,CHN,0.2111,1,False
2024-12-01,FRA,CHN,0.1398,1,False
2025-01-01,FRA,CHN,0.2852,3,False
2025-02-01,FRA,CHN,0.1644,2,False
2025-03-01,FRA,CHN,0.2228,2,False
2025-04-01,FRA,CHN,0.2142,2,False
2025-05-01,FRA,CHN,0.1926,2,False
2025-06-01,FRA,CHN,0.241,2,False
2025-07-01,FRA,CHN,0.3384,2,False
2025-08-01,FRA,CHN,0.4326,2,False
2025-09-01,FRA,CHN,0.5153,2,False
2025-10-01,FRA,CHN,0.6676,2,False
2025-11-01,FRA,CHN,0.7356,2,False
2025-12-01,FRA,CHN,0.6425,1,False
2026-01-01,FRA,CHN,0.4872,1,False
2026-02-01,FRA,CHN,0.6441,1,False
2026-03-01,FRA,CHN,0.6464,1,False
2015-01-01,FRA,VNM,0.0002,1,True
2015-02-01,FRA,VNM,0.0004,1,True
2015-03-01,FRA,VNM,0.0001,1,True
2015-04-01,FRA,VNM,0.0001,1,True
2015-05-01,FRA,VNM,0.0009,1,True
2015-06-01,FRA,VNM,0.0015,1,True
2015-07-01,FRA,VNM,0.0006,1,True
2015-08-01,FRA,VNM,0.0006,1,True
2015-09-01,FRA,VNM,0.0053,1,True
2015-10-01,FRA,VNM,0.0164,1,True
2015-11-01,FRA,VNM,0.0702,1,False
2015-12-01,FRA,VNM,0.049,1,True
2016-01-01,FRA,VNM,0.0308,1,True
2016-02-01,FRA,VNM,0.0191,1,True
2016-03-01,FRA,VNM,0.012,1,True
2016-04-01,FRA,VNM,0.0149,1,True
2016-05-01,FRA,VNM,0.0193,1,True
2016-06-01,FRA,VNM,0.0248,1,True
2016-07-01,FRA,VNM,0.0212,1,True
2016-08-01,FRA,VNM,0.0139,1,True
2016-09-01,FRA,VNM,0.0096,1,True
2016-10-01,FRA,VNM,0.0143,1,True
2016-11-01,FRA,VNM,0.0065,1,True
2016-12-01,FRA,VNM,0.0058,1,True
2017-01-01,FRA,VNM,0.0015,1,True
2017-02-01,FRA,VNM,0.0008,1,True
2017-03-01,FRA,VNM,0.0003,1,True
2017-04-01,FRA,VNM,0.0064,1,True
2017-05-01,FRA,VNM,0.0134,1,True
2017-06-01,FRA,VNM,0.0168,1,True
2017-07-01,FRA,VNM,0.0213,1,True
2017-08-01,FRA,VNM,0.0334,1,True
2017-09-01,FRA,VNM,0.0263,1,True
2017-10-01,FRA,VNM,0.0082,1,True
2017-11-01,FRA,VNM,0.0045,1,True
2017-12-01,FRA,VNM,0.0011,1,True
2018-01-01,FRA,VNM,0.0003,1,True
2018-02-01,FRA,VNM,0.0013,2,True
2018-03-01,FRA,VNM,0.0002,1,True
2018-04-01,FRA,VNM,0.0055,2,True
2018-05-01,FRA,VNM,0.0051,2,True
2018-06-01,FRA,VNM,0.0125,2,True
2018-07-01,FRA,VNM,0.0215,2,True
2018-08-01,FRA,VNM,0.0277,2,True
2018-09-01,FRA,VNM,0.0395,2,True
2018-10-01,FRA,VNM,0.0265,2,True
2018-11-01,FRA,VNM,0.0149,2,True
2018-12-01,FRA,VNM,0.0246,2,True
2019-01-01,FRA,VNM,0.0401,2,True
2019-02-01,FRA,VNM,0.0424,2,True
2019-03-01,FRA,VNM,0.0686,2,False
2019-04-01,FRA,VNM,0.0295,3,True
2019-05-01,FRA,VNM,0.0299,3,True
2019-06-01,FRA,VNM,0.0212,2,True
2019-07-01,FRA,VNM,0.0254,2,True
2019-08-01,FRA,VNM,0.0238,2,True
2019-09-01,FRA,VNM,0.0173,2,True
2019-10-01,FRA,VNM,0.0105,2,True
2019-11-01,FRA,VNM,0.0137,2,True
2019-12-01,FRA,VNM,0.0089,2,True
2020-01-01,FRA,VNM,0.0282,2,True
2020-02-01,FRA,VNM,0.1886,2,False
2020-03-01,FRA,VNM,0.18,2,False
2020-04-01,FRA,VNM,0.1773,2,False
2020-05-01,FRA,VNM,0.3483,4,False
2020-06-01,FRA,VNM,0.2658,2,False
2020-07-01,FRA,VNM,0.1693,2,False
2020-08-01,FRA,VNM,0.0824,2,False
2020-09-01,FRA,VNM,0.0602,2,False
2020-10-01,FRA,VNM,0.0831,2,False
2020-11-01,FRA,VNM,0.085,2,False
2020-12-01,FRA,VNM,0.0855,1,False
2021-01-01,FRA,VNM,0.0783,1,False
2021-02-01,FRA,VNM,0.0506,1,False
2021-03-01,FRA,VNM,0.0253,1,True
2021-04-01,FRA,VNM,0.0202,1,True
2021-05-01,FRA,VNM,0.0099,1,True
2021-06-01,FRA,VNM,0.0107,1,True
2021-07-01,FRA,VNM,0.0384,1,True
2021-08-01,FRA,VNM,0.0047,3,True
2021-09-01,FRA,VNM,0.0012,2,True
2021-10-01,FRA,VNM,0.0252,1,True
2021-11-01,FRA,VNM,0.1187,1,False
2021-12-01,FRA,VNM,0.3551,4,False
2022-01-01,FRA,VNM,0.358,4,False
2022-02-01,FRA,VNM,0.322,1,False
2022-03-01,FRA,VNM,0.1833,1,False
2022-04-01,FRA,VNM,0.1254,1,False
2022-05-01,FRA,VNM,0.174,1,False
2022-06-01,FRA,VNM,0.0666,1,False
2022-07-01,FRA,VNM,0.0901,1,False
2022-08-01,FRA,VNM,0.0465,1,True
2022-09-01,FRA,VNM,0.0494,1,True
2022-10-01,FRA,VNM,0.016,1,True
2022-11-01,FRA,VNM,0.0204,1,True
2022-12-01,FRA,VNM,0.029,1,True
2023-01-01,FRA,VNM,0.0793,1,False
2023-02-01,FRA,VNM,0.0327,2,True
2023-03-01,FRA,VNM,0.0152,2,True
2023-04-01,FRA,VNM,0.0016,1,True
2023-05-01,FRA,VNM,0.0021,1,True
2023-06-01,FRA,VNM,0.0043,1,True
2023-07-01,FRA,VNM,0.0085,3,True
2023-08-01,FRA,VNM,0.0146,3,True
2023-09-01,FRA,VNM,0.0085,1,True
2023-10-01,FRA,VNM,0.0074,3,True
2023-11-01,FRA,VNM,0.002,4,True
2023-12-01,FRA,VNM,0.0004,3,True
2024-01-01,FRA,VNM,0.0005,3,True
2024-02-01,FRA,VNM,0.0009,3,True
2024-03-01,FRA,VNM,0.0007,3,True
2024-04-01,FRA,VNM,0.001,3,True
2024-05-01,FRA,VNM,0.0008,3,True
2024-06-01,FRA,VNM,0.0082,3,True
2024-07-01,FRA,VNM,0.0213,2,True
2024-08-01,FRA,VNM,0.0531,4,False
2024-09-01,FRA,VNM,0.0514,4,False
2024-10-01,FRA,VNM,0.0217,4,True
2024-11-01,FRA,VNM,0.0154,4,True
2024-12-01,FRA,VNM,0.036,4,True
2025-01-01,FRA,VNM,0.025,3,True
2025-02-01,FRA,VNM,0.0145,3,True
2025-03-01,FRA,VNM,0.0105,3,True
2025-04-01,FRA,VNM,0.0384,3,True
2025-05-01,FRA,VNM,0.0185,3,True
2025-06-01,FRA,VNM,0.0258,3,True
2025-07-01,FRA,VNM,0.0124,3,True
2025-08-01,FRA,VNM,0.0127,3,True
2025-09-01,FRA,VNM,0.024,3,True
2025-10-01,FRA,VNM,0.028,1,True
2025-11-01,FRA,VNM,0.0378,1,True
2025-12-01,FRA,VNM,0.0788,1,False
2026-01-01,FRA,VNM,0.0661,3,False
2026-02-01,FRA,VNM,0.0557,3,False
2026-03-01,FRA,VNM,0.0405,3,True
2015-01-01,FRA,IDN,0.0003,3,True
2015-02-01,FRA,IDN,0.0007,3,True
2015-03-01,FRA,IDN,0.0071,3,True
2015-04-01,FRA,IDN,0.0153,2,True
2015-05-01,FRA,IDN,0.0218,3,True
2015-06-01,FRA,IDN,0.0183,3,True
2015-07-01,FRA,IDN,0.0128,3,True
2015-08-01,FRA,IDN,0.0503,2,False
2015-09-01,FRA,IDN,0.0234,4,True
2015-10-01,FRA,IDN,0.0094,3,True
2015-11-01,FRA,IDN,0.0098,4,True
2015-12-01,FRA,IDN,0.0031,4,True
2016-01-01,FRA,IDN,0.0081,4,True
2016-02-01,FRA,IDN,0.0495,3,True
2016-03-01,FRA,IDN,0.0675,4,False
2016-04-01,FRA,IDN,0.0516,4,False
2016-05-01,FRA,IDN,0.0565,4,False
2016-06-01,FRA,IDN,0.239,4,False
2016-07-01,FRA,IDN,0.402,2,False
2016-08-01,FRA,IDN,0.3095,1,False
2016-09-01,FRA,IDN,0.2189,1,False
2016-10-01,FRA,IDN,0.2562,1,False
2016-11-01,FRA,IDN,0.2163,1,False
2016-12-01,FRA,IDN,0.2773,1,False
2017-01-01,FRA,IDN,0.2291,1,False
2017-02-01,FRA,IDN,0.2919,1,False
2017-03-01,FRA,IDN,0.5635,1,False
2017-04-01,FRA,IDN,0.5996,3,False
2017-05-01,FRA,IDN,0.6153,1,False
2017-06-01,FRA,IDN,0.6192,1,False
2017-07-01,FRA,IDN,0.6497,1,False
2017-08-01,FRA,IDN,0.6606,1,False
2017-09-01,FRA,IDN,0.6137,1,False
2017-10-01,FRA,IDN,0.6768,1,False
2017-11-01,FRA,IDN,0.6433,4,False
2017-12-01,FRA,IDN,0.4442,3,False
2018-01-01,FRA,IDN,0.66,3,False
2018-02-01,FRA,IDN,0.6014,3,False
2018-03-01,FRA,IDN,0.4419,3,False
2018-04-01,FRA,IDN,0.1907,4,False
2018-05-01,FRA,IDN,0.0889,3,False
2018-06-01,FRA,IDN,0.1287,3,False
2018-07-01,FRA,IDN,0.1093,3,False
2018-08-01,FRA,IDN,0.0739,3,False
2018-09-01,FRA,IDN,0.0459,3,True
2018-10-01,FRA,IDN,0.0286,3,True
2018-11-01,FRA,IDN,0.0641,3,False
2018-12-01,FRA,IDN,0.0306,3,True
2019-01-01,FRA,IDN,0.0382,3,True
2019-02-01,FRA,IDN,0.0862,3,False
2019-03-01,FRA,IDN,0.1345,3,False
2019-04-01,FRA,IDN,0.2525,3,False
2019-05-01,FRA,IDN,0.3379,3,False
2019-06-01,FRA,IDN,0.182,4,False
2019-07-01,FRA,IDN,0.2591,4,False
2019-08-01,FRA,IDN,0.1711,4,False
2019-09-01,FRA,IDN,0.2251,4,False
2019-10-01,FRA,IDN,0.5445,4,False
2019-11-01,FRA,IDN,0.4481,4,False
2019-12-01,FRA,IDN,0.4324,3,False
2020-01-01,FRA,IDN,0.4456,3,False
2020-02-01,FRA,IDN,0.45,1,False
2020-03-01,FRA,IDN,0.247,4,False
2020-04-01,FRA,IDN,0.1975,4,False
2020-05-01,FRA,IDN,0.5368,4,False
2020-06-01,FRA,IDN,0.2531,3,False
2020-07-01,FRA,IDN,0.2048,2,False
2020-08-01,FRA,IDN,0.1848,1,False
2020-09-01,FRA,IDN,0.1063,1,False
2020-10-01,FRA,IDN,0.0785,4,False
2020-11-01,FRA,IDN,0.0449,2,True
2020-12-01,FRA,IDN,0.007,1,True
2021-01-01,FRA,IDN,0.0072,1,True
2021-02-01,FRA,IDN,0.0054,1,True
2021-03-01,FRA,IDN,0.0165,1,True
2021-04-01,FRA,IDN,0.0174,1,True
2021-05-01,FRA,IDN,0.0148,1,True
2021-06-01,FRA,IDN,0.006,1,True
2021-07-01,FRA,IDN,0.0126,1,True
2021-08-01,FRA,IDN,0.013,1,True
2021-09-01,FRA,IDN,0.0124,1,True
2021-10-01,FRA,IDN,0.1155,1,False
2021-11-01,FRA,IDN,0.7731,1,False
2021-12-01,FRA,IDN,0.55,1,False
2022-01-01,FRA,IDN,0.8362,1,False
2022-02-01,FRA,IDN,0.2189,1,False
2022-03-01,FRA,IDN,0.4464,1,False
2022-04-01,FRA,IDN,0.0954,1,False
2022-05-01,FRA,IDN,0.0197,1,True
2022-06-01,FRA,IDN,0.013,1,True
2022-07-01,FRA,IDN,0.0036,2,True
2022-08-01,FRA,IDN,0.0003,1,True
2022-09-01,FRA,IDN,0.0003,1,True
2022-10-01,FRA,IDN,0.0009,1,True
2022-11-01,FRA,IDN,0.001,1,True
2022-12-01,FRA,IDN,0.0009,1,True
2023-01-01,FRA,IDN,0.0028,1,True
2023-02-01,FRA,IDN,0.0015,1,True
2023-03-01,FRA,IDN,0.0033,1,True
2023-04-01,FRA,IDN,0.0062,1,True
2023-05-01,FRA,IDN,0.0092,1,True
2023-06-01,FRA,IDN,0.0067,1,True
2023-07-01,FRA,IDN,0.0026,1,True
2023-08-01,FRA,IDN,0.0044,1,True
2023-09-01,FRA,IDN,0.006,1,True
2023-10-01,FRA,IDN,0.0098,1,True
2023-11-01,FRA,IDN,0.0231,1,True
2023-12-01,FRA,IDN,0.0476,1,True
2024-01-01,FRA,IDN,0.0782,1,False
2024-02-01,FRA,IDN,0.0663,1,False
2024-03-01,FRA,IDN,0.0472,1,True
2024-04-01,FRA,IDN,0.0325,1,True
2024-05-01,FRA,IDN,0.0142,1,True
2024-06-01,FRA,IDN,0.0119,1,True
2024-07-01,FRA,IDN,0.0106,1,True
2024-08-01,FRA,IDN,0.0045,1,True
2024-09-01,FRA,IDN,0.0049,1,True
2024-10-01,FRA,IDN,0.0066,1,True
2024-11-01,FRA,IDN,0.005,1,True
2024-12-01,FRA,IDN,0.0065,1,True
2025-01-01,FRA,IDN,0.0107,1,True
2025-02-01,FRA,IDN,0.0056,1,True
2025-03-01,FRA,IDN,0.0127,1,True
2025-04-01,FRA,IDN,0.0158,1,True
2025-05-01,FRA,IDN,0.0211,1,True
2025-06-01,FRA,IDN,0.0323,1,True
2025-07-01,FRA,IDN,0.0481,1,True
2025-08-01,FRA,IDN,0.0646,1,False
2025-09-01,FRA,IDN,0.0465,1,True
2025-10-01,FRA,IDN,0.0494,1,True
2025-11-01,FRA,IDN,0.0443,1,True
2025-12-01,FRA,IDN,0.0158,1,True
2026-01-01,FRA,IDN,0.041,1,True
2026-02-01,FRA,IDN,0.0285,1,True
2026-03-01,FRA,IDN,0.0102,4,True
2015-01-01,FRA,THA,0.202,4,False
2015-02-01,FRA,THA,0.0205,1,True
2015-03-01,FRA,THA,0.0086,1,True
2015-04-01,FRA,THA,0.0088,1,True
2015-05-01,FRA,THA,0.017,1,True
2015-06-01,FRA,THA,0.0123,1,True
2015-07-01,FRA,THA,0.0232,4,True
2015-08-01,FRA,THA,0.0201,1,True
2015-09-01,FRA,THA,0.0068,1,True
2015-10-01,FRA,THA,0.01,1,True
2015-11-01,FRA,THA,0.0061,1,True
2015-12-01,FRA,THA,0.0032,1,True
2016-01-01,FRA,THA,0.0039,1,True
2016-02-01,FRA,THA,0.008,1,True
2016-03-01,FRA,THA,0.005,1,True
2016-04-01,FRA,THA,0.0088,1,True
2016-05-01,FRA,THA,0.0099,1,True
2016-06-01,FRA,THA,0.0148,1,True
2016-07-01,FRA,THA,0.0166,1,True
2016-08-01,FRA,THA,0.0193,1,True
2016-09-01,FRA,THA,0.0088,1,True
2016-10-01,FRA,THA,0.0045,1,True
2016-11-01,FRA,THA,0.0048,1,True
2016-12-01,FRA,THA,0.0058,1,True
2017-01-01,FRA,THA,0.0257,1,True
2017-02-01,FRA,THA,0.034,1,True
2017-03-01,FRA,THA,0.0077,1,True
2017-04-01,FRA,THA,0.016,1,True
2017-05-01,FRA,THA,0.0142,1,True
2017-06-01,FRA,THA,0.0385,1,True
2017-07-01,FRA,THA,0.0322,1,True
2017-08-01,FRA,THA,0.0277,1,True
2017-09-01,FRA,THA,0.0419,1,True
2017-10-01,FRA,THA,0.0209,1,True
2017-11-01,FRA,THA,0.0305,3,True
2017-12-01,FRA,THA,0.0395,3,True
2018-01-01,FRA,THA,0.0449,3,True
2018-02-01,FRA,THA,0.0253,3,True
2018-03-01,FRA,THA,0.0249,3,True
2018-04-01,FRA,THA,0.0321,3,True
2018-05-01,FRA,THA,0.0307,3,True
2018-06-01,FRA,THA,0.026,4,True
2018-07-01,FRA,THA,0.0089,3,True
2018-08-01,FRA,THA,0.0155,3,True
2018-09-01,FRA,THA,0.0155,3,True
2018-10-01,FRA,THA,0.0399,3,True
2018-11-01,FRA,THA,0.0803,3,False
2018-12-01,FRA,THA,0.0845,3,False
2019-01-01,FRA,THA,0.1732,3,False
2019-02-01,FRA,THA,0.1206,3,False
2019-03-01,FRA,THA,0.066,3,False
2019-04-01,FRA,THA,0.2055,2,False
2019-05-01,FRA,THA,0.1366,1,False
2019-06-01,FRA,THA,0.2126,4,False
2019-07-01,FRA,THA,0.2257,4,False
2019-08-01,FRA,THA,0.2396,4,False
2019-09-01,FRA,THA,0.3089,4,False
2019-10-01,FRA,THA,0.3857,4,False
2019-11-01,FRA,THA,0.392,4,False
2019-12-01,FRA,THA,0.475,4,False
2020-01-01,FRA,THA,0.2955,4,False
2020-02-01,FRA,THA,0.1001,4,False
2020-03-01,FRA,THA,0.129,4,False
2020-04-01,FRA,THA,0.1652,4,False
2020-05-01,FRA,THA,0.2853,4,False
2020-06-01,FRA,THA,0.3811,4,False
2020-07-01,FRA,THA,0.3713,4,False
2020-08-01,FRA,THA,0.2247,4,False
2020-09-01,FRA,THA,0.2032,4,False
2020-10-01,FRA,THA,0.0245,4,True
2020-11-01,FRA,THA,0.0245,4,True
2020-12-01,FRA,THA,0.0655,4,False
2021-01-01,FRA,THA,0.0305,4,True
2021-02-01,FRA,THA,0.0509,4,False
2021-03-01,FRA,THA,0.1096,4,False
2021-04-01,FRA,THA,0.3948,4,False
2021-05-01,FRA,THA,0.2197,4,False
2021-06-01,FRA,THA,0.1773,4,False
2021-07-01,FRA,THA,0.2221,4,False
2021-08-01,FRA,THA,0.2799,4,False
2021-09-01,FRA,THA,0.1989,4,False
2021-10-01,FRA,THA,0.1795,4,False
2021-11-01,FRA,THA,0.0863,2,False
2021-12-01,FRA,THA,0.0886,1,False
2022-01-01,FRA,THA,0.1953,2,False
2022-02-01,FRA,THA,0.2137,2,False
2022-03-01,FRA,THA,0.2723,2,False
2022-04-01,FRA,THA,0.2354,2,False
2022-05-01,FRA,THA,0.2877,2,False
2022-06-01,FRA,THA,0.2207,2,False
2022-07-01,FRA,THA,0.1294,2,False
2022-08-01,FRA,THA,0.0881,2,False
2022-09-01,FRA,THA,0.0561,2,False
2022-10-01,FRA,THA,0.0603,2,False
2022-11-01,FRA,THA,0.0768,2,False
2022-12-01,FRA,THA,0.0641,2,False
2023-01-01,FRA,THA,0.034,2,True
2023-02-01,FRA,THA,0.5404,1,False
2023-03-01,FRA,THA,0.2699,3,False
2023-04-01,FRA,THA,0.2868,1,False
2023-05-01,FRA,THA,0.1269,3,False
2023-06-01,FRA,THA,0.1075,1,False
2023-07-01,FRA,THA,0.1072,2,False
2023-08-01,FRA,THA,0.0524,3,False
2023-09-01,FRA,THA,0.0438,3,True
2023-10-01,FRA,THA,0.0861,1,False
2023-11-01,FRA,THA,0.0957,1,False
2023-12-01,FRA,THA,0.1293,2,False
2024-01-01,FRA,THA,0.1147,1,False
2024-02-01,FRA,THA,0.0692,2,False
2024-03-01,FRA,THA,0.0301,2,True
2024-04-01,FRA,THA,0.0289,1,True
2024-05-01,FRA,THA,0.0111,1,True
2024-06-01,FRA,THA,0.0086,1,True
2024-07-01,FRA,THA,0.004,1,True
2024-08-01,FRA,THA,0.0023,1,True
2024-09-01,FRA,THA,0.0011,1,True
2024-10-01,FRA,THA,0.0003,1,True
2024-11-01,FRA,THA,0.0003,1,True
2024-12-01,FRA,THA,0.001,1,True
2025-01-01,FRA,THA,0.0018,1,True
2025-02-01,FRA,THA,0.0037,1,True
2025-03-01,FRA,THA,0.0025,1,True
2025-04-01,FRA,THA,0.0018,1,True
2025-05-01,FRA,THA,0.0031,1,True
2025-06-01,FRA,THA,0.0023,1,True
2025-07-01,FRA,THA,0.0014,1,True
2025-08-01,FRA,THA,0.0011,1,True
2025-09-01,FRA,THA,0.0004,1,True
2025-10-01,FRA,THA,0.0001,1,True
2025-11-01,FRA,THA,0.0,1,True
2025-12-01,FRA,THA,0.0,1,True
2026-01-01,FRA,THA,0.0,1,True
2026-02-01,FRA,THA,0.0,1,True
2026-03-01,FRA,THA,0.0,1,True
2015-01-01,FRA,BRA,0.0087,1,True
2015-02-01,FRA,BRA,0.0086,1,True
2015-03-01,FRA,BRA,0.0278,3,True
2015-04-01,FRA,BRA,0.0173,3,True
2015-05-01,FRA,BRA,0.0288,3,True
2015-06-01,FRA,BRA,0.1059,4,False
2015-07-01,FRA,BRA,0.1103,4,False
2015-08-01,FRA,BRA,0.2299,4,False
2015-09-01,FRA,BRA,0.295,4,False
2015-10-01,FRA,BRA,0.2509,1,False
2015-11-01,FRA,BRA,0.1257,4,False
2015-12-01,FRA,BRA,0.061,4,False
2016-01-01,FRA,BRA,0.0508,4,False
2016-02-01,FRA,BRA,0.0165,1,True
2016-03-01,FRA,BRA,0.0029,1,True
2016-04-01,FRA,BRA,0.0328,1,True
2016-05-01,FRA,BRA,0.0428,2,True
2016-06-01,FRA,BRA,0.0388,1,True
2016-07-01,FRA,BRA,0.0889,1,False
2016-08-01,FRA,BRA,0.1258,1,False
2016-09-01,FRA,BRA,0.2074,1,False
2016-10-01,FRA,BRA,0.1863,1,False
2016-11-01,FRA,BRA,0.1382,1,False
2016-12-01,FRA,BRA,0.116,1,False
2017-01-01,FRA,BRA,0.0981,1,False
2017-02-01,FRA,BRA,0.0619,1,False
2017-03-01,FRA,BRA,0.0078,1,True
2017-04-01,FRA,BRA,0.0075,1,True
2017-05-01,FRA,BRA,0.0046,1,True
2017-06-01,FRA,BRA,0.0031,1,True
2017-07-01,FRA,BRA,0.0051,1,True
2017-08-01,FRA,BRA,0.0055,1,True
2017-09-01,FRA,BRA,0.0055,1,True
2017-10-01,FRA,BRA,0.0047,1,True
2017-11-01,FRA,BRA,0.005,1,True
2017-12-01,FRA,BRA,0.0056,1,True
2018-01-01,FRA,BRA,0.0158,1,True
2018-02-01,FRA,BRA,0.054,1,False
2018-03-01,FRA,BRA,0.0616,2,False
2018-04-01,FRA,BRA,0.0834,2,False
2018-05-01,FRA,BRA,0.1067,2,False
2018-06-01,FRA,BRA,0.1153,2,False
2018-07-01,FRA,BRA,0.0803,2,False
2018-08-01,FRA,BRA,0.0747,2,False
2018-09-01,FRA,BRA,0.0583,2,False
2018-10-01,FRA,BRA,0.1536,2,False
2018-11-01,FRA,BRA,0.1264,2,False
2018-12-01,FRA,BRA,0.1467,2,False
2019-01-01,FRA,BRA,0.1573,4,False
2019-02-01,FRA,BRA,0.1766,4,False
2019-03-01,FRA,BRA,0.3621,2,False
2019-04-01,FRA,BRA,0.2266,2,False
2019-05-01,FRA,BRA,0.2179,1,False
2019-06-01,FRA,BRA,0.2087,1,False
2019-07-01,FRA,BRA,0.0737,4,False
2019-08-01,FRA,BRA,0.0358,3,True
2019-09-01,FRA,BRA,0.021,3,True
2019-10-01,FRA,BRA,0.0123,3,True
2019-11-01,FRA,BRA,0.0059,1,True
2019-12-01,FRA,BRA,0.0061,1,True
2020-01-01,FRA,BRA,0.0045,4,True
2020-02-01,FRA,BRA,0.0035,4,True
2020-03-01,FRA,BRA,0.0128,4,True
2020-04-01,FRA,BRA,0.0113,4,True
2020-05-01,FRA,BRA,0.0035,4,True
2020-06-01,FRA,BRA,0.0064,4,True
2020-07-01,FRA,BRA,0.0092,3,True
2020-08-01,FRA,BRA,0.0073,3,True
2020-09-01,FRA,BRA,0.0118,3,True
2020-10-01,FRA,BRA,0.0461,1,True
2020-11-01,FRA,BRA,0.1817,4,False
2020-12-01,FRA,BRA,0.1952,4,False
2021-01-01,FRA,BRA,0.1805,4,False
2021-02-01,FRA,BRA,0.2246,4,False
2021-03-01,FRA,BRA,0.1393,2,False
2021-04-01,FRA,BRA,0.1805,2,False
2021-05-01,FRA,BRA,0.1623,2,False
2021-06-01,FRA,BRA,0.0881,1,False
2021-07-01,FRA,BRA,0.0906,1,False
2021-08-01,FRA,BRA,0.1209,1,False
2021-09-01,FRA,BRA,0.0677,1,False
2021-10-01,FRA,BRA,0.0619,1,False
2021-11-01,FRA,BRA,0.1177,1,False
2021-12-01,FRA,BRA,0.1235,1,False
2022-01-01,FRA,BRA,0.0556,1,False
2022-02-01,FRA,BRA,0.0634,1,False
2022-03-01,FRA,BRA,0.0307,1,True
2022-04-01,FRA,BRA,0.0918,1,False
2022-05-01,FRA,BRA,0.2758,1,False
2022-06-01,FRA,BRA,0.0788,1,False
2022-07-01,FRA,BRA,0.0949,1,False
2022-08-01,FRA,BRA,0.0045,1,True
2022-09-01,FRA,BRA,0.0006,1,True
2022-10-01,FRA,BRA,0.0001,1,True
2022-11-01,FRA,BRA,0.0,1,True
2022-12-01,FRA,BRA,0.0,1,True
2023-01-01,FRA,BRA,0.0002,1,True
2023-02-01,FRA,BRA,0.0008,1,True
2023-03-01,FRA,BRA,0.0009,1,True
2023-04-01,FRA,BRA,0.0001,1,True
2023-05-01,FRA,BRA,0.0,1,True
2023-06-01,FRA,BRA,0.0,1,True
2023-07-01,FRA,BRA,0.0,1,True
2023-08-01,FRA,BRA,0.0,1,True
2023-09-01,FRA,BRA,0.0001,1,True
2023-10-01,FRA,BRA,0.0001,1,True
2023-11-01,FRA,BRA,0.0001,1,True
2023-12-01,FRA,BRA,0.0,1,True
2024-01-01,FRA,BRA,0.0,1,True
2024-02-01,FRA,BRA,0.0,1,True
2024-03-01,FRA,BRA,0.0,1,True
2024-04-01,FRA,BRA,0.0001,1,True
2024-05-01,FRA,BRA,0.0011,1,True
2024-06-01,FRA,BRA,0.0012,1,True
2024-07-01,FRA,BRA,0.002,1,True
2024-08-01,FRA,BRA,0.0039,1,True
2024-09-01,FRA,BRA,0.0111,1,True
2024-10-01,FRA,BRA,0.0173,1,True
2024-11-01,FRA,BRA,0.0175,1,True
2024-12-01,FRA,BRA,0.0111,1,True
2025-01-01,FRA,BRA,0.0207,1,True
2025-02-01,FRA,BRA,0.0456,1,True
2025-03-01,FRA,BRA,0.0557,1,False
2025-04-01,FRA,BRA,0.0465,1,True
2025-05-01,FRA,BRA,0.0624,1,False
2025-06-01,FRA,BRA,0.0663,1,False
2025-07-01,FRA,BRA,0.4484,1,False
2025-08-01,FRA,BRA,0.6452,1,False
2025-09-01,FRA,BRA,0.6416,4,False
2025-10-01,FRA,BRA,0.5493,1,False
2025-11-01,FRA,BRA,0.5783,3,False
2025-12-01,FRA,BRA,0.4222,1,False
2026-01-01,FRA,BRA,0.2888,1,False
2026-02-01,FRA,BRA,0.1877,1,False
2026-03-01,FRA,BRA,0.3773,1,False
2015-01-01,FRA,ZAF,0.5182,4,False
2015-02-01,FRA,ZAF,0.6408,4,False
2015-03-01,FRA,ZAF,0.34,1,False
2015-04-01,FRA,ZAF,0.1073,4,False
2015-05-01,FRA,ZAF,0.1307,3,False
2015-06-01,FRA,ZAF,0.0878,2,False
2015-07-01,FRA,ZAF,0.0284,1,True
2015-08-01,FRA,ZAF,0.0701,1,False
2015-09-01,FRA,ZAF,0.0271,1,True
2015-10-01,FRA,ZAF,0.0211,1,True
2015-11-01,FRA,ZAF,0.019,1,True
2015-12-01,FRA,ZAF,0.0113,1,True
2016-01-01,FRA,ZAF,0.0104,1,True
2016-02-01,FRA,ZAF,0.0563,1,False
2016-03-01,FRA,ZAF,0.1481,4,False
2016-04-01,FRA,ZAF,0.1376,1,False
2016-05-01,FRA,ZAF,0.1578,1,False
2016-06-01,FRA,ZAF,0.1532,1,False
2016-07-01,FRA,ZAF,0.1473,4,False
2016-08-01,FRA,ZAF,0.1427,4,False
2016-09-01,FRA,ZAF,0.1286,4,False
2016-10-01,FRA,ZAF,0.1241,1,False
2016-11-01,FRA,ZAF,0.0909,2,False
2016-12-01,FRA,ZAF,0.0607,1,False
2017-01-01,FRA,ZAF,0.0242,4,True
2017-02-01,FRA,ZAF,0.0075,3,True
2017-03-01,FRA,ZAF,0.1147,2,False
2017-04-01,FRA,ZAF,0.1239,2,False
2017-05-01,FRA,ZAF,0.0508,2,False
2017-06-01,FRA,ZAF,0.1007,4,False
2017-07-01,FRA,ZAF,0.0605,4,False
2017-08-01,FRA,ZAF,0.0624,4,False
2017-09-01,FRA,ZAF,0.0289,4,True
2017-10-01,FRA,ZAF,0.0413,4,True
2017-11-01,FRA,ZAF,0.0514,4,False
2017-12-01,FRA,ZAF,0.0415,4,True
2018-01-01,FRA,ZAF,0.0402,4,True
2018-02-01,FRA,ZAF,0.0184,4,True
2018-03-01,FRA,ZAF,0.0071,1,True
2018-04-01,FRA,ZAF,0.0077,1,True
2018-05-01,FRA,ZAF,0.0299,1,True
2018-06-01,FRA,ZAF,0.0175,3,True
2018-07-01,FRA,ZAF,0.0154,3,True
2018-08-01,FRA,ZAF,0.0792,3,False
2018-09-01,FRA,ZAF,0.0196,3,True
2018-10-01,FRA,ZAF,0.0724,3,False
2018-11-01,FRA,ZAF,0.1325,1,False
2018-12-01,FRA,ZAF,0.2072,4,False
2019-01-01,FRA,ZAF,0.1919,4,False
2019-02-01,FRA,ZAF,0.0643,4,False
2019-03-01,FRA,ZAF,0.0884,4,False
2019-04-01,FRA,ZAF,0.08,4,False
2019-05-01,FRA,ZAF,0.0934,4,False
2019-06-01,FRA,ZAF,0.0903,4,False
2019-07-01,FRA,ZAF,0.099,4,False
2019-08-01,FRA,ZAF,0.0388,4,True
2019-09-01,FRA,ZAF,0.0148,4,True
2019-10-01,FRA,ZAF,0.0021,4,True
2019-11-01,FRA,ZAF,0.0011,4,True
2019-12-01,FRA,ZAF,0.0012,4,True
2020-01-01,FRA,ZAF,0.0014,4,True
2020-02-01,FRA,ZAF,0.0019,3,True
2020-03-01,FRA,ZAF,0.0032,4,True
2020-04-01,FRA,ZAF,0.0031,4,True
2020-05-01,FRA,ZAF,0.0001,4,True
2020-06-01,FRA,ZAF,0.0,4,True
2020-07-01,FRA,ZAF,0.0,4,True
2020-08-01,FRA,ZAF,0.0003,3,True
2020-09-01,FRA,ZAF,0.0002,3,True
2020-10-01,FRA,ZAF,0.0002,3,True
2020-11-01,FRA,ZAF,0.0031,1,True
2020-12-01,FRA,ZAF,0.0016,1,True
2021-01-01,FRA,ZAF,0.0011,1,True
2021-02-01,FRA,ZAF,0.0016,1,True
2021-03-01,FRA,ZAF,0.0019,1,True
2021-04-01,FRA,ZAF,0.0038,1,True
2021-05-01,FRA,ZAF,0.0008,1,True
2021-06-01,FRA,ZAF,0.002,1,True
2021-07-01,FRA,ZAF,0.0018,2,True
2021-08-01,FRA,ZAF,0.0039,2,True
2021-09-01,FRA,ZAF,0.0069,1,True
2021-10-01,FRA,ZAF,0.0066,1,True
2021-11-01,FRA,ZAF,0.009,1,True
2021-12-01,FRA,ZAF,0.0021,2,True
2022-01-01,FRA,ZAF,0.0008,1,True
2022-02-01,FRA,ZAF,0.0011,1,True
2022-03-01,FRA,ZAF,0.0016,4,True
2022-04-01,FRA,ZAF,0.0008,2,True
2022-05-01,FRA,ZAF,0.0042,1,True
2022-06-01,FRA,ZAF,0.0016,1,True
2022-07-01,FRA,ZAF,0.0005,2,True
2022-08-01,FRA,ZAF,0.0004,1,True
2022-09-01,FRA,ZAF,0.0008,1,True
2022-10-01,FRA,ZAF,0.001,2,True
2022-11-01,FRA,ZAF,0.0011,2,True
2022-12-01,FRA,ZAF,0.0013,2,True
2023-01-01,FRA,ZAF,0.002,2,True
2023-02-01,FRA,ZAF,0.0035,2,True
2023-03-01,FRA,ZAF,0.0082,1,True
2023-04-01,FRA,ZAF,0.0056,4,True
2023-05-01,FRA,ZAF,0.0032,4,True
2023-06-01,FRA,ZAF,0.0076,4,True
2023-07-01,FRA,ZAF,0.0032,4,True
2023-08-01,FRA,ZAF,0.0079,4,True
2023-09-01,FRA,ZAF,0.0221,4,True
2023-10-01,FRA,ZAF,0.0197,2,True
2023-11-01,FRA,ZAF,0.0086,4,True
2023-12-01,FRA,ZAF,0.0033,4,True
2024-01-01,FRA,ZAF,0.0011,2,True
2024-02-01,FRA,ZAF,0.0011,2,True
2024-03-01,FRA,ZAF,0.0015,2,True
2024-04-01,FRA,ZAF,0.0011,2,True
2024-05-01,FRA,ZAF,0.0014,2,True
2024-06-01,FRA,ZAF,0.0014,2,True
2024-07-01,FRA,ZAF,0.0005,2,True
2024-08-01,FRA,ZAF,0.0002,2,True
2024-09-01,FRA,ZAF,0.0003,2,True
2024-10-01,FRA,ZAF,0.0003,2,True
2024-11-01,FRA,ZAF,0.0002,2,True
2024-12-01,FRA,ZAF,0.0001,2,True
2025-01-01,FRA,ZAF,0.0001,2,True
2025-02-01,FRA,ZAF,0.0003,2,True
2025-03-01,FRA,ZAF,0.0001,2,True
2025-04-01,FRA,ZAF,0.0538,2,False
2025-05-01,FRA,ZAF,0.0396,2,True
2025-06-01,FRA,ZAF,0.0598,2,False
2025-07-01,FRA,ZAF,0.0815,2,False
2025-08-01,FRA,ZAF,0.0705,2,False
2025-09-01,FRA,ZAF,0.0502,2,False
2025-10-01,FRA,ZAF,0.0506,2,False
2025-11-01,FRA,ZAF,0.0601,2,False
2025-12-01,FRA,ZAF,0.0626,2,False
2026-01-01,FRA,ZAF,0.0963,2,False
2026-02-01,FRA,ZAF,0.1388,2,False
2026-03-01,FRA,ZAF,0.1432,4,False
2015-01-01,FRA,MEX,0.1162,4,False
2015-02-01,FRA,MEX,0.0253,3,True
2015-03-01,FRA,MEX,0.0847,2,False
2015-04-01,FRA,MEX,0.066,1,False
2015-05-01,FRA,MEX,0.0922,1,False
2015-06-01,FRA,MEX,0.065,2,False
2015-07-01,FRA,MEX,0.1044,2,False
2015-08-01,FRA,MEX,0.2163,2,False
2015-09-01,FRA,MEX,0.1418,4,False
2015-10-01,FRA,MEX,0.0815,4,False
2015-11-01,FRA,MEX,0.0473,2,True
2015-12-01,FRA,MEX,0.0302,2,True
2016-01-01,FRA,MEX,0.0447,1,True
2016-02-01,FRA,MEX,0.0606,1,False
2016-03-01,FRA,MEX,0.1863,1,False
2016-04-01,FRA,MEX,0.0564,4,False
2016-05-01,FRA,MEX,0.0663,4,False
2016-06-01,FRA,MEX,0.0768,4,False
2016-07-01,FRA,MEX,0.0549,4,False
2016-08-01,FRA,MEX,0.062,1,False
2016-09-01,FRA,MEX,0.0436,1,True
2016-10-01,FRA,MEX,0.0252,1,True
2016-11-01,FRA,MEX,0.0339,1,True
2016-12-01,FRA,MEX,0.0454,4,True
2017-01-01,FRA,MEX,0.0359,4,True
2017-02-01,FRA,MEX,0.0146,4,True
2017-03-01,FRA,MEX,0.0038,1,True
2017-04-01,FRA,MEX,0.0009,1,True
2017-05-01,FRA,MEX,0.0005,1,True
2017-06-01,FRA,MEX,0.0005,1,True
2017-07-01,FRA,MEX,0.0007,1,True
2017-08-01,FRA,MEX,0.0009,1,True
2017-09-01,FRA,MEX,0.0014,1,True
2017-10-01,FRA,MEX,0.001,1,True
2017-11-01,FRA,MEX,0.001,1,True
2017-12-01,FRA,MEX,0.0011,1,True
2018-01-01,FRA,MEX,0.0027,1,True
2018-02-01,FRA,MEX,0.0115,1,True
2018-03-01,FRA,MEX,0.0156,1,True
2018-04-01,FRA,MEX,0.0333,1,True
2018-05-01,FRA,MEX,0.2132,1,False
2018-06-01,FRA,MEX,0.3152,1,False
2018-07-01,FRA,MEX,0.339,1,False
2018-08-01,FRA,MEX,0.3423,1,False
2018-09-01,FRA,MEX,0.3931,1,False
2018-10-01,FRA,MEX,0.4162,1,False
2018-11-01,FRA,MEX,0.5385,4,False
2018-12-01,FRA,MEX,0.7009,4,False
2019-01-01,FRA,MEX,0.7113,3,False
2019-02-01,FRA,MEX,0.7341,4,False
2019-03-01,FRA,MEX,0.6014,3,False
2019-04-01,FRA,MEX,0.6186,4,False
2019-05-01,FRA,MEX,0.5125,4,False
2019-06-01,FRA,MEX,0.4653,3,False
2019-07-01,FRA,MEX,0.4806,1,False
2019-08-01,FRA,MEX,0.3956,1,False
2019-09-01,FRA,MEX,0.443,1,False
2019-10-01,FRA,MEX,0.4264,1,False
2019-11-01,FRA,MEX,0.4868,1,False
2019-12-01,FRA,MEX,0.52,1,False
2020-01-01,FRA,MEX,0.7431,1,False
2020-02-01,FRA,MEX,0.7218,3,False
2020-03-01,FRA,MEX,0.6029,4,False
2020-04-01,FRA,MEX,0.3234,4,False
2020-05-01,FRA,MEX,0.0583,4,False
2020-06-01,FRA,MEX,0.2209,2,False
2020-07-01,FRA,MEX,0.1809,2,False
2020-08-01,FRA,MEX,0.2026,2,False
2020-09-01,FRA,MEX,0.0716,4,False
2020-10-01,FRA,MEX,0.1412,2,False
2020-11-01,FRA,MEX,0.0896,2,False
2020-12-01,FRA,MEX,0.0643,1,False
2021-01-01,FRA,MEX,0.1273,2,False
2021-02-01,FRA,MEX,0.1769,2,False
2021-03-01,FRA,MEX,0.1496,2,False
2021-04-01,FRA,MEX,0.2583,2,False
2021-05-01,FRA,MEX,0.1917,2,False
2021-06-01,FRA,MEX,0.1822,2,False
2021-07-01,FRA,MEX,0.1603,2,False
2021-08-01,FRA,MEX,0.1492,2,False
2021-09-01,FRA,MEX,0.1653,2,False
2021-10-01,FRA,MEX,0.0711,2,False
2021-11-01,FRA,MEX,0.0517,2,False
2021-12-01,FRA,MEX,0.0478,2,True
2022-01-01,FRA,MEX,0.0332,4,True
2022-02-01,FRA,MEX,0.0316,4,True
2022-03-01,FRA,MEX,0.046,2,True
2022-04-01,FRA,MEX,0.0464,4,True
2022-05-01,FRA,MEX,0.0519,4,False
2022-06-01,FRA,MEX,0.0498,2,True
2022-07-01,FRA,MEX,0.0447,2,True
2022-08-01,FRA,MEX,0.0427,2,True
2022-09-01,FRA,MEX,0.0439,2,True
2022-10-01,FRA,MEX,0.0418,2,True
2022-11-01,FRA,MEX,0.0186,2,True
2022-12-01,FRA,MEX,0.0185,4,True
2023-01-01,FRA,MEX,0.0036,4,True
2023-02-01,FRA,MEX,0.0056,4,True
2023-03-01,FRA,MEX,0.0026,4,True
2023-04-01,FRA,MEX,0.0017,4,True
2023-05-01,FRA,MEX,0.0025,4,True
2023-06-01,FRA,MEX,0.0033,4,True
2023-07-01,FRA,MEX,0.0014,4,True
2023-08-01,FRA,MEX,0.008,4,True
2023-09-01,FRA,MEX,0.0126,4,True
2023-10-01,FRA,MEX,0.0108,4,True
2023-11-01,FRA,MEX,0.0035,4,True
2023-12-01,FRA,MEX,0.0022,4,True
2024-01-01,FRA,MEX,0.0092,1,True
2024-02-01,FRA,MEX,0.0083,1,True
2024-03-01,FRA,MEX,0.0189,1,True
2024-04-01,FRA,MEX,0.0197,4,True
2024-05-01,FRA,MEX,0.0159,4,True
2024-06-01,FRA,MEX,0.0172,1,True
2024-07-01,FRA,MEX,0.0087,1,True
2024-08-01,FRA,MEX,0.0011,1,True
2024-09-01,FRA,MEX,0.0024,1,True
2024-10-01,FRA,MEX,0.0173,1,True
2024-11-01,FRA,MEX,0.0547,1,False
2024-12-01,FRA,MEX,0.1307,1,False
2025-01-01,FRA,MEX,0.0735,1,False
2025-02-01,FRA,MEX,0.1664,1,False
2025-03-01,FRA,MEX,0.3302,1,False
2025-04-01,FRA,MEX,0.306,1,False
2025-05-01,FRA,MEX,0.361,1,False
2025-06-01,FRA,MEX,0.5008,1,False
2025-07-01,FRA,MEX,0.3971,1,False
2025-08-01,FRA,MEX,0.3502,1,False
2025-09-01,FRA,MEX,0.4938,1,False
2025-10-01,FRA,MEX,0.6604,1,False
2025-11-01,FRA,MEX,0.6088,1,False
2025-12-01,FRA,MEX,0.4379,4,False
2026-01-01,FRA,MEX,0.4274,4,False
2026-02-01,FRA,MEX,0.4237,4,False
2026-03-01,FRA,MEX,0.5463,4,False
2015-01-01,FRA,SGP,0.0009,2,True
2015-02-01,FRA,SGP,0.0012,1,True
2015-03-01,FRA,SGP,0.0013,2,True
2015-04-01,FRA,SGP,0.0019,1,True
2015-05-01,FRA,SGP,0.0025,4,True
2015-06-01,FRA,SGP,0.0027,2,True
2015-07-01,FRA,SGP,0.0018,1,True
2015-08-01,FRA,SGP,0.0016,4,True
2015-09-01,FRA,SGP,0.0042,4,True
2015-10-01,FRA,SGP,0.0022,4,True
2015-11-01,FRA,SGP,0.0036,1,True
2015-12-01,FRA,SGP,0.0059,1,True
2016-01-01,FRA,SGP,0.0035,2,True
2016-02-01,FRA,SGP,0.0063,1,True
2016-03-01,FRA,SGP,0.0119,1,True
2016-04-01,FRA,SGP,0.0116,1,True
2016-05-01,FRA,SGP,0.0122,1,True
2016-06-01,FRA,SGP,0.0168,1,True
2016-07-01,FRA,SGP,0.0227,2,True
2016-08-01,FRA,SGP,0.0134,2,True
2016-09-01,FRA,SGP,0.0102,1,True
2016-10-01,FRA,SGP,0.0239,2,True
2016-11-01,FRA,SGP,0.0147,1,True
2016-12-01,FRA,SGP,0.0129,1,True
2017-01-01,FRA,SGP,0.0105,2,True
2017-02-01,FRA,SGP,0.0023,1,True
2017-03-01,FRA,SGP,0.01,1,True
2017-04-01,FRA,SGP,0.0038,1,True
2017-05-01,FRA,SGP,0.0001,1,True
2017-06-01,FRA,SGP,0.0004,1,True
2017-07-01,FRA,SGP,0.0006,1,True
2017-08-01,FRA,SGP,0.0004,1,True
2017-09-01,FRA,SGP,0.0004,1,True
2017-10-01,FRA,SGP,0.0011,1,True
2017-11-01,FRA,SGP,0.0009,2,True
2017-12-01,FRA,SGP,0.0005,2,True
2018-01-01,FRA,SGP,0.0018,1,True
2018-02-01,FRA,SGP,0.0004,2,True
2018-03-01,FRA,SGP,0.0034,1,True
2018-04-01,FRA,SGP,0.0116,1,True
2018-05-01,FRA,SGP,0.0123,4,True
2018-06-01,FRA,SGP,0.0376,1,True
2018-07-01,FRA,SGP,0.0314,1,True
2018-08-01,FRA,SGP,0.0545,1,False
2018-09-01,FRA,SGP,0.0523,1,False
2018-10-01,FRA,SGP,0.0577,4,False
2018-11-01,FRA,SGP,0.0506,4,False
2018-12-01,FRA,SGP,0.0359,4,True
2019-01-01,FRA,SGP,0.0737,4,False
2019-02-01,FRA,SGP,0.0618,4,False
2019-03-01,FRA,SGP,0.369,1,False
2019-04-01,FRA,SGP,0.3722,1,False
2019-05-01,FRA,SGP,0.4917,1,False
2019-06-01,FRA,SGP,0.5299,1,False
2019-07-01,FRA,SGP,0.4073,1,False
2019-08-01,FRA,SGP,0.3944,1,False
2019-09-01,FRA,SGP,0.498,1,False
2019-10-01,FRA,SGP,0.5821,4,False
2019-11-01,FRA,SGP,0.6239,4,False
2019-12-01,FRA,SGP,0.5694,4,False
2020-01-01,FRA,SGP,0.3748,4,False
2020-02-01,FRA,SGP,0.3348,4,False
2020-03-01,FRA,SGP,0.2348,4,False
2020-04-01,FRA,SGP,0.1688,4,False
2020-05-01,FRA,SGP,0.1126,4,False
2020-06-01,FRA,SGP,0.1686,4,False
2020-07-01,FRA,SGP,0.2096,4,False
2020-08-01,FRA,SGP,0.0745,4,False
2020-09-01,FRA,SGP,0.1783,4,False
2020-10-01,FRA,SGP,0.1858,4,False
2020-11-01,FRA,SGP,0.1024,4,False
2020-12-01,FRA,SGP,0.1445,4,False
2021-01-01,FRA,SGP,0.1306,4,False
2021-02-01,FRA,SGP,0.3119,4,False
2021-03-01,FRA,SGP,0.2884,4,False
2021-04-01,FRA,SGP,0.1696,4,False
2021-05-01,FRA,SGP,0.1613,1,False
2021-06-01,FRA,SGP,0.069,1,False
2021-07-01,FRA,SGP,0.0852,1,False
2021-08-01,FRA,SGP,0.0564,1,False
2021-09-01,FRA,SGP,0.0687,1,False
2021-10-01,FRA,SGP,0.0655,1,False
2021-11-01,FRA,SGP,0.0061,4,True
2021-12-01,FRA,SGP,0.0098,3,True
2022-01-01,FRA,SGP,0.0061,4,True
2022-02-01,FRA,SGP,0.0031,3,True
2022-03-01,FRA,SGP,0.0355,3,True
2022-04-01,FRA,SGP,0.0408,4,True
2022-05-01,FRA,SGP,0.0572,3,False
2022-06-01,FRA,SGP,0.0959,3,False
2022-07-01,FRA,SGP,0.3349,3,False
2022-08-01,FRA,SGP,0.1661,3,False
2022-09-01,FRA,SGP,0.2525,3,False
2022-10-01,FRA,SGP,0.1509,3,False
2022-11-01,FRA,SGP,0.0395,3,True
2022-12-01,FRA,SGP,0.0149,3,True
2023-01-01,FRA,SGP,0.0728,3,False
2023-02-01,FRA,SGP,0.0989,4,False
2023-03-01,FRA,SGP,0.0542,4,False
2023-04-01,FRA,SGP,0.0629,4,False
2023-05-01,FRA,SGP,0.0492,4,True
2023-06-01,FRA,SGP,0.0308,4,True
2023-07-01,FRA,SGP,0.0657,4,False
2023-08-01,FRA,SGP,0.0478,4,True
2023-09-01,FRA,SGP,0.1487,4,False
2023-10-01,FRA,SGP,0.1519,4,False
2023-11-01,FRA,SGP,0.1049,4,False
2023-12-01,FRA,SGP,0.0155,4,True
2024-01-01,FRA,SGP,0.0339,2,True
2024-02-01,FRA,SGP,0.0308,2,True
2024-03-01,FRA,SGP,0.0232,2,True
2024-04-01,FRA,SGP,0.0247,2,True
2024-05-01,FRA,SGP,0.0176,2,True
2024-06-01,FRA,SGP,0.0103,4,True
2024-07-01,FRA,SGP,0.0159,4,True
2024-08-01,FRA,SGP,0.0132,2,True
2024-09-01,FRA,SGP,0.0241,2,True
2024-10-01,FRA,SGP,0.0246,2,True
2024-11-01,FRA,SGP,0.0174,2,True
2024-12-01,FRA,SGP,0.0108,2,True
2025-01-01,FRA,SGP,0.0078,2,True
2025-02-01,FRA,SGP,0.0218,2,True
2025-03-01,FRA,SGP,0.0218,2,True
2025-04-01,FRA,SGP,0.0332,2,True
2025-05-01,FRA,SGP,0.0379,2,True
2025-06-01,FRA,SGP,0.0631,2,False
2025-07-01,FRA,SGP,0.0706,2,False
2025-08-01,FRA,SGP,0.0212,2,True
2025-09-01,FRA,SGP,0.0136,1,True
2025-10-01,FRA,SGP,0.0197,1,True
2025-11-01,FRA,SGP,0.0089,1,True
2025-12-01,FRA,SGP,0.0071,2,True
2026-01-01,FRA,SGP,0.0016,1,True
2026-02-01,FRA,SGP,0.0012,1,True
2026-03-01,FRA,SGP,0.0009,1,True
2015-01-01,FRA,KOR,0.0282,2,True
2015-02-01,FRA,KOR,0.0253,2,True
2015-03-01,FRA,KOR,0.0053,2,True
2015-04-01,FRA,KOR,0.0011,2,True
2015-05-01,FRA,KOR,0.0014,2,True
2015-06-01,FRA,KOR,0.0012,2,True
2015-07-01,FRA,KOR,0.0005,2,True
2015-08-01,FRA,KOR,0.0002,1,True
2015-09-01,FRA,KOR,0.0272,1,True
2015-10-01,FRA,KOR,0.0133,2,True
2015-11-01,FRA,KOR,0.0096,1,True
2015-12-01,FRA,KOR,0.0039,1,True
2016-01-01,FRA,KOR,0.0241,1,True
2016-02-01,FRA,KOR,0.0156,1,True
2016-03-01,FRA,KOR,0.0146,1,True
2016-04-01,FRA,KOR,0.0068,1,True
2016-05-01,FRA,KOR,0.0117,1,True
2016-06-01,FRA,KOR,0.0075,1,True
2016-07-01,FRA,KOR,0.0083,4,True
2016-08-01,FRA,KOR,0.0019,3,True
2016-09-01,FRA,KOR,0.0024,2,True
2016-10-01,FRA,KOR,0.0023,1,True
2016-11-01,FRA,KOR,0.0051,1,True
2016-12-01,FRA,KOR,0.0022,3,True
2017-01-01,FRA,KOR,0.002,2,True
2017-02-01,FRA,KOR,0.0014,1,True
2017-03-01,FRA,KOR,0.0034,1,True
2017-04-01,FRA,KOR,0.0027,1,True
2017-05-01,FRA,KOR,0.0046,1,True
2017-06-01,FRA,KOR,0.0038,1,True
2017-07-01,FRA,KOR,0.0033,1,True
2017-08-01,FRA,KOR,0.0077,1,True
2017-09-01,FRA,KOR,0.0296,1,True
2017-10-01,FRA,KOR,0.0187,1,True
2017-11-01,FRA,KOR,0.019,1,True
2017-12-01,FRA,KOR,0.0631,1,False
2018-01-01,FRA,KOR,0.0447,1,True
2018-02-01,FRA,KOR,0.3295,1,False
2018-03-01,FRA,KOR,0.1971,1,False
2018-04-01,FRA,KOR,0.2526,1,False
2018-05-01,FRA,KOR,0.1722,1,False
2018-06-01,FRA,KOR,0.2168,1,False
2018-07-01,FRA,KOR,0.2694,1,False
2018-08-01,FRA,KOR,0.585,1,False
2018-09-01,FRA,KOR,0.4766,1,False
2018-10-01,FRA,KOR,0.1828,1,False
2018-11-01,FRA,KOR,0.2,1,False
2018-12-01,FRA,KOR,0.1596,1,False
2019-01-01,FRA,KOR,0.3713,1,False
2019-02-01,FRA,KOR,0.5272,1,False
2019-03-01,FRA,KOR,0.6096,2,False
2019-04-01,FRA,KOR,0.7052,2,False
2019-05-01,FRA,KOR,0.6435,2,False
2019-06-01,FRA,KOR,0.4372,2,False
2019-07-01,FRA,KOR,0.3296,2,False
2019-08-01,FRA,KOR,0.4453,1,False
2019-09-01,FRA,KOR,0.4695,2,False
2019-10-01,FRA,KOR,0.5207,2,False
2019-11-01,FRA,KOR,0.5331,2,False
2019-12-01,FRA,KOR,0.5917,2,False
2020-01-01,FRA,KOR,0.355,2,False
2020-02-01,FRA,KOR,0.2,2,False
2020-03-01,FRA,KOR,0.2347,2,False
2020-04-01,FRA,KOR,0.2335,2,False
2020-05-01,FRA,KOR,0.0368,2,True
2020-06-01,FRA,KOR,0.0116,2,True
2020-07-01,FRA,KOR,0.0024,2,True
2020-08-01,FRA,KOR,0.004,2,True
2020-09-01,FRA,KOR,0.0026,2,True
2020-10-01,FRA,KOR,0.0182,2,True
2020-11-01,FRA,KOR,0.0022,2,True
2020-12-01,FRA,KOR,0.0073,2,True
2021-01-01,FRA,KOR,0.0095,2,True
2021-02-01,FRA,KOR,0.0237,2,True
2021-03-01,FRA,KOR,0.019,4,True
2021-04-01,FRA,KOR,0.0068,4,True
2021-05-01,FRA,KOR,0.0073,3,True
2021-06-01,FRA,KOR,0.0068,4,True
2021-07-01,FRA,KOR,0.0058,4,True
2021-08-01,FRA,KOR,0.0023,4,True
2021-09-01,FRA,KOR,0.0027,3,True
2021-10-01,FRA,KOR,0.0055,3,True
2021-11-01,FRA,KOR,0.0015,3,True
2021-12-01,FRA,KOR,0.0035,3,True
2022-01-01,FRA,KOR,0.0031,3,True
2022-02-01,FRA,KOR,0.0037,3,True
2022-03-01,FRA,KOR,0.0051,3,True
2022-04-01,FRA,KOR,0.0035,3,True
2022-05-01,FRA,KOR,0.0009,4,True
2022-06-01,FRA,KOR,0.0002,4,True
2022-07-01,FRA,KOR,0.0003,3,True
2022-08-01,FRA,KOR,0.0004,3,True
2022-09-01,FRA,KOR,0.0012,3,True
2022-10-01,FRA,KOR,0.0011,3,True
2022-11-01,FRA,KOR,0.0022,3,True
2022-12-01,FRA,KOR,0.0032,3,True
2023-01-01,FRA,KOR,0.0047,3,True
2023-02-01,FRA,KOR,0.0097,3,True
2023-03-01,FRA,KOR,0.0076,4,True
2023-04-01,FRA,KOR,0.0143,4,True
2023-05-01,FRA,KOR,0.0197,4,True
2023-06-01,FRA,KOR,0.0169,3,True
2023-07-01,FRA,KOR,0.0106,3,True
2023-08-01,FRA,KOR,0.0319,4,True
2023-09-01,FRA,KOR,0.4335,1,False
2023-10-01,FRA,KOR,0.3091,1,False
2023-11-01,FRA,KOR,0.3153,1,False
2023-12-01,FRA,KOR,0.1856,4,False
2024-01-01,FRA,KOR,0.3076,1,False
2024-02-01,FRA,KOR,0.3094,1,False
2024-03-01,FRA,KOR,0.2044,4,False
2024-04-01,FRA,KOR,0.3053,2,False
2024-05-01,FRA,KOR,0.2453,2,False
2024-06-01,FRA,KOR,0.1498,4,False
2024-07-01,FRA,KOR,0.3082,3,False
2024-08-01,FRA,KOR,0.2375,2,False
2024-09-01,FRA,KOR,0.3573,2,False
2024-10-01,FRA,KOR,0.2825,4,False
2024-11-01,FRA,KOR,0.2548,4,False
2024-12-01,FRA,KOR,0.3564,2,False
2025-01-01,FRA,KOR,0.356,2,False
2025-02-01,FRA,KOR,0.52,2,False
2025-03-01,FRA,KOR,0.7124,2,False
2025-04-01,FRA,KOR,0.74,2,False
2025-05-01,FRA,KOR,0.6802,2,False
2025-06-01,FRA,KOR,0.5959,1,False
2025-07-01,FRA,KOR,0.3857,1,False
2025-08-01,FRA,KOR,0.4458,1,False
2025-09-01,FRA,KOR,0.3462,2,False
2025-10-01,FRA,KOR,0.2306,1,False
2025-11-01,FRA,KOR,0.2499,4,False
2025-12-01,FRA,KOR,0.2463,4,False
2026-01-01,FRA,KOR,0.211,1,False
2026-02-01,FRA,KOR,0.2016,1,False
2026-03-01,FRA,KOR,0.152,4,False
2015-01-01,FRA,GBR,0.4993,1,False
2015-02-01,FRA,GBR,0.4762,4,False
2015-03-01,FRA,GBR,0.4907,4,False
2015-04-01,FRA,GBR,0.4564,1,False
2015-05-01,FRA,GBR,0.3121,1,False
2015-06-01,FRA,GBR,0.1005,1,False
2015-07-01,FRA,GBR,0.0767,3,False
2015-08-01,FRA,GBR,0.021,2,True
2015-09-01,FRA,GBR,0.0063,1,True
2015-10-01,FRA,GBR,0.1459,1,False
2015-11-01,FRA,GBR,0.1106,1,False
2015-12-01,FRA,GBR,0.0747,1,False
2016-01-01,FRA,GBR,0.0868,1,False
2016-02-01,FRA,GBR,0.0731,1,False
2016-03-01,FRA,GBR,0.1029,1,False
2016-04-01,FRA,GBR,0.2042,1,False
2016-05-01,FRA,GBR,0.1077,1,False
2016-06-01,FRA,GBR,0.0801,1,False
2016-07-01,FRA,GBR,0.1059,1,False
2016-08-01,FRA,GBR,0.1264,1,False
2016-09-01,FRA,GBR,0.1114,1,False
2016-10-01,FRA,GBR,0.1016,1,False
2016-11-01,FRA,GBR,0.1148,1,False
2016-12-01,FRA,GBR,0.1227,1,False
2017-01-01,FRA,GBR,0.1167,1,False
2017-02-01,FRA,GBR,0.1126,1,False
2017-03-01,FRA,GBR,0.0079,1,True
2017-04-01,FRA,GBR,0.0109,1,True
2017-05-01,FRA,GBR,0.0057,1,True
2017-06-01,FRA,GBR,0.0067,1,True
2017-07-01,FRA,GBR,0.0046,1,True
2017-08-01,FRA,GBR,0.0101,1,True
2017-09-01,FRA,GBR,0.0276,1,True
2017-10-01,FRA,GBR,0.0244,1,True
2017-11-01,FRA,GBR,0.0111,2,True
2017-12-01,FRA,GBR,0.0085,2,True
2018-01-01,FRA,GBR,0.0109,1,True
2018-02-01,FRA,GBR,0.0203,1,True
2018-03-01,FRA,GBR,0.1106,1,False
2018-04-01,FRA,GBR,0.1575,1,False
2018-05-01,FRA,GBR,0.2182,2,False
2018-06-01,FRA,GBR,0.2071,2,False
2018-07-01,FRA,GBR,0.3097,2,False
2018-08-01,FRA,GBR,0.3578,2,False
2018-09-01,FRA,GBR,0.3345,2,False
2018-10-01,FRA,GBR,0.2714,2,False
2018-11-01,FRA,GBR,0.2781,2,False
2018-12-01,FRA,GBR,0.2234,4,False
2019-01-01,FRA,GBR,0.1833,3,False
2019-02-01,FRA,GBR,0.0684,2,False
2019-03-01,FRA,GBR,0.0751,2,False
2019-04-01,FRA,GBR,0.0563,2,False
2019-05-01,FRA,GBR,0.1021,2,False
2019-06-01,FRA,GBR,0.0584,3,False
2019-07-01,FRA,GBR,0.0168,2,True
2019-08-01,FRA,GBR,0.0253,2,True
2019-09-01,FRA,GBR,0.0195,2,True
2019-10-01,FRA,GBR,0.026,2,True
2019-11-01,FRA,GBR,0.0534,2,False
2019-12-01,FRA,GBR,0.0595,2,False
2020-01-01,FRA,GBR,0.5823,3,False
2020-02-01,FRA,GBR,0.1258,4,False
2020-03-01,FRA,GBR,0.1677,3,False
2020-04-01,FRA,GBR,0.1576,2,False
2020-05-01,FRA,GBR,0.0305,2,True
2020-06-01,FRA,GBR,0.0143,3,True
2020-07-01,FRA,GBR,0.0085,3,True
2020-08-01,FRA,GBR,0.0201,3,True
2020-09-01,FRA,GBR,0.1022,3,False
2020-10-01,FRA,GBR,0.0442,3,True
2020-11-01,FRA,GBR,0.0512,3,False
2020-12-01,FRA,GBR,0.0481,3,True
2021-01-01,FRA,GBR,0.0337,3,True
2021-02-01,FRA,GBR,0.0299,3,True
2021-03-01,FRA,GBR,0.0331,3,True
2021-04-01,FRA,GBR,0.0212,3,True
2021-05-01,FRA,GBR,0.0133,3,True
2021-06-01,FRA,GBR,0.017,1,True
2021-07-01,FRA,GBR,0.0297,3,True
2021-08-01,FRA,GBR,0.0286,3,True
2021-09-01,FRA,GBR,0.1042,3,False
2021-10-01,FRA,GBR,0.0828,3,False
2021-11-01,FRA,GBR,0.0493,3,True
2021-12-01,FRA,GBR,0.0345,3,True
2022-01-01,FRA,GBR,0.0338,3,True
2022-02-01,FRA,GBR,0.0267,3,True
2022-03-01,FRA,GBR,0.0351,3,True
2022-04-01,FRA,GBR,0.032,3,True
2022-05-01,FRA,GBR,0.0094,4,True
2022-06-01,FRA,GBR,0.0055,3,True
2022-07-01,FRA,GBR,0.0035,3,True
2022-08-01,FRA,GBR,0.0106,3,True
2022-09-01,FRA,GBR,0.0269,1,True
2022-10-01,FRA,GBR,0.0309,1,True
2022-11-01,FRA,GBR,0.0593,1,False
2022-12-01,FRA,GBR,0.0343,3,True
2023-01-01,FRA,GBR,0.0722,1,False
2023-02-01,FRA,GBR,0.0363,1,True
2023-03-01,FRA,GBR,0.0213,1,True
2023-04-01,FRA,GBR,0.0695,1,False
2023-05-01,FRA,GBR,0.1209,1,False
2023-06-01,FRA,GBR,0.2034,1,False
2023-07-01,FRA,GBR,0.2052,1,False
2023-08-01,FRA,GBR,0.1012,3,False
2023-09-01,FRA,GBR,0.1197,2,False
2023-10-01,FRA,GBR,0.1207,3,False
2023-11-01,FRA,GBR,0.119,2,False
2023-12-01,FRA,GBR,0.0212,3,True
2024-01-01,FRA,GBR,0.0199,3,True
2024-02-01,FRA,GBR,0.0198,2,True
2024-03-01,FRA,GBR,0.0141,2,True
2024-04-01,FRA,GBR,0.0132,2,True
2024-05-01,FRA,GBR,0.0102,2,True
2024-06-01,FRA,GBR,0.0162,2,True
2024-07-01,FRA,GBR,0.0139,2,True
2024-08-01,FRA,GBR,0.0057,2,True
2024-09-01,FRA,GBR,0.0082,2,True
2024-10-01,FRA,GBR,0.006,2,True
2024-11-01,FRA,GBR,0.0069,2,True
2024-12-01,FRA,GBR,0.007,2,True
2025-01-01,FRA,GBR,0.0128,2,True
2025-02-01,FRA,GBR,0.0156,2,True
2025-03-01,FRA,GBR,0.0299,2,True
2025-04-01,FRA,GBR,0.0297,2,True
2025-05-01,FRA,GBR,0.0548,2,False
2025-06-01,FRA,GBR,0.0731,2,False
2025-07-01,FRA,GBR,0.0709,4,False
2025-08-01,FRA,GBR,0.0309,3,True
2025-09-01,FRA,GBR,0.0107,2,True
2025-10-01,FRA,GBR,0.0135,2,True
2025-11-01,FRA,GBR,0.0358,2,True
2025-12-01,FRA,GBR,0.0291,2,True
2026-01-01,FRA,GBR,0.0873,2,False
2026-02-01,FRA,GBR,0.1094,2,False
2026-03-01,FRA,GBR,0.1167,2,False
2015-01-01,FRA,USA,0.2869,2,False
2015-02-01,FRA,USA,0.2344,2,False
2015-03-01,FRA,USA,0.2729,2,False
2015-04-01,FRA,USA,0.2215,2,False
2015-05-01,FRA,USA,0.1509,1,False
2015-06-01,FRA,USA,0.1201,1,False
2015-07-01,FRA,USA,0.052,1,False
2015-08-01,FRA,USA,0.0889,1,False
2015-09-01,FRA,USA,0.1721,1,False
2015-10-01,FRA,USA,0.2201,2,False
2015-11-01,FRA,USA,0.112,1,False
2015-12-01,FRA,USA,0.0997,1,False
2016-01-01,FRA,USA,0.0975,1,False
2016-02-01,FRA,USA,0.2528,1,False
2016-03-01,FRA,USA,0.1186,1,False
2016-04-01,FRA,USA,0.0782,1,False
2016-05-01,FRA,USA,0.2114,1,False
2016-06-01,FRA,USA,0.2845,1,False
2016-07-01,FRA,USA,0.3647,3,False
2016-08-01,FRA,USA,0.1758,3,False
2016-09-01,FRA,USA,0.1072,1,False
2016-10-01,FRA,USA,0.0469,1,True
2016-11-01,FRA,USA,0.0787,1,False
2016-12-01,FRA,USA,0.118,1,False
2017-01-01,FRA,USA,0.1028,1,False
2017-02-01,FRA,USA,0.0346,1,True
2017-03-01,FRA,USA,0.0662,1,False
2017-04-01,FRA,USA,0.2006,1,False
2017-05-01,FRA,USA,0.3244,1,False
2017-06-01,FRA,USA,0.3902,2,False
2017-07-01,FRA,USA,0.4071,3,False
2017-08-01,FRA,USA,0.3268,3,False
2017-09-01,FRA,USA,0.2599,3,False
2017-10-01,FRA,USA,0.2654,3,False
2017-11-01,FRA,USA,0.2598,3,False
2017-12-01,FRA,USA,0.1813,4,False
2018-01-01,FRA,USA,0.132,4,False
2018-02-01,FRA,USA,0.0837,3,False
2018-03-01,FRA,USA,0.0586,2,False
2018-04-01,FRA,USA,0.0856,2,False
2018-05-01,FRA,USA,0.0667,2,False
2018-06-01,FRA,USA,0.0732,2,False
2018-07-01,FRA,USA,0.0979,2,False
2018-08-01,FRA,USA,0.0712,2,False
2018-09-01,FRA,USA,0.1021,2,False
2018-10-01,FRA,USA,0.1254,2,False
2018-11-01,FRA,USA,0.1122,2,False
2018-12-01,FRA,USA,0.1654,2,False
2019-01-01,FRA,USA,0.2955,2,False
2019-02-01,FRA,USA,0.167,2,False
2019-03-01,FRA,USA,0.2319,2,False
2019-04-01,FRA,USA,0.1086,4,False
2019-05-01,FRA,USA,0.0074,4,True
2019-06-01,FRA,USA,0.0023,4,True
2019-07-01,FRA,USA,0.0005,4,True
2019-08-01,FRA,USA,0.0009,4,True
2019-09-01,FRA,USA,0.0122,3,True
2019-10-01,FRA,USA,0.0102,4,True
2019-11-01,FRA,USA,0.0124,3,True
2019-12-01,FRA,USA,0.0547,2,False
2020-01-01,FRA,USA,0.0963,2,False
2020-02-01,FRA,USA,0.0707,4,False
2020-03-01,FRA,USA,0.039,4,True
2020-04-01,FRA,USA,0.0906,4,False
2020-05-01,FRA,USA,0.0609,3,False
2020-06-01,FRA,USA,0.0342,3,True
2020-07-01,FRA,USA,0.045,2,True
2020-08-01,FRA,USA,0.0274,2,True
2020-09-01,FRA,USA,0.056,4,False
2020-10-01,FRA,USA,0.0911,2,False
2020-11-01,FRA,USA,0.0604,2,False
2020-12-01,FRA,USA,0.0506,2,False
2021-01-01,FRA,USA,0.0561,2,False
2021-02-01,FRA,USA,0.0358,2,True
2021-03-01,FRA,USA,0.0335,2,True
2021-04-01,FRA,USA,0.0656,3,False
2021-05-01,FRA,USA,0.1717,2,False
2021-06-01,FRA,USA,0.0983,1,False
2021-07-01,FRA,USA,0.0951,1,False
2021-08-01,FRA,USA,0.1885,1,False
2021-09-01,FRA,USA,0.1862,2,False
2021-10-01,FRA,USA,0.0934,2,False
2021-11-01,FRA,USA,0.1028,2,False
2021-12-01,FRA,USA,0.0521,3,False
2022-01-01,FRA,USA,0.0485,3,True
2022-02-01,FRA,USA,0.1123,2,False
2022-03-01,FRA,USA,0.142,3,False
2022-04-01,FRA,USA,0.0856,2,False
2022-05-01,FRA,USA,0.1865,2,False
2022-06-01,FRA,USA,0.2858,2,False
2022-07-01,FRA,USA,0.3096,2,False
2022-08-01,FRA,USA,0.2097,4,False
2022-09-01,FRA,USA,0.2096,1,False
2022-10-01,FRA,USA,0.1889,1,False
2022-11-01,FRA,USA,0.1131,1,False
2022-12-01,FRA,USA,0.0406,1,True
2023-01-01,FRA,USA,0.0122,1,True
2023-02-01,FRA,USA,0.0185,1,True
2023-03-01,FRA,USA,0.0126,1,True
2023-04-01,FRA,USA,0.0006,1,True
2023-05-01,FRA,USA,0.0018,1,True
2023-06-01,FRA,USA,0.0003,1,True
2023-07-01,FRA,USA,0.0001,1,True
2023-08-01,FRA,USA,0.0002,1,True
2023-09-01,FRA,USA,0.0006,1,True
2023-10-01,FRA,USA,0.0003,1,True
2023-11-01,FRA,USA,0.0001,1,True
2023-12-01,FRA,USA,0.0,1,True
2024-01-01,FRA,USA,0.0,1,True
2024-02-01,FRA,USA,0.0,1,True
2024-03-01,FRA,USA,0.0,1,True
2024-04-01,FRA,USA,0.0,1,True
2024-05-01,FRA,USA,0.0001,1,True
2024-06-01,FRA,USA,0.0002,1,True
2024-07-01,FRA,USA,0.0001,1,True
2024-08-01,FRA,USA,0.0,1,True
2024-09-01,FRA,USA,0.0001,1,True
2024-10-01,FRA,USA,0.0004,1,True
2024-11-01,FRA,USA,0.0008,1,True
2024-12-01,FRA,USA,0.0011,1,True
2025-01-01,FRA,USA,0.0019,1,True
2025-02-01,FRA,USA,0.0041,1,True
2025-03-01,FRA,USA,0.0211,1,True
2025-04-01,FRA,USA,0.0478,1,True
2025-05-01,FRA,USA,0.1005,1,False
2025-06-01,FRA,USA,0.2327,1,False
2025-07-01,FRA,USA,0.1734,1,False
2025-08-01,FRA,USA,0.2251,1,False
2025-09-01,FRA,USA,0.3689,1,False
2025-10-01,FRA,USA,0.576,1,False
2025-11-01,FRA,USA,0.6808,1,False
2025-12-01,FRA,USA,0.755,2,False
2026-01-01,FRA,USA,0.0535,4,False
2026-02-01,FRA,USA,0.0152,3,True
2026-03-01,FRA,USA,0.0089,2,True
2015-01-01,FRA,DEU,0.1353,1,False
2015-02-01,FRA,DEU,0.1576,4,False
2015-03-01,FRA,DEU,0.2067,4,False
2015-04-01,FRA,DEU,0.1099,4,False
2015-05-01,FRA,DEU,0.0686,4,False
2015-06-01,FRA,DEU,0.1662,4,False
2015-07-01,FRA,DEU,0.1177,4,False
2015-08-01,FRA,DEU,0.1097,4,False
2015-09-01,FRA,DEU,0.1399,4,False
2015-10-01,FRA,DEU,0.1014,4,False
2015-11-01,FRA,DEU,0.0677,4,False
2015-12-01,FRA,DEU,0.2813,4,False
2016-01-01,FRA,DEU,0.1547,4,False
2016-02-01,FRA,DEU,0.2507,4,False
2016-03-01,FRA,DEU,0.2414,4,False
2016-04-01,FRA,DEU,0.3094,4,False
2016-05-01,FRA,DEU,0.31,4,False
2016-06-01,FRA,DEU,0.3734,4,False
2016-07-01,FRA,DEU,0.3274,4,False
2016-08-01,FRA,DEU,0.3721,4,False
2016-09-01,FRA,DEU,0.3442,4,False
2016-10-01,FRA,DEU,0.3781,4,False
2016-11-01,FRA,DEU,0.3945,4,False
2016-12-01,FRA,DEU,0.3944,4,False
2017-01-01,FRA,DEU,0.2677,4,False
2017-02-01,FRA,DEU,0.2944,4,False
2017-03-01,FRA,DEU,0.0654,2,False
2017-04-01,FRA,DEU,0.0506,2,False
2017-05-01,FRA,DEU,0.0438,2,True
2017-06-01,FRA,DEU,0.0407,2,True
2017-07-01,FRA,DEU,0.1144,2,False
2017-08-01,FRA,DEU,0.1407,2,False
2017-09-01,FRA,DEU,0.1425,3,False
2017-10-01,FRA,DEU,0.1245,2,False
2017-11-01,FRA,DEU,0.1218,4,False
2017-12-01,FRA,DEU,0.1256,3,False
2018-01-01,FRA,DEU,0.1268,1,False
2018-02-01,FRA,DEU,0.0297,4,True
2018-03-01,FRA,DEU,0.0774,3,False
2018-04-01,FRA,DEU,0.0725,1,False
2018-05-01,FRA,DEU,0.0485,1,True
2018-06-01,FRA,DEU,0.0075,1,True
2018-07-01,FRA,DEU,0.0104,1,True
2018-08-01,FRA,DEU,0.0101,1,True
2018-09-01,FRA,DEU,0.0259,1,True
2018-10-01,FRA,DEU,0.0115,1,True
2018-11-01,FRA,DEU,0.035,1,True
2018-12-01,FRA,DEU,0.0495,1,True
2019-01-01,FRA,DEU,0.076,1,False
2019-02-01,FRA,DEU,0.0736,1,False
2019-03-01,FRA,DEU,0.0742,1,False
2019-04-01,FRA,DEU,0.0992,1,False
2019-05-01,FRA,DEU,0.0939,1,False
2019-06-01,FRA,DEU,0.0505,1,False
2019-07-01,FRA,DEU,0.0358,1,True
2019-08-01,FRA,DEU,0.0262,1,True
2019-09-01,FRA,DEU,0.0337,1,True
2019-10-01,FRA,DEU,0.064,1,False
2019-11-01,FRA,DEU,0.1019,1,False
2019-12-01,FRA,DEU,0.0932,1,False
2020-01-01,FRA,DEU,0.0695,1,False
2020-02-01,FRA,DEU,0.0681,1,False
2020-03-01,FRA,DEU,0.0965,1,False
2020-04-01,FRA,DEU,0.0972,1,False
2020-05-01,FRA,DEU,0.0244,4,True
2020-06-01,FRA,DEU,0.008,4,True
2020-07-01,FRA,DEU,0.0082,3,True
2020-08-01,FRA,DEU,0.0017,1,True
2020-09-01,FRA,DEU,0.0052,1,True
2020-10-01,FRA,DEU,0.0108,1,True
2020-11-01,FRA,DEU,0.0083,1,True
2020-12-01,FRA,DEU,0.013,1,True
2021-01-01,FRA,DEU,0.0142,1,True
2021-02-01,FRA,DEU,0.0231,1,True
2021-03-01,FRA,DEU,0.0408,1,True
2021-04-01,FRA,DEU,0.1118,1,False
2021-05-01,FRA,DEU,0.2751,1,False
2021-06-01,FRA,DEU,0.3331,1,False
2021-07-01,FRA,DEU,0.3587,1,False
2021-08-01,FRA,DEU,0.3403,1,False
2021-09-01,FRA,DEU,0.6708,1,False
2021-10-01,FRA,DEU,0.7875,2,False
2021-11-01,FRA,DEU,0.7584,3,False
2021-12-01,FRA,DEU,0.4205,1,False
2022-01-01,FRA,DEU,0.2731,1,False
2022-02-01,FRA,DEU,0.2552,1,False
2022-03-01,FRA,DEU,0.1958,1,False
2022-04-01,FRA,DEU,0.0347,1,True
2022-05-01,FRA,DEU,0.0487,1,True
2022-06-01,FRA,DEU,0.042,1,True
2022-07-01,FRA,DEU,0.0622,1,False
2022-08-01,FRA,DEU,0.1043,1,False
2022-09-01,FRA,DEU,0.1321,1,False
2022-10-01,FRA,DEU,0.0614,1,False
2022-11-01,FRA,DEU,0.0913,1,False
2022-12-01,FRA,DEU,0.0599,1,False
2023-01-01,FRA,DEU,0.0324,3,True
2023-02-01,FRA,DEU,0.0247,2,True
2023-03-01,FRA,DEU,0.0307,3,True
2023-04-01,FRA,DEU,0.2605,3,False
2023-05-01,FRA,DEU,0.3682,2,False
2023-06-01,FRA,DEU,0.541,4,False
2023-07-01,FRA,DEU,0.4342,4,False
2023-08-01,FRA,DEU,0.5606,4,False
2023-09-01,FRA,DEU,0.5603,4,False
2023-10-01,FRA,DEU,0.1519,4,False
2023-11-01,FRA,DEU,0.1115,4,False
2023-12-01,FRA,DEU,0.0982,1,False
2024-01-01,FRA,DEU,0.146,4,False
2024-02-01,FRA,DEU,0.0588,4,False
2024-03-01,FRA,DEU,0.0196,4,True
2024-04-01,FRA,DEU,0.0244,4,True
2024-05-01,FRA,DEU,0.0184,4,True
2024-06-01,FRA,DEU,0.0172,4,True
2024-07-01,FRA,DEU,0.0098,4,True
2024-08-01,FRA,DEU,0.0195,4,True
2024-09-01,FRA,DEU,0.0181,4,True
2024-10-01,FRA,DEU,0.0046,4,True
2024-11-01,FRA,DEU,0.0044,4,True
2024-12-01,FRA,DEU,0.0011,4,True
2025-01-01,FRA,DEU,0.0019,4,True
2025-02-01,FRA,DEU,0.0031,4,True
2025-03-01,FRA,DEU,0.005,4,True
2025-04-01,FRA,DEU,0.0078,4,True
2025-05-01,FRA,DEU,0.0036,4,True
2025-06-01,FRA,DEU,0.0034,4,True
2025-07-01,FRA,DEU,0.0044,3,True
2025-08-01,FRA,DEU,0.0072,3,True
2025-09-01,FRA,DEU,0.0236,4,True
2025-10-01,FRA,DEU,0.0265,3,True
2025-11-01,FRA,DEU,0.017,4,True
2025-12-01,FRA,DEU,0.0108,3,True
2026-01-01,FRA,DEU,0.0158,3,True
2026-02-01,FRA,DEU,0.014,3,True
2026-03-01,FRA,DEU,0.0291,3,True
2015-01-01,FRA,JPN,0.0155,4,True
2015-02-01,FRA,JPN,0.0324,4,True
2015-03-01,FRA,JPN,0.048,4,True
2015-04-01,FRA,JPN,0.1164,4,False
2015-05-01,FRA,JPN,0.0547,4,False
2015-06-01,FRA,JPN,0.0667,4,False
2015-07-01,FRA,JPN,0.0546,4,False
2015-08-01,FRA,JPN,0.1151,4,False
2015-09-01,FRA,JPN,0.0916,4,False
2015-10-01,FRA,JPN,0.0762,4,False
2015-11-01,FRA,JPN,0.0973,2,False
2015-12-01,FRA,JPN,0.0378,4,True
2016-01-01,FRA,JPN,0.0158,2,True
2016-02-01,FRA,JPN,0.0015,2,True
2016-03-01,FRA,JPN,0.0009,2,True
2016-04-01,FRA,JPN,0.0009,2,True
2016-05-01,FRA,JPN,0.0007,2,True
2016-06-01,FRA,JPN,0.0007,2,True
2016-07-01,FRA,JPN,0.0014,2,True
2016-08-01,FRA,JPN,0.0007,2,True
2016-09-01,FRA,JPN,0.0005,2,True
2016-10-01,FRA,JPN,0.0006,2,True
2016-11-01,FRA,JPN,0.0006,2,True
2016-12-01,FRA,JPN,0.0002,2,True
2017-01-01,FRA,JPN,0.0003,2,True
2017-02-01,FRA,JPN,0.0002,2,True
2017-03-01,FRA,JPN,0.0043,3,True
2017-04-01,FRA,JPN,0.0077,3,True
2017-05-01,FRA,JPN,0.0408,3,True
2017-06-01,FRA,JPN,0.0717,3,False
2017-07-01,FRA,JPN,0.1215,3,False
2017-08-01,FRA,JPN,0.1731,2,False
2017-09-01,FRA,JPN,0.1507,3,False
2017-10-01,FRA,JPN,0.1471,3,False
2017-11-01,FRA,JPN,0.1642,3,False
2017-12-01,FRA,JPN,0.1028,4,False
2018-01-01,FRA,JPN,0.0157,3,True
2018-02-01,FRA,JPN,0.0055,2,True
2018-03-01,FRA,JPN,0.0008,1,True
2018-04-01,FRA,JPN,0.0374,1,True
2018-05-01,FRA,JPN,0.0809,1,False
2018-06-01,FRA,JPN,0.082,1,False
2018-07-01,FRA,JPN,0.1177,2,False
2018-08-01,FRA,JPN,0.0893,1,False
2018-09-01,FRA,JPN,0.0194,2,True
2018-10-01,FRA,JPN,0.0357,1,True
2018-11-01,FRA,JPN,0.025,1,True
2018-12-01,FRA,JPN,0.0439,1,True
2019-01-01,FRA,JPN,0.1694,1,False
2019-02-01,FRA,JPN,0.2063,1,False
2019-03-01,FRA,JPN,0.3077,1,False
2019-04-01,FRA,JPN,0.4169,1,False
2019-05-01,FRA,JPN,0.5105,2,False
2019-06-01,FRA,JPN,0.5556,2,False
2019-07-01,FRA,JPN,0.6051,2,False
2019-08-01,FRA,JPN,0.6211,2,False
2019-09-01,FRA,JPN,0.5943,2,False
2019-10-01,FRA,JPN,0.5852,2,False
2019-11-01,FRA,JPN,0.5397,4,False
2019-12-01,FRA,JPN,0.417,4,False
2020-01-01,FRA,JPN,0.3483,3,False
2020-02-01,FRA,JPN,0.3858,4,False
2020-03-01,FRA,JPN,0.4477,2,False
2020-04-01,FRA,JPN,0.4137,2,False
2020-05-01,FRA,JPN,0.1857,2,False
2020-06-01,FRA,JPN,0.1698,2,False
2020-07-01,FRA,JPN,0.1384,2,False
2020-08-01,FRA,JPN,0.1209,2,False
2020-09-01,FRA,JPN,0.2246,1,False
2020-10-01,FRA,JPN,0.0961,3,False
2020-11-01,FRA,JPN,0.0494,3,True
2020-12-01,FRA,JPN,0.0546,3,False
2021-01-01,FRA,JPN,0.0594,2,False
2021-02-01,FRA,JPN,0.0256,1,True
2021-03-01,FRA,JPN,0.0245,1,True
2021-04-01,FRA,JPN,0.0336,1,True
2021-05-01,FRA,JPN,0.3007,1,False
2021-06-01,FRA,JPN,0.1525,1,False
2021-07-01,FRA,JPN,0.1419,1,False
2021-08-01,FRA,JPN,0.3215,1,False
2021-09-01,FRA,JPN,0.1793,4,False
2021-10-01,FRA,JPN,0.1235,4,False
2021-11-01,FRA,JPN,0.1605,4,False
2021-12-01,FRA,JPN,0.1543,1,False
2022-01-01,FRA,JPN,0.3065,1,False
2022-02-01,FRA,JPN,0.1701,1,False
2022-03-01,FRA,JPN,0.056,1,False
2022-04-01,FRA,JPN,0.0162,1,True
2022-05-01,FRA,JPN,0.0269,1,True
2022-06-01,FRA,JPN,0.0659,1,False
2022-07-01,FRA,JPN,0.0134,1,True
2022-08-01,FRA,JPN,0.0256,1,True
2022-09-01,FRA,JPN,0.0516,1,False
2022-10-01,FRA,JPN,0.0319,1,True
2022-11-01,FRA,JPN,0.0166,2,True
2022-12-01,FRA,JPN,0.0056,1,True
2023-01-01,FRA,JPN,0.0038,1,True
2023-02-01,FRA,JPN,0.005,1,True
2023-03-01,FRA,JPN,0.004,1,True
2023-04-01,FRA,JPN,0.0103,1,True
2023-05-01,FRA,JPN,0.0081,4,True
2023-06-01,FRA,JPN,0.0047,2,True
2023-07-01,FRA,JPN,0.0053,2,True
2023-08-01,FRA,JPN,0.0308,2,True
2023-09-01,FRA,JPN,0.1247,2,False
2023-10-01,FRA,JPN,0.0836,4,False
2023-11-01,FRA,JPN,0.1506,2,False
2023-12-01,FRA,JPN,0.147,2,False
2024-01-01,FRA,JPN,0.101,4,False
2024-02-01,FRA,JPN,0.0506,3,False
2024-03-01,FRA,JPN,0.077,3,False
2024-04-01,FRA,JPN,0.0943,3,False
2024-05-01,FRA,JPN,0.0786,3,False
2024-06-01,FRA,JPN,0.1023,2,False
2024-07-01,FRA,JPN,0.1615,2,False
2024-08-01,FRA,JPN,0.1272,2,False
2024-09-01,FRA,JPN,0.1443,2,False
2024-10-01,FRA,JPN,0.0718,4,False
2024-11-01,FRA,JPN,0.2131,3,False
2024-12-01,FRA,JPN,0.261,2,False
2025-01-01,FRA,JPN,0.2101,3,False
2025-02-01,FRA,JPN,0.2347,3,False
2025-03-01,FRA,JPN,0.3953,3,False
2025-04-01,FRA,JPN,0.3478,3,False
2025-05-01,FRA,JPN,0.194,1,False
2025-06-01,FRA,JPN,0.4232,1,False
2025-07-01,FRA,JPN,0.4547,1,False
2025-08-01,FRA,JPN,0.3122,3,False
2025-09-01,FRA,JPN,0.2409,3,False
2025-10-01,FRA,JPN,0.2029,3,False
2025-11-01,FRA,JPN,0.1833,3,False
2025-12-01,FRA,JPN,0.1751,3,False
2026-01-01,FRA,JPN,0.1492,3,False
2026-02-01,FRA,JPN,0.0961,3,False
2026-03-01,FRA,JPN,0.1093,3,False
2015-01-01,JPN,IND,0.0016,1,True
2015-02-01,JPN,IND,0.01,1,True
2015-03-01,JPN,IND,0.0157,1,True
2015-04-01,JPN,IND,0.0173,4,True
2015-05-01,JPN,IND,0.0213,4,True
2015-06-01,JPN,IND,0.0215,4,True
2015-07-01,JPN,IND,0.0407,1,True
2015-08-01,JPN,IND,0.0296,4,True
2015-09-01,JPN,IND,0.0568,4,False
2015-10-01,JPN,IND,0.0701,4,False
2015-11-01,JPN,IND,0.0749,4,False
2015-12-01,JPN,IND,0.074,4,False
2016-01-01,JPN,IND,0.0815,4,False
2016-02-01,JPN,IND,0.0508,4,False
2016-03-01,JPN,IND,0.0511,4,False
2016-04-01,JPN,IND,0.0619,4,False
2016-05-01,JPN,IND,0.0627,4,False
2016-06-01,JPN,IND,0.0612,4,False
2016-07-01,JPN,IND,0.0885,4,False
2016-08-01,JPN,IND,0.0151,4,True
2016-09-01,JPN,IND,0.0182,4,True
2016-10-01,JPN,IND,0.0582,4,False
2016-11-01,JPN,IND,0.0427,4,True
2016-12-01,JPN,IND,0.1006,4,False
2017-01-01,JPN,IND,0.0864,4,False
2017-02-01,JPN,IND,0.2296,4,False
2017-03-01,JPN,IND,0.1181,4,False
2017-04-01,JPN,IND,0.2275,4,False
2017-05-01,JPN,IND,0.2706,4,False
2017-06-01,JPN,IND,0.2406,4,False
2017-07-01,JPN,IND,0.1929,4,False
2017-08-01,JPN,IND,0.0941,4,False
2017-09-01,JPN,IND,0.1847,3,False
2017-10-01,JPN,IND,0.192,4,False
2017-11-01,JPN,IND,0.0791,1,False
2017-12-01,JPN,IND,0.1258,4,False
2018-01-01,JPN,IND,0.1325,4,False
2018-02-01,JPN,IND,0.2948,4,False
2018-03-01,JPN,IND,0.596,1,False
2018-04-01,JPN,IND,0.0734,4,False
2018-05-01,JPN,IND,0.1933,4,False
2018-06-01,JPN,IND,0.5242,4,False
2018-07-01,JPN,IND,0.4605,1,False
2018-08-01,JPN,IND,0.279,4,False
2018-09-01,JPN,IND,0.2664,1,False
2018-10-01,JPN,IND,0.1754,1,False
2018-11-01,JPN,IND,0.2295,1,False
2018-12-01,JPN,IND,0.2087,4,False
2019-01-01,JPN,IND,0.1687,4,False
2019-02-01,JPN,IND,0.053,4,False
2019-03-01,JPN,IND,0.0719,4,False
2019-04-01,JPN,IND,0.0259,4,True
2019-05-01,JPN,IND,0.1579,4,False
2019-06-01,JPN,IND,0.2529,4,False
2019-07-01,JPN,IND,0.2127,1,False
2019-08-01,JPN,IND,0.2226,4,False
2019-09-01,JPN,IND,0.1832,4,False
2019-10-01,JPN,IND,0.205,4,False
2019-11-01,JPN,IND,0.111,4,False
2019-12-01,JPN,IND,0.0355,4,True
2020-01-01,JPN,IND,0.0615,4,False
2020-02-01,JPN,IND,0.0745,4,False
2020-03-01,JPN,IND,0.0374,4,True
2020-04-01,JPN,IND,0.0371,4,True
2020-05-01,JPN,IND,0.0268,1,True
2020-06-01,JPN,IND,0.0276,1,True
2020-07-01,JPN,IND,0.0359,1,True
2020-08-01,JPN,IND,0.038,1,True
2020-09-01,JPN,IND,0.0364,1,True
2020-10-01,JPN,IND,0.0466,1,True
2020-11-01,JPN,IND,0.0539,1,False
2020-12-01,JPN,IND,0.1727,1,False
2021-01-01,JPN,IND,0.3933,4,False
2021-02-01,JPN,IND,0.3728,4,False
2021-03-01,JPN,IND,0.3436,4,False
2021-04-01,JPN,IND,0.4939,4,False
2021-05-01,JPN,IND,0.2963,4,False
2021-06-01,JPN,IND,0.396,4,False
2021-07-01,JPN,IND,0.3964,4,False
2021-08-01,JPN,IND,0.3074,4,False
2021-09-01,JPN,IND,0.1936,4,False
2021-10-01,JPN,IND,0.2097,2,False
2021-11-01,JPN,IND,0.276,2,False
2021-12-01,JPN,IND,0.3148,1,False
2022-01-01,JPN,IND,0.322,2,False
2022-02-01,JPN,IND,0.2964,2,False
2022-03-01,JPN,IND,0.4055,1,False
2022-04-01,JPN,IND,0.3842,1,False
2022-05-01,JPN,IND,0.2432,1,False
2022-06-01,JPN,IND,0.155,1,False
2022-07-01,JPN,IND,0.197,1,False
2022-08-01,JPN,IND,0.3211,1,False
2022-09-01,JPN,IND,0.1014,4,False
2022-10-01,JPN,IND,0.0214,3,True
2022-11-01,JPN,IND,0.0092,2,True
2022-12-01,JPN,IND,0.0137,1,True
2023-01-01,JPN,IND,0.003,2,True
2023-02-01,JPN,IND,0.0018,2,True
2023-03-01,JPN,IND,0.0017,2,True
2023-04-01,JPN,IND,0.0024,2,True
2023-05-01,JPN,IND,0.0089,2,True
2023-06-01,JPN,IND,0.0402,2,True
2023-07-01,JPN,IND,0.011,2,True
2023-08-01,JPN,IND,0.0019,2,True
2023-09-01,JPN,IND,0.0023,2,True
2023-10-01,JPN,IND,0.0087,2,True
2023-11-01,JPN,IND,0.024,2,True
2023-12-01,JPN,IND,0.0913,2,False
2024-01-01,JPN,IND,0.3111,2,False
2024-02-01,JPN,IND,0.5765,2,False
2024-03-01,JPN,IND,0.7894,1,False
2024-04-01,JPN,IND,0.7935,3,False
2024-05-01,JPN,IND,0.6328,1,False
2024-06-01,JPN,IND,0.412,4,False
2024-07-01,JPN,IND,0.1862,4,False
2024-08-01,JPN,IND,0.0736,3,False
2024-09-01,JPN,IND,0.0618,3,False
2024-10-01,JPN,IND,0.0917,3,False
2024-11-01,JPN,IND,0.0876,1,False
2024-12-01,JPN,IND,0.0719,3,False
2025-01-01,JPN,IND,0.0113,2,True
2025-02-01,JPN,IND,0.0127,2,True
2025-03-01,JPN,IND,0.0564,2,False
2025-04-01,JPN,IND,0.0883,2,False
2025-05-01,JPN,IND,0.0714,2,False
2025-06-01,JPN,IND,0.0411,2,True
2025-07-01,JPN,IND,0.0411,2,True
2025-08-01,JPN,IND,0.0536,2,False
2025-09-01,JPN,IND,0.0266,2,True
2025-10-01,JPN,IND,0.0183,2,True
2025-11-01,JPN,IND,0.0418,2,True
2025-12-01,JPN,IND,0.0861,2,False
2026-01-01,JPN,IND,0.1245,2,False
2026-02-01,JPN,IND,0.1412,2,False
2026-03-01,JPN,IND,0.1176,2,False
2015-01-01,JPN,CHN,0.0363,1,True
2015-02-01,JPN,CHN,0.1194,1,False
2015-03-01,JPN,CHN,0.2578,1,False
2015-04-01,JPN,CHN,0.52,4,False
2015-05-01,JPN,CHN,0.4509,4,False
2015-06-01,JPN,CHN,0.3152,1,False
2015-07-01,JPN,CHN,0.2413,1,False
2015-08-01,JPN,CHN,0.4287,4,False
2015-09-01,JPN,CHN,0.313,4,False
2015-10-01,JPN,CHN,0.4317,4,False
2015-11-01,JPN,CHN,0.6002,1,False
2015-12-01,JPN,CHN,0.6097,1,False
2016-01-01,JPN,CHN,0.6405,1,False
2016-02-01,JPN,CHN,0.396,4,False
2016-03-01,JPN,CHN,0.411,4,False
2016-04-01,JPN,CHN,0.4049,4,False
2016-05-01,JPN,CHN,0.292,4,False
2016-06-01,JPN,CHN,0.3273,4,False
2016-07-01,JPN,CHN,0.4132,4,False
2016-08-01,JPN,CHN,0.423,4,False
2016-09-01,JPN,CHN,0.4189,4,False
2016-10-01,JPN,CHN,0.3595,4,False
2016-11-01,JPN,CHN,0.3947,4,False
2016-12-01,JPN,CHN,0.3442,4,False
2017-01-01,JPN,CHN,0.3359,4,False
2017-02-01,JPN,CHN,0.4957,4,False
2017-03-01,JPN,CHN,0.219,4,False
2017-04-01,JPN,CHN,0.1156,4,False
2017-05-01,JPN,CHN,0.1763,4,False
2017-06-01,JPN,CHN,0.1786,4,False
2017-07-01,JPN,CHN,0.1754,4,False
2017-08-01,JPN,CHN,0.1435,4,False
2017-09-01,JPN,CHN,0.1537,4,False
2017-10-01,JPN,CHN,0.243,4,False
2017-11-01,JPN,CHN,0.1626,2,False
2017-12-01,JPN,CHN,0.0859,1,False
2018-01-01,JPN,CHN,0.2723,1,False
2018-02-01,JPN,CHN,0.2349,4,False
2018-03-01,JPN,CHN,0.1906,4,False
2018-04-01,JPN,CHN,0.5284,4,False
2018-05-01,JPN,CHN,0.6634,4,False
2018-06-01,JPN,CHN,0.6078,4,False
2018-07-01,JPN,CHN,0.4998,4,False
2018-08-01,JPN,CHN,0.4665,4,False
2018-09-01,JPN,CHN,0.2286,4,False
2018-10-01,JPN,CHN,0.4481,1,False
2018-11-01,JPN,CHN,0.3037,1,False
2018-12-01,JPN,CHN,0.0914,1,False
2019-01-01,JPN,CHN,0.2261,1,False
2019-02-01,JPN,CHN,0.6608,1,False
2019-03-01,JPN,CHN,0.7445,3,False
2019-04-01,JPN,CHN,0.7826,3,False
2019-05-01,JPN,CHN,0.6738,3,False
2019-06-01,JPN,CHN,0.6837,3,False
2019-07-01,JPN,CHN,0.6541,1,False
2019-08-01,JPN,CHN,0.7601,1,False
2019-09-01,JPN,CHN,0.8505,1,False
2019-10-01,JPN,CHN,0.7327,3,False
2019-11-01,JPN,CHN,0.9335,1,False
2019-12-01,JPN,CHN,0.8488,1,False
2020-01-01,JPN,CHN,0.6796,2,False
2020-02-01,JPN,CHN,0.7214,2,False
2020-03-01,JPN,CHN,0.7461,2,False
2020-04-01,JPN,CHN,0.8377,2,False
2020-05-01,JPN,CHN,0.8341,2,False
2020-06-01,JPN,CHN,0.7658,2,False
2020-07-01,JPN,CHN,0.7353,1,False
2020-08-01,JPN,CHN,0.5335,2,False
2020-09-01,JPN,CHN,0.8642,1,False
2020-10-01,JPN,CHN,0.6918,1,False
2020-11-01,JPN,CHN,0.4688,1,False
2020-12-01,JPN,CHN,0.6299,1,False
2021-01-01,JPN,CHN,0.4834,1,False
2021-02-01,JPN,CHN,0.8165,3,False
2021-03-01,JPN,CHN,0.4687,1,False
2021-04-01,JPN,CHN,0.2092,1,False
2021-05-01,JPN,CHN,0.1189,1,False
2021-06-01,JPN,CHN,0.0599,1,False
2021-07-01,JPN,CHN,0.0353,1,True
2021-08-01,JPN,CHN,0.0267,1,True
2021-09-01,JPN,CHN,0.0515,2,False
2021-10-01,JPN,CHN,0.0238,3,True
2021-11-01,JPN,CHN,0.0066,2,True
2021-12-01,JPN,CHN,0.0446,2,True
2022-01-01,JPN,CHN,0.036,2,True
2022-02-01,JPN,CHN,0.0265,2,True
2022-03-01,JPN,CHN,0.0227,2,True
2022-04-01,JPN,CHN,0.0181,2,True
2022-05-01,JPN,CHN,0.0191,2,True
2022-06-01,JPN,CHN,0.0359,2,True
2022-07-01,JPN,CHN,0.134,2,False
2022-08-01,JPN,CHN,0.1291,2,False
2022-09-01,JPN,CHN,0.1078,2,False
2022-10-01,JPN,CHN,0.1026,2,False
2022-11-01,JPN,CHN,0.152,2,False
2022-12-01,JPN,CHN,0.1238,2,False
2023-01-01,JPN,CHN,0.0935,2,False
2023-02-01,JPN,CHN,0.1766,2,False
2023-03-01,JPN,CHN,0.2695,2,False
2023-04-01,JPN,CHN,0.4349,2,False
2023-05-01,JPN,CHN,0.426,2,False
2023-06-01,JPN,CHN,0.2713,3,False
2023-07-01,JPN,CHN,0.2024,3,False
2023-08-01,JPN,CHN,0.2217,2,False
2023-09-01,JPN,CHN,0.2686,2,False
2023-10-01,JPN,CHN,0.2773,2,False
2023-11-01,JPN,CHN,0.5733,3,False
2023-12-01,JPN,CHN,0.5404,4,False
2024-01-01,JPN,CHN,0.4433,3,False
2024-02-01,JPN,CHN,0.4473,3,False
2024-03-01,JPN,CHN,0.4907,3,False
2024-04-01,JPN,CHN,0.3717,4,False
2024-05-01,JPN,CHN,0.2096,4,False
2024-06-01,JPN,CHN,0.0665,4,False
2024-07-01,JPN,CHN,0.028,3,True
2024-08-01,JPN,CHN,0.0163,2,True
2024-09-01,JPN,CHN,0.0046,1,True
2024-10-01,JPN,CHN,0.0177,1,True
2024-11-01,JPN,CHN,0.0132,1,True
2024-12-01,JPN,CHN,0.0115,1,True
2025-01-01,JPN,CHN,0.0724,1,False
2025-02-01,JPN,CHN,0.1341,1,False
2025-03-01,JPN,CHN,0.0676,1,False
2025-04-01,JPN,CHN,0.1666,1,False
2025-05-01,JPN,CHN,0.0763,2,False
2025-06-01,JPN,CHN,0.0304,1,True
2025-07-01,JPN,CHN,0.042,1,True
2025-08-01,JPN,CHN,0.1589,1,False
2025-09-01,JPN,CHN,0.3291,1,False
2025-10-01,JPN,CHN,0.0466,1,True
2025-11-01,JPN,CHN,0.04,1,True
2025-12-01,JPN,CHN,0.0461,1,True
2026-01-01,JPN,CHN,0.0425,1,True
2026-02-01,JPN,CHN,0.0497,1,True
2026-03-01,JPN,CHN,0.0897,1,False
2015-01-01,JPN,VNM,0.0656,1,False
2015-02-01,JPN,VNM,0.0682,1,False
2015-03-01,JPN,VNM,0.0606,1,False
2015-04-01,JPN,VNM,0.0864,1,False
2015-05-01,JPN,VNM,0.0618,1,False
2015-06-01,JPN,VNM,0.1638,1,False
2015-07-01,JPN,VNM,0.3119,1,False
2015-08-01,JPN,VNM,0.4598,1,False
2015-09-01,JPN,VNM,0.4528,1,False
2015-10-01,JPN,VNM,0.2381,1,False
2015-11-01,JPN,VNM,0.1479,1,False
2015-12-01,JPN,VNM,0.2336,1,False
2016-01-01,JPN,VNM,0.3644,1,False
2016-02-01,JPN,VNM,0.5021,1,False
2016-03-01,JPN,VNM,0.7988,1,False
2016-04-01,JPN,VNM,0.6756,1,False
2016-05-01,JPN,VNM,0.6256,1,False
2016-06-01,JPN,VNM,0.5103,1,False
2016-07-01,JPN,VNM,0.3642,1,False
2016-08-01,JPN,VNM,0.3045,1,False
2016-09-01,JPN,VNM,0.2631,1,False
2016-10-01,JPN,VNM,0.4074,1,False
2016-11-01,JPN,VNM,0.5866,1,False
2016-12-01,JPN,VNM,0.8108,4,False
2017-01-01,JPN,VNM,0.5565,3,False
2017-02-01,JPN,VNM,0.6531,3,False
2017-03-01,JPN,VNM,0.6694,3,False
2017-04-01,JPN,VNM,0.523,3,False
2017-05-01,JPN,VNM,0.5364,3,False
2017-06-01,JPN,VNM,0.5889,1,False
2017-07-01,JPN,VNM,0.6348,1,False
2017-08-01,JPN,VNM,0.3627,1,False
2017-09-01,JPN,VNM,0.2284,1,False
2017-10-01,JPN,VNM,0.1386,1,False
2017-11-01,JPN,VNM,0.1047,1,False
2017-12-01,JPN,VNM,0.0394,1,True
2018-01-01,JPN,VNM,0.0254,1,True
2018-02-01,JPN,VNM,0.075,1,False
2018-03-01,JPN,VNM,0.1445,4,False
2018-04-01,JPN,VNM,0.0594,4,False
2018-05-01,JPN,VNM,0.0997,4,False
2018-06-01,JPN,VNM,0.0797,2,False
2018-07-01,JPN,VNM,0.0852,2,False
2018-08-01,JPN,VNM,0.0673,2,False
2018-09-01,JPN,VNM,0.1117,2,False
2018-10-01,JPN,VNM,0.2341,2,False
2018-11-01,JPN,VNM,0.1922,2,False
2018-12-01,JPN,VNM,0.1286,2,False
2019-01-01,JPN,VNM,0.158,2,False
2019-02-01,JPN,VNM,0.2062,3,False
2019-03-01,JPN,VNM,0.1599,3,False
2019-04-01,JPN,VNM,0.3316,3,False
2019-05-01,JPN,VNM,0.2805,3,False
2019-06-01,JPN,VNM,0.2802,3,False
2019-07-01,JPN,VNM,0.3746,1,False
2019-08-01,JPN,VNM,0.363,1,False
2019-09-01,JPN,VNM,0.329,3,False
2019-10-01,JPN,VNM,0.4317,3,False
2019-11-01,JPN,VNM,0.4132,3,False
2019-12-01,JPN,VNM,0.3561,3,False
2020-01-01,JPN,VNM,0.4095,1,False
2020-02-01,JPN,VNM,0.4583,1,False
2020-03-01,JPN,VNM,0.5509,3,False
2020-04-01,JPN,VNM,0.5976,3,False
2020-05-01,JPN,VNM,0.7091,3,False
2020-06-01,JPN,VNM,0.543,1,False
2020-07-01,JPN,VNM,0.4138,1,False
2020-08-01,JPN,VNM,0.2596,1,False
2020-09-01,JPN,VNM,0.2901,3,False
2020-10-01,JPN,VNM,0.3489,3,False
2020-11-01,JPN,VNM,0.1838,1,False
2020-12-01,JPN,VNM,0.161,1,False
2021-01-01,JPN,VNM,0.0982,1,False
2021-02-01,JPN,VNM,0.1265,1,False
2021-03-01,JPN,VNM,0.1517,1,False
2021-04-01,JPN,VNM,0.1673,1,False
2021-05-01,JPN,VNM,0.2133,1,False
2021-06-01,JPN,VNM,0.2398,3,False
2021-07-01,JPN,VNM,0.1989,1,False
2021-08-01,JPN,VNM,0.1399,3,False
2021-09-01,JPN,VNM,0.0887,2,False
2021-10-01,JPN,VNM,0.1571,1,False
2021-11-01,JPN,VNM,0.4691,1,False
2021-12-01,JPN,VNM,0.6838,3,False
2022-01-01,JPN,VNM,0.6097,3,False
2022-02-01,JPN,VNM,0.5965,2,False
2022-03-01,JPN,VNM,0.247,1,False
2022-04-01,JPN,VNM,0.1641,1,False
2022-05-01,JPN,VNM,0.1934,1,False
2022-06-01,JPN,VNM,0.0959,1,False
2022-07-01,JPN,VNM,0.0934,1,False
2022-08-01,JPN,VNM,0.0531,1,False
2022-09-01,JPN,VNM,0.0386,1,True
2022-10-01,JPN,VNM,0.0176,1,True
2022-11-01,JPN,VNM,0.0227,1,True
2022-12-01,JPN,VNM,0.0274,1,True
2023-01-01,JPN,VNM,0.0625,1,False
2023-02-01,JPN,VNM,0.0532,1,False
2023-03-01,JPN,VNM,0.0417,1,True
2023-04-01,JPN,VNM,0.0079,1,True
2023-05-01,JPN,VNM,0.01,1,True
2023-06-01,JPN,VNM,0.019,1,True
2023-07-01,JPN,VNM,0.0461,1,True
2023-08-01,JPN,VNM,0.04,1,True
2023-09-01,JPN,VNM,0.0571,1,False
2023-10-01,JPN,VNM,0.1726,4,False
2023-11-01,JPN,VNM,0.2576,4,False
2023-12-01,JPN,VNM,0.2436,4,False
2024-01-01,JPN,VNM,0.0417,4,True
2024-02-01,JPN,VNM,0.0351,4,True
2024-03-01,JPN,VNM,0.0507,4,False
2024-04-01,JPN,VNM,0.0773,4,False
2024-05-01,JPN,VNM,0.0378,4,True
2024-06-01,JPN,VNM,0.0353,3,True
2024-07-01,JPN,VNM,0.0401,2,True
2024-08-01,JPN,VNM,0.0736,3,False
2024-09-01,JPN,VNM,0.2831,3,False
2024-10-01,JPN,VNM,0.1411,3,False
2024-11-01,JPN,VNM,0.1637,3,False
2024-12-01,JPN,VNM,0.2199,3,False
2025-01-01,JPN,VNM,0.1979,3,False
2025-02-01,JPN,VNM,0.1859,3,False
2025-03-01,JPN,VNM,0.1742,3,False
2025-04-01,JPN,VNM,0.2971,3,False
2025-05-01,JPN,VNM,0.2531,1,False
2025-06-01,JPN,VNM,0.2473,4,False
2025-07-01,JPN,VNM,0.1664,3,False
2025-08-01,JPN,VNM,0.1512,3,False
2025-09-01,JPN,VNM,0.1603,1,False
2025-10-01,JPN,VNM,0.2692,1,False
2025-11-01,JPN,VNM,0.3708,1,False
2025-12-01,JPN,VNM,0.3275,4,False
2026-01-01,JPN,VNM,0.398,4,False
2026-02-01,JPN,VNM,0.4011,4,False
2026-03-01,JPN,VNM,0.4444,4,False
2015-01-01,JPN,IDN,0.552,1,False
2015-02-01,JPN,IDN,0.5794,1,False
2015-03-01,JPN,IDN,0.5171,4,False
2015-04-01,JPN,IDN,0.5147,4,False
2015-05-01,JPN,IDN,0.5014,1,False
2015-06-01,JPN,IDN,0.3005,2,False
2015-07-01,JPN,IDN,0.1534,4,False
2015-08-01,JPN,IDN,0.3466,3,False
2015-09-01,JPN,IDN,0.2641,3,False
2015-10-01,JPN,IDN,0.335,2,False
2015-11-01,JPN,IDN,0.2555,1,False
2015-12-01,JPN,IDN,0.2968,2,False
2016-01-01,JPN,IDN,0.2791,3,False
2016-02-01,JPN,IDN,0.3028,4,False
2016-03-01,JPN,IDN,0.245,4,False
2016-04-01,JPN,IDN,0.1539,1,False
2016-05-01,JPN,IDN,0.2464,3,False
2016-06-01,JPN,IDN,0.162,1,False
2016-07-01,JPN,IDN,0.1958,1,False
2016-08-01,JPN,IDN,0.1983,1,False
2016-09-01,JPN,IDN,0.3099,1,False
2016-10-01,JPN,IDN,0.1591,1,False
2016-11-01,JPN,IDN,0.1777,1,False
2016-12-01,JPN,IDN,0.1733,1,False
2017-01-01,JPN,IDN,0.1628,1,False
2017-02-01,JPN,IDN,0.174,1,False
2017-03-01,JPN,IDN,0.1636,4,False
2017-04-01,JPN,IDN,0.0382,4,True
2017-05-01,JPN,IDN,0.0268,4,True
2017-06-01,JPN,IDN,0.0267,4,True
2017-07-01,JPN,IDN,0.0274,4,True
2017-08-01,JPN,IDN,0.0309,4,True
2017-09-01,JPN,IDN,0.0602,4,False
2017-10-01,JPN,IDN,0.0443,4,True
2017-11-01,JPN,IDN,0.0124,4,True
2017-12-01,JPN,IDN,0.015,4,True
2018-01-01,JPN,IDN,0.0179,4,True
2018-02-01,JPN,IDN,0.0358,4,True
2018-03-01,JPN,IDN,0.055,4,False
2018-04-01,JPN,IDN,0.164,4,False
2018-05-01,JPN,IDN,0.153,4,False
2018-06-01,JPN,IDN,0.2129,2,False
2018-07-01,JPN,IDN,0.117,1,False
2018-08-01,JPN,IDN,0.1152,1,False
2018-09-01,JPN,IDN,0.0814,1,False
2018-10-01,JPN,IDN,0.0586,1,False
2018-11-01,JPN,IDN,0.1062,1,False
2018-12-01,JPN,IDN,0.1184,1,False
2019-01-01,JPN,IDN,0.1763,1,False
2019-02-01,JPN,IDN,0.1928,1,False
2019-03-01,JPN,IDN,0.2687,1,False
2019-04-01,JPN,IDN,0.3312,1,False
2019-05-01,JPN,IDN,0.3271,1,False
2019-06-01,JPN,IDN,0.1957,4,False
2019-07-01,JPN,IDN,0.3897,3,False
2019-08-01,JPN,IDN,0.2484,2,False
2019-09-01,JPN,IDN,0.2304,1,False
2019-10-01,JPN,IDN,0.4236,1,False
2019-11-01,JPN,IDN,0.5095,1,False
2019-12-01,JPN,IDN,0.6718,1,False
2020-01-01,JPN,IDN,0.7084,1,False
2020-02-01,JPN,IDN,0.6701,1,False
2020-03-01,JPN,IDN,0.5717,1,False
2020-04-01,JPN,IDN,0.8439,1,False
2020-05-01,JPN,IDN,0.8771,1,False
2020-06-01,JPN,IDN,0.6647,3,False
2020-07-01,JPN,IDN,0.6306,3,False
2020-08-01,JPN,IDN,0.5372,4,False
2020-09-01,JPN,IDN,0.1792,4,False
2020-10-01,JPN,IDN,0.1893,4,False
2020-11-01,JPN,IDN,0.1746,4,False
2020-12-01,JPN,IDN,0.0686,1,False
2021-01-01,JPN,IDN,0.2023,1,False
2021-02-01,JPN,IDN,0.1086,1,False
2021-03-01,JPN,IDN,0.0522,1,False
2021-04-01,JPN,IDN,0.0562,1,False
2021-05-01,JPN,IDN,0.0666,1,False
2021-06-01,JPN,IDN,0.1861,1,False
2021-07-01,JPN,IDN,0.1983,1,False
2021-08-01,JPN,IDN,0.2102,1,False
2021-09-01,JPN,IDN,0.3135,1,False
2021-10-01,JPN,IDN,0.625,1,False
2021-11-01,JPN,IDN,0.8867,1,False
2021-12-01,JPN,IDN,0.9552,3,False
2022-01-01,JPN,IDN,0.955,1,False
2022-02-01,JPN,IDN,0.757,1,False
2022-03-01,JPN,IDN,0.5914,1,False
2022-04-01,JPN,IDN,0.2179,1,False
2022-05-01,JPN,IDN,0.1285,1,False
2022-06-01,JPN,IDN,0.1014,1,False
2022-07-01,JPN,IDN,0.1491,1,False
2022-08-01,JPN,IDN,0.1373,1,False
2022-09-01,JPN,IDN,0.1971,1,False
2022-10-01,JPN,IDN,0.3027,1,False
2022-11-01,JPN,IDN,0.2842,1,False
2022-12-01,JPN,IDN,0.3151,1,False
2023-01-01,JPN,IDN,0.3263,3,False
2023-02-01,JPN,IDN,0.2637,1,False
2023-03-01,JPN,IDN,0.1716,1,False
2023-04-01,JPN,IDN,0.2592,1,False
2023-05-01,JPN,IDN,0.2267,1,False
2023-06-01,JPN,IDN,0.1959,1,False
2023-07-01,JPN,IDN,0.2756,4,False
2023-08-01,JPN,IDN,0.26,4,False
2023-09-01,JPN,IDN,0.1585,3,False
2023-10-01,JPN,IDN,0.2768,1,False
2023-11-01,JPN,IDN,0.1705,3,False
2023-12-01,JPN,IDN,0.1478,1,False
2024-01-01,JPN,IDN,0.1753,2,False
2024-02-01,JPN,IDN,0.1864,2,False
2024-03-01,JPN,IDN,0.4034,2,False
2024-04-01,JPN,IDN,0.5161,2,False
2024-05-01,JPN,IDN,0.5792,2,False
2024-06-01,JPN,IDN,0.5096,2,False
2024-07-01,JPN,IDN,0.4904,1,False
2024-08-01,JPN,IDN,0.314,1,False
2024-09-01,JPN,IDN,0.1433,2,False
2024-10-01,JPN,IDN,0.0763,1,False
2024-11-01,JPN,IDN,0.0519,2,False
2024-12-01,JPN,IDN,0.0209,1,True
2025-01-01,JPN,IDN,0.0071,2,True
2025-02-01,JPN,IDN,0.0006,1,True
2025-03-01,JPN,IDN,0.0049,1,True
2025-04-01,JPN,IDN,0.0131,1,True
2025-05-01,JPN,IDN,0.0145,1,True
2025-06-01,JPN,IDN,0.0502,1,False
2025-07-01,JPN,IDN,0.1219,1,False
2025-08-01,JPN,IDN,0.1957,1,False
2025-09-01,JPN,IDN,0.378,4,False
2025-10-01,JPN,IDN,0.4501,1,False
2025-11-01,JPN,IDN,0.359,2,False
2025-12-01,JPN,IDN,0.1875,1,False
2026-01-01,JPN,IDN,0.3569,1,False
2026-02-01,JPN,IDN,0.3049,1,False
2026-03-01,JPN,IDN,0.1483,1,False
2015-01-01,JPN,THA,0.0764,4,False
2015-02-01,JPN,THA,0.6369,4,False
2015-03-01,JPN,THA,0.7508,2,False
2015-04-01,JPN,THA,0.6023,1,False
2015-05-01,JPN,THA,0.308,3,False
2015-06-01,JPN,THA,0.1839,2,False
2015-07-01,JPN,THA,0.2171,2,False
2015-08-01,JPN,THA,0.2261,2,False
2015-09-01,JPN,THA,0.2171,2,False
2015-10-01,JPN,THA,0.2471,2,False
2015-11-01,JPN,THA,0.2657,4,False
2015-12-01,JPN,THA,0.17,3,False
2016-01-01,JPN,THA,0.1302,2,False
2016-02-01,JPN,THA,0.1728,2,False
2016-03-01,JPN,THA,0.1215,2,False
2016-04-01,JPN,THA,0.1631,2,False
2016-05-01,JPN,THA,0.1349,2,False
2016-06-01,JPN,THA,0.1299,2,False
2016-07-01,JPN,THA,0.0808,2,False
2016-08-01,JPN,THA,0.1005,2,False
2016-09-01,JPN,THA,0.1085,2,False
2016-10-01,JPN,THA,0.0733,2,False
2016-11-01,JPN,THA,0.0712,2,False
2016-12-01,JPN,THA,0.0604,2,False
2017-01-01,JPN,THA,0.0603,2,False
2017-02-01,JPN,THA,0.0491,2,True
2017-03-01,JPN,THA,0.0352,2,True
2017-04-01,JPN,THA,0.0858,2,False
2017-05-01,JPN,THA,0.1012,4,False
2017-06-01,JPN,THA,0.1319,2,False
2017-07-01,JPN,THA,0.2158,2,False
2017-08-01,JPN,THA,0.348,2,False
2017-09-01,JPN,THA,0.5038,4,False
2017-10-01,JPN,THA,0.4764,1,False
2017-11-01,JPN,THA,0.3899,1,False
2017-12-01,JPN,THA,0.5407,1,False
2018-01-01,JPN,THA,0.5656,1,False
2018-02-01,JPN,THA,0.5809,2,False
2018-03-01,JPN,THA,0.4439,4,False
2018-04-01,JPN,THA,0.3523,1,False
2018-05-01,JPN,THA,0.1894,1,False
2018-06-01,JPN,THA,0.1363,4,False
2018-07-01,JPN,THA,0.0319,3,True
2018-08-01,JPN,THA,0.0866,3,False
2018-09-01,JPN,THA,0.0875,1,False
2018-10-01,JPN,THA,0.0969,3,False
2018-11-01,JPN,THA,0.0466,3,True
2018-12-01,JPN,THA,0.0636,3,False
2019-01-01,JPN,THA,0.0836,3,False
2019-02-01,JPN,THA,0.0546,3,False
2019-03-01,JPN,THA,0.0342,3,True
2019-04-01,JPN,THA,0.033,3,True
2019-05-01,JPN,THA,0.0382,3,True
2019-06-01,JPN,THA,0.0685,3,False
2019-07-01,JPN,THA,0.078,3,False
2019-08-01,JPN,THA,0.0801,3,False
2019-09-01,JPN,THA,0.0948,3,False
2019-10-01,JPN,THA,0.2533,3,False
2019-11-01,JPN,THA,0.364,3,False
2019-12-01,JPN,THA,0.4764,3,False
2020-01-01,JPN,THA,0.5884,3,False
2020-02-01,JPN,THA,0.4876,4,False
2020-03-01,JPN,THA,0.2725,4,False
2020-04-01,JPN,THA,0.1662,4,False
2020-05-01,JPN,THA,0.3472,3,False
2020-06-01,JPN,THA,0.3017,3,False
2020-07-01,JPN,THA,0.2675,3,False
2020-08-01,JPN,THA,0.307,3,False
2020-09-01,JPN,THA,0.3871,3,False
2020-10-01,JPN,THA,0.2672,4,False
2020-11-01,JPN,THA,0.156,4,False
2020-12-01,JPN,THA,0.2214,4,False
2021-01-01,JPN,THA,0.1857,4,False
2021-02-01,JPN,THA,0.3001,4,False
2021-03-01,JPN,THA,0.343,4,False
2021-04-01,JPN,THA,0.6004,3,False
2021-05-01,JPN,THA,0.7037,1,False
2021-06-01,JPN,THA,0.5677,1,False
2021-07-01,JPN,THA,0.6454,1,False
2021-08-01,JPN,THA,0.5683,1,False
2021-09-01,JPN,THA,0.5442,1,False
2021-10-01,JPN,THA,0.5788,1,False
2021-11-01,JPN,THA,0.3601,4,False
2021-12-01,JPN,THA,0.3699,3,False
2022-01-01,JPN,THA,0.3465,4,False
2022-02-01,JPN,THA,0.2175,3,False
2022-03-01,JPN,THA,0.2169,2,False
2022-04-01,JPN,THA,0.2269,4,False
2022-05-01,JPN,THA,0.2635,2,False
2022-06-01,JPN,THA,0.1621,2,False
2022-07-01,JPN,THA,0.0754,2,False
2022-08-01,JPN,THA,0.0306,4,True
2022-09-01,JPN,THA,0.0163,4,True
2022-10-01,JPN,THA,0.0162,4,True
2022-11-01,JPN,THA,0.012,4,True
2022-12-01,JPN,THA,0.0139,4,True
2023-01-01,JPN,THA,0.0152,4,True
2023-02-01,JPN,THA,0.2578,4,False
2023-03-01,JPN,THA,0.3538,4,False
2023-04-01,JPN,THA,0.0869,1,False
2023-05-01,JPN,THA,0.022,1,True
2023-06-01,JPN,THA,0.0225,1,True
2023-07-01,JPN,THA,0.031,1,True
2023-08-01,JPN,THA,0.0328,1,True
2023-09-01,JPN,THA,0.0359,1,True
2023-10-01,JPN,THA,0.0334,1,True
2023-11-01,JPN,THA,0.0359,1,True
2023-12-01,JPN,THA,0.0663,1,False
2024-01-01,JPN,THA,0.0428,1,True
2024-02-01,JPN,THA,0.0883,1,False
2024-03-01,JPN,THA,0.0926,1,False
2024-04-01,JPN,THA,0.0758,1,False
2024-05-01,JPN,THA,0.1183,1,False
2024-06-01,JPN,THA,0.1739,1,False
2024-07-01,JPN,THA,0.201,4,False
2024-08-01,JPN,THA,0.128,3,False
2024-09-01,JPN,THA,0.1568,1,False
2024-10-01,JPN,THA,0.1672,1,False
2024-11-01,JPN,THA,0.2601,1,False
2024-12-01,JPN,THA,0.1582,4,False
2025-01-01,JPN,THA,0.1778,3,False
2025-02-01,JPN,THA,0.2688,2,False
2025-03-01,JPN,THA,0.5089,3,False
2025-04-01,JPN,THA,0.6735,2,False
2025-05-01,JPN,THA,0.6276,1,False
2025-06-01,JPN,THA,0.2459,1,False
2025-07-01,JPN,THA,0.1405,1,False
2025-08-01,JPN,THA,0.0856,1,False
2025-09-01,JPN,THA,0.0194,1,True
2025-10-01,JPN,THA,0.0095,1,True
2025-11-01,JPN,THA,0.0036,1,True
2025-12-01,JPN,THA,0.0016,1,True
2026-01-01,JPN,THA,0.0026,1,True
2026-02-01,JPN,THA,0.0057,1,True
2026-03-01,JPN,THA,0.0213,1,True
2015-01-01,JPN,BRA,0.6494,1,False
2015-02-01,JPN,BRA,0.4135,4,False
2015-03-01,JPN,BRA,0.3893,4,False
2015-04-01,JPN,BRA,0.4545,4,False
2015-05-01,JPN,BRA,0.3872,4,False
2015-06-01,JPN,BRA,0.2677,4,False
2015-07-01,JPN,BRA,0.3094,4,False
2015-08-01,JPN,BRA,0.2602,4,False
2015-09-01,JPN,BRA,0.1325,4,False
2015-10-01,JPN,BRA,0.1089,4,False
2015-11-01,JPN,BRA,0.1495,4,False
2015-12-01,JPN,BRA,0.1515,4,False
2016-01-01,JPN,BRA,0.135,4,False
2016-02-01,JPN,BRA,0.1105,4,False
2016-03-01,JPN,BRA,0.1346,4,False
2016-04-01,JPN,BRA,0.3757,4,False
2016-05-01,JPN,BRA,0.3503,4,False
2016-06-01,JPN,BRA,0.4035,4,False
2016-07-01,JPN,BRA,0.4441,4,False
2016-08-01,JPN,BRA,0.4151,4,False
2016-09-01,JPN,BRA,0.3995,4,False
2016-10-01,JPN,BRA,0.2655,4,False
2016-11-01,JPN,BRA,0.3105,4,False
2016-12-01,JPN,BRA,0.2712,1,False
2017-01-01,JPN,BRA,0.1858,1,False
2017-02-01,JPN,BRA,0.0385,1,True
2017-03-01,JPN,BRA,0.0061,1,True
2017-04-01,JPN,BRA,0.0082,1,True
2017-05-01,JPN,BRA,0.0065,1,True
2017-06-01,JPN,BRA,0.0065,1,True
2017-07-01,JPN,BRA,0.0042,1,True
2017-08-01,JPN,BRA,0.005,1,True
2017-09-01,JPN,BRA,0.0102,1,True
2017-10-01,JPN,BRA,0.0065,1,True
2017-11-01,JPN,BRA,0.0048,1,True
2017-12-01,JPN,BRA,0.0028,1,True
2018-01-01,JPN,BRA,0.0163,1,True
2018-02-01,JPN,BRA,0.056,1,False
2018-03-01,JPN,BRA,0.1293,1,False
2018-04-01,JPN,BRA,0.0879,1,False
2018-05-01,JPN,BRA,0.1115,1,False
2018-06-01,JPN,BRA,0.2026,1,False
2018-07-01,JPN,BRA,0.1932,4,False
2018-08-01,JPN,BRA,0.2938,4,False
2018-09-01,JPN,BRA,0.1927,4,False
2018-10-01,JPN,BRA,0.1321,4,False
2018-11-01,JPN,BRA,0.1165,4,False
2018-12-01,JPN,BRA,0.0586,4,False
2019-01-01,JPN,BRA,0.1669,4,False
2019-02-01,JPN,BRA,0.1948,4,False
2019-03-01,JPN,BRA,0.2139,4,False
2019-04-01,JPN,BRA,0.1812,4,False
2019-05-01,JPN,BRA,0.1823,4,False
2019-06-01,JPN,BRA,0.1408,4,False
2019-07-01,JPN,BRA,0.0977,4,False
2019-08-01,JPN,BRA,0.0867,4,False
2019-09-01,JPN,BRA,0.0744,4,False
2019-10-01,JPN,BRA,0.0438,4,True
2019-11-01,JPN,BRA,0.0603,4,False
2019-12-01,JPN,BRA,0.0431,4,True
2020-01-01,JPN,BRA,0.0934,4,False
2020-02-01,JPN,BRA,0.0855,4,False
2020-03-01,JPN,BRA,0.1061,4,False
2020-04-01,JPN,BRA,0.1138,4,False
2020-05-01,JPN,BRA,0.2162,4,False
2020-06-01,JPN,BRA,0.2129,4,False
2020-07-01,JPN,BRA,0.2207,4,False
2020-08-01,JPN,BRA,0.1854,4,False
2020-09-01,JPN,BRA,0.1193,4,False
2020-10-01,JPN,BRA,0.0678,4,False
2020-11-01,JPN,BRA,0.1037,4,False
2020-12-01,JPN,BRA,0.1417,4,False
2021-01-01,JPN,BRA,0.1378,4,False
2021-02-01,JPN,BRA,0.1454,4,False
2021-03-01,JPN,BRA,0.0966,2,False
2021-04-01,JPN,BRA,0.0275,3,True
2021-05-01,JPN,BRA,0.0112,2,True
2021-06-01,JPN,BRA,0.003,1,True
2021-07-01,JPN,BRA,0.0033,1,True
2021-08-01,JPN,BRA,0.0045,1,True
2021-09-01,JPN,BRA,0.0017,1,True
2021-10-01,JPN,BRA,0.0016,1,True
2021-11-01,JPN,BRA,0.0036,1,True
2021-12-01,JPN,BRA,0.0035,1,True
2022-01-01,JPN,BRA,0.0028,1,True
2022-02-01,JPN,BRA,0.0028,1,True
2022-03-01,JPN,BRA,0.0021,1,True
2022-04-01,JPN,BRA,0.006,1,True
2022-05-01,JPN,BRA,0.0104,3,True
2022-06-01,JPN,BRA,0.0027,3,True
2022-07-01,JPN,BRA,0.018,3,True
2022-08-01,JPN,BRA,0.0029,4,True
2022-09-01,JPN,BRA,0.0015,1,True
2022-10-01,JPN,BRA,0.0006,1,True
2022-11-01,JPN,BRA,0.0002,1,True
2022-12-01,JPN,BRA,0.0,1,True
2023-01-01,JPN,BRA,0.0001,1,True
2023-02-01,JPN,BRA,0.0004,1,True
2023-03-01,JPN,BRA,0.0006,1,True
2023-04-01,JPN,BRA,0.0002,1,True
2023-05-01,JPN,BRA,0.0001,1,True
2023-06-01,JPN,BRA,0.0001,1,True
2023-07-01,JPN,BRA,0.0,1,True
2023-08-01,JPN,BRA,0.0005,1,True
2023-09-01,JPN,BRA,0.0023,1,True
2023-10-01,JPN,BRA,0.0077,1,True
2023-11-01,JPN,BRA,0.0058,1,True
2023-12-01,JPN,BRA,0.0035,1,True
2024-01-01,JPN,BRA,0.001,1,True
2024-02-01,JPN,BRA,0.0011,1,True
2024-03-01,JPN,BRA,0.0024,1,True
2024-04-01,JPN,BRA,0.0034,1,True
2024-05-01,JPN,BRA,0.0064,3,True
2024-06-01,JPN,BRA,0.0085,3,True
2024-07-01,JPN,BRA,0.0104,3,True
2024-08-01,JPN,BRA,0.0077,3,True
2024-09-01,JPN,BRA,0.0037,3,True
2024-10-01,JPN,BRA,0.0023,3,True
2024-11-01,JPN,BRA,0.0082,3,True
2024-12-01,JPN,BRA,0.0138,3,True
2025-01-01,JPN,BRA,0.0502,3,False
2025-02-01,JPN,BRA,0.2843,3,False
2025-03-01,JPN,BRA,0.21,1,False
2025-04-01,JPN,BRA,0.1422,3,False
2025-05-01,JPN,BRA,0.1293,3,False
2025-06-01,JPN,BRA,0.0327,1,True
2025-07-01,JPN,BRA,0.2793,1,False
2025-08-01,JPN,BRA,0.3833,1,False
2025-09-01,JPN,BRA,0.372,1,False
2025-10-01,JPN,BRA,0.627,1,False
2025-11-01,JPN,BRA,0.5891,1,False
2025-12-01,JPN,BRA,0.5248,1,False
2026-01-01,JPN,BRA,0.3719,1,False
2026-02-01,JPN,BRA,0.2332,1,False
2026-03-01,JPN,BRA,0.4684,1,False
2015-01-01,JPN,ZAF,0.068,3,False
2015-02-01,JPN,ZAF,0.1646,3,False
2015-03-01,JPN,ZAF,0.3595,3,False
2015-04-01,JPN,ZAF,0.3503,2,False
2015-05-01,JPN,ZAF,0.3506,2,False
2015-06-01,JPN,ZAF,0.1779,3,False
2015-07-01,JPN,ZAF,0.1933,3,False
2015-08-01,JPN,ZAF,0.1978,3,False
2015-09-01,JPN,ZAF,0.2316,3,False
2015-10-01,JPN,ZAF,0.2398,3,False
2015-11-01,JPN,ZAF,0.2376,3,False
2015-12-01,JPN,ZAF,0.199,3,False
2016-01-01,JPN,ZAF,0.1154,3,False
2016-02-01,JPN,ZAF,0.2684,3,False
2016-03-01,JPN,ZAF,0.3489,1,False
2016-04-01,JPN,ZAF,0.268,1,False
2016-05-01,JPN,ZAF,0.1977,1,False
2016-06-01,JPN,ZAF,0.1458,1,False
2016-07-01,JPN,ZAF,0.2,1,False
2016-08-01,JPN,ZAF,0.1899,1,False
2016-09-01,JPN,ZAF,0.2092,1,False
2016-10-01,JPN,ZAF,0.1434,1,False
2016-11-01,JPN,ZAF,0.1274,1,False
2016-12-01,JPN,ZAF,0.1074,1,False
2017-01-01,JPN,ZAF,0.0968,1,False
2017-02-01,JPN,ZAF,0.0936,1,False
2017-03-01,JPN,ZAF,0.1198,1,False
2017-04-01,JPN,ZAF,0.1142,1,False
2017-05-01,JPN,ZAF,0.0897,1,False
2017-06-01,JPN,ZAF,0.0341,1,True
2017-07-01,JPN,ZAF,0.0369,1,True
2017-08-01,JPN,ZAF,0.0334,1,True
2017-09-01,JPN,ZAF,0.0573,1,False
2017-10-01,JPN,ZAF,0.0212,1,True
2017-11-01,JPN,ZAF,0.0127,1,True
2017-12-01,JPN,ZAF,0.0286,1,True
2018-01-01,JPN,ZAF,0.1833,1,False
2018-02-01,JPN,ZAF,0.2313,3,False
2018-03-01,JPN,ZAF,0.0498,2,True
2018-04-01,JPN,ZAF,0.0368,1,True
2018-05-01,JPN,ZAF,0.0745,1,False
2018-06-01,JPN,ZAF,0.0731,1,False
2018-07-01,JPN,ZAF,0.0736,1,False
2018-08-01,JPN,ZAF,0.0667,1,False
2018-09-01,JPN,ZAF,0.0368,1,True
2018-10-01,JPN,ZAF,0.0495,1,True
2018-11-01,JPN,ZAF,0.0635,1,False
2018-12-01,JPN,ZAF,0.1457,1,False
2019-01-01,JPN,ZAF,0.1653,1,False
2019-02-01,JPN,ZAF,0.1425,2,False
2019-03-01,JPN,ZAF,0.089,2,False
2019-04-01,JPN,ZAF,0.0596,2,False
2019-05-01,JPN,ZAF,0.1169,2,False
2019-06-01,JPN,ZAF,0.1143,2,False
2019-07-01,JPN,ZAF,0.1149,2,False
2019-08-01,JPN,ZAF,0.1447,2,False
2019-09-01,JPN,ZAF,0.1686,2,False
2019-10-01,JPN,ZAF,0.1228,4,False
2019-11-01,JPN,ZAF,0.1013,4,False
2019-12-01,JPN,ZAF,0.0999,4,False
2020-01-01,JPN,ZAF,0.1135,4,False
2020-02-01,JPN,ZAF,0.1508,4,False
2020-03-01,JPN,ZAF,0.17,4,False
2020-04-01,JPN,ZAF,0.1785,4,False
2020-05-01,JPN,ZAF,0.1918,1,False
2020-06-01,JPN,ZAF,0.1483,1,False
2020-07-01,JPN,ZAF,0.1802,2,False
2020-08-01,JPN,ZAF,0.1585,4,False
2020-09-01,JPN,ZAF,0.1657,1,False
2020-10-01,JPN,ZAF,0.0449,4,True
2020-11-01,JPN,ZAF,0.0477,4,True
2020-12-01,JPN,ZAF,0.0241,4,True
2021-01-01,JPN,ZAF,0.0508,4,False
2021-02-01,JPN,ZAF,0.0385,4,True
2021-03-01,JPN,ZAF,0.0525,1,False
2021-04-01,JPN,ZAF,0.0753,2,False
2021-05-01,JPN,ZAF,0.1293,3,False
2021-06-01,JPN,ZAF,0.2393,3,False
2021-07-01,JPN,ZAF,0.2717,4,False
2021-08-01,JPN,ZAF,0.2777,3,False
2021-09-01,JPN,ZAF,0.1477,3,False
2021-10-01,JPN,ZAF,0.1923,3,False
2021-11-01,JPN,ZAF,0.1287,4,False
2021-12-01,JPN,ZAF,0.057,4,False
2022-01-01,JPN,ZAF,0.1036,4,False
2022-02-01,JPN,ZAF,0.1386,4,False
2022-03-01,JPN,ZAF,0.1715,4,False
2022-04-01,JPN,ZAF,0.177,3,False
2022-05-01,JPN,ZAF,0.0894,4,False
2022-06-01,JPN,ZAF,0.1703,4,False
2022-07-01,JPN,ZAF,0.3105,4,False
2022-08-01,JPN,ZAF,0.5123,4,False
2022-09-01,JPN,ZAF,0.4523,4,False
2022-10-01,JPN,ZAF,0.4579,4,False
2022-11-01,JPN,ZAF,0.4079,4,False
2022-12-01,JPN,ZAF,0.3576,4,False
2023-01-01,JPN,ZAF,0.1895,4,False
2023-02-01,JPN,ZAF,0.1977,4,False
2023-03-01,JPN,ZAF,0.1857,4,False
2023-04-01,JPN,ZAF,0.0671,4,False
2023-05-01,JPN,ZAF,0.05,4,False
2023-06-01,JPN,ZAF,0.0434,4,True
2023-07-01,JPN,ZAF,0.0835,4,False
2023-08-01,JPN,ZAF,0.0698,1,False
2023-09-01,JPN,ZAF,0.0801,4,False
2023-10-01,JPN,ZAF,0.0705,4,False
2023-11-01,JPN,ZAF,0.1372,4,False
2023-12-01,JPN,ZAF,0.2517,4,False
2024-01-01,JPN,ZAF,0.3161,1,False
2024-02-01,JPN,ZAF,0.293,1,False
2024-03-01,JPN,ZAF,0.2395,1,False
2024-04-01,JPN,ZAF,0.2629,1,False
2024-05-01,JPN,ZAF,0.3524,4,False
2024-06-01,JPN,ZAF,0.2235,1,False
2024-07-01,JPN,ZAF,0.0781,1,False
2024-08-01,JPN,ZAF,0.0544,1,False
2024-09-01,JPN,ZAF,0.0374,1,True
2024-10-01,JPN,ZAF,0.017,1,True
2024-11-01,JPN,ZAF,0.0396,1,True
2024-12-01,JPN,ZAF,0.0831,3,False
2025-01-01,JPN,ZAF,0.0128,4,True
2025-02-01,JPN,ZAF,0.0045,1,True
2025-03-01,JPN,ZAF,0.0095,1,True
2025-04-01,JPN,ZAF,0.0064,1,True
2025-05-01,JPN,ZAF,0.0159,1,True
2025-06-01,JPN,ZAF,0.0914,1,False
2025-07-01,JPN,ZAF,0.1946,1,False
2025-08-01,JPN,ZAF,0.2086,1,False
2025-09-01,JPN,ZAF,0.2256,1,False
2025-10-01,JPN,ZAF,0.3491,4,False
2025-11-01,JPN,ZAF,0.428,1,False
2025-12-01,JPN,ZAF,0.455,1,False
2026-01-01,JPN,ZAF,0.4651,1,False
2026-02-01,JPN,ZAF,0.6203,4,False
2026-03-01,JPN,ZAF,0.496,4,False
2015-01-01,JPN,MEX,0.4003,4,False
2015-02-01,JPN,MEX,0.5289,2,False
2015-03-01,JPN,MEX,0.4661,2,False
2015-04-01,JPN,MEX,0.5042,1,False
2015-05-01,JPN,MEX,0.5596,1,False
2015-06-01,JPN,MEX,0.6238,2,False
2015-07-01,JPN,MEX,0.652,2,False
2015-08-01,JPN,MEX,0.7009,2,False
2015-09-01,JPN,MEX,0.6229,1,False
2015-10-01,JPN,MEX,0.5407,1,False
2015-11-01,JPN,MEX,0.5985,1,False
2015-12-01,JPN,MEX,0.5797,4,False
2016-01-01,JPN,MEX,0.2801,4,False
2016-02-01,JPN,MEX,0.0815,4,False
2016-03-01,JPN,MEX,0.0797,2,False
2016-04-01,JPN,MEX,0.0358,2,True
2016-05-01,JPN,MEX,0.0126,1,True
2016-06-01,JPN,MEX,0.0302,1,True
2016-07-01,JPN,MEX,0.0707,2,False
2016-08-01,JPN,MEX,0.0769,2,False
2016-09-01,JPN,MEX,0.0762,2,False
2016-10-01,JPN,MEX,0.0341,4,True
2016-11-01,JPN,MEX,0.0513,4,False
2016-12-01,JPN,MEX,0.0439,2,True
2017-01-01,JPN,MEX,0.0636,2,False
2017-02-01,JPN,MEX,0.0637,4,False
2017-03-01,JPN,MEX,0.0853,4,False
2017-04-01,JPN,MEX,0.0638,4,False
2017-05-01,JPN,MEX,0.0555,4,False
2017-06-01,JPN,MEX,0.0355,4,True
2017-07-01,JPN,MEX,0.0376,4,True
2017-08-01,JPN,MEX,0.053,1,False
2017-09-01,JPN,MEX,0.0395,1,True
2017-10-01,JPN,MEX,0.0375,1,True
2017-11-01,JPN,MEX,0.0428,1,True
2017-12-01,JPN,MEX,0.041,1,True
2018-01-01,JPN,MEX,0.1657,4,False
2018-02-01,JPN,MEX,0.0153,4,True
2018-03-01,JPN,MEX,0.0156,4,True
2018-04-01,JPN,MEX,0.0002,4,True
2018-05-01,JPN,MEX,0.0004,4,True
2018-06-01,JPN,MEX,0.0004,4,True
2018-07-01,JPN,MEX,0.0119,4,True
2018-08-01,JPN,MEX,0.0647,4,False
2018-09-01,JPN,MEX,0.0691,4,False
2018-10-01,JPN,MEX,0.0861,4,False
2018-11-01,JPN,MEX,0.1101,4,False
2018-12-01,JPN,MEX,0.1028,4,False
2019-01-01,JPN,MEX,0.117,1,False
2019-02-01,JPN,MEX,0.1602,1,False
2019-03-01,JPN,MEX,0.2209,1,False
2019-04-01,JPN,MEX,0.224,1,False
2019-05-01,JPN,MEX,0.2323,1,False
2019-06-01,JPN,MEX,0.1368,1,False
2019-07-01,JPN,MEX,0.0971,1,False
2019-08-01,JPN,MEX,0.0598,1,False
2019-09-01,JPN,MEX,0.0455,1,True
2019-10-01,JPN,MEX,0.0322,1,True
2019-11-01,JPN,MEX,0.0393,1,True
2019-12-01,JPN,MEX,0.0475,1,True
2020-01-01,JPN,MEX,0.0442,1,True
2020-02-01,JPN,MEX,0.081,1,False
2020-03-01,JPN,MEX,0.1708,1,False
2020-04-01,JPN,MEX,0.2958,1,False
2020-05-01,JPN,MEX,0.439,1,False
2020-06-01,JPN,MEX,0.3907,1,False
2020-07-01,JPN,MEX,0.3667,1,False
2020-08-01,JPN,MEX,0.451,1,False
2020-09-01,JPN,MEX,0.3598,1,False
2020-10-01,JPN,MEX,0.2913,4,False
2020-11-01,JPN,MEX,0.2473,3,False
2020-12-01,JPN,MEX,0.2011,1,False
2021-01-01,JPN,MEX,0.2361,1,False
2021-02-01,JPN,MEX,0.1961,3,False
2021-03-01,JPN,MEX,0.1597,3,False
2021-04-01,JPN,MEX,0.0153,3,True
2021-05-01,JPN,MEX,0.0095,3,True
2021-06-01,JPN,MEX,0.0102,3,True
2021-07-01,JPN,MEX,0.0159,3,True
2021-08-01,JPN,MEX,0.045,3,True
2021-09-01,JPN,MEX,0.0394,4,True
2021-10-01,JPN,MEX,0.017,3,True
2021-11-01,JPN,MEX,0.0138,4,True
2021-12-01,JPN,MEX,0.0459,4,True
2022-01-01,JPN,MEX,0.0448,4,True
2022-02-01,JPN,MEX,0.0756,4,False
2022-03-01,JPN,MEX,0.0943,4,False
2022-04-01,JPN,MEX,0.0939,4,False
2022-05-01,JPN,MEX,0.1317,4,False
2022-06-01,JPN,MEX,0.1364,4,False
2022-07-01,JPN,MEX,0.257,4,False
2022-08-01,JPN,MEX,0.3276,4,False
2022-09-01,JPN,MEX,0.3009,3,False
2022-10-01,JPN,MEX,0.2473,3,False
2022-11-01,JPN,MEX,0.2378,3,False
2022-12-01,JPN,MEX,0.2676,4,False
2023-01-01,JPN,MEX,0.0599,4,False
2023-02-01,JPN,MEX,0.0626,4,False
2023-03-01,JPN,MEX,0.0534,4,False
2023-04-01,JPN,MEX,0.0524,4,False
2023-05-01,JPN,MEX,0.0517,4,False
2023-06-01,JPN,MEX,0.0417,4,True
2023-07-01,JPN,MEX,0.041,4,True
2023-08-01,JPN,MEX,0.0545,3,False
2023-09-01,JPN,MEX,0.0782,1,False
2023-10-01,JPN,MEX,0.0252,4,True
2023-11-01,JPN,MEX,0.0198,1,True
2023-12-01,JPN,MEX,0.0102,1,True
2024-01-01,JPN,MEX,0.0155,1,True
2024-02-01,JPN,MEX,0.0148,1,True
2024-03-01,JPN,MEX,0.0229,1,True
2024-04-01,JPN,MEX,0.1202,1,False
2024-05-01,JPN,MEX,0.0748,1,False
2024-06-01,JPN,MEX,0.05,3,False
2024-07-01,JPN,MEX,0.0443,1,True
2024-08-01,JPN,MEX,0.0198,1,True
2024-09-01,JPN,MEX,0.0364,1,True
2024-10-01,JPN,MEX,0.0273,1,True
2024-11-01,JPN,MEX,0.1757,3,False
2024-12-01,JPN,MEX,0.0768,2,False
2025-01-01,JPN,MEX,0.1078,1,False
2025-02-01,JPN,MEX,0.1675,2,False
2025-03-01,JPN,MEX,0.346,2,False
2025-04-01,JPN,MEX,0.234,2,False
2025-05-01,JPN,MEX,0.3102,4,False
2025-06-01,JPN,MEX,0.3371,4,False
2025-07-01,JPN,MEX,0.4006,4,False
2025-08-01,JPN,MEX,0.3802,4,False
2025-09-01,JPN,MEX,0.1539,1,False
2025-10-01,JPN,MEX,0.099,1,False
2025-11-01,JPN,MEX,0.1254,4,False
2025-12-01,JPN,MEX,0.0305,4,True
2026-01-01,JPN,MEX,0.0125,1,True
2026-02-01,JPN,MEX,0.0037,1,True
2026-03-01,JPN,MEX,0.0049,1,True
2015-01-01,JPN,SGP,0.2803,2,False
2015-02-01,JPN,SGP,0.2652,2,False
2015-03-01,JPN,SGP,0.2704,2,False
2015-04-01,JPN,SGP,0.2041,2,False
2015-05-01,JPN,SGP,0.1763,2,False
2015-06-01,JPN,SGP,0.2383,2,False
2015-07-01,JPN,SGP,0.2428,2,False
2015-08-01,JPN,SGP,0.2597,2,False
2015-09-01,JPN,SGP,0.3688,2,False
2015-10-01,JPN,SGP,0.3608,2,False
2015-11-01,JPN,SGP,0.2617,4,False
2015-12-01,JPN,SGP,0.1612,3,False
2016-01-01,JPN,SGP,0.2836,2,False
2016-02-01,JPN,SGP,0.5991,2,False
2016-03-01,JPN,SGP,0.4422,3,False
2016-04-01,JPN,SGP,0.3632,1,False
2016-05-01,JPN,SGP,0.1789,1,False
2016-06-01,JPN,SGP,0.2137,1,False
2016-07-01,JPN,SGP,0.3916,1,False
2016-08-01,JPN,SGP,0.3423,1,False
2016-09-01,JPN,SGP,0.1939,1,False
2016-10-01,JPN,SGP,0.3981,1,False
2016-11-01,JPN,SGP,0.1368,4,False
2016-12-01,JPN,SGP,0.127,3,False
2017-01-01,JPN,SGP,0.1259,1,False
2017-02-01,JPN,SGP,0.0192,1,True
2017-03-01,JPN,SGP,0.0095,1,True
2017-04-01,JPN,SGP,0.0193,1,True
2017-05-01,JPN,SGP,0.0057,1,True
2017-06-01,JPN,SGP,0.0288,1,True
2017-07-01,JPN,SGP,0.0369,1,True
2017-08-01,JPN,SGP,0.0302,1,True
2017-09-01,JPN,SGP,0.0441,1,True
2017-10-01,JPN,SGP,0.1091,1,False
2017-11-01,JPN,SGP,0.3659,2,False
2017-12-01,JPN,SGP,0.1777,1,False
2018-01-01,JPN,SGP,0.2207,1,False
2018-02-01,JPN,SGP,0.6207,2,False
2018-03-01,JPN,SGP,0.2199,1,False
2018-04-01,JPN,SGP,0.3681,3,False
2018-05-01,JPN,SGP,0.3388,2,False
2018-06-01,JPN,SGP,0.4168,1,False
2018-07-01,JPN,SGP,0.498,1,False
2018-08-01,JPN,SGP,0.5167,1,False
2018-09-01,JPN,SGP,0.5404,1,False
2018-10-01,JPN,SGP,0.5494,1,False
2018-11-01,JPN,SGP,0.5792,1,False
2018-12-01,JPN,SGP,0.3311,1,False
2019-01-01,JPN,SGP,0.4473,1,False
2019-02-01,JPN,SGP,0.553,1,False
2019-03-01,JPN,SGP,0.6221,1,False
2019-04-01,JPN,SGP,0.5791,4,False
2019-05-01,JPN,SGP,0.6083,2,False
2019-06-01,JPN,SGP,0.5795,2,False
2019-07-01,JPN,SGP,0.2068,4,False
2019-08-01,JPN,SGP,0.1035,4,False
2019-09-01,JPN,SGP,0.0431,4,True
2019-10-01,JPN,SGP,0.033,4,True
2019-11-01,JPN,SGP,0.0357,4,True
2019-12-01,JPN,SGP,0.0194,4,True
2020-01-01,JPN,SGP,0.0068,4,True
2020-02-01,JPN,SGP,0.0046,4,True
2020-03-01,JPN,SGP,0.0018,4,True
2020-04-01,JPN,SGP,0.0041,4,True
2020-05-01,JPN,SGP,0.0427,4,True
2020-06-01,JPN,SGP,0.0358,4,True
2020-07-01,JPN,SGP,0.0484,4,True
2020-08-01,JPN,SGP,0.038,4,True
2020-09-01,JPN,SGP,0.0225,4,True
2020-10-01,JPN,SGP,0.1054,4,False
2020-11-01,JPN,SGP,0.1241,4,False
2020-12-01,JPN,SGP,0.111,4,False
2021-01-01,JPN,SGP,0.0909,4,False
2021-02-01,JPN,SGP,0.0414,4,True
2021-03-01,JPN,SGP,0.0542,4,False
2021-04-01,JPN,SGP,0.0196,1,True
2021-05-01,JPN,SGP,0.0016,1,True
2021-06-01,JPN,SGP,0.001,1,True
2021-07-01,JPN,SGP,0.0024,1,True
2021-08-01,JPN,SGP,0.0018,1,True
2021-09-01,JPN,SGP,0.0016,1,True
2021-10-01,JPN,SGP,0.0014,1,True
2021-11-01,JPN,SGP,0.0231,1,True
2021-12-01,JPN,SGP,0.0289,1,True
2022-01-01,JPN,SGP,0.0286,1,True
2022-02-01,JPN,SGP,0.0248,1,True
2022-03-01,JPN,SGP,0.0417,1,True
2022-04-01,JPN,SGP,0.1061,1,False
2022-05-01,JPN,SGP,0.0739,1,False
2022-06-01,JPN,SGP,0.0936,1,False
2022-07-01,JPN,SGP,0.2053,1,False
2022-08-01,JPN,SGP,0.1482,3,False
2022-09-01,JPN,SGP,0.1473,1,False
2022-10-01,JPN,SGP,0.14,3,False
2022-11-01,JPN,SGP,0.0989,3,False
2022-12-01,JPN,SGP,0.0915,1,False
2023-01-01,JPN,SGP,0.0658,1,False
2023-02-01,JPN,SGP,0.1267,1,False
2023-03-01,JPN,SGP,0.156,1,False
2023-04-01,JPN,SGP,0.1156,3,False
2023-05-01,JPN,SGP,0.2071,3,False
2023-06-01,JPN,SGP,0.23,1,False
2023-07-01,JPN,SGP,0.1239,1,False
2023-08-01,JPN,SGP,0.0879,1,False
2023-09-01,JPN,SGP,0.0802,1,False
2023-10-01,JPN,SGP,0.1499,1,False
2023-11-01,JPN,SGP,0.392,1,False
2023-12-01,JPN,SGP,0.1371,1,False
2024-01-01,JPN,SGP,0.1605,1,False
2024-02-01,JPN,SGP,0.1276,1,False
2024-03-01,JPN,SGP,0.0872,1,False
2024-04-01,JPN,SGP,0.0608,1,False
2024-05-01,JPN,SGP,0.0401,1,True
2024-06-01,JPN,SGP,0.0505,1,False
2024-07-01,JPN,SGP,0.0188,1,True
2024-08-01,JPN,SGP,0.006,1,True
2024-09-01,JPN,SGP,0.0021,1,True
2024-10-01,JPN,SGP,0.0041,1,True
2024-11-01,JPN,SGP,0.0086,3,True
2024-12-01,JPN,SGP,0.0024,2,True
2025-01-01,JPN,SGP,0.0005,1,True
2025-02-01,JPN,SGP,0.0022,1,True
2025-03-01,JPN,SGP,0.0143,1,True
2025-04-01,JPN,SGP,0.0143,1,True
2025-05-01,JPN,SGP,0.0172,1,True
2025-06-01,JPN,SGP,0.261,1,False
2025-07-01,JPN,SGP,0.3967,1,False
2025-08-01,JPN,SGP,0.671,1,False
2025-09-01,JPN,SGP,0.8559,3,False
2025-10-01,JPN,SGP,0.6281,1,False
2025-11-01,JPN,SGP,0.4954,1,False
2025-12-01,JPN,SGP,0.5358,1,False
2026-01-01,JPN,SGP,0.6927,1,False
2026-02-01,JPN,SGP,0.7036,2,False
2026-03-01,JPN,SGP,0.5411,4,False
2015-01-01,JPN,KOR,0.0496,3,True
2015-02-01,JPN,KOR,0.0728,3,False
2015-03-01,JPN,KOR,0.0697,3,False
2015-04-01,JPN,KOR,0.0625,3,False
2015-05-01,JPN,KOR,0.1001,2,False
2015-06-01,JPN,KOR,0.1451,2,False
2015-07-01,JPN,KOR,0.1531,2,False
2015-08-01,JPN,KOR,0.2126,2,False
2015-09-01,JPN,KOR,0.217,2,False
2015-10-01,JPN,KOR,0.2852,3,False
2015-11-01,JPN,KOR,0.2363,3,False
2015-12-01,JPN,KOR,0.2818,2,False
2016-01-01,JPN,KOR,0.2534,3,False
2016-02-01,JPN,KOR,0.215,3,False
2016-03-01,JPN,KOR,0.2446,3,False
2016-04-01,JPN,KOR,0.2584,3,False
2016-05-01,JPN,KOR,0.2481,2,False
2016-06-01,JPN,KOR,0.3597,4,False
2016-07-01,JPN,KOR,0.2849,4,False
2016-08-01,JPN,KOR,0.3371,1,False
2016-09-01,JPN,KOR,0.4713,2,False
2016-10-01,JPN,KOR,0.4245,4,False
2016-11-01,JPN,KOR,0.4226,4,False
2016-12-01,JPN,KOR,0.4741,4,False
2017-01-01,JPN,KOR,0.4621,4,False
2017-02-01,JPN,KOR,0.1747,4,False
2017-03-01,JPN,KOR,0.1546,4,False
2017-04-01,JPN,KOR,0.1068,2,False
2017-05-01,JPN,KOR,0.1229,2,False
2017-06-01,JPN,KOR,0.0999,2,False
2017-07-01,JPN,KOR,0.1045,1,False
2017-08-01,JPN,KOR,0.1062,1,False
2017-09-01,JPN,KOR,0.1602,1,False
2017-10-01,JPN,KOR,0.1272,1,False
2017-11-01,JPN,KOR,0.1574,1,False
2017-12-01,JPN,KOR,0.2435,1,False
2018-01-01,JPN,KOR,0.1638,1,False
2018-02-01,JPN,KOR,0.2121,1,False
2018-03-01,JPN,KOR,0.2875,4,False
2018-04-01,JPN,KOR,0.027,4,True
2018-05-01,JPN,KOR,0.0268,4,True
2018-06-01,JPN,KOR,0.0677,4,False
2018-07-01,JPN,KOR,0.0743,4,False
2018-08-01,JPN,KOR,0.0656,4,False
2018-09-01,JPN,KOR,0.0684,4,False
2018-10-01,JPN,KOR,0.0653,4,False
2018-11-01,JPN,KOR,0.0637,4,False
2018-12-01,JPN,KOR,0.0669,4,False
2019-01-01,JPN,KOR,0.0493,4,True
2019-02-01,JPN,KOR,0.0558,4,False
2019-03-01,JPN,KOR,0.0571,4,False
2019-04-01,JPN,KOR,0.0383,4,True
2019-05-01,JPN,KOR,0.0401,4,True
2019-06-01,JPN,KOR,0.0711,4,False
2019-07-01,JPN,KOR,0.0837,4,False
2019-08-01,JPN,KOR,0.0928,4,False
2019-09-01,JPN,KOR,0.0614,4,False
2019-10-01,JPN,KOR,0.1385,4,False
2019-11-01,JPN,KOR,0.0906,4,False
2019-12-01,JPN,KOR,0.0359,4,True
2020-01-01,JPN,KOR,0.0421,4,True
2020-02-01,JPN,KOR,0.0299,2,True
2020-03-01,JPN,KOR,0.0322,2,True
2020-04-01,JPN,KOR,0.037,2,True
2020-05-01,JPN,KOR,0.0508,4,False
2020-06-01,JPN,KOR,0.0216,3,True
2020-07-01,JPN,KOR,0.0102,2,True
2020-08-01,JPN,KOR,0.004,1,True
2020-09-01,JPN,KOR,0.0064,1,True
2020-10-01,JPN,KOR,0.0124,1,True
2020-11-01,JPN,KOR,0.0042,1,True
2020-12-01,JPN,KOR,0.0167,2,True
2021-01-01,JPN,KOR,0.0419,1,True
2021-02-01,JPN,KOR,0.0584,4,False
2021-03-01,JPN,KOR,0.0148,2,True
2021-04-01,JPN,KOR,0.0033,2,True
2021-05-01,JPN,KOR,0.0021,2,True
2021-06-01,JPN,KOR,0.0033,2,True
2021-07-01,JPN,KOR,0.0192,4,True
2021-08-01,JPN,KOR,0.0014,4,True
2021-09-01,JPN,KOR,0.0008,3,True
2021-10-01,JPN,KOR,0.0019,3,True
2021-11-01,JPN,KOR,0.002,3,True
2021-12-01,JPN,KOR,0.0359,3,True
2022-01-01,JPN,KOR,0.0501,3,False
2022-02-01,JPN,KOR,0.0607,3,False
2022-03-01,JPN,KOR,0.0614,3,False
2022-04-01,JPN,KOR,0.0555,3,False
2022-05-01,JPN,KOR,0.0686,3,False
2022-06-01,JPN,KOR,0.1557,3,False
2022-07-01,JPN,KOR,0.3473,3,False
2022-08-01,JPN,KOR,0.2578,3,False
2022-09-01,JPN,KOR,0.414,3,False
2022-10-01,JPN,KOR,0.422,2,False
2022-11-01,JPN,KOR,0.4255,3,False
2022-12-01,JPN,KOR,0.4072,2,False
2023-01-01,JPN,KOR,0.4051,4,False
2023-02-01,JPN,KOR,0.4161,4,False
2023-03-01,JPN,KOR,0.3446,2,False
2023-04-01,JPN,KOR,0.3304,3,False
2023-05-01,JPN,KOR,0.3181,3,False
2023-06-01,JPN,KOR,0.286,3,False
2023-07-01,JPN,KOR,0.1144,1,False
2023-08-01,JPN,KOR,0.0423,1,True
2023-09-01,JPN,KOR,0.1806,3,False
2023-10-01,JPN,KOR,0.0203,4,True
2023-11-01,JPN,KOR,0.0201,4,True
2023-12-01,JPN,KOR,0.0655,4,False
2024-01-01,JPN,KOR,0.0719,4,False
2024-02-01,JPN,KOR,0.0885,4,False
2024-03-01,JPN,KOR,0.1111,4,False
2024-04-01,JPN,KOR,0.1063,4,False
2024-05-01,JPN,KOR,0.0796,4,False
2024-06-01,JPN,KOR,0.03,4,True
2024-07-01,JPN,KOR,0.0783,4,False
2024-08-01,JPN,KOR,0.0805,4,False
2024-09-01,JPN,KOR,0.0405,4,True
2024-10-01,JPN,KOR,0.0352,4,True
2024-11-01,JPN,KOR,0.0145,4,True
2024-12-01,JPN,KOR,0.0194,4,True
2025-01-01,JPN,KOR,0.0139,2,True
2025-02-01,JPN,KOR,0.0105,1,True
2025-03-01,JPN,KOR,0.0327,1,True
2025-04-01,JPN,KOR,0.1164,1,False
2025-05-01,JPN,KOR,0.3152,2,False
2025-06-01,JPN,KOR,0.6106,2,False
2025-07-01,JPN,KOR,0.6104,2,False
2025-08-01,JPN,KOR,0.4282,2,False
2025-09-01,JPN,KOR,0.49,2,False
2025-10-01,JPN,KOR,0.2929,1,False
2025-11-01,JPN,KOR,0.3412,1,False
2025-12-01,JPN,KOR,0.2846,1,False
2026-01-01,JPN,KOR,0.1639,1,False
2026-02-01,JPN,KOR,0.1334,1,False
2026-03-01,JPN,KOR,0.2533,1,False
2015-01-01,JPN,GBR,0.0003,3,True
2015-02-01,JPN,GBR,0.0014,3,True
2015-03-01,JPN,GBR,0.0033,3,True
2015-04-01,JPN,GBR,0.0029,3,True
2015-05-01,JPN,GBR,0.002,3,True
2015-06-01,JPN,GBR,0.0004,3,True
2015-07-01,JPN,GBR,0.0005,3,True
2015-08-01,JPN,GBR,0.0003,3,True
2015-09-01,JPN,GBR,0.0004,3,True
2015-10-01,JPN,GBR,0.0016,3,True
2015-11-01,JPN,GBR,0.0022,3,True
2015-12-01,JPN,GBR,0.0013,3,True
2016-01-01,JPN,GBR,0.0007,3,True
2016-02-01,JPN,GBR,0.0008,3,True
2016-03-01,JPN,GBR,0.0004,3,True
2016-04-01,JPN,GBR,0.0008,3,True
2016-05-01,JPN,GBR,0.0018,3,True
2016-06-01,JPN,GBR,0.0021,3,True
2016-07-01,JPN,GBR,0.0047,3,True
2016-08-01,JPN,GBR,0.0036,3,True
2016-09-01,JPN,GBR,0.0028,3,True
2016-10-01,JPN,GBR,0.0055,3,True
2016-11-01,JPN,GBR,0.0036,3,True
2016-12-01,JPN,GBR,0.0027,3,True
2017-01-01,JPN,GBR,0.001,3,True
2017-02-01,JPN,GBR,0.0012,3,True
2017-03-01,JPN,GBR,0.0039,3,True
2017-04-01,JPN,GBR,0.0117,1,True
2017-05-01,JPN,GBR,0.0009,2,True
2017-06-01,JPN,GBR,0.0003,1,True
2017-07-01,JPN,GBR,0.0023,1,True
2017-08-01,JPN,GBR,0.0027,1,True
2017-09-01,JPN,GBR,0.0071,1,True
2017-10-01,JPN,GBR,0.0038,1,True
2017-11-01,JPN,GBR,0.0091,1,True
2017-12-01,JPN,GBR,0.0686,1,False
2018-01-01,JPN,GBR,0.1825,1,False
2018-02-01,JPN,GBR,0.186,4,False
2018-03-01,JPN,GBR,0.2929,3,False
2018-04-01,JPN,GBR,0.0363,4,True
2018-05-01,JPN,GBR,0.0487,4,True
2018-06-01,JPN,GBR,0.1707,4,False
2018-07-01,JPN,GBR,0.1652,1,False
2018-08-01,JPN,GBR,0.1854,1,False
2018-09-01,JPN,GBR,0.201,4,False
2018-10-01,JPN,GBR,0.1599,4,False
2018-11-01,JPN,GBR,0.129,1,False
2018-12-01,JPN,GBR,0.0877,2,False
2019-01-01,JPN,GBR,0.052,1,False
2019-02-01,JPN,GBR,0.0802,1,False
2019-03-01,JPN,GBR,0.0611,1,False
2019-04-01,JPN,GBR,0.0853,1,False
2019-05-01,JPN,GBR,0.1034,1,False
2019-06-01,JPN,GBR,0.0753,1,False
2019-07-01,JPN,GBR,0.0536,1,False
2019-08-01,JPN,GBR,0.0266,1,True
2019-09-01,JPN,GBR,0.0443,2,True
2019-10-01,JPN,GBR,0.0173,1,True
2019-11-01,JPN,GBR,0.0501,1,False
2019-12-01,JPN,GBR,0.036,1,True
2020-01-01,JPN,GBR,0.0397,1,True
2020-02-01,JPN,GBR,0.1979,1,False
2020-03-01,JPN,GBR,0.1761,1,False
2020-04-01,JPN,GBR,0.3354,1,False
2020-05-01,JPN,GBR,0.4163,1,False
2020-06-01,JPN,GBR,0.3388,1,False
2020-07-01,JPN,GBR,0.3851,1,False
2020-08-01,JPN,GBR,0.5132,1,False
2020-09-01,JPN,GBR,0.726,1,False
2020-10-01,JPN,GBR,0.7846,4,False
2020-11-01,JPN,GBR,0.6355,4,False
2020-12-01,JPN,GBR,0.3913,4,False
2021-01-01,JPN,GBR,0.4543,4,False
2021-02-01,JPN,GBR,0.3354,4,False
2021-03-01,JPN,GBR,0.3616,4,False
2021-04-01,JPN,GBR,0.1944,3,False
2021-05-01,JPN,GBR,0.038,4,True
2021-06-01,JPN,GBR,0.0151,4,True
2021-07-01,JPN,GBR,0.034,4,True
2021-08-01,JPN,GBR,0.0391,4,True
2021-09-01,JPN,GBR,0.0008,4,True
2021-10-01,JPN,GBR,0.0017,4,True
2021-11-01,JPN,GBR,0.0005,4,True
2021-12-01,JPN,GBR,0.0007,4,True
2022-01-01,JPN,GBR,0.0007,4,True
2022-02-01,JPN,GBR,0.0005,4,True
2022-03-01,JPN,GBR,0.0003,4,True
2022-04-01,JPN,GBR,0.0003,4,True
2022-05-01,JPN,GBR,0.0004,4,True
2022-06-01,JPN,GBR,0.0006,4,True
2022-07-01,JPN,GBR,0.0009,4,True
2022-08-01,JPN,GBR,0.0011,4,True
2022-09-01,JPN,GBR,0.0078,4,True
2022-10-01,JPN,GBR,0.0413,4,True
2022-11-01,JPN,GBR,0.0493,4,True
2022-12-01,JPN,GBR,0.0453,4,True
2023-01-01,JPN,GBR,0.1197,4,False
2023-02-01,JPN,GBR,0.1909,4,False
2023-03-01,JPN,GBR,0.1763,4,False
2023-04-01,JPN,GBR,0.0922,4,False
2023-05-01,JPN,GBR,0.1117,4,False
2023-06-01,JPN,GBR,0.112,4,False
2023-07-01,JPN,GBR,0.1169,4,False
2023-08-01,JPN,GBR,0.121,4,False
2023-09-01,JPN,GBR,0.0905,4,False
2023-10-01,JPN,GBR,0.1093,4,False
2023-11-01,JPN,GBR,0.0455,4,True
2023-12-01,JPN,GBR,0.0254,1,True
2024-01-01,JPN,GBR,0.0251,1,True
2024-02-01,JPN,GBR,0.0235,1,True
2024-03-01,JPN,GBR,0.0134,1,True
2024-04-01,JPN,GBR,0.0145,1,True
2024-05-01,JPN,GBR,0.0061,1,True
2024-06-01,JPN,GBR,0.0028,2,True
2024-07-01,JPN,GBR,0.0005,1,True
2024-08-01,JPN,GBR,0.002,1,True
2024-09-01,JPN,GBR,0.0006,1,True
2024-10-01,JPN,GBR,0.0011,1,True
2024-11-01,JPN,GBR,0.0037,1,True
2024-12-01,JPN,GBR,0.0024,1,True
2025-01-01,JPN,GBR,0.0002,1,True
2025-02-01,JPN,GBR,0.0001,1,True
2025-03-01,JPN,GBR,0.0001,1,True
2025-04-01,JPN,GBR,0.0031,1,True
2025-05-01,JPN,GBR,0.0022,1,True
2025-06-01,JPN,GBR,0.003,1,True
2025-07-01,JPN,GBR,0.0095,1,True
2025-08-01,JPN,GBR,0.0082,1,True
2025-09-01,JPN,GBR,0.0107,1,True
2025-10-01,JPN,GBR,0.1124,1,False
2025-11-01,JPN,GBR,0.2383,1,False
2025-12-01,JPN,GBR,0.3228,1,False
2026-01-01,JPN,GBR,0.534,1,False
2026-02-01,JPN,GBR,0.5715,1,False
2026-03-01,JPN,GBR,0.6891,1,False
2015-01-01,JPN,USA,0.125,2,False
2015-02-01,JPN,USA,0.1686,2,False
2015-03-01,JPN,USA,0.1788,3,False
2015-04-01,JPN,USA,0.1134,2,False
2015-05-01,JPN,USA,0.1052,2,False
2015-06-01,JPN,USA,0.1674,2,False
2015-07-01,JPN,USA,0.1737,2,False
2015-08-01,JPN,USA,0.1961,2,False
2015-09-01,JPN,USA,0.2082,2,False
2015-10-01,JPN,USA,0.2647,2,False
2015-11-01,JPN,USA,0.2839,2,False
2015-12-01,JPN,USA,0.2508,2,False
2016-01-01,JPN,USA,0.2145,2,False
2016-02-01,JPN,USA,0.2994,2,False
2016-03-01,JPN,USA,0.2173,2,False
2016-04-01,JPN,USA,0.1732,1,False
2016-05-01,JPN,USA,0.1953,1,False
2016-06-01,JPN,USA,0.3168,4,False
2016-07-01,JPN,USA,0.1898,4,False
2016-08-01,JPN,USA,0.2501,3,False
2016-09-01,JPN,USA,0.2272,2,False
2016-10-01,JPN,USA,0.1479,1,False
2016-11-01,JPN,USA,0.1175,1,False
2016-12-01,JPN,USA,0.1128,1,False
2017-01-01,JPN,USA,0.0811,1,False
2017-02-01,JPN,USA,0.0383,1,True
2017-03-01,JPN,USA,0.0184,1,True
2017-04-01,JPN,USA,0.0353,1,True
2017-05-01,JPN,USA,0.0271,1,True
2017-06-01,JPN,USA,0.0288,1,True
2017-07-01,JPN,USA,0.019,4,True
2017-08-01,JPN,USA,0.0182,4,True
2017-09-01,JPN,USA,0.0119,1,True
2017-10-01,JPN,USA,0.0069,1,True
2017-11-01,JPN,USA,0.0136,1,True
2017-12-01,JPN,USA,0.0666,1,False
2018-01-01,JPN,USA,0.0755,4,False
2018-02-01,JPN,USA,0.0782,4,False
2018-03-01,JPN,USA,0.0672,4,False
2018-04-01,JPN,USA,0.0073,4,True
2018-05-01,JPN,USA,0.0124,4,True
2018-06-01,JPN,USA,0.1036,4,False
2018-07-01,JPN,USA,0.1872,4,False
2018-08-01,JPN,USA,0.3044,4,False
2018-09-01,JPN,USA,0.2397,1,False
2018-10-01,JPN,USA,0.3473,1,False
2018-11-01,JPN,USA,0.156,4,False
2018-12-01,JPN,USA,0.0966,3,False
2019-01-01,JPN,USA,0.1272,3,False
2019-02-01,JPN,USA,0.1174,3,False
2019-03-01,JPN,USA,0.1916,3,False
2019-04-01,JPN,USA,0.2347,3,False
2019-05-01,JPN,USA,0.2621,2,False
2019-06-01,JPN,USA,0.3585,2,False
2019-07-01,JPN,USA,0.444,2,False
2019-08-01,JPN,USA,0.4152,2,False
2019-09-01,JPN,USA,0.5292,2,False
2019-10-01,JPN,USA,0.6748,3,False
2019-11-01,JPN,USA,0.5208,2,False
2019-12-01,JPN,USA,0.4522,4,False
2020-01-01,JPN,USA,0.4741,4,False
2020-02-01,JPN,USA,0.4697,4,False
2020-03-01,JPN,USA,0.53,4,False
2020-04-01,JPN,USA,0.2791,4,False
2020-05-01,JPN,USA,0.1977,4,False
2020-06-01,JPN,USA,0.1599,4,False
2020-07-01,JPN,USA,0.1309,4,False
2020-08-01,JPN,USA,0.1556,4,False
2020-09-01,JPN,USA,0.1406,4,False
2020-10-01,JPN,USA,0.1739,4,False
2020-11-01,JPN,USA,0.1703,4,False
2020-12-01,JPN,USA,0.1652,4,False
2021-01-01,JPN,USA,0.1461,4,False
2021-02-01,JPN,USA,0.1048,4,False
2021-03-01,JPN,USA,0.0939,4,False
2021-04-01,JPN,USA,0.0165,4,True
2021-05-01,JPN,USA,0.0055,3,True
2021-06-01,JPN,USA,0.0023,1,True
2021-07-01,JPN,USA,0.0026,1,True
2021-08-01,JPN,USA,0.0052,1,True
2021-09-01,JPN,USA,0.0097,1,True
2021-10-01,JPN,USA,0.0064,1,True
2021-11-01,JPN,USA,0.0327,1,True
2021-12-01,JPN,USA,0.0227,3,True
2022-01-01,JPN,USA,0.0361,3,True
2022-02-01,JPN,USA,0.0536,1,False
2022-03-01,JPN,USA,0.0488,1,True
2022-04-01,JPN,USA,0.0657,3,False
2022-05-01,JPN,USA,0.0399,1,True
2022-06-01,JPN,USA,0.0493,1,True
2022-07-01,JPN,USA,0.0477,1,True
2022-08-01,JPN,USA,0.0256,1,True
2022-09-01,JPN,USA,0.0187,1,True
2022-10-01,JPN,USA,0.0173,1,True
2022-11-01,JPN,USA,0.009,1,True
2022-12-01,JPN,USA,0.0037,1,True
2023-01-01,JPN,USA,0.0008,1,True
2023-02-01,JPN,USA,0.0017,1,True
2023-03-01,JPN,USA,0.0021,1,True
2023-04-01,JPN,USA,0.0011,1,True
2023-05-01,JPN,USA,0.0032,1,True
2023-06-01,JPN,USA,0.0006,1,True
2023-07-01,JPN,USA,0.0001,1,True
2023-08-01,JPN,USA,0.0006,1,True
2023-09-01,JPN,USA,0.0049,1,True
2023-10-01,JPN,USA,0.005,1,True
2023-11-01,JPN,USA,0.0018,1,True
2023-12-01,JPN,USA,0.0008,1,True
2024-01-01,JPN,USA,0.0003,1,True
2024-02-01,JPN,USA,0.0001,1,True
2024-03-01,JPN,USA,0.0002,1,True
2024-04-01,JPN,USA,0.0019,1,True
2024-05-01,JPN,USA,0.0072,1,True
2024-06-01,JPN,USA,0.0103,1,True
2024-07-01,JPN,USA,0.0033,1,True
2024-08-01,JPN,USA,0.0004,1,True
2024-09-01,JPN,USA,0.0001,1,True
2024-10-01,JPN,USA,0.001,1,True
2024-11-01,JPN,USA,0.0044,1,True
2024-12-01,JPN,USA,0.0051,1,True
2025-01-01,JPN,USA,0.0085,1,True
2025-02-01,JPN,USA,0.0207,1,True
2025-03-01,JPN,USA,0.1117,1,False
2025-04-01,JPN,USA,0.1378,1,False
2025-05-01,JPN,USA,0.2575,1,False
2025-06-01,JPN,USA,0.9142,2,False
2025-07-01,JPN,USA,0.8778,2,False
2025-08-01,JPN,USA,0.6696,2,False
2025-09-01,JPN,USA,0.7531,1,False
2025-10-01,JPN,USA,0.8607,2,False
2025-11-01,JPN,USA,0.8608,2,False
2025-12-01,JPN,USA,0.6715,1,False
2026-01-01,JPN,USA,0.7102,1,False
2026-02-01,JPN,USA,0.5391,1,False
2026-03-01,JPN,USA,0.5485,1,False
2015-01-01,JPN,DEU,0.0429,1,True
2015-02-01,JPN,DEU,0.1111,1,False
2015-03-01,JPN,DEU,0.0793,1,False
2015-04-01,JPN,DEU,0.0395,1,True
2015-05-01,JPN,DEU,0.0336,1,True
2015-06-01,JPN,DEU,0.0121,3,True
2015-07-01,JPN,DEU,0.0043,3,True
2015-08-01,JPN,DEU,0.0039,3,True
2015-09-01,JPN,DEU,0.0048,3,True
2015-10-01,JPN,DEU,0.0042,3,True
2015-11-01,JPN,DEU,0.003,3,True
2015-12-01,JPN,DEU,0.0363,3,True
2016-01-01,JPN,DEU,0.0768,3,False
2016-02-01,JPN,DEU,0.0553,3,False
2016-03-01,JPN,DEU,0.1598,3,False
2016-04-01,JPN,DEU,0.191,3,False
2016-05-01,JPN,DEU,0.3283,3,False
2016-06-01,JPN,DEU,0.2476,2,False
2016-07-01,JPN,DEU,0.2885,2,False
2016-08-01,JPN,DEU,0.3327,2,False
2016-09-01,JPN,DEU,0.3348,2,False
2016-10-01,JPN,DEU,0.2984,2,False
2016-11-01,JPN,DEU,0.3298,2,False
2016-12-01,JPN,DEU,0.4211,2,False
2017-01-01,JPN,DEU,0.3543,3,False
2017-02-01,JPN,DEU,0.3066,3,False
2017-03-01,JPN,DEU,0.2994,4,False
2017-04-01,JPN,DEU,0.1748,4,False
2017-05-01,JPN,DEU,0.2166,4,False
2017-06-01,JPN,DEU,0.2167,4,False
2017-07-01,JPN,DEU,0.2015,4,False
2017-08-01,JPN,DEU,0.1516,4,False
2017-09-01,JPN,DEU,0.1336,4,False
2017-10-01,JPN,DEU,0.041,4,True
2017-11-01,JPN,DEU,0.0371,4,True
2017-12-01,JPN,DEU,0.0617,4,False
2018-01-01,JPN,DEU,0.0838,2,False
2018-02-01,JPN,DEU,0.0905,1,False
2018-03-01,JPN,DEU,0.169,1,False
2018-04-01,JPN,DEU,0.2257,4,False
2018-05-01,JPN,DEU,0.2288,4,False
2018-06-01,JPN,DEU,0.4186,4,False
2018-07-01,JPN,DEU,0.345,4,False
2018-08-01,JPN,DEU,0.2762,4,False
2018-09-01,JPN,DEU,0.339,4,False
2018-10-01,JPN,DEU,0.3832,4,False
2018-11-01,JPN,DEU,0.3543,1,False
2018-12-01,JPN,DEU,0.3926,1,False
2019-01-01,JPN,DEU,0.3992,1,False
2019-02-01,JPN,DEU,0.3229,4,False
2019-03-01,JPN,DEU,0.3778,1,False
2019-04-01,JPN,DEU,0.1902,1,False
2019-05-01,JPN,DEU,0.1589,1,False
2019-06-01,JPN,DEU,0.2067,1,False
2019-07-01,JPN,DEU,0.1987,1,False
2019-08-01,JPN,DEU,0.2868,1,False
2019-09-01,JPN,DEU,0.4241,4,False
2019-10-01,JPN,DEU,0.3401,4,False
2019-11-01,JPN,DEU,0.3717,3,False
2019-12-01,JPN,DEU,0.4575,3,False
2020-01-01,JPN,DEU,0.6184,3,False
2020-02-01,JPN,DEU,0.5826,1,False
2020-03-01,JPN,DEU,0.7455,3,False
2020-04-01,JPN,DEU,0.5349,1,False
2020-05-01,JPN,DEU,0.7977,1,False
2020-06-01,JPN,DEU,0.6726,1,False
2020-07-01,JPN,DEU,0.6527,1,False
2020-08-01,JPN,DEU,0.4215,1,False
2020-09-01,JPN,DEU,0.463,1,False
2020-10-01,JPN,DEU,0.511,1,False
2020-11-01,JPN,DEU,0.3925,1,False
2020-12-01,JPN,DEU,0.3575,1,False
2021-01-01,JPN,DEU,0.3825,1,False
2021-02-01,JPN,DEU,0.106,4,False
2021-03-01,JPN,DEU,0.1601,4,False
2021-04-01,JPN,DEU,0.0546,2,False
2021-05-01,JPN,DEU,0.0624,2,False
2021-06-01,JPN,DEU,0.0487,2,True
2021-07-01,JPN,DEU,0.1181,1,False
2021-08-01,JPN,DEU,0.0385,2,True
2021-09-01,JPN,DEU,0.0074,2,True
2021-10-01,JPN,DEU,0.0039,2,True
2021-11-01,JPN,DEU,0.0081,2,True
2021-12-01,JPN,DEU,0.0195,1,True
2022-01-01,JPN,DEU,0.0246,2,True
2022-02-01,JPN,DEU,0.0548,1,False
2022-03-01,JPN,DEU,0.0582,1,False
2022-04-01,JPN,DEU,0.0308,3,True
2022-05-01,JPN,DEU,0.0358,3,True
2022-06-01,JPN,DEU,0.0967,4,False
2022-07-01,JPN,DEU,0.0583,3,False
2022-08-01,JPN,DEU,0.0552,4,False
2022-09-01,JPN,DEU,0.0537,4,False
2022-10-01,JPN,DEU,0.073,4,False
2022-11-01,JPN,DEU,0.0985,4,False
2022-12-01,JPN,DEU,0.0785,4,False
2023-01-01,JPN,DEU,0.1492,4,False
2023-02-01,JPN,DEU,0.2724,4,False
2023-03-01,JPN,DEU,0.3243,4,False
2023-04-01,JPN,DEU,0.3783,1,False
2023-05-01,JPN,DEU,0.4152,1,False
2023-06-01,JPN,DEU,0.2157,1,False
2023-07-01,JPN,DEU,0.4706,1,False
2023-08-01,JPN,DEU,0.4817,1,False
2023-09-01,JPN,DEU,0.5918,1,False
2023-10-01,JPN,DEU,0.0785,4,False
2023-11-01,JPN,DEU,0.0615,1,False
2023-12-01,JPN,DEU,0.0281,1,True
2024-01-01,JPN,DEU,0.2002,1,False
2024-02-01,JPN,DEU,0.104,1,False
2024-03-01,JPN,DEU,0.0612,4,False
2024-04-01,JPN,DEU,0.0518,1,False
2024-05-01,JPN,DEU,0.0433,1,True
2024-06-01,JPN,DEU,0.0229,1,True
2024-07-01,JPN,DEU,0.0274,1,True
2024-08-01,JPN,DEU,0.0194,1,True
2024-09-01,JPN,DEU,0.0194,1,True
2024-10-01,JPN,DEU,0.0119,4,True
2024-11-01,JPN,DEU,0.0092,4,True
2024-12-01,JPN,DEU,0.006,3,True
2025-01-01,JPN,DEU,0.0011,2,True
2025-02-01,JPN,DEU,0.0003,1,True
2025-03-01,JPN,DEU,0.0051,1,True
2025-04-01,JPN,DEU,0.003,4,True
2025-05-01,JPN,DEU,0.0026,2,True
2025-06-01,JPN,DEU,0.0014,2,True
2025-07-01,JPN,DEU,0.0015,2,True
2025-08-01,JPN,DEU,0.0026,1,True
2025-09-01,JPN,DEU,0.0505,2,False
2025-10-01,JPN,DEU,0.0473,3,True
2025-11-01,JPN,DEU,0.0745,2,False
2025-12-01,JPN,DEU,0.0483,3,True
2026-01-01,JPN,DEU,0.1141,2,False
2026-02-01,JPN,DEU,0.1448,2,False
2026-03-01,JPN,DEU,0.1731,2,False
2015-01-01,JPN,FRA,0.6923,1,False
2015-02-01,JPN,FRA,0.7294,2,False
2015-03-01,JPN,FRA,0.5576,1,False
2015-04-01,JPN,FRA,0.4751,1,False
2015-05-01,JPN,FRA,0.4229,1,False
2015-06-01,JPN,FRA,0.2452,1,False
2015-07-01,JPN,FRA,0.2076,4,False
2015-08-01,JPN,FRA,0.2302,3,False
2015-09-01,JPN,FRA,0.3319,4,False
2015-10-01,JPN,FRA,0.363,4,False
2015-11-01,JPN,FRA,0.32,1,False
2015-12-01,JPN,FRA,0.4015,1,False
2016-01-01,JPN,FRA,0.3,4,False
2016-02-01,JPN,FRA,0.3037,1,False
2016-03-01,JPN,FRA,0.5915,1,False
2016-04-01,JPN,FRA,0.3789,1,False
2016-05-01,JPN,FRA,0.523,1,False
2016-06-01,JPN,FRA,0.5637,1,False
2016-07-01,JPN,FRA,0.6121,4,False
2016-08-01,JPN,FRA,0.5344,1,False
2016-09-01,JPN,FRA,0.5953,1,False
2016-10-01,JPN,FRA,0.3934,1,False
2016-11-01,JPN,FRA,0.4175,1,False
2016-12-01,JPN,FRA,0.3253,1,False
2017-01-01,JPN,FRA,0.2786,1,False
2017-02-01,JPN,FRA,0.1439,1,False
2017-03-01,JPN,FRA,0.1708,1,False
2017-04-01,JPN,FRA,0.1,4,False
2017-05-01,JPN,FRA,0.1023,4,False
2017-06-01,JPN,FRA,0.06,4,False
2017-07-01,JPN,FRA,0.0497,4,True
2017-08-01,JPN,FRA,0.0516,4,False
2017-09-01,JPN,FRA,0.0939,4,False
2017-10-01,JPN,FRA,0.1121,4,False
2017-11-01,JPN,FRA,0.1057,4,False
2017-12-01,JPN,FRA,0.1238,4,False
2018-01-01,JPN,FRA,0.1188,4,False
2018-02-01,JPN,FRA,0.2119,4,False
2018-03-01,JPN,FRA,0.3766,4,False
2018-04-01,JPN,FRA,0.1966,4,False
2018-05-01,JPN,FRA,0.2249,4,False
2018-06-01,JPN,FRA,0.4594,4,False
2018-07-01,JPN,FRA,0.372,2,False
2018-08-01,JPN,FRA,0.4435,2,False
2018-09-01,JPN,FRA,0.4247,2,False
2018-10-01,JPN,FRA,0.3823,2,False
2018-11-01,JPN,FRA,0.4112,4,False
2018-12-01,JPN,FRA,0.1997,3,False
2019-01-01,JPN,FRA,0.3009,3,False
2019-02-01,JPN,FRA,0.2395,3,False
2019-03-01,JPN,FRA,0.2965,1,False
2019-04-01,JPN,FRA,0.1668,1,False
2019-05-01,JPN,FRA,0.1659,1,False
2019-06-01,JPN,FRA,0.2719,1,False
2019-07-01,JPN,FRA,0.2357,1,False
2019-08-01,JPN,FRA,0.2865,1,False
2019-09-01,JPN,FRA,0.3055,1,False
2019-10-01,JPN,FRA,0.2946,4,False
2019-11-01,JPN,FRA,0.2454,1,False
2019-12-01,JPN,FRA,0.2847,1,False
2020-01-01,JPN,FRA,0.2134,1,False
2020-02-01,JPN,FRA,0.2248,1,False
2020-03-01,JPN,FRA,0.2311,1,False
2020-04-01,JPN,FRA,0.2266,1,False
2020-05-01,JPN,FRA,0.4032,1,False
2020-06-01,JPN,FRA,0.4027,1,False
2020-07-01,JPN,FRA,0.3623,1,False
2020-08-01,JPN,FRA,0.4095,4,False
2020-09-01,JPN,FRA,0.33,1,False
2020-10-01,JPN,FRA,0.3477,1,False
2020-11-01,JPN,FRA,0.3475,1,False
2020-12-01,JPN,FRA,0.3997,1,False
2021-01-01,JPN,FRA,0.3969,1,False
2021-02-01,JPN,FRA,0.266,4,False
2021-03-01,JPN,FRA,0.2889,4,False
2021-04-01,JPN,FRA,0.0616,2,False
2021-05-01,JPN,FRA,0.047,2,True
2021-06-01,JPN,FRA,0.0428,2,True
2021-07-01,JPN,FRA,0.0601,2,False
2021-08-01,JPN,FRA,0.2047,2,False
2021-09-01,JPN,FRA,0.038,2,True
2021-10-01,JPN,FRA,0.0312,2,True
2021-11-01,JPN,FRA,0.0333,4,True
2021-12-01,JPN,FRA,0.0556,4,False
2022-01-01,JPN,FRA,0.0571,4,False
2022-02-01,JPN,FRA,0.0511,4,False
2022-03-01,JPN,FRA,0.049,4,True
2022-04-01,JPN,FRA,0.0587,4,False
2022-05-01,JPN,FRA,0.0545,4,False
2022-06-01,JPN,FRA,0.0677,2,False
2022-07-01,JPN,FRA,0.0906,2,False
2022-08-01,JPN,FRA,0.128,4,False
2022-09-01,JPN,FRA,0.1123,4,False
2022-10-01,JPN,FRA,0.1292,2,False
2022-11-01,JPN,FRA,0.0785,2,False
2022-12-01,JPN,FRA,0.0613,2,False
2023-01-01,JPN,FRA,0.0862,2,False
2023-02-01,JPN,FRA,0.1823,2,False
2023-03-01,JPN,FRA,0.2107,2,False
2023-04-01,JPN,FRA,0.1772,2,False
2023-05-01,JPN,FRA,0.1815,3,False
2023-06-01,JPN,FRA,0.076,2,False
2023-07-01,JPN,FRA,0.2007,2,False
2023-08-01,JPN,FRA,0.2313,2,False
2023-09-01,JPN,FRA,0.3685,2,False
2023-10-01,JPN,FRA,0.4202,2,False
2023-11-01,JPN,FRA,0.1806,4,False
2023-12-01,JPN,FRA,0.1276,4,False
2024-01-01,JPN,FRA,0.1052,2,False
2024-02-01,JPN,FRA,0.0544,4,False
2024-03-01,JPN,FRA,0.0763,2,False
2024-04-01,JPN,FRA,0.0171,4,True
2024-05-01,JPN,FRA,0.0028,3,True
2024-06-01,JPN,FRA,0.0043,2,True
2024-07-01,JPN,FRA,0.0038,3,True
2024-08-01,JPN,FRA,0.0051,2,True
2024-09-01,JPN,FRA,0.0036,2,True
2024-10-01,JPN,FRA,0.0039,2,True
2024-11-01,JPN,FRA,0.0016,3,True
2024-12-01,JPN,FRA,0.0017,2,True
2025-01-01,JPN,FRA,0.0004,1,True
2025-02-01,JPN,FRA,0.0022,1,True
2025-03-01,JPN,FRA,0.0269,1,True
2025-04-01,JPN,FRA,0.0367,1,True
2025-05-01,JPN,FRA,0.0631,1,False
2025-06-01,JPN,FRA,0.1962,3,False
2025-07-01,JPN,FRA,0.1049,3,False
2025-08-01,JPN,FRA,0.1821,3,False
2025-09-01,JPN,FRA,0.1761,1,False
2025-10-01,JPN,FRA,0.1782,3,False
2025-11-01,JPN,FRA,0.2968,3,False
2025-12-01,JPN,FRA,0.406,3,False
2026-01-01,JPN,FRA,0.3633,4,False
2026-02-01,JPN,FRA,0.2006,4,False
2026-03-01,JPN,FRA,0.0778,3,False
